working_id,source_candidate_ids,source_name_variants,name_en_normalized,name_ko_draft,name_ko_status,vendor_body_tags,catalog_status,catalog_reason,equipment,equipment_confidence,body_part_ko,body_confidence,primary_muscles_ko,secondary_muscles_ko,muscle_confidence,recording_type,recording_confidence,source_recording_candidates,semantic_flags,source_media_count,male_source_count,female_source_count,qa_status
gvs_be735560904852ae,gvc_7de817414cea,3 4 Sit Up,3 4 Sit Up,3 4 싯업,AUTO_PHRASE_DRAFT,Waist,MVP_CANDIDATE,Resistance/strength candidate,Bodyweight,inferred_bodyweight,코어,source,복직근,,name_high,reps,bodyweight,reps,,2,1,1,AUTO_DRAFT_COMPLETE
gvs_c4786ad77ebcde4f,gvc_4dde96d32f7a,3 Sec Sumo Squat,3 Sec Sumo Squat,,MANUAL,Hips,MVP_CANDIDATE,Resistance/strength candidate,Bodyweight,inferred_bodyweight,하체,source,대퇴사두근,둔근,name_high,reps,bodyweight,,,1,0,1,MANUAL_QA_REQUIRED
gvs_3277f4f593ac5d31,gvc_bf46882b061f,45 Degree Bycicle Twisting Crunch,45 Degree Bycicle Twisting Crunch,,MANUAL,Waist,MVP_CANDIDATE,Resistance/strength candidate,Bodyweight,inferred_bodyweight,코어,source,복직근,,name_high,reps,bodyweight,reps,,2,1,1,MANUAL_QA_REQUIRED
gvs_7d9c3366c298aea6,gvc_6402dfeee7c6;gvc_c7a0b51bb92b,45 Degree Hip Extension Glute Focused | 45 Degree Hip Extension Glute Focused (version 2),45 Degree Hip Extension Glute Focused,,MANUAL,Hips,MVP_CANDIDATE,Resistance/strength candidate,Bodyweight,inferred_bodyweight,하체,source,,,unsupported,reps,bodyweight,,,2,0,2,MANUAL_QA_REQUIRED
gvs_e68f6092a6b202d8,gvc_7b062d001eb3,45 Degree Hyperextension (arms In Front Of Chest),45 Degree Hyperextension (Arms In Front Of Chest),,MANUAL,Back,MVP_CANDIDATE,Resistance/strength candidate,Bodyweight,inferred_bodyweight,등,source,,,unsupported,reps,bodyweight,,,3,1,2,MANUAL_QA_REQUIRED
gvs_bb6a387b718b9c8b,gvc_0b06a5275641,45 Degree Lean Back Alternate Knee Raise,45 Degree Lean Back Alternate Knee Raise,,MANUAL,Waist,MVP_CANDIDATE,Resistance/strength candidate,Bodyweight,inferred_bodyweight,코어,source,복직근,,name_high,reps,bodyweight,reps,,1,1,0,MANUAL_QA_REQUIRED
gvs_fbf2c11654227900,gvc_b041ca679d67,45 Degrees Reverse Hyperextension,45 Degree Reverse Hyperextension,45도 리버스 하이퍼익스텐션,AUTO_PHRASE_DRAFT,Hips,MVP_CANDIDATE,Resistance/strength candidate,Bodyweight,inferred_bodyweight,하체,source,,,unsupported,reps,bodyweight,,,1,1,0,AUTO_DRAFT_COMPLETE
gvs_51550af287b4549a,gvc_15a79c96e3af;gvc_df184f2df237,45 Degree Side Bend | 45 Degrees Side Bend,45 Degree Side Bend,,MANUAL,Waist,MVP_CANDIDATE,Resistance/strength candidate,Bodyweight,inferred_bodyweight,코어,source,복사근,코어,name_high,reps,bodyweight,,,2,1,1,MANUAL_QA_REQUIRED
gvs_d56749f322687f33,gvc_085a7509e924,45 Degrees Single Leg Reverse Hyperextension,45 Degree Single Leg Reverse Hyperextension,45도 싱글 레그 리버스 하이퍼익스텐션,AUTO_PHRASE_DRAFT,Hips,MVP_CANDIDATE,Resistance/strength candidate,Bodyweight,inferred_bodyweight,하체,source,,,unsupported,reps,bodyweight,,,1,1,0,AUTO_DRAFT_COMPLETE
gvs_cc685b714d83ac1d,gvc_dc79cb72e8c0,45 Degree Twisting Hyperextension,45 Degree Twisting Hyperextension,,MANUAL,Hips,MVP_CANDIDATE,Resistance/strength candidate,Bodyweight,inferred_bodyweight,하체,source,,,unsupported,reps,bodyweight,,,2,1,1,MANUAL_QA_REQUIRED
gvs_0cf59144f8d2de62,gvc_72f4fafc7888,90 Degree Heel Touch,90 Degree Heel Touch,,MANUAL,Waist,MVP_CANDIDATE,Resistance/strength candidate,Bodyweight,inferred_bodyweight,코어,source,,,unsupported,reps,bodyweight,,,3,2,1,MANUAL_QA_REQUIRED
gvs_6dcedc0c63bab4e2,gvc_c7c717623fe6,90 Degree Heel Touch Against Wall,90 Degree Heel Touch Against Wall,,MANUAL,Waist,MVP_CANDIDATE,Resistance/strength candidate,Bodyweight,inferred_bodyweight,코어,source,,,unsupported,reps,bodyweight,,,1,1,0,MANUAL_QA_REQUIRED
gvs_2a60eed9a249cfc5,gvc_2b4a773ddeee,90 Degree Single Knee Crunch,90 Degree Single Knee Crunch,,MANUAL,Waist,MVP_CANDIDATE,Resistance/strength candidate,Bodyweight,inferred_bodyweight,코어,source,복직근,,name_high,reps,bodyweight,reps,,1,0,1,MANUAL_QA_REQUIRED
gvs_c0058582fc9fd8ec,gvc_93553e778480,90 To 90 (beginner),90 To 90 (Beginner),,MANUAL,Hips,MVP_CANDIDATE,Resistance/strength candidate,Bodyweight,inferred_bodyweight,하체,source,,,unsupported,reps,bodyweight,,,1,0,1,MANUAL_QA_REQUIRED
gvs_87185062813bbef4,gvc_d940601f6f0b,90 To 90 Hip Leans,90 To 90 Hip Leans,,MANUAL,Hips,MVP_CANDIDATE,Resistance/strength candidate,Bodyweight,inferred_bodyweight,하체,source,,,unsupported,reps,bodyweight,,,1,0,1,MANUAL_QA_REQUIRED
gvs_f68efeb1adc8d8c9,gvc_2131b043cfb2,90 To 90 Knee Thrust,90 To 90 Knee Thrust,,MANUAL,Hips,MVP_CANDIDATE,Resistance/strength candidate,Bodyweight,inferred_bodyweight,하체,source,,,unsupported,reps,bodyweight,,,2,1,1,MANUAL_QA_REQUIRED
gvs_d1bd39be6bed80b0,gvc_b336152755b5,90 To 90 Lean,90 To 90 Lean,,MANUAL,Hips,MVP_CANDIDATE,Resistance/strength candidate,Bodyweight,inferred_bodyweight,하체,source,,,unsupported,reps,bodyweight,,,2,1,1,MANUAL_QA_REQUIRED
gvs_981fd2359567b1a5,gvc_51455d73978c,90 To 90 Leg Lift And Kickout,90 To 90 Leg Lift And Kickout,,MANUAL,Hips,MVP_CANDIDATE,Resistance/strength candidate,Bodyweight,inferred_bodyweight,하체,source,,,unsupported,reps,bodyweight,,,1,0,1,MANUAL_QA_REQUIRED
gvs_6d7ee12f666df8d7,gvc_e2144a10b8ef,90 To 90 To Shin Box Step Through,90 To 90 To Shin Box Step Through,,MANUAL,Hips,MVP_CANDIDATE,Resistance/strength candidate,Bodyweight,inferred_bodyweight,하체,source,,,unsupported,reps,bodyweight,,,1,0,1,MANUAL_QA_REQUIRED
gvs_7d811136262958cc,gvc_e5c7e75aa100,Ab Mat Sit Up,Ab Mat Sit Up,,MANUAL,Waist,MVP_CANDIDATE,Resistance/strength candidate,Bodyweight,inferred_bodyweight,코어,source,복직근,,name_high,reps,bodyweight,reps,,1,0,1,MANUAL_QA_REQUIRED
gvs_e17baa150e9bcfc9,gvc_86bc51208a0c,Ab Roller Crunch,Ab Roller Crunch,,MANUAL,Waist,MVP_CANDIDATE,Resistance/strength candidate,Bodyweight,inferred_bodyweight,코어,source,복직근,,name_high,reps,bodyweight,reps,,1,0,1,MANUAL_QA_REQUIRED
gvs_255c74321e225424,gvc_2756e2685509,Ab Tuck,Ab Tuck,,MANUAL,Waist,MVP_CANDIDATE,Resistance/strength candidate,Bodyweight,inferred_bodyweight,코어,source,,,unsupported,reps,bodyweight,,,1,1,0,MANUAL_QA_REQUIRED
gvs_0214ee451fa9f255,gvc_5f2130a4f51e,Ab Twist Toe Tap,Ab Twist Toe Tap,,MANUAL,Waist,MVP_CANDIDATE,Resistance/strength candidate,Bodyweight,inferred_bodyweight,코어,source,,,unsupported,reps,bodyweight,,,2,1,1,MANUAL_QA_REQUIRED
gvs_4fd016b323a38e6b,gvc_3249bcc78323;gvc_b2e0f7a306dc,Air Bike | Air Bike (version 2),Air Bike,,MANUAL,Waist,MVP_CANDIDATE,Resistance/strength candidate,Bodyweight,inferred_bodyweight,코어,source,,,unsupported,reps,bodyweight,,,2,1,1,MANUAL_QA_REQUIRED
gvs_2bfbcea068e52258,gvc_750fd6a1fc25;gvc_89403394cc9b,Air Twisting Crunch | Air Twisting Crunch (version 2),Air Twisting Crunch,,MANUAL,Waist,MVP_CANDIDATE,Resistance/strength candidate,Bodyweight,inferred_bodyweight,코어,source,복직근,,name_high,reps,bodyweight,reps,,3,2,1,MANUAL_QA_REQUIRED
gvs_f1856e4e7d6a5c78,gvc_da3173d1ac1a,Alternate Bent Leg 45 Degree Extension,Alternate Bent Leg 45 Degree Extension,,MANUAL,Waist,MVP_CANDIDATE,Resistance/strength candidate,Bodyweight,inferred_bodyweight,코어,source,,,unsupported,reps,bodyweight,,,1,1,0,MANUAL_QA_REQUIRED
gvs_1c4e9205badf8659,gvc_e1cb25f6f816,Alternate Donkey Kick,Alternate Donkey Kick,,MANUAL,Hips,MVP_CANDIDATE,Resistance/strength candidate,Bodyweight,inferred_bodyweight,하체,source,,,unsupported,reps,bodyweight,,,1,0,1,MANUAL_QA_REQUIRED
gvs_71fb526cb3b64b12,gvc_e3b4ace0a18e,Alternate Frog Crunch,Alternate Frog Crunch,,MANUAL,Waist,MVP_CANDIDATE,Resistance/strength candidate,Bodyweight,inferred_bodyweight,코어,source,복직근,,name_high,reps,bodyweight,reps,,1,1,0,MANUAL_QA_REQUIRED
gvs_ff259638fc3f6b0a,gvc_3db46c0d7078,Alternate Heel Tap Sit Agains Wall,Alternate Heel Tap Sit Against Wall,,MANUAL,Calves,MVP_CANDIDATE,Resistance/strength candidate,Bodyweight,inferred_bodyweight,하체,source,,,unsupported,reps,bodyweight,,,2,1,1,MANUAL_QA_REQUIRED
gvs_6f663eeb45413263,gvc_b12eba407e79,Alternate Heel Touch Side Kick Squat,Alternate Heel Touch Side Kick Squat,,MANUAL,Thighs,MVP_CANDIDATE,Resistance/strength candidate,Bodyweight,inferred_bodyweight,하체,source,대퇴사두근,둔근,name_high,reps,bodyweight,,,2,1,1,MANUAL_QA_REQUIRED
gvs_5cf49c9ce49c04d2,gvc_f87c58e5af55,Alternate Heel Touchers,Alternate Heel Touchers,,MANUAL,Waist,MVP_CANDIDATE,Resistance/strength candidate,Bodyweight,inferred_bodyweight,코어,source,,,unsupported,reps,bodyweight,,,4,3,1,MANUAL_QA_REQUIRED
gvs_fbfc66ec5b8a03d6,gvc_8c94917f03d8,Alternate Leg Kick Sit Agains Wall,Alternate Leg Kick Sit Against Wall,,MANUAL,Thighs,MVP_CANDIDATE,Resistance/strength candidate,Bodyweight,inferred_bodyweight,하체,source,,,unsupported,reps,bodyweight,,,2,1,1,MANUAL_QA_REQUIRED
gvs_b6f4d04195949281,gvc_1ea6d8560692,Alternate Leg Pull,Alternate Leg Pull,,MANUAL,Waist,MVP_CANDIDATE,Resistance/strength candidate,Bodyweight,inferred_bodyweight,코어,source,,,unsupported,reps,bodyweight,,,1,1,0,MANUAL_QA_REQUIRED
gvs_148535d09bcab6a6,gvc_884bf07f6df1,Alternate Leg Raise,Alternate Leg Raise,얼터네이트 레그 레이즈,AUTO_PHRASE_DRAFT,Hips,MVP_CANDIDATE,Resistance/strength candidate,Bodyweight,inferred_bodyweight,하체,source,복직근,,name_high,reps,bodyweight,reps,BODY_MUSCLE_FAMILY_CONFLICT,2,1,1,MANUAL_QA_REQUIRED
gvs_2e9e176b7a46356b,gvc_0a51478b7596;gvc_329291ce686c,Alternate Leg Raise With Head Up | Alternate Leg Raise With Head Up (version 2),Alternate Leg Raise With Head Up,,MANUAL,Waist,MVP_CANDIDATE,Resistance/strength candidate,Bodyweight,inferred_bodyweight,코어,source,복직근,,name_high,reps,bodyweight,reps,,3,2,1,MANUAL_QA_REQUIRED
gvs_0e86c78b9d3c472b,gvc_55b6c251fe87,Alternate Leg Reach Crunch,Alternate Leg Reach Crunch,,MANUAL,Waist,MVP_CANDIDATE,Resistance/strength candidate,Bodyweight,inferred_bodyweight,코어,source,복직근,,name_high,reps,bodyweight,reps,,1,0,1,MANUAL_QA_REQUIRED
gvs_18cf2d0e17dbf780,gvc_c26da9f9200b,Alternate Lying Floor Leg Raise,Alternate Lying Floor Leg Raise,,MANUAL,Waist,MVP_CANDIDATE,Resistance/strength candidate,Bodyweight,inferred_bodyweight,코어,source,복직근,,name_high,reps,bodyweight,reps,,2,1,1,MANUAL_QA_REQUIRED
gvs_967f5997b0710897,gvc_0e345cbb433e,Alternate Oblique Crunch,Alternate Oblique Crunch,,MANUAL,Waist,MVP_CANDIDATE,Resistance/strength candidate,Bodyweight,inferred_bodyweight,코어,source,복직근,,name_high,reps,bodyweight,reps,,2,1,1,MANUAL_QA_REQUIRED
gvs_6f19aea4c4f47c36,gvc_0ed3c184229c,Alternate Side Place Leg,Alternate Side Place Leg,,MANUAL,Hips,MVP_CANDIDATE,Resistance/strength candidate,Bodyweight,inferred_bodyweight,하체,source,,,unsupported,reps,bodyweight,,,1,0,1,MANUAL_QA_REQUIRED
gvs_da472f75f4d67381,gvc_991ad006b45f,Alternate Single Leg Glute Bridge,Alternate Single Leg Glute Bridge,얼터네이트 싱글 레그 글루트 브리지,AUTO_PHRASE_DRAFT,Hips,MVP_CANDIDATE,Resistance/strength candidate,Bodyweight,inferred_bodyweight,하체,source,둔근,햄스트링,name_high,reps,bodyweight,,,1,0,1,AUTO_DRAFT_COMPLETE
gvs_ab7d9a168797cc00,gvc_1ddf87be7f06,Alternate Single Leg Raise Plank,Alternate Single Leg Raise Plank,,MANUAL,Hips,MVP_CANDIDATE,Resistance/strength candidate,Bodyweight,inferred_bodyweight,하체,source,복직근,,name_high,reps,bodyweight,duration,BODY_MUSCLE_FAMILY_CONFLICT,1,1,0,MANUAL_QA_REQUIRED
gvs_bac9fcc01e3eb65e,gvc_2e267a6e3476,Alternate Single Leg Sit Wall,Alternate Single Leg Sit Wall,,MANUAL,Thighs,MVP_CANDIDATE,Resistance/strength candidate,Bodyweight,inferred_bodyweight,하체,source,,,unsupported,reps,bodyweight,,,1,1,0,MANUAL_QA_REQUIRED
gvs_dfdd0b0307440ffb,gvc_2fe9e7c29ef6,Alternate Sprinter Lunge,Alternate Sprinter Lunge,,MANUAL,Thighs,MVP_CANDIDATE,Resistance/strength candidate,Bodyweight,inferred_bodyweight,하체,source,대퇴사두근,둔근,name_high,reps,bodyweight,reps,,2,1,1,MANUAL_QA_REQUIRED
gvs_a69425f2f3a98f8c,gvc_14063d8a073c,Alternate Toe Tap Leg Lift,Alternate Toe Tap Leg Lift,,MANUAL,Hips,MVP_CANDIDATE,Resistance/strength candidate,Bodyweight,inferred_bodyweight,하체,source,,,unsupported,reps,bodyweight,,,1,1,0,MANUAL_QA_REQUIRED
gvs_6028aca2bb77a324,gvc_b39d903ba0d9,Alternate Upper Chest Raise,Alternate Upper Chest Raise,,MANUAL,Chest,MVP_CANDIDATE,Resistance/strength candidate,Bodyweight,inferred_bodyweight,가슴,source,,,unsupported,reps,bodyweight,,,1,0,1,MANUAL_QA_REQUIRED
gvs_2ba54f7e018c71d0,gvc_1e0e013cbbd8,Alternate V Feet Raises,Alternate V Feet Raises,,MANUAL,Hips,MVP_CANDIDATE,Resistance/strength candidate,Bodyweight,inferred_bodyweight,하체,source,,,unsupported,reps,bodyweight,,,1,0,1,MANUAL_QA_REQUIRED
gvs_e0267d6f352f9eb7,gvc_f645120ffb30,Alternating Superman,Alternating Superman,,MANUAL,Hips,MVP_CANDIDATE,Resistance/strength candidate,Bodyweight,inferred_bodyweight,하체,source,,,unsupported,reps,bodyweight,,,1,1,0,MANUAL_QA_REQUIRED
gvs_9e13cff957e926b1,gvc_d94938853bf4,Ankle Circles,Ankle Circles,,MANUAL,Calves,MVP_CANDIDATE,Resistance/strength candidate,Bodyweight,inferred_bodyweight,하체,source,,,unsupported,reps,bodyweight,,,2,1,1,MANUAL_QA_REQUIRED
gvs_f1dd9d16ea80d1f4,gvc_8c20ab0026ca,Archer Pull Up,Archer Pull Up,,MANUAL,Back,MVP_CANDIDATE,Resistance/strength candidate,Bodyweight,inferred_bodyweight,등,source,광배근,이두근 / 승모근,name_high,reps,bodyweight,,,1,1,0,MANUAL_QA_REQUIRED
gvs_7beac81035e26dca,gvc_42bc9f693965,Archer Push Up,Archer Push Up,,MANUAL,Chest,MVP_CANDIDATE,Resistance/strength candidate,Bodyweight,inferred_bodyweight,가슴,source,,,unsupported,reps,bodyweight,reps,,1,1,0,MANUAL_QA_REQUIRED
gvs_c6b6e0c206f2bd9c,gvc_8e853db779f6,Arm Circles,Arm Circles,,MANUAL,Shoulders,MVP_CANDIDATE,Resistance/strength candidate,Bodyweight,inferred_bodyweight,어깨,source,,,unsupported,reps,bodyweight,,,1,1,0,MANUAL_QA_REQUIRED
gvs_9366fb46c62f9f04,gvc_751fe9f84e71,Arm Crossover,Arm Crossover,,MANUAL,Chest,MVP_CANDIDATE,Resistance/strength candidate,Bodyweight,inferred_bodyweight,가슴,source,,,unsupported,reps,bodyweight,,,2,1,1,MANUAL_QA_REQUIRED
gvs_5dbcad9aad1eed4c,gvc_ee4a081413a3,Arm Crossover Chest Out,Arm Crossover Chest Out,,MANUAL,Chest,MVP_CANDIDATE,Resistance/strength candidate,Bodyweight,inferred_bodyweight,가슴,source,,,unsupported,reps,bodyweight,,,2,1,1,MANUAL_QA_REQUIRED
gvs_0582bb60b0f04b02,gvc_c7652305c24d,Arm Double Crossover,Arm Double Crossover,,MANUAL,Chest,MVP_CANDIDATE,Resistance/strength candidate,Bodyweight,inferred_bodyweight,가슴,source,,,unsupported,reps,bodyweight,,,2,1,1,MANUAL_QA_REQUIRED
gvs_1f87e91b96475153,gvc_5aa3227ea082,Arm Leg Lift To Split Squat,Arm Leg Lift To Split Squat,,MANUAL,Thighs,MVP_CANDIDATE,Resistance/strength candidate,Bodyweight,inferred_bodyweight,하체,source,대퇴사두근,둔근,name_high,reps,bodyweight,,,1,0,1,MANUAL_QA_REQUIRED
gvs_6f3c85c4e3021802,gvc_0fb98cfde2d3,Arm Rotation Knee Lift,Arm Rotation Knee Lift,,MANUAL,Waist,MVP_CANDIDATE,Resistance/strength candidate,Bodyweight,inferred_bodyweight,코어,source,,,unsupported,reps,bodyweight,,,1,0,1,MANUAL_QA_REQUIRED
gvs_fcc710be9668f5bc,gvc_b1f14ec40d4d,Arm Slingers Hanging Straight Legs,Arm Slingers Hanging Straight Legs,,MANUAL,Waist,MVP_CANDIDATE,Resistance/strength candidate,Bodyweight,inferred_bodyweight,코어,source,,,unsupported,reps,bodyweight,,,1,1,0,MANUAL_QA_REQUIRED
gvs_252a1b0df2bb3ab9,gvc_152863335607,Arm Tuck Side Bend,Arm Tuck Side Bend,,MANUAL,Back,MVP_CANDIDATE,Resistance/strength candidate,Bodyweight,inferred_bodyweight,등,source,복사근,코어,name_high,reps,bodyweight,,BODY_MUSCLE_FAMILY_CONFLICT,1,0,1,MANUAL_QA_REQUIRED
gvs_1505b3e36ea8fbfb,gvc_26208c6ed1d8,Arms Apart Circular Toe Touch,Arms Apart Circular Toe Touch,,MANUAL,Waist,MVP_CANDIDATE,Resistance/strength candidate,Bodyweight,inferred_bodyweight,코어,source,,,unsupported,reps,bodyweight,,,1,1,0,MANUAL_QA_REQUIRED
gvs_dbbfad9c6c643d06,gvc_fce88c266500,Arms Forward And Behind The Neck,Arms Forward And Behind The Neck,,MANUAL,Shoulders,MVP_CANDIDATE,Resistance/strength candidate,Bodyweight,inferred_bodyweight,어깨,source,,,unsupported,reps,bodyweight,,,1,1,0,MANUAL_QA_REQUIRED
gvs_d9bf4d8b447a74eb,gvc_b57bc19f3465,Arms Overhead Full Sit Up,Arms Overhead Full Sit Up,,MANUAL,Waist,MVP_CANDIDATE,Resistance/strength candidate,Bodyweight,inferred_bodyweight,코어,source,복직근,,name_high,reps,bodyweight,reps,,1,1,0,MANUAL_QA_REQUIRED
gvs_e9126bc3a198a1d3,gvc_0db83ab01d80,Around The World Lying On Floor,Around The World Lying On Floor,,MANUAL,Back,MVP_CANDIDATE,Resistance/strength candidate,Bodyweight,inferred_bodyweight,등,source,,,unsupported,reps,bodyweight,,,2,1,1,MANUAL_QA_REQUIRED
gvs_46ce0716df126212,gvc_a52a19862179;gvc_bfac4e117517,Around The World Superman | Around The World Superman (version 2),Around The World Superman,,MANUAL,Hips,MVP_CANDIDATE,Resistance/strength candidate,Bodyweight,inferred_bodyweight,하체,source,,,unsupported,reps,bodyweight,,,3,2,1,MANUAL_QA_REQUIRED
gvs_d93fa41ccd14c43a,gvc_0afc5d4b1f7c,Around The World Superman Hold,Around The World Superman Hold,,MANUAL,Hips,MVP_CANDIDATE,Resistance/strength candidate,Bodyweight,inferred_bodyweight,하체,source,,,unsupported,duration,semantic,,,2,1,1,MANUAL_QA_REQUIRED
gvs_b185d25dcf130739,gvc_7328eadaf3cf,Assisted Bulgarian Split Squat,Assisted Bulgarian Split Squat,어시스트 불가리안 스플릿 스쿼트,AUTO_PHRASE_DRAFT,Thighs,MVP_CANDIDATE,Resistance/strength candidate,,unknown,하체,source,대퇴사두근,둔근,name_high,,review,,,1,1,0,MANUAL_QA_REQUIRED
gvs_baab1d07cce5ecaf,gvc_f706073b50f9,Assisted Chin Up On A Bench,Assisted Chin Up On A Bench,,MANUAL,Back,MVP_CANDIDATE,Resistance/strength candidate,,unknown,등,source,광배근,이두근 / 승모근,name_high,,review,,,1,1,0,MANUAL_QA_REQUIRED
gvs_3e5f25ab1670c66b,gvc_8624c1109d94,Assisted Close Grip Underhand Chin Up,Assisted Close Grip Underhand Chin Up,,MANUAL,Back,MVP_CANDIDATE,Resistance/strength candidate,,unknown,등,source,광배근,이두근 / 승모근,name_high,,review,,,1,0,1,MANUAL_QA_REQUIRED
gvs_c75d0084146c218e,gvc_0cebc5470aee,Assisted Hyperextension,Assisted Hyperextension,어시스트 하이퍼익스텐션,AUTO_PHRASE_DRAFT,Hips,MVP_CANDIDATE,Resistance/strength candidate,,unknown,하체,source,,,unsupported,,review,,,2,1,1,MANUAL_QA_REQUIRED
gvs_0b64aa07f532734f,gvc_8ef7312c24c1,Assisted Inverse Leg Curl,Assisted Inverse Leg Curl,,MANUAL,Thighs,MVP_CANDIDATE,Resistance/strength candidate,,unknown,하체,source,햄스트링,,name_high,,review,,,1,1,0,MANUAL_QA_REQUIRED
gvs_448a09729b333108,gvc_e05e83527b48,Assisted Parallel Close Grip Pull Up,Assisted Parallel Close Grip Pull Up,,MANUAL,Back,MVP_CANDIDATE,Resistance/strength candidate,,unknown,등,source,광배근,이두근 / 승모근,name_high,,review,,,1,1,0,MANUAL_QA_REQUIRED
gvs_05857c6b5f4daab3,gvc_c5d6b01a597b,Assisted Partial Range Inverse Leg Curl,Assisted Partial Range Inverse Leg Curl,,MANUAL,Thighs,MVP_CANDIDATE,Resistance/strength candidate,,unknown,하체,source,햄스트링,,name_high,,review,,,1,1,0,MANUAL_QA_REQUIRED
gvs_cf77f120d2de9b82,gvc_de0c5716eb2f,Assisted Pull Up,Assisted Pull Up,어시스트 풀업,AUTO_PHRASE_DRAFT,Back,MVP_CANDIDATE,Resistance/strength candidate,,unknown,등,source,광배근,이두근 / 승모근,name_high,assisted_weight_reps,policy,,,2,1,1,MANUAL_QA_REQUIRED
gvs_4b0114d45af03a32,gvc_83b71bbdfeb6,Assisted Single Arm Pull Up,Assisted Single Arm Pull Up,어시스트 원암 풀업,AUTO_PHRASE_DRAFT,Back,MVP_CANDIDATE,Resistance/strength candidate,,unknown,등,source,광배근,이두근 / 승모근,name_high,,review,,,1,1,0,MANUAL_QA_REQUIRED
gvs_7f5d2256f5fb9388,gvc_4c64564b8a25,Assisted Single Leg Press,Assisted Single Leg Press,,MANUAL,Thighs,MVP_CANDIDATE,Resistance/strength candidate,,unknown,하체,source,대퇴사두근,둔근,name_high,,review,,,1,1,0,MANUAL_QA_REQUIRED
gvs_2b105ec6c7306ec8,gvc_48f35a787bc8,Assisted Sit Up,Assisted Sit Up,어시스트 싯업,AUTO_PHRASE_DRAFT,Waist,MVP_CANDIDATE,Resistance/strength candidate,,unknown,코어,source,복직근,,name_high,,review,reps,,2,1,1,MANUAL_QA_REQUIRED
gvs_3bd44644d480b546,gvc_959ae7618bd3,Assisted Triceps Dip (kneeling),Assisted Triceps Dip (Kneeling),,MANUAL,Upper-Arms,MVP_CANDIDATE,Resistance/strength candidate,,unknown,팔,source,,,unsupported,assisted_weight_reps,policy,,,2,1,1,MANUAL_QA_REQUIRED
gvs_99d69ba31d02e563,gvc_44e5698c4005,Atomic Sit Up,Atomic Sit Up,,MANUAL,Waist,MVP_CANDIDATE,Resistance/strength candidate,Bodyweight,inferred_bodyweight,코어,source,복직근,,name_high,reps,bodyweight,reps,,1,1,0,MANUAL_QA_REQUIRED
gvs_6fd38a67a1d3977f,gvc_d7cb58226f00,Axle Deadlift,Axle Deadlift,,MANUAL,Hips,MVP_CANDIDATE,Resistance/strength candidate,Bodyweight,inferred_bodyweight,하체,source,둔근 / 햄스트링,등 / 코어,name_high,reps,bodyweight,,,1,1,0,MANUAL_QA_REQUIRED
gvs_8457bfc083ae3a56,gvc_25ced99d7df4,Aztec Push Up,Aztec Push Up,,MANUAL,Waist,MVP_CANDIDATE,Resistance/strength candidate,Bodyweight,inferred_bodyweight,코어,source,,,unsupported,reps,bodyweight,reps,,1,1,0,MANUAL_QA_REQUIRED
gvs_7bb38886d1ef4558,gvc_335a65a80ced,Back Extension On Exercise Ball,Back Extension On Exercise Ball,,MANUAL,Back,MVP_CANDIDATE,Resistance/strength candidate,Bodyweight,inferred_bodyweight,등,source,,,unsupported,reps,bodyweight,,,1,1,0,MANUAL_QA_REQUIRED
gvs_1855d6f8dcf6e54e,gvc_74e1d4f189f5,Back Forward Leg Swings,Back Forward Leg Swings,,MANUAL,Hips,MVP_CANDIDATE,Resistance/strength candidate,Bodyweight,inferred_bodyweight,하체,source,,,unsupported,reps,bodyweight,,,2,1,1,MANUAL_QA_REQUIRED
gvs_14a43f2f275009c7,gvc_16b9dac24b8a,Back Lever,Back Lever,,MANUAL,Back,MVP_CANDIDATE,Resistance/strength candidate,Machine,source,등,source,,,unsupported,weight_reps,equipment,weight_reps,,1,1,0,MANUAL_QA_REQUIRED
gvs_4cc507df516cc3ef,gvc_d49021c32ba6,Back Scrub,Back Scrub,,MANUAL,Upper-Arms,MVP_CANDIDATE,Resistance/strength candidate,Bodyweight,inferred_bodyweight,팔,source,,,unsupported,reps,bodyweight,,,1,0,1,MANUAL_QA_REQUIRED
gvs_2b5120d017c8a572,gvc_00cbd42e4015,Back Squeeze,Back Squeeze,,MANUAL,Shoulders,MVP_CANDIDATE,Resistance/strength candidate,Bodyweight,inferred_bodyweight,어깨,source,,,unsupported,reps,bodyweight,,,1,0,1,MANUAL_QA_REQUIRED
gvs_7cce3730fc5e495e,gvc_6e653be2f99d,Back Steps Plank,Back Steps Plank,,MANUAL,Waist,MVP_CANDIDATE,Resistance/strength candidate,Bodyweight,inferred_bodyweight,코어,source,코어,,name_high,duration,semantic,duration,,1,1,0,MANUAL_QA_REQUIRED
gvs_dff8187d294e7bcd,gvc_45e1e083911c,Backhand Raise,Backhand Raise,,MANUAL,Back,MVP_CANDIDATE,Resistance/strength candidate,Bodyweight,inferred_bodyweight,등,source,,,unsupported,reps,bodyweight,,,1,0,1,MANUAL_QA_REQUIRED
gvs_65075c0ce4185596,gvc_662125636f6a,Balance Board (version 2),Balance Board,,MANUAL,Hips,MVP_CANDIDATE,Resistance/strength candidate,Bodyweight,inferred_bodyweight,하체,source,,,unsupported,reps,bodyweight,,,2,1,1,MANUAL_QA_REQUIRED
gvs_64c32135ff4e46ad,gvc_900f303d384e,Balance Plate Standing Twist,Balance Plate Standing Twist,,MANUAL,Waist,MVP_CANDIDATE,Resistance/strength candidate,Weight Plate,source,코어,source,,,unsupported,weight_reps,equipment,weight_reps,,1,1,0,MANUAL_QA_REQUIRED
gvs_e944a1eb90dd72db,gvc_c43b8366699f,Balance Plate Standing Twist Waist,Balance Plate Standing Twist Waist,,MANUAL,,MVP_CANDIDATE,Resistance/strength candidate,Weight Plate,source,,unknown,,,unsupported,weight_reps,equipment,weight_reps,,1,1,0,MANUAL_QA_REQUIRED
gvs_c338cb11078cc8dd,gvc_d9336ae270f3,Balance Rear Lunge,Balance Reverse Lunge,,MANUAL,Thighs,MVP_CANDIDATE,Resistance/strength candidate,Bodyweight,inferred_bodyweight,하체,source,대퇴사두근,둔근,name_high,reps,bodyweight,reps,,1,0,1,MANUAL_QA_REQUIRED
gvs_56f6d4867dc1ace4,gvc_9bc5e11cb9bf,Ball Sit Up (on Stability Ball),Ball Sit Up (On Stability Ball),,MANUAL,Waist,MVP_CANDIDATE,Resistance/strength candidate,Stability Ball,source,코어,source,복직근,,name_high,,review,reps,,1,0,1,MANUAL_QA_REQUIRED
gvs_c36e1c3025c943d6,gvc_9a94ff1a6bde,Ballerina Side Bends,Ballerina Side Bends,,MANUAL,Waist,MVP_CANDIDATE,Resistance/strength candidate,Bodyweight,inferred_bodyweight,코어,source,,,unsupported,reps,bodyweight,,,1,0,1,MANUAL_QA_REQUIRED
gvs_154d01581b357802,gvc_c39617dabd24,Balloon Drill,Balloon Drill,,MANUAL,Thighs,MVP_CANDIDATE,Resistance/strength candidate,Bodyweight,inferred_bodyweight,하체,source,,,unsupported,reps,bodyweight,,,1,1,0,MANUAL_QA_REQUIRED
gvs_dee93ca6fd764310,gvc_1265d51e6f8a,Banded Glute Ham Raise (version 2),Banded Glute Ham Raise,,MANUAL,Thighs,MVP_CANDIDATE,Resistance/strength candidate,Bodyweight,inferred_bodyweight,하체,source,,,unsupported,reps,bodyweight,,,1,1,0,MANUAL_QA_REQUIRED
gvs_65da608422937232,gvc_b3169cd4f718,Bar Biceps Curl,Bar Biceps Curl,,MANUAL,Upper-Arms,MVP_CANDIDATE,Resistance/strength candidate,Bodyweight,inferred_bodyweight,팔,source,이두근,,name_high,reps,bodyweight,,,1,1,0,MANUAL_QA_REQUIRED
gvs_5b5605bf2832772f,gvc_53fea855cbcc,Barbell Alternate Biceps Curl,Barbell Alternate Biceps Curl,바벨 얼터네이트 바이셉 컬,AUTO_PHRASE_DRAFT,Upper-Arms,MVP_CANDIDATE,Resistance/strength candidate,Barbell,source,팔,source,이두근,,name_high,weight_reps,equipment,weight_reps,,1,1,0,AUTO_DRAFT_COMPLETE
gvs_78e40ed88a84be46,gvc_3814d3c067b1,Barbell Back Wide Shrug,Barbell Back Wide Shrug,,MANUAL,Back,MVP_CANDIDATE,Resistance/strength candidate,Barbell,source,등,source,,,unsupported,weight_reps,equipment,weight_reps,,1,1,0,MANUAL_QA_REQUIRED
gvs_72f4338a765eba5c,gvc_52c41860a1a4,Barbell Banded Bench Press,Barbell Banded Bench Press,,MANUAL,Chest,MVP_CANDIDATE,Resistance/strength candidate,Barbell,source,가슴,source,대흉근,삼두근 / 전면 삼각근,name_high,weight_reps,equipment,weight_reps,,1,1,0,MANUAL_QA_REQUIRED
gvs_c80c0d20d6855716,gvc_fe066bee1011,Barbell Banded Bench Squat,Barbell Banded Bench Squat,,MANUAL,Thighs,MVP_CANDIDATE,Resistance/strength candidate,Barbell,source,하체,source,대퇴사두근,둔근,name_high,weight_reps,equipment,weight_reps,,1,1,0,MANUAL_QA_REQUIRED
gvs_4950fa2b6e3bd2bb,gvc_ecb4010a695a,Barbell Behind Back Finger Curl,Barbell Behind Back Finger Curl,,MANUAL,Forearms,MVP_CANDIDATE,Resistance/strength candidate,Barbell,source,팔,source,,,unsupported,weight_reps,equipment,weight_reps,,1,1,0,MANUAL_QA_REQUIRED
gvs_37ce16f58062812d,gvc_af07b64b4715,Barbell Behind The Back Push Press,Barbell Behind The Back Push Press,,MANUAL,Weightlifting,MVP_CANDIDATE,Resistance/strength candidate,Barbell,source,,unknown,,,unsupported,weight_reps,equipment,weight_reps,,1,1,0,MANUAL_QA_REQUIRED
gvs_8a4a0860a7eacf9e,gvc_73820d2fbb9a,Barbell Behind The Back Shrug,Barbell Behind The Back Shrug,,MANUAL,Back,MVP_CANDIDATE,Resistance/strength candidate,Barbell,source,등,source,,,unsupported,weight_reps,equipment,weight_reps,,1,1,0,MANUAL_QA_REQUIRED
gvs_ba3ae85441edd9b6,gvc_1ae6b10dad09,Barbell Bench Lateral Step Up,Barbell Bench Lateral Step Up,,MANUAL,Thighs,MVP_CANDIDATE,Resistance/strength candidate,Barbell,source,하체,source,대퇴사두근,둔근,name_high,weight_reps,equipment,weight_reps,,1,1,0,MANUAL_QA_REQUIRED
gvs_f3a86ac0f41ea132,gvc_59e844d5d30e,Barbell Bench Press,Barbell Bench Press,바벨 벤치프레스,AUTO_PHRASE_DRAFT,Chest,MVP_CANDIDATE,Resistance/strength candidate,Barbell,source,가슴,source,대흉근,삼두근 / 전면 삼각근,name_high,weight_reps,equipment,weight_reps,,1,0,1,AUTO_DRAFT_COMPLETE
gvs_e773b0f7e0930b57,gvc_8399eb27d33d,Barbell Bench Press With 1 Board,Barbell Bench Press With 1 Board,,MANUAL,Chest,MVP_CANDIDATE,Resistance/strength candidate,Barbell,source,가슴,source,대흉근,삼두근 / 전면 삼각근,name_high,weight_reps,equipment,weight_reps,,1,1,0,MANUAL_QA_REQUIRED
gvs_8a66992fa8e7484f,gvc_08909863445e,Barbell Bench Squat,Barbell Bench Squat,,MANUAL,Hips;Thighs,MVP_CANDIDATE,Resistance/strength candidate,Barbell,source,하체,source,대퇴사두근,둔근,name_high,weight_reps,equipment,weight_reps,,2,1,1,MANUAL_QA_REQUIRED
gvs_f560305dadcbd81d,gvc_2972dc461384,Barbell Bent Arm Pullover,Barbell Bent Arm Pullover,,MANUAL,Back,MVP_CANDIDATE,Resistance/strength candidate,Barbell,source,등,source,,,unsupported,weight_reps,equipment,weight_reps,,1,1,0,MANUAL_QA_REQUIRED
gvs_c791692018822522,gvc_bd631ce3c40d,Barbell Bent Over Reverse Raise (skier),Barbell Bent Over Reverse Raise (Skier),,MANUAL,Shoulders,MVP_CANDIDATE,Resistance/strength candidate,Barbell,source,어깨,source,,,unsupported,weight_reps,equipment,weight_reps,,1,1,0,MANUAL_QA_REQUIRED
gvs_d8ac1a465f0d7888,gvc_b5ead3d5a96c,Barbell Bent Over Row,Barbell Bent Over Row,바벨 벤트오버 로우,AUTO_PHRASE_DRAFT,Back,MVP_CANDIDATE,Resistance/strength candidate,Barbell,source,등,source,등 상부 / 광배근,이두근,name_high,weight_reps,equipment,weight_reps,,2,1,1,AUTO_DRAFT_COMPLETE
gvs_500968ae622d338c,gvc_1771e6cb2651,Barbell Bent Over Wide Grip Row,Barbell Bent Over Wide Grip Row,바벨 벤트오버 와이드 그립 로우,AUTO_PHRASE_DRAFT,Back,MVP_CANDIDATE,Resistance/strength candidate,Barbell,source,등,source,등 상부 / 광배근,이두근,name_high,weight_reps,equipment,weight_reps,,1,1,0,AUTO_DRAFT_COMPLETE
gvs_9ad52e26603e2bc8,gvc_abb498708d5b,Barbell Box Squat,Barbell Box Squat,,MANUAL,Hips,MVP_CANDIDATE,Resistance/strength candidate,Barbell,source,하체,source,대퇴사두근,둔근,name_high,weight_reps,equipment,weight_reps,,1,1,0,MANUAL_QA_REQUIRED
gvs_d5d152c308e6b76b,gvc_f4509aa11f3b,Barbell Clean And Jerk,Barbell Clean And Jerk,,MANUAL,Weightlifting,MVP_CANDIDATE,Resistance/strength candidate,Barbell,source,,unknown,,,unsupported,weight_reps,equipment,weight_reps,,1,1,0,MANUAL_QA_REQUIRED
gvs_4d2e54fccea5768a,gvc_479d3ff1dc67,Barbell Clean And Press,Barbell Clean And Press,,MANUAL,Shoulders,MVP_CANDIDATE,Resistance/strength candidate,Barbell,source,어깨,source,,,unsupported,weight_reps,equipment,weight_reps,,2,1,1,MANUAL_QA_REQUIRED
gvs_6d831437f2b6002f,gvc_b031f5dceafa,Barbell Clean Deadlift,Barbell Clean Deadlift,,MANUAL,Thighs,MVP_CANDIDATE,Resistance/strength candidate,Barbell,source,하체,source,둔근 / 햄스트링,등 / 코어,name_high,weight_reps,equipment,weight_reps,,1,1,0,MANUAL_QA_REQUIRED
gvs_2997973f07fac93f,gvc_386ca1e36209,Barbell Clean Grip Front Squat,Barbell Clean Grip Front Squat,,MANUAL,Thighs,MVP_CANDIDATE,Resistance/strength candidate,Barbell,source,하체,source,대퇴사두근,둔근,name_high,weight_reps,equipment,weight_reps,,2,1,1,MANUAL_QA_REQUIRED
gvs_31997e5d9258cafd,gvc_cbc9cb776e0d,Barbell Clean High Pull,Barbell Clean High Pull,,MANUAL,Weightlifting,MVP_CANDIDATE,Resistance/strength candidate,Barbell,source,,unknown,,,unsupported,weight_reps,equipment,weight_reps,,1,1,0,MANUAL_QA_REQUIRED
gvs_5419d809d08079d9,gvc_1d3f4f8d3e32,Barbell Clean Pull,Barbell Clean Pull,,MANUAL,Weightlifting,MVP_CANDIDATE,Resistance/strength candidate,Barbell,source,,unknown,,,unsupported,weight_reps,equipment,weight_reps,,1,1,0,MANUAL_QA_REQUIRED
gvs_19b488aa7a8e6504,gvc_626c282145e6,Barbell Close Grip Bench Press,Barbell Close Grip Bench Press,바벨 클로즈 그립 벤치프레스,AUTO_PHRASE_DRAFT,Upper-Arms,MVP_CANDIDATE,Resistance/strength candidate,Barbell,source,팔,source,대흉근,삼두근 / 전면 삼각근,name_high,weight_reps,equipment,weight_reps,BODY_MUSCLE_FAMILY_CONFLICT,2,1,1,MANUAL_QA_REQUIRED
gvs_4b549419973f026d,gvc_a4485d522eb5,Barbell Close Grip Larsen Press,Barbell Close Grip Larsen Press,,MANUAL,Chest,MVP_CANDIDATE,Resistance/strength candidate,Barbell,source,가슴,source,,,unsupported,weight_reps,equipment,weight_reps,,1,1,0,MANUAL_QA_REQUIRED
gvs_13f6672e8461d524,gvc_81d969f07013,Barbell Cossack Squat,Barbell Cossack Squat,,MANUAL,Hips,MVP_CANDIDATE,Resistance/strength candidate,Barbell,source,하체,source,대퇴사두근,둔근,name_high,weight_reps,equipment,weight_reps,,1,1,0,MANUAL_QA_REQUIRED
gvs_bfce1a4eb46fb7a8,gvc_06bd2d47ef80,Barbell Curl,Barbell Curl,,MANUAL,Upper-Arms,MVP_CANDIDATE,Resistance/strength candidate,Barbell,source,팔,source,,,unsupported,weight_reps,equipment,weight_reps,,2,1,1,MANUAL_QA_REQUIRED
gvs_c33f0dc864e140ca,gvc_7e1d0b2069b8,Barbell Curl Press Extension,Barbell Curl Press Extension,,MANUAL,Upper-Arms,MVP_CANDIDATE,Resistance/strength candidate,Barbell,source,팔,source,,,unsupported,weight_reps,equipment,weight_reps,,1,1,0,MANUAL_QA_REQUIRED
gvs_2d3af959419e0081,gvc_880327db2a0b,Barbell Curl Upper Arms Without Weight,Barbell Curl Upper Arms Without Weight,,MANUAL,,MVP_CANDIDATE,Resistance/strength candidate,Barbell,source,팔,name,,,unsupported,weight_reps,equipment,weight_reps,,1,1,0,MANUAL_QA_REQUIRED
gvs_dfa0f17d3c64ac21,gvc_386036124ffd,Barbell Curtsey Lunge,Barbell Curtsey Lunge,,MANUAL,Thighs,MVP_CANDIDATE,Resistance/strength candidate,Barbell,source,하체,source,대퇴사두근,둔근,name_high,weight_reps,equipment,weight_reps,,2,1,1,MANUAL_QA_REQUIRED
gvs_ec0fec80908e048a,gvc_9bd263933553,Barbell Deadlift,Barbell Deadlift,바벨 데드리프트,AUTO_PHRASE_DRAFT,Hips,MVP_CANDIDATE,Resistance/strength candidate,Barbell,source,하체,source,둔근 / 햄스트링,등 / 코어,name_high,weight_reps,equipment,weight_reps,,3,2,1,AUTO_DRAFT_COMPLETE
gvs_5d06c8c80a49b9ca,gvc_26893f18f412,Barbell Deadlift (360 Degrees),Barbell Deadlift (360 Degrees),,MANUAL,Hips,MVP_CANDIDATE,Resistance/strength candidate,Barbell,source,하체,source,둔근 / 햄스트링,등 / 코어,name_high,weight_reps,equipment,weight_reps,,1,1,0,MANUAL_QA_REQUIRED
gvs_552c532e4662780c,gvc_bc1fa9579d8e,Barbell Deadlift From Blocks,Barbell Deadlift From Blocks,,MANUAL,Hips,MVP_CANDIDATE,Resistance/strength candidate,Barbell,source,하체,source,둔근 / 햄스트링,등 / 코어,name_high,weight_reps,equipment,weight_reps,,1,1,0,MANUAL_QA_REQUIRED
gvs_806cc3fd85743a31,gvc_c3b529b7660f,Barbell Deadlift From Deficit,Barbell Deadlift From Deficit,,MANUAL,Hips,MVP_CANDIDATE,Resistance/strength candidate,Barbell,source,하체,source,둔근 / 햄스트링,등 / 코어,name_high,weight_reps,equipment,weight_reps,,1,1,0,MANUAL_QA_REQUIRED
gvs_288c081d2ea98d99,gvc_3a11b7d13b04,Barbell Decline Bench Press,Barbell Decline Bench Press,바벨 디클라인 벤치프레스,AUTO_PHRASE_DRAFT,Chest,MVP_CANDIDATE,Resistance/strength candidate,Barbell,source,가슴,source,대흉근,삼두근 / 전면 삼각근,name_high,weight_reps,equipment,weight_reps,,1,0,1,AUTO_DRAFT_COMPLETE
gvs_323e5ae034de554e,gvc_330b5c3f225b,Barbell Decline Pullover,Barbell Decline Pullover,,MANUAL,Chest,MVP_CANDIDATE,Resistance/strength candidate,Barbell,source,가슴,source,,,unsupported,weight_reps,equipment,weight_reps,,2,1,1,MANUAL_QA_REQUIRED
gvs_a35a6a831329b1ab,gvc_9bf2c17cd71d,Barbell Decline Shrug,Barbell Decline Shrug,바벨 디클라인 슈러그,AUTO_PHRASE_DRAFT,Back,MVP_CANDIDATE,Resistance/strength candidate,Barbell,source,등,source,,,unsupported,weight_reps,equipment,weight_reps,,1,1,0,AUTO_DRAFT_COMPLETE
gvs_863a17a26e3036e8,gvc_dc00148542be,Barbell Dimel Deadlift,Barbell Dimel Deadlift,,MANUAL,Hips,MVP_CANDIDATE,Resistance/strength candidate,Barbell,source,하체,source,둔근 / 햄스트링,등 / 코어,name_high,weight_reps,equipment,weight_reps,,1,1,0,MANUAL_QA_REQUIRED
gvs_43372154ccaa37e6,gvc_5537a039cd00,Barbell Drag Curl,Barbell Drag Curl,,MANUAL,Upper-Arms,MVP_CANDIDATE,Resistance/strength candidate,Barbell,source,팔,source,,,unsupported,weight_reps,equipment,weight_reps,,1,0,1,MANUAL_QA_REQUIRED
gvs_884662851bcbb52d,gvc_174841fbbecb,Barbell Elevated Heel Clean Grip Squat,Barbell Elevated Heel Clean Grip Squat,,MANUAL,Thighs,MVP_CANDIDATE,Resistance/strength candidate,Barbell,source,하체,source,대퇴사두근,둔근,name_high,weight_reps,equipment,weight_reps,,1,1,0,MANUAL_QA_REQUIRED
gvs_62c21affe507bdf7,gvc_6e3ee2e92a75,Barbell Elevated Heel Squat,Barbell Elevated Heel Squat,,MANUAL,Thighs,MVP_CANDIDATE,Resistance/strength candidate,Barbell,source,하체,source,대퇴사두근,둔근,name_high,weight_reps,equipment,weight_reps,,1,1,0,MANUAL_QA_REQUIRED
gvs_7a0090ed8b1cee99,gvc_2dc3e370f8f0,Barbell Explosive Bench Press,Barbell Explosive Bench Press,,MANUAL,Chest,MVP_CANDIDATE,Resistance/strength candidate,Barbell,source,가슴,source,대흉근,삼두근 / 전면 삼각근,name_high,weight_reps,equipment,weight_reps,,1,1,0,MANUAL_QA_REQUIRED
gvs_d83cc3b2f24b146c,gvc_e26c2318c029,Barbell Feet Flat Bench Press,Barbell Feet Flat Bench Press,,MANUAL,Chest,MVP_CANDIDATE,Resistance/strength candidate,Barbell,source,가슴,source,대흉근,삼두근 / 전면 삼각근,name_high,weight_reps,equipment,weight_reps,,1,1,0,MANUAL_QA_REQUIRED
gvs_13928f76ec555174,gvc_8b5fd2d41b2f,Barbell Finger Curls,Barbell Finger Curls,,MANUAL,Forearms,MVP_CANDIDATE,Resistance/strength candidate,Barbell,source,팔,source,,,unsupported,weight_reps,equipment,weight_reps,,1,1,0,MANUAL_QA_REQUIRED
gvs_4bd5cd39e0c9e4d5,gvc_36179e5df7ea,Barbell Floor Calf Raise,Barbell Floor Calf Raise,,MANUAL,Calves,MVP_CANDIDATE,Resistance/strength candidate,Barbell,source,하체,source,종아리,,name_high,weight_reps,equipment,weight_reps,,1,1,0,MANUAL_QA_REQUIRED
gvs_64b04c4aef7aa360,gvc_1de5b0be51bd,Barbell Floor Chest Press,Barbell Floor Chest Press,,MANUAL,Chest,MVP_CANDIDATE,Resistance/strength candidate,Barbell,source,가슴,source,대흉근,삼두근 / 전면 삼각근,name_high,weight_reps,equipment,weight_reps,,1,1,0,MANUAL_QA_REQUIRED
gvs_19982633cc9bf443,gvc_82af41fb245b;gvc_cabd93fbd353,Barbell Forward Backward Lunge | Barbell Forward Backward Lunge (version 2),Barbell Forward Backward Lunge,,MANUAL,Thighs,MVP_CANDIDATE,Resistance/strength candidate,Barbell,source,하체,source,대퇴사두근,둔근,name_high,weight_reps,equipment,weight_reps,,2,2,0,MANUAL_QA_REQUIRED
gvs_c46a91752c67eb51,gvc_2cd94ae097ad,Barbell Front Bench Squat,Barbell Front Bench Squat,,MANUAL,Thighs,MVP_CANDIDATE,Resistance/strength candidate,Barbell,source,하체,source,대퇴사두근,둔근,name_high,weight_reps,equipment,weight_reps,,1,1,0,MANUAL_QA_REQUIRED
gvs_36def07665e0afa0,gvc_d3c8376dab76,Barbell Front Chest Squat,Barbell Front Chest Squat,,MANUAL,Thighs,MVP_CANDIDATE,Resistance/strength candidate,Barbell,source,하체,source,대퇴사두근,둔근,name_high,weight_reps,equipment,weight_reps,,1,1,0,MANUAL_QA_REQUIRED
gvs_9fb128f35bfa35b3,gvc_0588c050f7c4,Barbell Front Rack Lunge,Barbell Front Rack Lunge,,MANUAL,Thighs,MVP_CANDIDATE,Resistance/strength candidate,Barbell,source,하체,source,대퇴사두근,둔근,name_high,weight_reps,equipment,weight_reps,,2,1,1,MANUAL_QA_REQUIRED
gvs_e1b3d351aea54045,gvc_794001a9f29a,Barbell Front Rack Split Squat,Barbell Front Rack Split Squat,,MANUAL,Thighs,MVP_CANDIDATE,Resistance/strength candidate,Barbell,source,하체,source,대퇴사두근,둔근,name_high,weight_reps,equipment,weight_reps,,1,0,1,MANUAL_QA_REQUIRED
gvs_498ab97983fba3f1,gvc_c75562ac493a,Barbell Front Raise,Barbell Front Raise,바벨 프론트 레이즈,AUTO_PHRASE_DRAFT,Shoulders,MVP_CANDIDATE,Resistance/strength candidate,Barbell,source,어깨,source,전면 삼각근,,name_high,weight_reps,equipment,weight_reps,,2,1,1,AUTO_DRAFT_COMPLETE
gvs_9550c2a6daf50444,gvc_6af3bc6b2a97,Barbell Front Squat,Barbell Front Squat,바벨 프론트 스쿼트,AUTO_PHRASE_DRAFT,Thighs,MVP_CANDIDATE,Resistance/strength candidate,Barbell,source,하체,source,대퇴사두근,둔근,name_high,weight_reps,equipment,weight_reps,,1,0,1,AUTO_DRAFT_COMPLETE
gvs_be43b1f8be2cab82,gvc_e927a70e36e0,Barbell Full Clean,Barbell Full Clean,,MANUAL,Weightlifting,MVP_CANDIDATE,Resistance/strength candidate,Barbell,source,,unknown,,,unsupported,weight_reps,equipment,weight_reps,,2,2,0,MANUAL_QA_REQUIRED
gvs_4f526893a431e7b3,gvc_6d417af54c79,Barbell Full Squat,Barbell Full Squat,,MANUAL,Thighs,MVP_CANDIDATE,Resistance/strength candidate,Barbell,source,하체,source,대퇴사두근,둔근,name_high,weight_reps,equipment,weight_reps,,3,2,1,MANUAL_QA_REQUIRED
gvs_772a7c5c9f701aca,gvc_a1fc67cf9b1e,Barbell Full Squat (with Rack),Barbell Full Squat (With Rack),,MANUAL,Thighs,MVP_CANDIDATE,Resistance/strength candidate,Barbell,source,하체,source,대퇴사두근,둔근,name_high,weight_reps,equipment,weight_reps,,1,0,1,MANUAL_QA_REQUIRED
gvs_70b0faea8b8d6cb8,gvc_7826d2270ddf,Barbell Full Zercher Squat,Barbell Full Zercher Squat,,MANUAL,Thighs,MVP_CANDIDATE,Resistance/strength candidate,Barbell,source,하체,source,대퇴사두근,둔근,name_high,weight_reps,equipment,weight_reps,,2,1,1,MANUAL_QA_REQUIRED
gvs_ca68d13024d1384e,gvc_8f85f0bf2386,Barbell Glute Bridge (hands On Bar),Barbell Glute Bridge (Hands On Bar),,MANUAL,Hips,MVP_CANDIDATE,Resistance/strength candidate,Barbell,source,하체,source,둔근,햄스트링,name_high,weight_reps,equipment,weight_reps,,2,1,1,MANUAL_QA_REQUIRED
gvs_dc1670b1614807bd,gvc_97a4cbf1630c,Barbell Good Morning,Barbell Good Morning,바벨 굿모닝,AUTO_PHRASE_DRAFT,Thighs,MVP_CANDIDATE,Resistance/strength candidate,Barbell,source,하체,source,,,unsupported,weight_reps,equipment,weight_reps,,1,0,1,AUTO_DRAFT_COMPLETE
gvs_674bd8349a9d9f1a,gvc_7c862e5227c4,Barbell Guillotine Bench Press,Barbell Guillotine Bench Press,,MANUAL,Chest,MVP_CANDIDATE,Resistance/strength candidate,Barbell,source,가슴,source,대흉근,삼두근 / 전면 삼각근,name_high,weight_reps,equipment,weight_reps,,1,1,0,MANUAL_QA_REQUIRED
gvs_8cae1cabde3885db,gvc_a2ac0e5ea92e,Barbell Hack Squat,Barbell Hack Squat,바벨 핵 스쿼트,AUTO_PHRASE_DRAFT,Hips,MVP_CANDIDATE,Resistance/strength candidate,Barbell,source,하체,source,대퇴사두근,둔근,name_high,weight_reps,equipment,weight_reps,,1,1,0,AUTO_DRAFT_COMPLETE
gvs_7af0bc6936bd189d,gvc_013d9d8c1ff2,Barbell Hang Clean,Barbell Hang Clean,,MANUAL,Weightlifting,MVP_CANDIDATE,Resistance/strength candidate,Barbell,source,,unknown,,,unsupported,weight_reps,equipment,weight_reps,,1,1,0,MANUAL_QA_REQUIRED
gvs_26faebc0f94b3c9a,gvc_cbb10010808e,Barbell Hang Clean Below The Knees,Barbell Hang Clean Below The Knees,,MANUAL,Weightlifting,MVP_CANDIDATE,Resistance/strength candidate,Barbell,source,,unknown,,,unsupported,weight_reps,equipment,weight_reps,,1,1,0,MANUAL_QA_REQUIRED
gvs_a442db05ddb08d91,gvc_a90554ffc4f6,Barbell Hang Snatch,Barbell Hang Snatch,,MANUAL,Weightlifting,MVP_CANDIDATE,Resistance/strength candidate,Barbell,source,,unknown,,,unsupported,weight_reps,equipment,weight_reps,,1,1,0,MANUAL_QA_REQUIRED
gvs_9843a6ee53ab0bbc,gvc_0b9c53b7b135,Barbell Hang Snatch Below The Knees,Barbell Hang Snatch Below The Knees,,MANUAL,Weightlifting,MVP_CANDIDATE,Resistance/strength candidate,Barbell,source,,unknown,,,unsupported,weight_reps,equipment,weight_reps,,1,1,0,MANUAL_QA_REQUIRED
gvs_26d06b53832b3eeb,gvc_845b3f3a7646,Barbell Hang Snatch Weightlifts,Barbell Hang Snatch Weightlifts,,MANUAL,,MVP_CANDIDATE,Resistance/strength candidate,Barbell,source,,unknown,,,unsupported,weight_reps,equipment,weight_reps,,1,1,0,MANUAL_QA_REQUIRED
gvs_8c74351063ccee7e,gvc_219305d6c8a4,Barbell High Bar Squat,Barbell High Bar Squat,,MANUAL,Thighs,MVP_CANDIDATE,Resistance/strength candidate,Barbell,source,하체,source,대퇴사두근,둔근,name_high,weight_reps,equipment,weight_reps,,1,1,0,MANUAL_QA_REQUIRED
gvs_ed3f7bab2bb63d33,gvc_1f1829afa03a,Barbell Hip Thrust,Barbell Hip Thrust,바벨 힙 쓰러스트,AUTO_PHRASE_DRAFT,Hips,MVP_CANDIDATE,Resistance/strength candidate,Barbell,source,하체,source,둔근,햄스트링,name_high,weight_reps,equipment,weight_reps,,2,1,1,AUTO_DRAFT_COMPLETE
gvs_b1b132c6e6485210,gvc_a00ecc41c949,Barbell Hook Grip Deadlift,Barbell Hook Grip Deadlift,,MANUAL,Hips,MVP_CANDIDATE,Resistance/strength candidate,Barbell,source,하체,source,둔근 / 햄스트링,등 / 코어,name_high,weight_reps,equipment,weight_reps,,1,1,0,MANUAL_QA_REQUIRED
gvs_d4372ec5dc59e7d9,gvc_a9acbe1407d8,Barbell Hyperextension,Barbell Hyperextension,바벨 하이퍼익스텐션,AUTO_PHRASE_DRAFT,Hips,MVP_CANDIDATE,Resistance/strength candidate,Barbell,source,하체,source,,,unsupported,weight_reps,equipment,weight_reps,,1,1,0,AUTO_DRAFT_COMPLETE
gvs_cd7d543ea35f6df8,gvc_83a0b1acc082,Barbell Incline Bench Press,Barbell Incline Bench Press,바벨 인클라인 벤치프레스,AUTO_PHRASE_DRAFT,Chest,MVP_CANDIDATE,Resistance/strength candidate,Barbell,source,가슴,source,대흉근,삼두근 / 전면 삼각근,name_high,weight_reps,equipment,weight_reps,,2,1,1,AUTO_DRAFT_COMPLETE
gvs_3d81ea3e9280ea58,gvc_6f620dabe316,Barbell Incline Close Grip Bench Press,Barbell Incline Close Grip Bench Press,바벨 인클라인 클로즈 그립 벤치프레스,AUTO_PHRASE_DRAFT,Upper-Arms,MVP_CANDIDATE,Resistance/strength candidate,Barbell,source,팔,source,대흉근,삼두근 / 전면 삼각근,name_high,weight_reps,equipment,weight_reps,BODY_MUSCLE_FAMILY_CONFLICT,1,1,0,MANUAL_QA_REQUIRED
gvs_c007387be892af13,gvc_251bf88b3192,Barbell Incline Lying Rear Delt Raise,Barbell Incline Lying Rear Delt Raise,바벨 인클라인 라잉 리어 델트 레이즈,AUTO_PHRASE_DRAFT,Shoulders,MVP_CANDIDATE,Resistance/strength candidate,Barbell,source,어깨,source,후면 삼각근,,name_high,weight_reps,equipment,weight_reps,,1,1,0,AUTO_DRAFT_COMPLETE
gvs_cef9a38f193d09a7,gvc_01c910b29752,Barbell Incline Rear Delt Row,Barbell Incline Rear Delt Row,,MANUAL,Back,MVP_CANDIDATE,Resistance/strength candidate,Barbell,source,등,source,후면 삼각근,,name_high,weight_reps,equipment,weight_reps,BODY_MUSCLE_FAMILY_CONFLICT,1,1,0,MANUAL_QA_REQUIRED
gvs_4c62f4b84585e2ba,gvc_110dbeaa43f0,Barbell Incline Row,Barbell Incline Row,바벨 인클라인 로우,AUTO_PHRASE_DRAFT,Back,MVP_CANDIDATE,Resistance/strength candidate,Barbell,source,등,source,등 상부 / 광배근,이두근,name_high,weight_reps,equipment,weight_reps,,2,1,1,AUTO_DRAFT_COMPLETE
gvs_732fa8c4d7d39b4a,gvc_ef9ddf6b9e62,Barbell Incline Shoulders Press,Barbell Incline Shoulders Press,,MANUAL,Shoulders,MVP_CANDIDATE,Resistance/strength candidate,Barbell,source,어깨,source,,,unsupported,weight_reps,equipment,weight_reps,,1,1,0,MANUAL_QA_REQUIRED
gvs_4156f4a1ee0e2251,gvc_bad3eba86ab6,Barbell Incline Shoulders Press (inside Squat Cage,Barbell Incline Shoulders Press (Inside Squat Cage,,MANUAL,,MVP_CANDIDATE,Resistance/strength candidate,Barbell,source,하체,name,대퇴사두근,둔근,name_high,weight_reps,equipment,weight_reps,,1,1,0,MANUAL_QA_REQUIRED
gvs_3376bb8b1ae0d13b,gvc_9e5b5f642b4c,Barbell Incline Triceps Extension Skull Crusher,Barbell Incline Triceps Extension Skull Crusher,바벨 인클라인 트라이셉 익스텐션 스컬 크러셔,AUTO_PHRASE_DRAFT,Upper-Arms,MVP_CANDIDATE,Resistance/strength candidate,Barbell,source,팔,source,삼두근,,name_high,weight_reps,equipment,weight_reps,,1,1,0,AUTO_DRAFT_COMPLETE
gvs_77870eb1fa50f209,gvc_e19dcc990088,Barbell Jefferson Squat,Barbell Jefferson Squat,,MANUAL,Thighs,MVP_CANDIDATE,Resistance/strength candidate,Barbell,source,하체,source,대퇴사두근,둔근,name_high,weight_reps,equipment,weight_reps,,1,1,0,MANUAL_QA_REQUIRED
gvs_4cf9ede2553dd850,gvc_39672087ab1b,Barbell Jm Bench Press,Barbell Jm Bench Press,,MANUAL,Upper-Arms,MVP_CANDIDATE,Resistance/strength candidate,Barbell,source,팔,source,대흉근,삼두근 / 전면 삼각근,name_high,weight_reps,equipment,weight_reps,BODY_MUSCLE_FAMILY_CONFLICT,1,1,0,MANUAL_QA_REQUIRED
gvs_462132cb40a81823,gvc_761651c0b5c4,Barbell Jump Squat,Barbell Jump Squat,,MANUAL,Thighs,MVP_CANDIDATE,Resistance/strength candidate,Barbell,source,하체,source,대퇴사두근,둔근,name_high,weight_reps,equipment,weight_reps,,1,1,0,MANUAL_QA_REQUIRED
gvs_a4c2fe78342ebb92,gvc_71d33da03e9d,Barbell Kas Glute Bridge,Barbell Kas Glute Bridge,,MANUAL,Hips,MVP_CANDIDATE,Resistance/strength candidate,Barbell,source,하체,source,둔근,햄스트링,name_high,weight_reps,equipment,weight_reps,,1,0,1,MANUAL_QA_REQUIRED
gvs_3d08580c155ffa72,gvc_ad00ace90638,Barbell Larsen Press,Barbell Larsen Press,,MANUAL,Chest,MVP_CANDIDATE,Resistance/strength candidate,Barbell,source,가슴,source,,,unsupported,weight_reps,equipment,weight_reps,,1,1,0,MANUAL_QA_REQUIRED
gvs_a5f77daed3c77934,gvc_f64c0313b06d,Barbell Lateral Lunge,Barbell Lateral Lunge,,MANUAL,Hips;Thighs,MVP_CANDIDATE,Resistance/strength candidate,Barbell,source,하체,source,대퇴사두근,둔근,name_high,weight_reps,equipment,weight_reps,,2,1,1,MANUAL_QA_REQUIRED
gvs_dcd4c710a15a73a6,gvc_8fcb85db23cd,Barbell Leg Twist Press,Barbell Leg Twist Press,,MANUAL,Chest,MVP_CANDIDATE,Resistance/strength candidate,Barbell,source,가슴,source,,,unsupported,weight_reps,equipment,weight_reps,,1,1,0,MANUAL_QA_REQUIRED
gvs_616f9e9fd88fec77,gvc_9fb73d8bd880,Barbell Low Bar Squat,Barbell Low Bar Squat,,MANUAL,Thighs,MVP_CANDIDATE,Resistance/strength candidate,Barbell,source,하체,source,대퇴사두근,둔근,name_high,weight_reps,equipment,weight_reps,,2,1,1,MANUAL_QA_REQUIRED
gvs_33e6ab884439d34e,gvc_847daa0cc7d8,Barbell Low Bar Squat With Rack,Barbell Low Bar Squat With Rack,,MANUAL,Thighs,MVP_CANDIDATE,Resistance/strength candidate,Barbell,source,하체,source,대퇴사두근,둔근,name_high,weight_reps,equipment,weight_reps,,1,1,0,MANUAL_QA_REQUIRED
gvs_779eb5b4488528a6,gvc_0e617d697a42,Barbell Low Split Squat,Barbell Low Split Squat,바벨 로우 스플릿 스쿼트,AUTO_PHRASE_DRAFT,Thighs,MVP_CANDIDATE,Resistance/strength candidate,Barbell,source,하체,source,대퇴사두근,둔근,name_high,weight_reps,equipment,weight_reps,,1,1,0,AUTO_DRAFT_COMPLETE
gvs_ab5d84f70b5a7007,gvc_cac9899daf5c,Barbell Lunge,Barbell Lunge,바벨 런지,AUTO_PHRASE_DRAFT,Thighs,MVP_CANDIDATE,Resistance/strength candidate,Barbell,source,하체,source,대퇴사두근,둔근,name_high,weight_reps,equipment,weight_reps,,2,1,1,AUTO_DRAFT_COMPLETE
gvs_0d5d5ca5d5c971e5,gvc_722c069ed70d,Barbell Lunge Twist,Barbell Lunge Twist,,MANUAL,Thighs,MVP_CANDIDATE,Resistance/strength candidate,Barbell,source,하체,source,대퇴사두근,둔근,name_high,weight_reps,equipment,weight_reps,,1,1,0,MANUAL_QA_REQUIRED
gvs_e53ba11e0b860bac,gvc_d0683d47526c,Barbell Lying Close Grip Press,Barbell Lying Close Grip Press,,MANUAL,Upper-Arms,MVP_CANDIDATE,Resistance/strength candidate,Barbell,source,팔,source,,,unsupported,weight_reps,equipment,weight_reps,,1,1,0,MANUAL_QA_REQUIRED
gvs_8ed88dfa2728c43c,gvc_fea89732814b,Barbell Lying Close Grip Underhand Row On Rack,Barbell Lying Close Grip Underhand Row On Rack,,MANUAL,Back,MVP_CANDIDATE,Resistance/strength candidate,Barbell,source,등,source,등 상부 / 광배근,이두근,name_high,weight_reps,equipment,weight_reps,,1,1,0,MANUAL_QA_REQUIRED
gvs_fe82babf53aa523f,gvc_a5fe39980302,Barbell Lying Row On Rack,Barbell Lying Row On Rack,,MANUAL,Back,MVP_CANDIDATE,Resistance/strength candidate,Barbell,source,등,source,등 상부 / 광배근,이두근,name_high,weight_reps,equipment,weight_reps,,1,1,0,MANUAL_QA_REQUIRED
gvs_082154a0922e8ea6,gvc_32f077535f8d,Barbell Lying Seal Row On Rack,Barbell Lying Seal Row On Rack,,MANUAL,Back,MVP_CANDIDATE,Resistance/strength candidate,Barbell,source,등,source,등 상부 / 광배근,이두근,name_high,weight_reps,equipment,weight_reps,,1,1,0,MANUAL_QA_REQUIRED
gvs_52b3af73679e4bf3,gvc_449d7ac49f97;gvc_e8c9c1cd6c3a,Barbell Lying Extension | Barbell Lying Triceps Extension,Barbell Lying Triceps Extension,바벨 라잉 트라이셉 익스텐션,AUTO_PHRASE_DRAFT,Upper-Arms,MVP_CANDIDATE,Resistance/strength candidate,Barbell,source,팔,source,삼두근,,name_high,weight_reps,equipment,weight_reps,,2,1,1,AUTO_DRAFT_COMPLETE
gvs_1495e991ffa3db01,gvc_ba90a82bd62b,Barbell Lying Triceps Extension Skull Crusher,Barbell Lying Triceps Extension Skull Crusher,바벨 라잉 트라이셉 익스텐션 스컬 크러셔,AUTO_PHRASE_DRAFT,Upper-Arms,MVP_CANDIDATE,Resistance/strength candidate,Barbell,source,팔,source,삼두근,,name_high,weight_reps,equipment,weight_reps,,1,1,0,AUTO_DRAFT_COMPLETE
gvs_98781f32ce0cc578,gvc_343ece50e0a2,Barbell Mixed Grip Deadlift,Barbell Mixed Grip Deadlift,,MANUAL,Hips,MVP_CANDIDATE,Resistance/strength candidate,Barbell,source,하체,source,둔근 / 햄스트링,등 / 코어,name_high,weight_reps,equipment,weight_reps,,1,1,0,MANUAL_QA_REQUIRED
gvs_715863a18c5372fd,gvc_5128772b661d,Barbell Muscle Clean,Barbell Muscle Clean,,MANUAL,Weightlifting,MVP_CANDIDATE,Resistance/strength candidate,Barbell,source,,unknown,,,unsupported,weight_reps,equipment,weight_reps,,1,1,0,MANUAL_QA_REQUIRED
gvs_3d70323741611f47,gvc_6d1ca740b29b,Barbell Narrow Stance Squat,Barbell Narrow Stance Squat,,MANUAL,Thighs,MVP_CANDIDATE,Resistance/strength candidate,Barbell,source,하체,source,대퇴사두근,둔근,name_high,weight_reps,equipment,weight_reps,,2,1,1,MANUAL_QA_REQUIRED
gvs_d643316c27705976,gvc_5cb5b656d2cc,Barbell Olympic Squat,Barbell Olympic Squat,,MANUAL,Thighs,MVP_CANDIDATE,Resistance/strength candidate,Barbell,source,하체,source,대퇴사두근,둔근,name_high,weight_reps,equipment,weight_reps,,1,1,0,MANUAL_QA_REQUIRED
gvs_a43a8a7382c588bb,gvc_3313c1a2f561,Barbell Overhead Lunge,Barbell Overhead Lunge,바벨 오버헤드 런지,AUTO_PHRASE_DRAFT,Thighs,MVP_CANDIDATE,Resistance/strength candidate,Barbell,source,하체,source,대퇴사두근,둔근,name_high,weight_reps,equipment,weight_reps,,1,1,0,AUTO_DRAFT_COMPLETE
gvs_7c3054ed7da71cd9,gvc_62723f088030,Barbell Overhead Shrug,Barbell Overhead Shrug,바벨 오버헤드 슈러그,AUTO_PHRASE_DRAFT,Back,MVP_CANDIDATE,Resistance/strength candidate,Barbell,source,등,source,,,unsupported,weight_reps,equipment,weight_reps,,1,1,0,AUTO_DRAFT_COMPLETE
gvs_48158433e7b4dfe3,gvc_bff404cbfb0b,Barbell Palms Down Wrist Curl Over A Bench,Barbell Palms Down Wrist Curl Over A Bench,,MANUAL,Forearms,MVP_CANDIDATE,Resistance/strength candidate,Barbell,source,팔,source,,,unsupported,weight_reps,equipment,weight_reps,,1,1,0,MANUAL_QA_REQUIRED
gvs_b51a937a9c2dacf0,gvc_bcaaba45fee1,Barbell Pause Bench Press,Barbell Pause Bench Press,,MANUAL,Chest,MVP_CANDIDATE,Resistance/strength candidate,Barbell,source,가슴,source,대흉근,삼두근 / 전면 삼각근,name_high,weight_reps,equipment,weight_reps,,1,1,0,MANUAL_QA_REQUIRED
gvs_3a1d4320d04f973a,gvc_be8aa3c32556,Barbell Pause Deadlift,Barbell Pause Deadlift,,MANUAL,Hips,MVP_CANDIDATE,Resistance/strength candidate,Barbell,source,하체,source,둔근 / 햄스트링,등 / 코어,name_high,weight_reps,equipment,weight_reps,,1,1,0,MANUAL_QA_REQUIRED
gvs_e52624fdaad97209,gvc_97efd211b02d,Barbell Pause Decline Bench Press,Barbell Pause Decline Bench Press,,MANUAL,Chest,MVP_CANDIDATE,Resistance/strength candidate,Barbell,source,가슴,source,대흉근,삼두근 / 전면 삼각근,name_high,weight_reps,equipment,weight_reps,,1,1,0,MANUAL_QA_REQUIRED
gvs_994b6593410ea6eb,gvc_14be166095d2,Barbell Pause Front Squat,Barbell Pause Front Squat,,MANUAL,Hips,MVP_CANDIDATE,Resistance/strength candidate,Barbell,source,하체,source,대퇴사두근,둔근,name_high,weight_reps,equipment,weight_reps,,1,1,0,MANUAL_QA_REQUIRED
gvs_f6531d3597798be1,gvc_1dedd0274552,Barbell Pause Full Squat,Barbell Pause Full Squat,,MANUAL,Thighs,MVP_CANDIDATE,Resistance/strength candidate,Barbell,source,하체,source,대퇴사두근,둔근,name_high,weight_reps,equipment,weight_reps,,1,1,0,MANUAL_QA_REQUIRED
gvs_c5e24661d4fec525,gvc_b69f2e1c6f3f,Barbell Pause Incline Bench Press,Barbell Pause Incline Bench Press,,MANUAL,Chest,MVP_CANDIDATE,Resistance/strength candidate,Barbell,source,가슴,source,대흉근,삼두근 / 전면 삼각근,name_high,weight_reps,equipment,weight_reps,,1,1,0,MANUAL_QA_REQUIRED
gvs_e7b064df4846b8cf,gvc_51a2dde6c996,Barbell Pause Lunge,Barbell Pause Lunge,,MANUAL,Thighs,MVP_CANDIDATE,Resistance/strength candidate,Barbell,source,하체,source,대퇴사두근,둔근,name_high,weight_reps,equipment,weight_reps,,1,1,0,MANUAL_QA_REQUIRED
gvs_c60d6e42563c0810,gvc_b22bf5d21aa4,Barbell Paused Bent Over Row,Barbell Paused Bent Over Row,,MANUAL,Back,MVP_CANDIDATE,Resistance/strength candidate,Barbell,source,등,source,등 상부 / 광배근,이두근,name_high,weight_reps,equipment,weight_reps,,1,1,0,MANUAL_QA_REQUIRED
gvs_12ae356840e94f62,gvc_925fe7dd1131,Barbell Paused Sumo Deadlift,Barbell Paused Sumo Deadlift,,MANUAL,Hips,MVP_CANDIDATE,Resistance/strength candidate,Barbell,source,하체,source,둔근 / 햄스트링,등 / 코어,name_high,weight_reps,equipment,weight_reps,,1,1,0,MANUAL_QA_REQUIRED
gvs_78c97a80c6eb5b52,gvc_374cc257da16,Barbell Pendlay Row,Barbell Pendlay Row,,MANUAL,Back,MVP_CANDIDATE,Resistance/strength candidate,Barbell,source,등,source,등 상부 / 광배근,이두근,name_high,weight_reps,equipment,weight_reps,,1,1,0,MANUAL_QA_REQUIRED
gvs_d06554172359ca8f,gvc_2b922dec25be,Barbell Pin Bench Press Conventional Grip C,Barbell Pin Bench Press Conventional Grip C,,MANUAL,,MVP_CANDIDATE,Resistance/strength candidate,Barbell,source,가슴,name,대흉근,삼두근 / 전면 삼각근,name_high,weight_reps,equipment,weight_reps,,1,1,0,MANUAL_QA_REQUIRED
gvs_845cebd964fa4bf5,gvc_e4515cbca7a2,Barbell Pin Chest Press,Barbell Pin Chest Press,,MANUAL,Chest,MVP_CANDIDATE,Resistance/strength candidate,Barbell,source,가슴,source,대흉근,삼두근 / 전면 삼각근,name_high,weight_reps,equipment,weight_reps,,1,1,0,MANUAL_QA_REQUIRED
gvs_9a0795a7e7c08e67,gvc_4ac2ce463882,Barbell Pin Front Squat,Barbell Pin Front Squat,,MANUAL,Thighs,MVP_CANDIDATE,Resistance/strength candidate,Barbell,source,하체,source,대퇴사두근,둔근,name_high,weight_reps,equipment,weight_reps,,1,1,0,MANUAL_QA_REQUIRED
gvs_674b9f90a42cd7c6,gvc_0fc4d50192d4,Barbell Pin Good Morning,Barbell Pin Good Morning,,MANUAL,Thighs,MVP_CANDIDATE,Resistance/strength candidate,Barbell,source,하체,source,,,unsupported,weight_reps,equipment,weight_reps,,1,1,0,MANUAL_QA_REQUIRED
gvs_770ee289d04cda71,gvc_52bd6e2459da,Barbell Power Clean,Barbell Power Clean,,MANUAL,Weightlifting,MVP_CANDIDATE,Resistance/strength candidate,Barbell,source,,unknown,,,unsupported,weight_reps,equipment,weight_reps,,1,0,1,MANUAL_QA_REQUIRED
gvs_3ac6fde522062d65,gvc_0ccbcf120670,Barbell Power Clean From Blocks,Barbell Power Clean From Blocks,,MANUAL,Weightlifting,MVP_CANDIDATE,Resistance/strength candidate,Barbell,source,,unknown,,,unsupported,weight_reps,equipment,weight_reps,,1,1,0,MANUAL_QA_REQUIRED
gvs_b91e535d9d3a5995,gvc_44a72c926f4e,Barbell Power Jerk,Barbell Power Jerk,,MANUAL,Weightlifting,MVP_CANDIDATE,Resistance/strength candidate,Barbell,source,,unknown,,,unsupported,weight_reps,equipment,weight_reps,,1,1,0,MANUAL_QA_REQUIRED
gvs_6e4230222c7a6cb4,gvc_f0d7b36c13b3,Barbell Power Snatch,Barbell Power Snatch,,MANUAL,Weightlifting,MVP_CANDIDATE,Resistance/strength candidate,Barbell,source,,unknown,,,unsupported,weight_reps,equipment,weight_reps,,1,1,0,MANUAL_QA_REQUIRED
gvs_1531a4e987f8ee6d,gvc_6645922735a3,Barbell Power Snatch From Blocks,Barbell Power Snatch From Blocks,,MANUAL,Weightlifting,MVP_CANDIDATE,Resistance/strength candidate,Barbell,source,,unknown,,,unsupported,weight_reps,equipment,weight_reps,,1,1,0,MANUAL_QA_REQUIRED
gvs_55d8366ecfa645f0,gvc_ff33fb88ee66,Barbell Preacher Curl,Barbell Preacher Curl,바벨 프리처 컬,AUTO_PHRASE_DRAFT,Upper-Arms,MVP_CANDIDATE,Resistance/strength candidate,Barbell,source,팔,source,이두근,,name_high,weight_reps,equipment,weight_reps,,2,1,1,AUTO_DRAFT_COMPLETE
gvs_8515f60e5eb94e58,gvc_77a8e5ae13b3,Barbell Prone Incline Curl,Barbell Prone Incline Curl,,MANUAL,Upper-Arms,MVP_CANDIDATE,Resistance/strength candidate,Barbell,source,팔,source,,,unsupported,weight_reps,equipment,weight_reps,,2,1,1,MANUAL_QA_REQUIRED
gvs_68ab80cd8dea1781,gvc_97996f6d7725,Barbell Pullover,Barbell Pullover,,MANUAL,Back,MVP_CANDIDATE,Resistance/strength candidate,Barbell,source,등,source,,,unsupported,weight_reps,equipment,weight_reps,,1,1,0,MANUAL_QA_REQUIRED
gvs_f6d76dda76b5e73c,gvc_7a9a4c49b103,Barbell Pullover With Bench Press,Barbell Pullover With Bench Press,,MANUAL,Chest,MVP_CANDIDATE,Resistance/strength candidate,Barbell,source,가슴,source,대흉근,삼두근 / 전면 삼각근,name_high,weight_reps,equipment,weight_reps,,1,1,0,MANUAL_QA_REQUIRED
gvs_185abc2393649ecb,gvc_9f9d8880cf4b,Barbell Quarter Squat,Barbell Quarter Squat,,MANUAL,Thighs,MVP_CANDIDATE,Resistance/strength candidate,Barbell,source,하체,source,대퇴사두근,둔근,name_high,weight_reps,equipment,weight_reps,,1,1,0,MANUAL_QA_REQUIRED
gvs_58a2156cda777a96,gvc_8fbdaae9fe0a,Barbell Rack Pull,Barbell Rack Pull,,MANUAL,Hips,MVP_CANDIDATE,Resistance/strength candidate,Barbell,source,하체,source,,,unsupported,weight_reps,equipment,weight_reps,,2,1,1,MANUAL_QA_REQUIRED
gvs_6cdd760f00392a6f,gvc_0d2b4988dea8,Barbell Rear Delt Raise,Barbell Rear Delt Raise,바벨 리어 델트 레이즈,AUTO_PHRASE_DRAFT,Shoulders,MVP_CANDIDATE,Resistance/strength candidate,Barbell,source,어깨,source,후면 삼각근,,name_high,weight_reps,equipment,weight_reps,,2,1,1,AUTO_DRAFT_COMPLETE
gvs_9226b5e095abc2c2,gvc_1333196c3352,Barbell Rear Delt Row,Barbell Rear Delt Row,,MANUAL,Shoulders,MVP_CANDIDATE,Resistance/strength candidate,Barbell,source,어깨,source,후면 삼각근,,name_high,weight_reps,equipment,weight_reps,,1,1,0,MANUAL_QA_REQUIRED
gvs_518aaa9ef2fec4c8,gvc_6a5ae4d2513c,Barbell Reeves Deadlift,Barbell Reeves Deadlift,,MANUAL,Hips,MVP_CANDIDATE,Resistance/strength candidate,Barbell,source,하체,source,둔근 / 햄스트링,등 / 코어,name_high,weight_reps,equipment,weight_reps,,1,1,0,MANUAL_QA_REQUIRED
gvs_7b393e74d26e508e,gvc_8452ab5892d4,Barbell Reverse Close Grip Bench Press,Barbell Reverse Close Grip Bench Press,바벨 리버스 클로즈 그립 벤치프레스,AUTO_PHRASE_DRAFT,Upper-Arms,MVP_CANDIDATE,Resistance/strength candidate,Barbell,source,팔,source,대흉근,삼두근 / 전면 삼각근,name_high,weight_reps,equipment,weight_reps,BODY_MUSCLE_FAMILY_CONFLICT,1,1,0,MANUAL_QA_REQUIRED
gvs_b073ca4a7813e8ac,gvc_236efd7c85d3,Barbell Reverse Curl,Barbell Reverse Curl,바벨 리버스 컬,AUTO_PHRASE_DRAFT,Forearms,MVP_CANDIDATE,Resistance/strength candidate,Barbell,source,팔,source,,,unsupported,weight_reps,equipment,weight_reps,,2,1,1,AUTO_DRAFT_COMPLETE
gvs_f1679d9e867e0544,gvc_4e893512eba3,Barbell Reverse Grip Bench Press,Barbell Reverse Grip Bench Press,바벨 리버스 그립 벤치프레스,AUTO_PHRASE_DRAFT,Chest,MVP_CANDIDATE,Resistance/strength candidate,Barbell,source,가슴,source,대흉근,삼두근 / 전면 삼각근,name_high,weight_reps,equipment,weight_reps,,1,1,0,AUTO_DRAFT_COMPLETE
gvs_5cc88c84b7e5f66e,gvc_827ba189ba7b,Barbell Reverse Grip Bench Press On Floor,Barbell Reverse Grip Bench Press On Floor,,MANUAL,Chest,MVP_CANDIDATE,Resistance/strength candidate,Barbell,source,가슴,source,대흉근,삼두근 / 전면 삼각근,name_high,weight_reps,equipment,weight_reps,,1,1,0,MANUAL_QA_REQUIRED
gvs_827bd57f3a4d653f,gvc_979cd23cc0e9,Barbell Reverse Grip Bent Over Row,Barbell Reverse Grip Bent Over Row,바벨 리버스 그립 벤트오버 로우,AUTO_PHRASE_DRAFT,Back,MVP_CANDIDATE,Resistance/strength candidate,Barbell,source,등,source,등 상부 / 광배근,이두근,name_high,weight_reps,equipment,weight_reps,,1,0,1,AUTO_DRAFT_COMPLETE
gvs_9dee5e4ee7aa8fa8,gvc_2ed9c8ad4e8a,Barbell Reverse Grip Incline Bench Row,Barbell Reverse Grip Incline Bench Row,,MANUAL,Back,MVP_CANDIDATE,Resistance/strength candidate,Barbell,source,등,source,등 상부 / 광배근,이두근,name_high,weight_reps,equipment,weight_reps,,1,1,0,MANUAL_QA_REQUIRED
gvs_30ec5057e6c053cf,gvc_9ead155dc1c6,Barbell Reverse Grip Overhead Press,Barbell Reverse Grip Overhead Press,바벨 리버스 그립 오버헤드 프레스,AUTO_PHRASE_DRAFT,Shoulders,MVP_CANDIDATE,Resistance/strength candidate,Barbell,source,어깨,source,삼각근,삼두근,name_high,weight_reps,equipment,weight_reps,,1,1,0,AUTO_DRAFT_COMPLETE
gvs_59727b3d4f464025,gvc_9047db5e7e64;gvc_bf4e44410f44,Barbell Rear Lunge | Barbell Rear Lunge (version 2),Barbell Reverse Lunge,바벨 리버스 런지,AUTO_PHRASE_DRAFT,Thighs,MVP_CANDIDATE,Resistance/strength candidate,Barbell,source,하체,source,대퇴사두근,둔근,name_high,weight_reps,equipment,weight_reps,,3,2,1,AUTO_DRAFT_COMPLETE
gvs_215a32e983eec4c9,gvc_38e376732d2a,Barbell Reverse Preacher Curl,Barbell Reverse Preacher Curl,바벨 리버스 프리처 컬,AUTO_PHRASE_DRAFT,Forearms,MVP_CANDIDATE,Resistance/strength candidate,Barbell,source,팔,source,이두근,,name_high,weight_reps,equipment,weight_reps,,1,1,0,AUTO_DRAFT_COMPLETE
gvs_af2e14afff925387,gvc_c485cf21bd49,Barbell Reverse Spider Curl,Barbell Reverse Spider Curl,,MANUAL,Upper-Arms,MVP_CANDIDATE,Resistance/strength candidate,Barbell,source,팔,source,,,unsupported,weight_reps,equipment,weight_reps,,1,1,0,MANUAL_QA_REQUIRED
gvs_fc2997914ae590bd,gvc_6fcbb2051996,Barbell Reverse Wrist Curl,Barbell Reverse Wrist Curl,바벨 리버스 리스트 컬,AUTO_PHRASE_DRAFT,Forearms,MVP_CANDIDATE,Resistance/strength candidate,Barbell,source,팔,source,,,unsupported,weight_reps,equipment,weight_reps,,2,1,1,AUTO_DRAFT_COMPLETE
gvs_efe5653fc106d4b7,gvc_d8be606dc89b,Barbell Rollout,Barbell Rollout,,MANUAL,Hips,MVP_CANDIDATE,Resistance/strength candidate,Barbell,source,하체,source,,,unsupported,weight_reps,equipment,weight_reps,,1,1,0,MANUAL_QA_REQUIRED
gvs_5a3b5180dec931c2,gvc_06bdbdeb386f,Barbell Romanian Deadlift,Barbell Romanian Deadlift,바벨 루마니안 데드리프트,AUTO_PHRASE_DRAFT,Hips,MVP_CANDIDATE,Resistance/strength candidate,Barbell,source,하체,source,둔근 / 햄스트링,코어,name_high,weight_reps,equipment,weight_reps,,2,1,1,AUTO_DRAFT_COMPLETE
gvs_b3ffa313b72f56c3,gvc_632d48c0b0c6,Barbell Romanian Deadlift To Row,Barbell Romanian Deadlift To Row,,MANUAL,Hips,MVP_CANDIDATE,Resistance/strength candidate,Barbell,source,하체,source,둔근 / 햄스트링,코어,name_high,weight_reps,equipment,weight_reps,,1,1,0,MANUAL_QA_REQUIRED
gvs_7c76ace6417e08f8,gvc_6b168a1a2a1f,Barbell Seated Behind Head Military Press,Barbell Seated Behind Head Military Press,,MANUAL,Shoulders,MVP_CANDIDATE,Resistance/strength candidate,Barbell,source,어깨,source,삼각근,삼두근,name_high,weight_reps,equipment,weight_reps,,2,1,1,MANUAL_QA_REQUIRED
gvs_391ee9b474ca79be,gvc_9ce5ad3c290b,Barbell Seated Calf Raise,Barbell Seated Calf Raise,바벨 시티드 카프 레이즈,AUTO_PHRASE_DRAFT,Calves,MVP_CANDIDATE,Resistance/strength candidate,Barbell,source,하체,source,종아리,,name_high,weight_reps,equipment,weight_reps,,1,0,1,AUTO_DRAFT_COMPLETE
gvs_4e5165dc6d756712,gvc_d85e187e352e,Barbell Seated Close Grip Concentration Curl,Barbell Seated Close Grip Concentration Curl,바벨 시티드 클로즈 그립 컨센트레이션 컬,AUTO_PHRASE_DRAFT,Upper-Arms,MVP_CANDIDATE,Resistance/strength candidate,Barbell,source,팔,source,이두근,,name_high,weight_reps,equipment,weight_reps,,1,1,0,AUTO_DRAFT_COMPLETE
gvs_a7cec10d3a6ee679,gvc_91388f7337a7,Barbell Seated Front Raise,Barbell Seated Front Raise,바벨 시티드 프론트 레이즈,AUTO_PHRASE_DRAFT,Shoulders,MVP_CANDIDATE,Resistance/strength candidate,Barbell,source,어깨,source,전면 삼각근,,name_high,weight_reps,equipment,weight_reps,,1,1,0,AUTO_DRAFT_COMPLETE
gvs_27a6fe9fd21774ef,gvc_c6031e4dc282,Barbell Seated Good Morning,Barbell Seated Good Morning,바벨 시티드 굿모닝,AUTO_PHRASE_DRAFT,Hips,MVP_CANDIDATE,Resistance/strength candidate,Barbell,source,하체,source,,,unsupported,weight_reps,equipment,weight_reps,,2,1,1,AUTO_DRAFT_COMPLETE
gvs_8158235eccac6964,gvc_359eb3f57c33,Barbell Seated Military Press (inside Squat Cage),Barbell Seated Military Press (Inside Squat Cage),,MANUAL,Shoulders,MVP_CANDIDATE,Resistance/strength candidate,Barbell,source,어깨,source,대퇴사두근,둔근,name_high,weight_reps,equipment,weight_reps,BODY_MUSCLE_FAMILY_CONFLICT,1,1,0,MANUAL_QA_REQUIRED
gvs_78be60d4c394c73e,gvc_67e7826690d6,Barbell Seated Overhead Press,Barbell Seated Overhead Press,바벨 시티드 오버헤드 프레스,AUTO_PHRASE_DRAFT,Shoulders,MVP_CANDIDATE,Resistance/strength candidate,Barbell,source,어깨,source,삼각근,삼두근,name_high,weight_reps,equipment,weight_reps,,2,1,1,AUTO_DRAFT_COMPLETE
gvs_8222644f7a8e4d7f,gvc_dc9550f2ddef,Barbell Seated Overhead Triceps Extension,Barbell Seated Overhead Triceps Extension,바벨 시티드 오버헤드 트라이셉 익스텐션,AUTO_PHRASE_DRAFT,Upper-Arms,MVP_CANDIDATE,Resistance/strength candidate,Barbell,source,팔,source,삼두근,,name_high,weight_reps,equipment,weight_reps,,2,1,1,AUTO_DRAFT_COMPLETE
gvs_114d1fb8845d2e8a,gvc_fa0482701c06,Barbell Seated Shrug,Barbell Seated Shrug,바벨 시티드 슈러그,AUTO_PHRASE_DRAFT,Back,MVP_CANDIDATE,Resistance/strength candidate,Barbell,source,등,source,,,unsupported,weight_reps,equipment,weight_reps,,1,1,0,AUTO_DRAFT_COMPLETE
gvs_0e6597a2e9a3bc44,gvc_ed9445fb9473,Barbell Seated Twist (on Stability Ball),Barbell Seated Twist (On Stability Ball),,MANUAL,Waist,MVP_CANDIDATE,Resistance/strength candidate,Barbell,source,코어,source,,,unsupported,weight_reps,equipment,weight_reps,,2,1,1,MANUAL_QA_REQUIRED
gvs_0f87c16cfdedac46,gvc_a920d794db66,Barbell Shoulder Grip Upright Row,Barbell Shoulder Grip Upright Row,,MANUAL,Shoulders,MVP_CANDIDATE,Resistance/strength candidate,Barbell,source,어깨,source,등 상부 / 광배근,이두근,name_high,weight_reps,equipment,weight_reps,BODY_MUSCLE_FAMILY_CONFLICT,1,0,1,MANUAL_QA_REQUIRED
gvs_a2ba38667082b73c,gvc_28fe33fe6aa4,Barbell Shrug,Barbell Shrug,바벨 슈러그,AUTO_PHRASE_DRAFT,Back,MVP_CANDIDATE,Resistance/strength candidate,Barbell,source,등,source,,,unsupported,weight_reps,equipment,weight_reps,,1,0,1,AUTO_DRAFT_COMPLETE
gvs_d80889449f06ea9a,gvc_06095a08b6ba,Barbell Side Bent (version 2),Barbell Side Bent,,MANUAL,Waist,MVP_CANDIDATE,Resistance/strength candidate,Barbell,source,코어,source,,,unsupported,weight_reps,equipment,weight_reps,,1,1,0,MANUAL_QA_REQUIRED
gvs_3aaa5a0f2c1091d7,gvc_e3fa01241682,Barbell Side Split Squat (version 2),Barbell Side Split Squat,바벨 사이드 스플릿 스쿼트,AUTO_PHRASE_DRAFT,Thighs,MVP_CANDIDATE,Resistance/strength candidate,Barbell,source,하체,source,대퇴사두근,둔근,name_high,weight_reps,equipment,weight_reps,,1,1,0,AUTO_DRAFT_COMPLETE
gvs_fe3851b591be1e39,gvc_feb1a42bf567,Barbell One Arm Bent Over Row,Barbell Single Arm Bent Over Row,바벨 원암 벤트오버 로우,AUTO_PHRASE_DRAFT,Back,MVP_CANDIDATE,Resistance/strength candidate,Barbell,source,등,source,등 상부 / 광배근,이두근,name_high,weight_reps,equipment,weight_reps,,1,1,0,AUTO_DRAFT_COMPLETE
gvs_b3dc3a562f4ce2e4,gvc_ab1e1efae25d,Barbell One Arm Side Deadlift,Barbell Single Arm Side Deadlift,바벨 원암 사이드 데드리프트,AUTO_PHRASE_DRAFT,Thighs,MVP_CANDIDATE,Resistance/strength candidate,Barbell,source,하체,source,둔근 / 햄스트링,등 / 코어,name_high,weight_reps,equipment,weight_reps,,1,1,0,AUTO_DRAFT_COMPLETE
gvs_a940507b0be2d7e3,gvc_ad5b97d9fa2e,Barbell One Arm Twisted Clean And Press,Barbell Single Arm Twisted Clean And Press,,MANUAL,Hips,MVP_CANDIDATE,Resistance/strength candidate,Barbell,source,하체,source,,,unsupported,weight_reps,equipment,weight_reps,,1,1,0,MANUAL_QA_REQUIRED
gvs_b7eaaf68f382d4c6,gvc_54601e0f4ecc,Barbell Single Leg Deadlift,Barbell Single Leg Deadlift,바벨 싱글 레그 데드리프트,AUTO_PHRASE_DRAFT,Hips,MVP_CANDIDATE,Resistance/strength candidate,Barbell,source,하체,source,둔근 / 햄스트링,등 / 코어,name_high,weight_reps,equipment,weight_reps,,1,1,0,AUTO_DRAFT_COMPLETE
gvs_d4daad688828a0b2,gvc_ecda9922a78a,Barbell Single Leg Good Morning,Barbell Single Leg Good Morning,바벨 싱글 레그 굿모닝,AUTO_PHRASE_DRAFT,Thighs,MVP_CANDIDATE,Resistance/strength candidate,Barbell,source,하체,source,,,unsupported,weight_reps,equipment,weight_reps,,1,1,0,AUTO_DRAFT_COMPLETE
gvs_15a6e731ee58f421,gvc_23a1f60515de,Barbell One Leg Hip Thrust,Barbell Single Leg Hip Thrust,바벨 싱글 레그 힙 쓰러스트,AUTO_PHRASE_DRAFT,Hips,MVP_CANDIDATE,Resistance/strength candidate,Barbell,source,하체,source,둔근,햄스트링,name_high,weight_reps,equipment,weight_reps,,1,1,0,AUTO_DRAFT_COMPLETE
gvs_1091a5dc5d888042,gvc_085e7c2f0e6a,Barbell Single Leg Split Squat,Barbell Single Leg Split Squat,바벨 싱글 레그 스플릿 스쿼트,AUTO_PHRASE_DRAFT,Hips;Thighs,MVP_CANDIDATE,Resistance/strength candidate,Barbell,source,하체,source,대퇴사두근,둔근,name_high,weight_reps,equipment,weight_reps,,2,1,1,AUTO_DRAFT_COMPLETE
gvs_c534708749a9c607,gvc_4a5b69941941,Barbell One Leg Squat,Barbell Single Leg Squat,바벨 싱글 레그 스쿼트,AUTO_PHRASE_DRAFT,Thighs,MVP_CANDIDATE,Resistance/strength candidate,Barbell,source,하체,source,대퇴사두근,둔근,name_high,weight_reps,equipment,weight_reps,,2,2,0,AUTO_DRAFT_COMPLETE
gvs_17f336ac1f4cae42,gvc_6b8fabf32e54,Barbell Skier,Barbell Skier,,MANUAL,Shoulders,MVP_CANDIDATE,Resistance/strength candidate,Barbell,source,어깨,source,,,unsupported,weight_reps,equipment,weight_reps,,1,0,1,MANUAL_QA_REQUIRED
gvs_f0aaf5365a42f20c,gvc_57cfe5f7bfd0,Barbell Snatch,Barbell Snatch,,MANUAL,Weightlifting,MVP_CANDIDATE,Resistance/strength candidate,Barbell,source,,unknown,,,unsupported,weight_reps,equipment,weight_reps,,1,1,0,MANUAL_QA_REQUIRED
gvs_7ce27939578c0ea5,gvc_453ba794ebab,Barbell Snatch Balance,Barbell Snatch Balance,,MANUAL,Weightlifting,MVP_CANDIDATE,Resistance/strength candidate,Barbell,source,,unknown,,,unsupported,weight_reps,equipment,weight_reps,,1,1,0,MANUAL_QA_REQUIRED
gvs_851a63ff6cb14dbf,gvc_267683d9e7a9,Barbell Snatch Deadlift,Barbell Snatch Deadlift,,MANUAL,Thighs,MVP_CANDIDATE,Resistance/strength candidate,Barbell,source,하체,source,둔근 / 햄스트링,등 / 코어,name_high,weight_reps,equipment,weight_reps,,1,1,0,MANUAL_QA_REQUIRED
gvs_74c2bfa0ece361de,gvc_4270b7e67dfb,Barbell Snatch From Blocks,Barbell Snatch From Blocks,,MANUAL,Weightlifting,MVP_CANDIDATE,Resistance/strength candidate,Barbell,source,,unknown,,,unsupported,weight_reps,equipment,weight_reps,,1,1,0,MANUAL_QA_REQUIRED
gvs_69d9c720bef22ce6,gvc_3f739cc66352,Barbell Snatch Grip Deadlift,Barbell Snatch Grip Deadlift,,MANUAL,Hips,MVP_CANDIDATE,Resistance/strength candidate,Barbell,source,하체,source,둔근 / 햄스트링,등 / 코어,name_high,weight_reps,equipment,weight_reps,,1,1,0,MANUAL_QA_REQUIRED
gvs_bd18141d1c191929,gvc_eb292122befa,Barbell Split Clean,Barbell Split Clean,,MANUAL,Weightlifting,MVP_CANDIDATE,Resistance/strength candidate,Barbell,source,,unknown,,,unsupported,weight_reps,equipment,weight_reps,,1,1,0,MANUAL_QA_REQUIRED
gvs_bf0b0df58f6c0761,gvc_a303273c4214,Barbell Split Jerk,Barbell Split Jerk,,MANUAL,Weightlifting,MVP_CANDIDATE,Resistance/strength candidate,Barbell,source,,unknown,,,unsupported,weight_reps,equipment,weight_reps,,1,1,0,MANUAL_QA_REQUIRED
gvs_05ec31e97b48d211,gvc_8cc2476e140f,Barbell Split Snatch,Barbell Split Snatch,,MANUAL,Weightlifting,MVP_CANDIDATE,Resistance/strength candidate,Barbell,source,,unknown,,,unsupported,weight_reps,equipment,weight_reps,,1,1,0,MANUAL_QA_REQUIRED
gvs_262e02158ae090c9,gvc_35e997642c29;gvc_775770e8f255,Barbell Split Squat | Barbell Split Squat (version 2),Barbell Split Squat,바벨 스플릿 스쿼트,AUTO_PHRASE_DRAFT,Thighs;Hips,MVP_CANDIDATE,Resistance/strength candidate,Barbell,source,하체,source,대퇴사두근,둔근,name_high,weight_reps,equipment,weight_reps,,3,2,1,AUTO_DRAFT_COMPLETE
gvs_94bc4f25b4760385,gvc_955b5b8cb671,Barbell Split Squat Front Foot Elevanted,Barbell Split Squat Front Foot Elevated,,MANUAL,Thighs,MVP_CANDIDATE,Resistance/strength candidate,Barbell,source,하체,source,대퇴사두근,둔근,name_high,weight_reps,equipment,weight_reps,,1,1,0,MANUAL_QA_REQUIRED
gvs_7729e6ea0f74e6b4,gvc_5f0d693a7821,Barbell Squat,Barbell Squat,바벨 스쿼트,AUTO_PHRASE_DRAFT,Thighs,MVP_CANDIDATE,Resistance/strength candidate,Barbell,source,하체,source,대퇴사두근,둔근,name_high,weight_reps,equipment,weight_reps,,1,0,1,AUTO_DRAFT_COMPLETE
gvs_6088ff4f349366e7,gvc_02ccb1c946b4,Barbell Squat (on Knees),Barbell Squat (On Knees),,MANUAL,Thighs,MVP_CANDIDATE,Resistance/strength candidate,Barbell,source,하체,source,대퇴사두근,둔근,name_high,weight_reps,equipment,weight_reps,,1,1,0,MANUAL_QA_REQUIRED
gvs_72eebab6a3cd71b4,gvc_dfc19a4e242a,Barbell Squat 2 Sec Hold,Barbell Squat 2 Sec Hold,,MANUAL,Thighs,MVP_CANDIDATE,Resistance/strength candidate,Barbell,source,하체,source,대퇴사두근,둔근,name_high,weight_reps,equipment,weight_reps,,1,1,0,MANUAL_QA_REQUIRED
gvs_94089cb6a4d6d2e8,gvc_a361c706114a,Barbell Squat Hips (wrong Right),Barbell Squat Hips (Wrong Right),,MANUAL,,MVP_CANDIDATE,Resistance/strength candidate,Barbell,source,하체,name,대퇴사두근,둔근,name_high,weight_reps,equipment,weight_reps,,1,0,1,MANUAL_QA_REQUIRED
gvs_0c71f11db3c76889,gvc_1aef8c7e44fc,Barbell Squat Knees End Position (wrong Right),Barbell Squat Knees End Position (Wrong Right),,MANUAL,,MVP_CANDIDATE,Resistance/strength candidate,Barbell,source,하체,name,대퇴사두근,둔근,name_high,weight_reps,equipment,weight_reps,,1,0,1,MANUAL_QA_REQUIRED
gvs_8ca929fded6d75b9,gvc_fd918b8a981f,Barbell Squat Knees Middle Position (wrong Right),Barbell Squat Knees Middle Position (Wrong Right),,MANUAL,,MVP_CANDIDATE,Resistance/strength candidate,Barbell,source,하체,name,대퇴사두근,둔근,name_high,weight_reps,equipment,weight_reps,,1,0,1,MANUAL_QA_REQUIRED
gvs_98a0292b293c3e2b,gvc_d3db3502c3b4,Barbell Srtict Curl,Barbell Srtict Curl,,MANUAL,Upper-Arms,MVP_CANDIDATE,Resistance/strength candidate,Barbell,source,팔,source,,,unsupported,weight_reps,equipment,weight_reps,,1,1,0,MANUAL_QA_REQUIRED
gvs_1b8bdfb601f9901c,gvc_e8387631a08b,Barbell Staggered Stance Deadlift,Barbell Staggered Stance Deadlift,,MANUAL,Hips,MVP_CANDIDATE,Resistance/strength candidate,Barbell,source,하체,source,둔근 / 햄스트링,등 / 코어,name_high,weight_reps,equipment,weight_reps,,1,1,0,MANUAL_QA_REQUIRED
gvs_9ab51497b3f342ff,gvc_f85bb93d1d92,Barbell Staggered Stance Hip Thrust,Barbell Staggered Stance Hip Thrust,,MANUAL,Hips,MVP_CANDIDATE,Resistance/strength candidate,Barbell,source,하체,source,둔근,햄스트링,name_high,weight_reps,equipment,weight_reps,,1,0,1,MANUAL_QA_REQUIRED
gvs_04cf7e7519ff8c35,gvc_cb0e0c0740e4,Barbell Standing Back Wrist Curl,Barbell Standing Back Wrist Curl,,MANUAL,Forearms,MVP_CANDIDATE,Resistance/strength candidate,Barbell,source,팔,source,,,unsupported,weight_reps,equipment,weight_reps,,2,1,1,MANUAL_QA_REQUIRED
gvs_bf8950321e066660,gvc_2e504f58e9e8,Barbell Standing Bent Knee Calf Raise From Deficit,Barbell Standing Bent Knee Calf Raise From Deficit,,MANUAL,,MVP_CANDIDATE,Resistance/strength candidate,Barbell,source,하체,name,종아리,,name_high,weight_reps,equipment,weight_reps,,1,1,0,MANUAL_QA_REQUIRED
gvs_82373f23be532f6b,gvc_1f72ccc1b99c,Barbell Standing Calf Raise,Barbell Standing Calf Raise,바벨 스탠딩 카프 레이즈,AUTO_PHRASE_DRAFT,Calves,MVP_CANDIDATE,Resistance/strength candidate,Barbell,source,하체,source,종아리,,name_high,weight_reps,equipment,weight_reps,,2,1,1,AUTO_DRAFT_COMPLETE
gvs_a2d0fbe7b404ff37,gvc_5973005514e9,Barbell Standing Close Grip Curl,Barbell Standing Close Grip Curl,,MANUAL,Upper-Arms,MVP_CANDIDATE,Resistance/strength candidate,Barbell,source,팔,source,,,unsupported,weight_reps,equipment,weight_reps,,2,1,1,MANUAL_QA_REQUIRED
gvs_1eb4a9b3d03243d3,gvc_b9316c3d536f,Barbell Standing Close Grip Military Press (,Barbell Standing Close Grip Military Press,바벨 스탠딩 클로즈 그립 밀리터리 프레스,AUTO_PHRASE_DRAFT,,MVP_CANDIDATE,Resistance/strength candidate,Barbell,source,어깨,name,삼각근,삼두근,name_high,weight_reps,equipment,weight_reps,,1,0,1,AUTO_DRAFT_COMPLETE
gvs_55f7f5c8d6640cca,gvc_057fc0a2a533,Barbell Standing Concentration Curl,Barbell Standing Concentration Curl,바벨 스탠딩 컨센트레이션 컬,AUTO_PHRASE_DRAFT,Upper-Arms,MVP_CANDIDATE,Resistance/strength candidate,Barbell,source,팔,source,이두근,,name_high,weight_reps,equipment,weight_reps,,1,1,0,AUTO_DRAFT_COMPLETE
gvs_43f9f713c87baadb,gvc_595c6c69b7ea,Barbell Standing Leg Calf Raise,Barbell Standing Leg Calf Raise,,MANUAL,Calves,MVP_CANDIDATE,Resistance/strength candidate,Barbell,source,하체,source,종아리,,name_high,weight_reps,equipment,weight_reps,,1,1,0,MANUAL_QA_REQUIRED
gvs_aa5430cb86ac2c93,gvc_0a154ee13d0d;gvc_f42af5c011d4,Barbell Standing Military Press (without Rack) | Barbell Standing Military Press (without Rack) (fe,Barbell Standing Military Press (Without Rack),,MANUAL,Shoulders,MVP_CANDIDATE,Resistance/strength candidate,Barbell,source,어깨,source,삼각근,삼두근,name_high,weight_reps,equipment,weight_reps,,2,1,1,MANUAL_QA_REQUIRED
gvs_c466af210cd8a0a9,gvc_d2254111d5e9,Barbell Standing Military Press (without Rack) Shoulders Without Weight,Barbell Standing Military Press (Without Rack) Shoulders Without Weight,,MANUAL,,MVP_CANDIDATE,Resistance/strength candidate,Barbell,source,어깨,name,삼각근,삼두근,name_high,weight_reps,equipment,weight_reps,,1,1,0,MANUAL_QA_REQUIRED
gvs_c5b27ba912993261,gvc_8eedc179a884,Barbell Standing Overhead Triceps Extension (femal,Barbell Standing Overhead Triceps Extension,바벨 스탠딩 오버헤드 트라이셉 익스텐션,AUTO_PHRASE_DRAFT,,MVP_CANDIDATE,Resistance/strength candidate,Barbell,source,팔,name,삼두근,,name_high,weight_reps,equipment,weight_reps,,1,0,1,AUTO_DRAFT_COMPLETE
gvs_5bbdc7f22fb73974,gvc_a755c70d39ec,Barbell Standing Shoulders Press,Barbell Standing Shoulders Press,,MANUAL,Shoulders,MVP_CANDIDATE,Resistance/strength candidate,Barbell,source,어깨,source,,,unsupported,weight_reps,equipment,weight_reps,,1,1,0,MANUAL_QA_REQUIRED
gvs_707dda981e63e88e,gvc_ac18b6ac826a,Barbell Standing Twist,Barbell Standing Twist,,MANUAL,Waist,MVP_CANDIDATE,Resistance/strength candidate,Barbell,source,코어,source,,,unsupported,weight_reps,equipment,weight_reps,,2,1,1,MANUAL_QA_REQUIRED
gvs_a0129969b056ccb5,gvc_0a75038c68b4,Barbell Standing Wide Grip Biceps Curl,Barbell Standing Wide Grip Biceps Curl,바벨 스탠딩 와이드 그립 바이셉 컬,AUTO_PHRASE_DRAFT,Upper-Arms,MVP_CANDIDATE,Resistance/strength candidate,Barbell,source,팔,source,이두근,,name_high,weight_reps,equipment,weight_reps,,1,1,0,AUTO_DRAFT_COMPLETE
gvs_36d0a2f561c6f7b1,gvc_ade3cafc1ba9,Barbell Standing Wide Grip Curl,Barbell Standing Wide Grip Curl,,MANUAL,Upper-Arms,MVP_CANDIDATE,Resistance/strength candidate,Barbell,source,팔,source,,,unsupported,weight_reps,equipment,weight_reps,,2,1,1,MANUAL_QA_REQUIRED
gvs_626057c525ccd151,gvc_d529839753e7,Barbell Standing Wrist Curl,Barbell Standing Wrist Curl,바벨 스탠딩 리스트 컬,AUTO_PHRASE_DRAFT,Forearms,MVP_CANDIDATE,Resistance/strength candidate,Barbell,source,팔,source,,,unsupported,weight_reps,equipment,weight_reps,,1,1,0,AUTO_DRAFT_COMPLETE
gvs_4327a620e7240066,gvc_974d65654a43,Barbell Standing Wrist Reverse Curl,Barbell Standing Wrist Reverse Curl,,MANUAL,Forearms,MVP_CANDIDATE,Resistance/strength candidate,Barbell,source,팔,source,,,unsupported,weight_reps,equipment,weight_reps,,1,1,0,MANUAL_QA_REQUIRED
gvs_65aa2d5b9173c7fb,gvc_15913437c0f7,Barbell Step Up,Barbell Step Up,바벨 스텝업,AUTO_PHRASE_DRAFT,Hips,MVP_CANDIDATE,Resistance/strength candidate,Barbell,source,하체,source,대퇴사두근,둔근,name_high,weight_reps,equipment,weight_reps,,2,1,1,AUTO_DRAFT_COMPLETE
gvs_48254dcd665dc5f1,gvc_5125fdc02759,Barbell Stiff Legged Deadlift,Barbell Stiff Legged Deadlift,,MANUAL,Hips,MVP_CANDIDATE,Resistance/strength candidate,Barbell,source,하체,source,둔근 / 햄스트링,등 / 코어,name_high,weight_reps,equipment,weight_reps,,2,1,1,MANUAL_QA_REQUIRED
gvs_ab2e725d93d6cdf9,gvc_7d1b47b29e8d,Barbell Straight Leg Deadlift,Barbell Straight Leg Deadlift,바벨 스트레이트 레그 데드리프트,AUTO_PHRASE_DRAFT,Thighs,MVP_CANDIDATE,Resistance/strength candidate,Barbell,source,하체,source,둔근 / 햄스트링,코어,name_high,weight_reps,equipment,weight_reps,,2,1,1,AUTO_DRAFT_COMPLETE
gvs_6935f56de467fe2d,gvc_3a0c9660f72b,Barbell Sumo Deadlift,Barbell Sumo Deadlift,,MANUAL,Hips,MVP_CANDIDATE,Resistance/strength candidate,Barbell,source,하체,source,둔근 / 햄스트링,등 / 코어,name_high,weight_reps,equipment,weight_reps,,2,1,1,MANUAL_QA_REQUIRED
gvs_356a0936aaccfcd4,gvc_16b53c7a29f9,Barbell Sumo Deadlift From Deficit,Barbell Sumo Deadlift From Deficit,,MANUAL,Hips,MVP_CANDIDATE,Resistance/strength candidate,Barbell,source,하체,source,둔근 / 햄스트링,등 / 코어,name_high,weight_reps,equipment,weight_reps,,1,1,0,MANUAL_QA_REQUIRED
gvs_f06276cb716677f3,gvc_b6a1c722d25b,Barbell Sumo Romanian Deadlift,Barbell Sumo Romanian Deadlift,,MANUAL,Hips,MVP_CANDIDATE,Resistance/strength candidate,Barbell,source,하체,source,둔근 / 햄스트링,코어,name_high,weight_reps,equipment,weight_reps,,2,1,1,MANUAL_QA_REQUIRED
gvs_12bdf0847fa49492,gvc_16bf4655abf0,Barbell Sumo Squat,Barbell Sumo Squat,바벨 스모 스쿼트,AUTO_PHRASE_DRAFT,Thighs,MVP_CANDIDATE,Resistance/strength candidate,Barbell,source,하체,source,대퇴사두근,둔근,name_high,weight_reps,equipment,weight_reps,,1,0,1,AUTO_DRAFT_COMPLETE
gvs_3c331830a186375e,gvc_ce3a90deb9f5,Barbell Thruster,Barbell Thruster,,MANUAL,Weightlifting,MVP_CANDIDATE,Resistance/strength candidate,Barbell,source,,unknown,,,unsupported,weight_reps,equipment,weight_reps,,1,1,0,MANUAL_QA_REQUIRED
gvs_b7f4c660330b6696,gvc_602cf93b63ff,Barbell Underhand Bent Over Row,Barbell Underhand Bent Over Row,,MANUAL,Back,MVP_CANDIDATE,Resistance/strength candidate,Barbell,source,등,source,등 상부 / 광배근,이두근,name_high,weight_reps,equipment,weight_reps,,1,1,0,MANUAL_QA_REQUIRED
gvs_83122f5666125068,gvc_04687aeac8b7,Barbell Upright Row,Barbell Upright Row,바벨 업라이트 로우,AUTO_PHRASE_DRAFT,Shoulders,MVP_CANDIDATE,Resistance/strength candidate,Barbell,source,어깨,source,등 상부 / 광배근,이두근,name_high,weight_reps,equipment,weight_reps,BODY_MUSCLE_FAMILY_CONFLICT,2,2,0,MANUAL_QA_REQUIRED
gvs_ccff308cd588deda,gvc_90d2e3c86080,Barbell Upright Row Shoulders Without Weight,Barbell Upright Row Shoulders Without Weight,,MANUAL,,MVP_CANDIDATE,Resistance/strength candidate,Barbell,source,어깨,name,등 상부 / 광배근,이두근,name_high,weight_reps,equipment,weight_reps,BODY_MUSCLE_FAMILY_CONFLICT,1,1,0,MANUAL_QA_REQUIRED
gvs_203778521d927394,gvc_3b28530991ea,Barbell Walking Lunge,Barbell Walking Lunge,바벨 워킹 런지,AUTO_PHRASE_DRAFT,Thighs,MVP_CANDIDATE,Resistance/strength candidate,Barbell,source,하체,source,대퇴사두근,둔근,name_high,weight_reps,equipment,weight_reps,,1,1,0,AUTO_DRAFT_COMPLETE
gvs_121b270513ed2819,gvc_7200216f0cf0,Barbell Weighted Chains Bench Press,Barbell Weighted Chains Bench Press,,MANUAL,Chest,MVP_CANDIDATE,Resistance/strength candidate,Barbell,source,가슴,source,대흉근,삼두근 / 전면 삼각근,name_high,weight_reps,equipment,weight_reps,,1,1,0,MANUAL_QA_REQUIRED
gvs_5e43dc9410b6b5d6,gvc_718b46ca92a0,Barbell Weighted Chains Bench Squat,Barbell Weighted Chains Bench Squat,,MANUAL,Thighs,MVP_CANDIDATE,Resistance/strength candidate,Barbell,source,하체,source,대퇴사두근,둔근,name_high,weight_reps,equipment,weight_reps,,1,1,0,MANUAL_QA_REQUIRED
gvs_36a9f6b7a711f60f,gvc_e29ec28db791,Barbell Wide Bench Press,Barbell Wide Bench Press,,MANUAL,Chest,MVP_CANDIDATE,Resistance/strength candidate,Barbell,source,가슴,source,대흉근,삼두근 / 전면 삼각근,name_high,weight_reps,equipment,weight_reps,,1,0,1,MANUAL_QA_REQUIRED
gvs_b6afdcdd7d4251dd,gvc_9a5dc7d8b1eb,Barbell Wide Grip Upright Row,Barbell Wide Grip Upright Row,바벨 와이드 그립 업라이트 로우,AUTO_PHRASE_DRAFT,Shoulders,MVP_CANDIDATE,Resistance/strength candidate,Barbell,source,어깨,source,등 상부 / 광배근,이두근,name_high,weight_reps,equipment,weight_reps,BODY_MUSCLE_FAMILY_CONFLICT,2,1,1,MANUAL_QA_REQUIRED
gvs_6ba4c96f8eff9b07,gvc_06c7d075a4ca,Barbell Wide Shrug,Barbell Wide Shrug,,MANUAL,Back,MVP_CANDIDATE,Resistance/strength candidate,Barbell,source,등,source,,,unsupported,weight_reps,equipment,weight_reps,,1,1,0,MANUAL_QA_REQUIRED
gvs_d639b8239c582203,gvc_989eb2b0ae5e,Barbell Wide Squat,Barbell Wide Squat,,MANUAL,Thighs,MVP_CANDIDATE,Resistance/strength candidate,Barbell,source,하체,source,대퇴사두근,둔근,name_high,weight_reps,equipment,weight_reps,,2,1,1,MANUAL_QA_REQUIRED
gvs_590baf6f46b07ca7,gvc_41683cff9bdb;gvc_90ed9ab87e8d,Barbell Wrist Curl | Barbell Wrist Curl (version 2),Barbell Wrist Curl,바벨 리스트 컬,AUTO_PHRASE_DRAFT,Forearms,MVP_CANDIDATE,Resistance/strength candidate,Barbell,source,팔,source,,,unsupported,weight_reps,equipment,weight_reps,,2,1,1,AUTO_DRAFT_COMPLETE
gvs_f1d323a88c5c7172,gvc_827ef3680e33,Barbell Wrist Reverse Curl (version 2),Barbell Wrist Reverse Curl,,MANUAL,Forearms,MVP_CANDIDATE,Resistance/strength candidate,Barbell,source,팔,source,,,unsupported,weight_reps,equipment,weight_reps,,1,1,0,MANUAL_QA_REQUIRED
gvs_87661097651c46cf,gvc_f64ae36258d9,Barbell Z Press,Barbell Z Press,,MANUAL,Shoulders,MVP_CANDIDATE,Resistance/strength candidate,Barbell,source,어깨,source,,,unsupported,weight_reps,equipment,weight_reps,,1,1,0,MANUAL_QA_REQUIRED
gvs_95c2e364e6225c66,gvc_4a41dec9b5ac,Barbell Zercher Back Extension,Barbell Zercher Back Extension,,MANUAL,Hips,MVP_CANDIDATE,Resistance/strength candidate,Barbell,source,하체,source,,,unsupported,weight_reps,equipment,weight_reps,,1,1,0,MANUAL_QA_REQUIRED
gvs_5c93a5108fd08d22,gvc_aefcedcd2009,Barbell Zercher Bulgarian Split Squat,Barbell Zercher Bulgarian Split Squat,,MANUAL,Thighs,MVP_CANDIDATE,Resistance/strength candidate,Barbell,source,하체,source,대퇴사두근,둔근,name_high,weight_reps,equipment,weight_reps,,1,1,0,MANUAL_QA_REQUIRED
gvs_04e096333376ae2b,gvc_5958e2e787b6,Basic To Cross Donkey Kick,Basic To Cross Donkey Kick,,MANUAL,Hips,MVP_CANDIDATE,Resistance/strength candidate,Bodyweight,inferred_bodyweight,하체,source,,,unsupported,reps,bodyweight,,,1,0,1,MANUAL_QA_REQUIRED
gvs_0ab7910c7349124e,gvc_945c1a28b0e8,Bear Plank Kickback,Bear Plank Kickback,,MANUAL,Hips,MVP_CANDIDATE,Resistance/strength candidate,Bodyweight,inferred_bodyweight,하체,source,코어,,name_high,reps,bodyweight,duration,BODY_MUSCLE_FAMILY_CONFLICT,1,1,0,MANUAL_QA_REQUIRED
gvs_b46e0f94f9b254a2,gvc_56b96b802060,Bear Push Up,Bear Push Up,,MANUAL,Chest,MVP_CANDIDATE,Resistance/strength candidate,Bodyweight,inferred_bodyweight,가슴,source,,,unsupported,reps,bodyweight,reps,,1,1,0,MANUAL_QA_REQUIRED
gvs_2db6723f242b7ea7,gvc_ed86b6135d3d,Bear Sit Kickout,Bear Sit Kickout,,MANUAL,Thighs,MVP_CANDIDATE,Resistance/strength candidate,Bodyweight,inferred_bodyweight,하체,source,,,unsupported,reps,bodyweight,,,1,0,1,MANUAL_QA_REQUIRED
gvs_725e10146eb069d2,gvc_822415604cd9,Behind The Back Clap,Behind The Back Clap,,MANUAL,Chest,MVP_CANDIDATE,Resistance/strength candidate,Bodyweight,inferred_bodyweight,가슴,source,,,unsupported,reps,bodyweight,,,1,0,1,MANUAL_QA_REQUIRED
gvs_1327d52f3027c4a7,gvc_1838ed950bb8,Behind The Head Clap,Behind The Head Clap,,MANUAL,Back,MVP_CANDIDATE,Resistance/strength candidate,Bodyweight,inferred_bodyweight,등,source,,,unsupported,reps,bodyweight,,,1,0,1,MANUAL_QA_REQUIRED
gvs_501ab74142e74ded,gvc_73c9591960ef,Bench Dip (knees Bent),Bench Dip (Knees Bent),,MANUAL,Upper-Arms,MVP_CANDIDATE,Resistance/strength candidate,Bodyweight,inferred_bodyweight,팔,source,,,unsupported,reps,bodyweight,,,2,1,1,MANUAL_QA_REQUIRED
gvs_9f7c2ea9b917a0e1,gvc_990c735ed497,Bench Dip Hold,Bench Dip Hold,,MANUAL,Waist,MVP_CANDIDATE,Resistance/strength candidate,Bodyweight,inferred_bodyweight,코어,source,,,unsupported,duration,semantic,,,1,1,0,MANUAL_QA_REQUIRED
gvs_edf541b5e07e4de9,gvc_e9291c904ddc,Bench Dip On Floor,Bench Dip On Floor,,MANUAL,Upper-Arms,MVP_CANDIDATE,Resistance/strength candidate,Bodyweight,inferred_bodyweight,팔,source,,,unsupported,reps,bodyweight,,,2,1,1,MANUAL_QA_REQUIRED
gvs_854384829b5da92c,gvc_d8731fd679de,Bench Hip Extension,Bench Hip Extension,,MANUAL,Hips,MVP_CANDIDATE,Resistance/strength candidate,Bodyweight,inferred_bodyweight,하체,source,,,unsupported,reps,bodyweight,,,1,1,0,MANUAL_QA_REQUIRED
gvs_152484ea07b90fa0,gvc_a2ead4e5c4a3,Bench Pull Ups,Bench Pull Ups,,MANUAL,Back,MVP_CANDIDATE,Resistance/strength candidate,Bodyweight,inferred_bodyweight,등,source,,,unsupported,reps,bodyweight,,,2,1,1,MANUAL_QA_REQUIRED
gvs_221a361ebeb2de68,gvc_554ff5fac1ca,Bent Arm Lift,Bent Arm Lift,,MANUAL,Shoulders,MVP_CANDIDATE,Resistance/strength candidate,Bodyweight,inferred_bodyweight,어깨,source,,,unsupported,reps,bodyweight,,,1,0,1,MANUAL_QA_REQUIRED
gvs_380307b82b3a1276,gvc_1186bf10397d,Bent Knee Back To Side Kick,Bent Knee Back To Side Kick,,MANUAL,Hips,MVP_CANDIDATE,Resistance/strength candidate,Bodyweight,inferred_bodyweight,하체,source,,,unsupported,reps,bodyweight,,,2,1,1,MANUAL_QA_REQUIRED
gvs_6fa25713237a457b,gvc_8098f2439c54,Bent Knee Lying Twist,Bent Knee Lying Twist,,MANUAL,Waist,MVP_CANDIDATE,Resistance/strength candidate,Bodyweight,inferred_bodyweight,코어,source,,,unsupported,reps,bodyweight,,,2,1,1,MANUAL_QA_REQUIRED
gvs_b46221cc3634071a,gvc_92655028dc91,Bent Knee Lying Twist (on Stability Ball),Bent Knee Lying Twist (On Stability Ball),,MANUAL,Waist,MVP_CANDIDATE,Resistance/strength candidate,Stability Ball,source,코어,source,,,unsupported,,review,,,1,0,1,MANUAL_QA_REQUIRED
gvs_994cd4260facb330,gvc_c03d8a8bbe22,Bent Leg Circle Kick (kneeling),Bent Leg Circle Kick (Kneeling),,MANUAL,Hips,MVP_CANDIDATE,Resistance/strength candidate,Bodyweight,inferred_bodyweight,하체,source,,,unsupported,reps,bodyweight,,,1,0,1,MANUAL_QA_REQUIRED
gvs_3064c0b90b8bbfa1,gvc_55b1847b55af,Bent Leg Kickback (kneeling),Bent Leg Kickback (Kneeling),,MANUAL,Hips,MVP_CANDIDATE,Resistance/strength candidate,Bodyweight,inferred_bodyweight,하체,source,,,unsupported,reps,bodyweight,,,2,1,1,MANUAL_QA_REQUIRED
gvs_af8f841fd2a15f9f,gvc_5433c644f821,Bent Leg Side Kick (kneeling),Bent Leg Side Kick (Kneeling),,MANUAL,Hips,MVP_CANDIDATE,Resistance/strength candidate,Bodyweight,inferred_bodyweight,하체,source,,,unsupported,reps,bodyweight,,,2,1,1,MANUAL_QA_REQUIRED
gvs_5ce11ec0f76775d2,gvc_0b5109f8a5f1,Bent Over Row With Towel,Bent Over Row With Towel,,MANUAL,Back,MVP_CANDIDATE,Resistance/strength candidate,Bodyweight,inferred_bodyweight,등,source,등 상부 / 광배근,이두근,name_high,reps,bodyweight,,,1,1,0,MANUAL_QA_REQUIRED
gvs_f409c7a32bf9ce6b,gvc_8f239f89969f,Bent Over Shoulder Pendulum,Bent Over Shoulder Pendulum,,MANUAL,Back,MVP_CANDIDATE,Resistance/strength candidate,Bodyweight,inferred_bodyweight,등,source,,,unsupported,reps,bodyweight,,,1,0,1,MANUAL_QA_REQUIRED
gvs_b323b808a725b58e,gvc_a7d795d74b9e,Bent Over Twist,Bent Over Twist,,MANUAL,Waist,MVP_CANDIDATE,Resistance/strength candidate,Bodyweight,inferred_bodyweight,코어,source,,,unsupported,reps,bodyweight,,,1,1,0,MANUAL_QA_REQUIRED
gvs_a55d6ac26fa731c4,gvc_895f10509d5d,Biceps Curl Under Table,Biceps Curl Under Table,,MANUAL,Upper-Arms,MVP_CANDIDATE,Resistance/strength candidate,Bodyweight,inferred_bodyweight,팔,source,이두근,,name_high,reps,bodyweight,,,1,1,0,MANUAL_QA_REQUIRED
gvs_4b38991812dfc036,gvc_3bfc5c96fb96,Biceps Leg Concentration Curl,Biceps Leg Concentration Curl,,MANUAL,Upper-Arms,MVP_CANDIDATE,Resistance/strength candidate,Bodyweight,inferred_bodyweight,팔,source,이두근,,name_high,reps,bodyweight,,,1,1,0,MANUAL_QA_REQUIRED
gvs_2687df1566d79a5d,gvc_d4ddfd58a9fd,Biceps Squeeze With Towel,Biceps Squeeze With Towel,,MANUAL,Upper-Arms,MVP_CANDIDATE,Resistance/strength candidate,Bodyweight,inferred_bodyweight,팔,source,,,unsupported,reps,bodyweight,,,1,1,0,MANUAL_QA_REQUIRED
gvs_e56ef10a76d05484,gvc_d5d929e02fa7,Biceps Table Row,Biceps Table Row,,MANUAL,Upper-Arms,MVP_CANDIDATE,Resistance/strength candidate,Bodyweight,inferred_bodyweight,팔,source,등 상부 / 광배근,이두근,name_high,reps,bodyweight,,BODY_MUSCLE_FAMILY_CONFLICT,1,1,0,MANUAL_QA_REQUIRED
gvs_9ad4e1fbb0f40d4b,gvc_e929adcb4db4,Bicycle Crunch,Bicycle Crunch,,MANUAL,Waist,MVP_CANDIDATE,Resistance/strength candidate,Bodyweight,inferred_bodyweight,코어,source,복직근,,name_high,reps,bodyweight,reps,,2,1,1,MANUAL_QA_REQUIRED
gvs_1b10099fd22fc4df,gvc_90bdf9310254,Bicycle V Up,Bicycle V Up,,MANUAL,Waist,MVP_CANDIDATE,Resistance/strength candidate,Bodyweight,inferred_bodyweight,코어,source,,,unsupported,reps,bodyweight,,,1,1,0,MANUAL_QA_REQUIRED
gvs_97dc28dd99df1b0d,gvc_a5dd3daa958f,Bike Crunch And Feet Tap,Bike Crunch And Feet Tap,,MANUAL,Waist,MVP_CANDIDATE,Resistance/strength candidate,Bodyweight,inferred_bodyweight,코어,source,복직근,,name_high,reps,bodyweight,reps,,1,0,1,MANUAL_QA_REQUIRED
gvs_e942c5f2cba8278a,gvc_7b378358b326;gvc_7c1dbde0ca1b,Bird Dog | Bird Dog (version 2),Bird Dog,,MANUAL,Back;Waist,MVP_CANDIDATE,Resistance/strength candidate,Bodyweight,inferred_bodyweight,,conflict,,,unsupported,reps,bodyweight,,BODY_SOURCE_CONFLICT,3,1,2,MANUAL_QA_REQUIRED
gvs_926ed592aaf6f69c,gvc_9e16548c2360,Bird Dog Plank,Bird Dog Plank,,MANUAL,Waist,MVP_CANDIDATE,Resistance/strength candidate,Bodyweight,inferred_bodyweight,코어,source,코어,,name_high,duration,semantic,duration,,1,1,0,MANUAL_QA_REQUIRED
gvs_85e7c5256c2edfb9,gvc_2a92f05d45ad,Body Extension (backward Reach),Body Extension (Backward Reach),,MANUAL,Thighs,MVP_CANDIDATE,Resistance/strength candidate,Bodyweight,inferred_bodyweight,하체,source,,,unsupported,reps,bodyweight,,,1,1,0,MANUAL_QA_REQUIRED
gvs_afdf86934a25fa73,gvc_6be9459d9b6d,Body Saw Plank,Body Saw Plank,,MANUAL,Shoulders,MVP_CANDIDATE,Resistance/strength candidate,Bodyweight,inferred_bodyweight,어깨,source,코어,,name_high,duration,semantic,duration,BODY_MUSCLE_FAMILY_CONFLICT,1,1,0,MANUAL_QA_REQUIRED
gvs_61f061701f63b472,gvc_cd9530685c1e,Body Slide,Body Slide,,MANUAL,Waist,MVP_CANDIDATE,Resistance/strength candidate,Bodyweight,inferred_bodyweight,코어,source,,,unsupported,reps,bodyweight,,,1,0,1,MANUAL_QA_REQUIRED
gvs_c94dfde32932290b,gvc_a9c751a0ff3c,Body Up,Body Up,,MANUAL,Upper-Arms,MVP_CANDIDATE,Resistance/strength candidate,Bodyweight,inferred_bodyweight,팔,source,,,unsupported,reps,bodyweight,,,2,1,1,MANUAL_QA_REQUIRED
gvs_2095a279f8411379,gvc_dbf163d8fa20,Bodyweight Arms Out Squat,Bodyweight Arms Out Squat,,MANUAL,Thighs,MVP_CANDIDATE,Resistance/strength candidate,Bodyweight,inferred_bodyweight,하체,source,대퇴사두근,둔근,name_high,reps,bodyweight,,,1,0,1,MANUAL_QA_REQUIRED
gvs_52cbe345cb20ff9d,gvc_a991e1c50982,Bodyweight Around Head Rotation,Bodyweight Around Head Rotation,,MANUAL,Shoulders,MVP_CANDIDATE,Resistance/strength candidate,Bodyweight,inferred_bodyweight,어깨,source,,,unsupported,reps,bodyweight,,,1,0,1,MANUAL_QA_REQUIRED
gvs_31f74c25d2172df9,gvc_340054929e93,Bodyweight Bench Squat,Bodyweight Bench Squat,,MANUAL,Thighs,MVP_CANDIDATE,Resistance/strength candidate,Bodyweight,inferred_bodyweight,하체,source,대퇴사두근,둔근,name_high,reps,bodyweight,,,1,0,1,MANUAL_QA_REQUIRED
gvs_3dc09890ab75ab2e,gvc_ec6b54c21c11,Bodyweight Bent Over Rear Delt Fly,Bodyweight Bent Over Rear Delt Fly,,MANUAL,Shoulders,MVP_CANDIDATE,Resistance/strength candidate,Bodyweight,inferred_bodyweight,어깨,source,후면 삼각근,,name_high,reps,bodyweight,,,2,1,1,MANUAL_QA_REQUIRED
gvs_c801cc0813012f72,gvc_9be48613a5dd,Bodyweight Bent Over Row,Bodyweight Bent Over Row,,MANUAL,Back,MVP_CANDIDATE,Resistance/strength candidate,Bodyweight,inferred_bodyweight,등,source,등 상부 / 광배근,이두근,name_high,reps,bodyweight,,,1,0,1,MANUAL_QA_REQUIRED
gvs_a254e30becf04683,gvc_a8b8ab31cfce,Bodyweight Calf Raise Wall Sit,Bodyweight Calf Raise Wall Sit,,MANUAL,Calves,MVP_CANDIDATE,Resistance/strength candidate,Bodyweight,inferred_bodyweight,하체,source,종아리,,name_high,duration,semantic,duration,,1,1,0,MANUAL_QA_REQUIRED
gvs_d4a907a6c95c5c90,gvc_c16c65b7f777,Bodyweight Deadlift Shin Tap,Bodyweight Deadlift Shin Tap,,MANUAL,Hips,MVP_CANDIDATE,Resistance/strength candidate,Bodyweight,inferred_bodyweight,하체,source,둔근 / 햄스트링,등 / 코어,name_high,reps,bodyweight,,,1,0,1,MANUAL_QA_REQUIRED
gvs_9e21d2ce56ee6364,gvc_5bc5c00bd671,Bodyweight Deep Prisoner Squat,Bodyweight Deep Prisoner Squat,,MANUAL,Thighs,MVP_CANDIDATE,Resistance/strength candidate,Bodyweight,inferred_bodyweight,하체,source,대퇴사두근,둔근,name_high,reps,bodyweight,,,1,1,0,MANUAL_QA_REQUIRED
gvs_32f27570b02cb39a,gvc_ae2c3b1b4b2c,Bodyweight Double Triceps Kickback,Bodyweight Double Triceps Kickback,,MANUAL,Upper-Arms,MVP_CANDIDATE,Resistance/strength candidate,Bodyweight,inferred_bodyweight,팔,source,삼두근,,name_high,reps,bodyweight,,,1,0,1,MANUAL_QA_REQUIRED
gvs_ca643667abccf447,gvc_34980d4dea0c,Bodyweight Forward Lunge (smaller Stance Upright Torso),Bodyweight Forward Lunge (Smaller Stance Upright Torso),,MANUAL,Thighs,MVP_CANDIDATE,Resistance/strength candidate,Bodyweight,inferred_bodyweight,하체,source,대퇴사두근,둔근,name_high,reps,bodyweight,reps,,1,1,0,MANUAL_QA_REQUIRED
gvs_e4327ca9df591f25,gvc_a2988ff6a04b,Bodyweight Frog Hip Thrust,Bodyweight Frog Hip Thrust,,MANUAL,Hips,MVP_CANDIDATE,Resistance/strength candidate,Bodyweight,inferred_bodyweight,하체,source,둔근,햄스트링,name_high,reps,bodyweight,,,1,1,0,MANUAL_QA_REQUIRED
gvs_73027c09bf405fa5,gvc_5bb51f0a9501,Bodyweight Frog Pump,Bodyweight Frog Pump,,MANUAL,Hips,MVP_CANDIDATE,Resistance/strength candidate,Bodyweight,inferred_bodyweight,하체,source,,,unsupported,reps,bodyweight,,,1,0,1,MANUAL_QA_REQUIRED
gvs_8fcbfb029bcc4dc4,gvc_051cd1435f46,Bodyweight Front Slam,Bodyweight Front Slam,,MANUAL,Waist,MVP_CANDIDATE,Resistance/strength candidate,Bodyweight,inferred_bodyweight,코어,source,,,unsupported,reps,bodyweight,,,2,1,1,MANUAL_QA_REQUIRED
gvs_5c647e8af68d1d2c,gvc_3a59dd4dc986,Bodyweight Glute Bridge Chest Press,Bodyweight Glute Bridge Chest Press,,MANUAL,Chest,MVP_CANDIDATE,Resistance/strength candidate,Bodyweight,inferred_bodyweight,가슴,source,둔근,햄스트링,name_high,reps,bodyweight,,BODY_MUSCLE_FAMILY_CONFLICT,1,0,1,MANUAL_QA_REQUIRED
gvs_3f825212572d37d0,gvc_17d01e0fd130,Bodyweight Good Morning,Bodyweight Good Morning,,MANUAL,Hips,MVP_CANDIDATE,Resistance/strength candidate,Bodyweight,inferred_bodyweight,하체,source,,,unsupported,reps,bodyweight,,,1,1,0,MANUAL_QA_REQUIRED
gvs_b7154573c2944d83,gvc_dab9f1e70e21,Bodyweight Good Morning Row,Bodyweight Good Morning Row,,MANUAL,Hips,MVP_CANDIDATE,Resistance/strength candidate,Bodyweight,inferred_bodyweight,하체,source,등 상부 / 광배근,이두근,name_high,reps,bodyweight,,BODY_MUSCLE_FAMILY_CONFLICT,1,1,0,MANUAL_QA_REQUIRED
gvs_a5be57b87b3385ee,gvc_bacf59e1f55f,Bodyweight Half Squat,Bodyweight Half Squat,,MANUAL,Thighs,MVP_CANDIDATE,Resistance/strength candidate,Bodyweight,inferred_bodyweight,하체,source,대퇴사두근,둔근,name_high,reps,bodyweight,,,1,1,0,MANUAL_QA_REQUIRED
gvs_1ac55b48aaaa79da,gvc_68baf1d7de5e,Bodyweight Heel Elevated Squat,Bodyweight Heel Elevated Squat,,MANUAL,Thighs,MVP_CANDIDATE,Resistance/strength candidate,Bodyweight,inferred_bodyweight,하체,source,대퇴사두근,둔근,name_high,reps,bodyweight,,,1,1,0,MANUAL_QA_REQUIRED
gvs_92d3ef5c781eedaa,gvc_ede7e17297bb,Bodyweight Invisible Equipment Swing,Bodyweight Invisible Equipment Swing,,MANUAL,Hips,MVP_CANDIDATE,Resistance/strength candidate,Bodyweight,inferred_bodyweight,하체,source,,,unsupported,reps,bodyweight,,,1,0,1,MANUAL_QA_REQUIRED
gvs_437c850421a6ae56,gvc_de78eba8a5aa,Bodyweight Kneeling Butterfly With Towels,Bodyweight Kneeling Butterfly With Towels,,MANUAL,Hips,MVP_CANDIDATE,Resistance/strength candidate,Bodyweight,inferred_bodyweight,하체,source,,,unsupported,reps,bodyweight,,,1,1,0,MANUAL_QA_REQUIRED
gvs_25c8ccf7c36d32d7,gvc_038ce0488084,Bodyweight Kneeling Hold To Stand,Bodyweight Kneeling Hold To Stand,,MANUAL,Thighs,MVP_CANDIDATE,Resistance/strength candidate,Bodyweight,inferred_bodyweight,하체,source,,,unsupported,reps,bodyweight,,,1,1,0,MANUAL_QA_REQUIRED
gvs_91e5f21f56e18ed7,gvc_e9059d7f7ef6,Bodyweight Kneeling Push Up Row,Bodyweight Kneeling Push Up Row,,MANUAL,Chest,MVP_CANDIDATE,Resistance/strength candidate,Bodyweight,inferred_bodyweight,가슴,source,등 상부 / 광배근,이두근,name_high,reps,bodyweight,reps,BODY_MUSCLE_FAMILY_CONFLICT,1,1,0,MANUAL_QA_REQUIRED
gvs_b55e10c5e679fd49,gvc_3da4e06ad5d2,Bodyweight Kneeling Sissy Squat,Bodyweight Kneeling Sissy Squat,,MANUAL,Thighs,MVP_CANDIDATE,Resistance/strength candidate,Bodyweight,inferred_bodyweight,하체,source,대퇴사두근,둔근,name_high,reps,bodyweight,,,2,1,1,MANUAL_QA_REQUIRED
gvs_88b82d3850e41406,gvc_1158887361df,Bodyweight Kneeling Triceps Extension,Bodyweight Kneeling Triceps Extension,,MANUAL,Upper-Arms,MVP_CANDIDATE,Resistance/strength candidate,Bodyweight,inferred_bodyweight,팔,source,삼두근,,name_high,reps,bodyweight,,,2,1,1,MANUAL_QA_REQUIRED
gvs_19ac24e2c5c4b8a4,gvc_e6feef93e466,Bodyweight Lateral Step Up,Bodyweight Lateral Step Up,,MANUAL,Thighs,MVP_CANDIDATE,Resistance/strength candidate,Bodyweight,inferred_bodyweight,하체,source,대퇴사두근,둔근,name_high,reps,bodyweight,,,1,1,0,MANUAL_QA_REQUIRED
gvs_b9b1d61538abc715,gvc_4064d7d6e034,Bodyweight Lateral Walk,Bodyweight Lateral Walk,,MANUAL,Hips,MVP_CANDIDATE,Resistance/strength candidate,Bodyweight,inferred_bodyweight,하체,source,,,unsupported,reps,bodyweight,,,1,1,0,MANUAL_QA_REQUIRED
gvs_bac6442a8f211758,gvc_a7a69fabb19a,Bodyweight Low Split Squat,Bodyweight Low Split Squat,,MANUAL,Thighs,MVP_CANDIDATE,Resistance/strength candidate,Bodyweight,inferred_bodyweight,하체,source,대퇴사두근,둔근,name_high,reps,bodyweight,,,2,1,1,MANUAL_QA_REQUIRED
gvs_b751e7e16be09e99,gvc_3b80d5955a14,Bodyweight Lying Alternate Legs Curl,Bodyweight Lying Alternate Legs Curl,,MANUAL,Thighs,MVP_CANDIDATE,Resistance/strength candidate,Bodyweight,inferred_bodyweight,하체,source,,,unsupported,reps,bodyweight,,,1,0,1,MANUAL_QA_REQUIRED
gvs_5f9588d539de24b1,gvc_1ea091a2cf00,Bodyweight Lying Legs Curl,Bodyweight Lying Legs Curl,,MANUAL,Thighs,MVP_CANDIDATE,Resistance/strength candidate,Bodyweight,inferred_bodyweight,하체,source,,,unsupported,reps,bodyweight,,,2,1,1,MANUAL_QA_REQUIRED
gvs_13f2a20129ef03dd,gvc_9b1591be8e0b,Bodyweight Lying Oblique V Up,Bodyweight Lying Oblique V Up,,MANUAL,Waist,MVP_CANDIDATE,Resistance/strength candidate,Bodyweight,inferred_bodyweight,코어,source,,,unsupported,reps,bodyweight,,,1,1,0,MANUAL_QA_REQUIRED
gvs_fe8e3941eb598e3d,gvc_b45cb2454f48,Bodyweight Lying Prone Ys,Bodyweight Lying Prone Ys,,MANUAL,Back,MVP_CANDIDATE,Resistance/strength candidate,Bodyweight,inferred_bodyweight,등,source,,,unsupported,reps,bodyweight,,,1,1,0,MANUAL_QA_REQUIRED
gvs_81cc086d41bbc1fd,gvc_5f4e91ed8e92,Bodyweight Lying Svend Press,Bodyweight Lying Svend Press,,MANUAL,Chest,MVP_CANDIDATE,Resistance/strength candidate,Bodyweight,inferred_bodyweight,가슴,source,,,unsupported,reps,bodyweight,,,1,0,1,MANUAL_QA_REQUIRED
gvs_56e46db49873585e,gvc_5cfef62151f6,Bodyweight Muscle Up (version 2),Bodyweight Muscle Up,,MANUAL,Back,MVP_CANDIDATE,Resistance/strength candidate,Bodyweight,inferred_bodyweight,등,source,,,unsupported,reps,bodyweight,,,1,1,0,MANUAL_QA_REQUIRED
gvs_2d02fdee45e5ecb8,gvc_d6fe495143bc,Bodyweight Narrow Squat,Bodyweight Narrow Squat,,MANUAL,Thighs,MVP_CANDIDATE,Resistance/strength candidate,Bodyweight,inferred_bodyweight,하체,source,대퇴사두근,둔근,name_high,reps,bodyweight,,,2,1,1,MANUAL_QA_REQUIRED
gvs_d948fffb993f078b,gvc_cb4a7afddbef,Bodyweight Overhead Squat,Bodyweight Overhead Squat,,MANUAL,Thighs,MVP_CANDIDATE,Resistance/strength candidate,Bodyweight,inferred_bodyweight,하체,source,대퇴사두근,둔근,name_high,reps,bodyweight,,,2,1,1,MANUAL_QA_REQUIRED
gvs_ae212875a0d4f7f5,gvc_814f44abddcf,Bodyweight Overhead Triceps Extension,Bodyweight Overhead Triceps Extension,,MANUAL,Upper-Arms,MVP_CANDIDATE,Resistance/strength candidate,Bodyweight,inferred_bodyweight,팔,source,삼두근,,name_high,reps,bodyweight,,,1,0,1,MANUAL_QA_REQUIRED
gvs_9b2dfd65e195b1c1,gvc_f3cb1812be24,Bodyweight Patrick Step,Bodyweight Patrick Step,,MANUAL,Thighs,MVP_CANDIDATE,Resistance/strength candidate,Bodyweight,inferred_bodyweight,하체,source,,,unsupported,reps,bodyweight,,,1,0,1,MANUAL_QA_REQUIRED
gvs_48d8aeeb7c70072b,gvc_a6089f0a1d9f,Bodyweight Patrick Step From Stepbox,Bodyweight Patrick Step From Stepbox,,MANUAL,Thighs,MVP_CANDIDATE,Resistance/strength candidate,Bodyweight,inferred_bodyweight,하체,source,,,unsupported,reps,bodyweight,,,1,0,1,MANUAL_QA_REQUIRED
gvs_2675b691cd37caed,gvc_c7a65ba21d8a,Bodyweight Paused Goblet Squat,Bodyweight Paused Goblet Squat,,MANUAL,Thighs,MVP_CANDIDATE,Resistance/strength candidate,Bodyweight,inferred_bodyweight,하체,source,대퇴사두근,둔근,name_high,reps,bodyweight,,,1,1,0,MANUAL_QA_REQUIRED
gvs_c8ee9c4a227383e4,gvc_7598f8e78c0f,Bodyweight Peterson Step From Stepbox,Bodyweight Peterson Step From Stepbox,,MANUAL,Thighs,MVP_CANDIDATE,Resistance/strength candidate,Bodyweight,inferred_bodyweight,하체,source,,,unsupported,reps,bodyweight,,,1,0,1,MANUAL_QA_REQUIRED
gvs_28cb3d870fa1c7a7,gvc_ccb824df3f39,Bodyweight Poliquin Step,Bodyweight Poliquin Step,,MANUAL,Thighs,MVP_CANDIDATE,Resistance/strength candidate,Bodyweight,inferred_bodyweight,하체,source,,,unsupported,reps,bodyweight,,,1,0,1,MANUAL_QA_REQUIRED
gvs_1d359e4e27876a20,gvc_3ff2cf678892,Bodyweight Poliquin Step From Stepbox,Bodyweight Poliquin Step From Stepbox,,MANUAL,Thighs,MVP_CANDIDATE,Resistance/strength candidate,Bodyweight,inferred_bodyweight,하체,source,,,unsupported,reps,bodyweight,,,1,0,1,MANUAL_QA_REQUIRED
gvs_353e9733a1ae7f13,gvc_a0961cc87e97,Bodyweight Pulse Forward Lunge,Bodyweight Pulse Forward Lunge,,MANUAL,Thighs,MVP_CANDIDATE,Resistance/strength candidate,Bodyweight,inferred_bodyweight,하체,source,대퇴사두근,둔근,name_high,reps,bodyweight,reps,,1,1,0,MANUAL_QA_REQUIRED
gvs_0eff2b24805937a6,gvc_a3e1db61e4db,Bodyweight Pulse Squat,Bodyweight Pulse Squat,,MANUAL,Thighs,MVP_CANDIDATE,Resistance/strength candidate,Bodyweight,inferred_bodyweight,하체,source,대퇴사두근,둔근,name_high,reps,bodyweight,,,4,1,3,MANUAL_QA_REQUIRED
gvs_04f00271e549b8e9,gvc_fea8689d242d,Bodyweight Pulsing Triceps Kickback,Bodyweight Pulsing Triceps Kickback,,MANUAL,Upper-Arms,MVP_CANDIDATE,Resistance/strength candidate,Bodyweight,inferred_bodyweight,팔,source,삼두근,,name_high,reps,bodyweight,,,1,0,1,MANUAL_QA_REQUIRED
gvs_82358c137a8d62d3,gvc_8f2fdae53b49,Bodyweight Rainbow Leg Raise,Bodyweight Rainbow Leg Raise,,MANUAL,Waist,MVP_CANDIDATE,Resistance/strength candidate,Bodyweight,inferred_bodyweight,코어,source,복직근,,name_high,reps,bodyweight,reps,,1,1,0,MANUAL_QA_REQUIRED
gvs_1e7fcf3182fd87b9,gvc_c9735e589a3a,Bodyweight Rear Delt And Back Raise,Bodyweight Rear Delt And Back Raise,,MANUAL,Back,MVP_CANDIDATE,Resistance/strength candidate,Bodyweight,inferred_bodyweight,등,source,후면 삼각근,,name_high,reps,bodyweight,,BODY_MUSCLE_FAMILY_CONFLICT,1,0,1,MANUAL_QA_REQUIRED
gvs_546cfd9dc1d1c705,gvc_b88b8b8f672f,Bodyweight Rear Delt Circle,Bodyweight Rear Delt Circle,,MANUAL,Back,MVP_CANDIDATE,Resistance/strength candidate,Bodyweight,inferred_bodyweight,등,source,후면 삼각근,,name_high,reps,bodyweight,,BODY_MUSCLE_FAMILY_CONFLICT,1,0,1,MANUAL_QA_REQUIRED
gvs_86e84047d4353707,gvc_b6b5a9b01e1e,Bodyweight Rear Delt Raise,Bodyweight Rear Delt Raise,,MANUAL,Shoulders,MVP_CANDIDATE,Resistance/strength candidate,Bodyweight,inferred_bodyweight,어깨,source,후면 삼각근,,name_high,reps,bodyweight,,,1,0,1,MANUAL_QA_REQUIRED
gvs_14975f457390029d,gvc_f2261a06504f,Bodyweight Rear Lunge,Bodyweight Reverse Lunge,,MANUAL,Thighs,MVP_CANDIDATE,Resistance/strength candidate,Bodyweight,inferred_bodyweight,하체,source,대퇴사두근,둔근,name_high,reps,bodyweight,reps,,2,1,1,MANUAL_QA_REQUIRED
gvs_23df1a4587ba0225,gvc_74872c457dbd,Bodyweight Reverse Lunge,Bodyweight Reverse Lunge,,MANUAL,Thighs,MVP_CANDIDATE,Resistance/strength candidate,Bodyweight,inferred_bodyweight,하체,source,대퇴사두근,둔근,name_high,reps,bodyweight,reps,,1,0,1,MANUAL_QA_REQUIRED
gvs_a54f65e8980dee3a,gvc_8791e1257713,Bodyweight Rear Lunge Front Raise,Bodyweight Reverse Lunge Front Raise,,MANUAL,Thighs,MVP_CANDIDATE,Resistance/strength candidate,Bodyweight,inferred_bodyweight,하체,source,대퇴사두근,둔근,name_high,reps,bodyweight,reps,,2,1,1,MANUAL_QA_REQUIRED
gvs_89ce4209d65d29e1,gvc_2e22dfceeed2,Bodyweight Reverse Lunge High Knee,Bodyweight Reverse Lunge High Knee,,MANUAL,Thighs,MVP_CANDIDATE,Resistance/strength candidate,Bodyweight,inferred_bodyweight,하체,source,대퇴사두근,둔근,name_high,reps,bodyweight,reps,,1,0,1,MANUAL_QA_REQUIRED
gvs_a8c665108ed572aa,gvc_a98bd0ff2493,Bodyweight Rear Lunge Twist,Bodyweight Reverse Lunge Twist,,MANUAL,Thighs,MVP_CANDIDATE,Resistance/strength candidate,Bodyweight,inferred_bodyweight,하체,source,대퇴사두근,둔근,name_high,reps,bodyweight,reps,,1,1,0,MANUAL_QA_REQUIRED
gvs_5bdc35cad2e763d8,gvc_da08df8f992a,Bodyweight Row Door Handle,Bodyweight Row Door Handle,,MANUAL,Back,MVP_CANDIDATE,Resistance/strength candidate,Bodyweight,inferred_bodyweight,등,source,등 상부 / 광배근,이두근,name_high,reps,bodyweight,,,1,0,1,MANUAL_QA_REQUIRED
gvs_31bf6763a62a1c0b,gvc_38862fec47c6,Bodyweight Row In Doorway,Bodyweight Row In Doorway,,MANUAL,Back,MVP_CANDIDATE,Resistance/strength candidate,Bodyweight,inferred_bodyweight,등,source,등 상부 / 광배근,이두근,name_high,reps,bodyweight,,,1,1,0,MANUAL_QA_REQUIRED
gvs_fac61b8cb12bbc12,gvc_8e62cf946c02,Bodyweight Sitting Alternating Shrug,Bodyweight Seated Alternating Shrug,,MANUAL,Back,MVP_CANDIDATE,Resistance/strength candidate,Bodyweight,inferred_bodyweight,등,source,,,unsupported,reps,bodyweight,,,1,1,0,MANUAL_QA_REQUIRED
gvs_c1fabfd0ca2e355a,gvc_0bd5c4274d96,Bodyweight Seated Single Arm Concentration Curl,Bodyweight Seated Single Arm Concentration Curl,,MANUAL,Upper-Arms,MVP_CANDIDATE,Resistance/strength candidate,Bodyweight,inferred_bodyweight,팔,source,이두근,,name_high,reps,bodyweight,,,1,1,0,MANUAL_QA_REQUIRED
gvs_e0ab07df1daf028f,gvc_b61c6b092bb4,Bodyweight Side Lying Biceps Curl,Bodyweight Side Lying Biceps Curl,,MANUAL,Upper-Arms,MVP_CANDIDATE,Resistance/strength candidate,Bodyweight,inferred_bodyweight,팔,source,이두근,,name_high,reps,bodyweight,,,1,1,0,MANUAL_QA_REQUIRED
gvs_516721b9f0717c05,gvc_b92c911b6a3b,Bodyweight Side Lying Leg Adduction,Bodyweight Side Lying Leg Adduction,,MANUAL,Hips,MVP_CANDIDATE,Resistance/strength candidate,Bodyweight,inferred_bodyweight,하체,source,,,unsupported,reps,bodyweight,,,2,1,1,MANUAL_QA_REQUIRED
gvs_c457b7a08cf2d512,gvc_e64485be8a7a,Bodyweight Side Squat Step,Bodyweight Side Squat Step,,MANUAL,Thighs,MVP_CANDIDATE,Resistance/strength candidate,Bodyweight,inferred_bodyweight,하체,source,대퇴사두근,둔근,name_high,reps,bodyweight,,,3,1,2,MANUAL_QA_REQUIRED
gvs_0a8ec20457b9a026,gvc_961637d02a14,Bodyweight Side Squat With Towel,Bodyweight Side Squat With Towel,,MANUAL,Hips,MVP_CANDIDATE,Resistance/strength candidate,Bodyweight,inferred_bodyweight,하체,source,대퇴사두근,둔근,name_high,reps,bodyweight,,,1,1,0,MANUAL_QA_REQUIRED
gvs_9e5f4e16e6dda388,gvc_1bb5db3d6c31,Bodyweight Single Arm Lateral Raise,Bodyweight Single Arm Lateral Raise,,MANUAL,Shoulders,MVP_CANDIDATE,Resistance/strength candidate,Bodyweight,inferred_bodyweight,어깨,source,측면 삼각근,,name_high,reps,bodyweight,,,1,1,0,MANUAL_QA_REQUIRED
gvs_71e6cd34a2cb25ee,gvc_0a0549150ee7,Bodyweight Single Leg Deadlift,Bodyweight Single Leg Deadlift,,MANUAL,Thighs,MVP_CANDIDATE,Resistance/strength candidate,Bodyweight,inferred_bodyweight,하체,source,둔근 / 햄스트링,등 / 코어,name_high,reps,bodyweight,,,2,1,1,MANUAL_QA_REQUIRED
gvs_2e2cb69ba0fb094b,gvc_a63808cb31a3,Bodyweight Single Leg RDL,Bodyweight Single Leg RDL,,MANUAL,Hips,MVP_CANDIDATE,Resistance/strength candidate,Bodyweight,inferred_bodyweight,하체,source,,,unsupported,reps,bodyweight,,,1,1,0,MANUAL_QA_REQUIRED
gvs_70d5ed403a1d0ca6,gvc_e024512b7db2,Bodyweight Single Leg Squat,Bodyweight Single Leg Squat,,MANUAL,Thighs,MVP_CANDIDATE,Resistance/strength candidate,Bodyweight,inferred_bodyweight,하체,source,대퇴사두근,둔근,name_high,reps,bodyweight,,,1,1,0,MANUAL_QA_REQUIRED
gvs_84a7111db2fd5f69,gvc_6cf3119dcfd3,Bodyweight Single Leg Squat With Support,Bodyweight Single Leg Squat With Support,,MANUAL,Thighs,MVP_CANDIDATE,Resistance/strength candidate,Bodyweight,inferred_bodyweight,하체,source,대퇴사두근,둔근,name_high,reps,bodyweight,,,1,1,0,MANUAL_QA_REQUIRED
gvs_5b758f23e591db6b,gvc_86182f6c15ef,Bodyweight Skullcrusher,Bodyweight Skullcrusher,,MANUAL,Upper-Arms,MVP_CANDIDATE,Resistance/strength candidate,Bodyweight,inferred_bodyweight,팔,source,,,unsupported,reps,bodyweight,,,1,1,0,MANUAL_QA_REQUIRED
gvs_c7cc9198491bf10a,gvc_ff2f8405b3ae,Bodyweight Slow To Explosive Squats,Bodyweight Slow To Explosive Squats,,MANUAL,Hips,MVP_CANDIDATE,Resistance/strength candidate,Bodyweight,inferred_bodyweight,하체,source,,,unsupported,reps,bodyweight,,,1,1,0,MANUAL_QA_REQUIRED
gvs_36f5c72197134d4d,gvc_d0187f4d99be,Bodyweight Split Squat Front Foot Elevanted,Bodyweight Split Squat Front Foot Elevated,,MANUAL,Thighs,MVP_CANDIDATE,Resistance/strength candidate,Bodyweight,inferred_bodyweight,하체,source,대퇴사두근,둔근,name_high,reps,bodyweight,,,1,1,0,MANUAL_QA_REQUIRED
gvs_62dd515d19ea7ca5,gvc_00c87489d466,Bodyweight Squat,Bodyweight Squat,,MANUAL,Thighs,MVP_CANDIDATE,Resistance/strength candidate,Bodyweight,inferred_bodyweight,하체,source,대퇴사두근,둔근,name_high,reps,bodyweight,reps,,3,3,0,MANUAL_QA_REQUIRED
gvs_154e81e7405de3bf,gvc_365d36d22e3d,Bodyweight Squat On Slackline,Bodyweight Squat On Slackline,,MANUAL,Thighs,MVP_CANDIDATE,Resistance/strength candidate,Bodyweight,inferred_bodyweight,하체,source,대퇴사두근,둔근,name_high,reps,bodyweight,reps,,1,1,0,MANUAL_QA_REQUIRED
gvs_d66873a9c7e26cad,gvc_f8bb324856a2,Bodyweight Squat Overhead Press,Bodyweight Squat Overhead Press,,MANUAL,Thighs,MVP_CANDIDATE,Resistance/strength candidate,Bodyweight,inferred_bodyweight,하체,source,대퇴사두근,둔근,name_high,reps,bodyweight,reps,,1,1,0,MANUAL_QA_REQUIRED
gvs_611aabcbb8ffd843,gvc_6ac950fa4a5a;gvc_ce7da3d4f005,Bodyweight Standing Alternate Chest Fly | Bodyweight Standing Alternate Chest Fly C,Bodyweight Standing Alternate Chest Fly,,MANUAL,Chest,MVP_CANDIDATE,Resistance/strength candidate,Bodyweight,inferred_bodyweight,가슴,source,대흉근,삼두근 / 전면 삼각근,name_high,reps,bodyweight,,,2,1,1,MANUAL_QA_REQUIRED
gvs_8fde960ea17c7540,gvc_b4f2df540a99,Bodyweight Standing Arnold Press,Bodyweight Standing Arnold Press,,MANUAL,Shoulders,MVP_CANDIDATE,Resistance/strength candidate,Bodyweight,inferred_bodyweight,어깨,source,,,unsupported,reps,bodyweight,,,1,0,1,MANUAL_QA_REQUIRED
gvs_80c34fcaf7423490,gvc_d5d3f66ead33,Bodyweight Standing Around The World,Bodyweight Standing Around The World,,MANUAL,Shoulders,MVP_CANDIDATE,Resistance/strength candidate,Bodyweight,inferred_bodyweight,어깨,source,,,unsupported,reps,bodyweight,,,1,0,1,MANUAL_QA_REQUIRED
gvs_d9b024248322007a,gvc_abead92f3849,Bodyweight Standing Around World Wall Supported,Bodyweight Standing Around World Wall Supported,,MANUAL,Shoulders,MVP_CANDIDATE,Resistance/strength candidate,Bodyweight,inferred_bodyweight,어깨,source,,,unsupported,reps,bodyweight,,,1,1,0,MANUAL_QA_REQUIRED
gvs_7be343947309382a,gvc_af8d75c6dd00,Bodyweight Standing Calf Raise,Bodyweight Standing Calf Raise,,MANUAL,Calves,MVP_CANDIDATE,Resistance/strength candidate,Bodyweight,inferred_bodyweight,하체,source,종아리,,name_high,reps,bodyweight,,,1,1,0,MANUAL_QA_REQUIRED
gvs_a82aff18886da556,gvc_4581fbb50496,Bodyweight Standing Close Grip One Arm Row,Bodyweight Standing Close Grip Single Arm Row,,MANUAL,Back,MVP_CANDIDATE,Resistance/strength candidate,Bodyweight,inferred_bodyweight,등,source,등 상부 / 광배근,이두근,name_high,reps,bodyweight,,,1,1,0,MANUAL_QA_REQUIRED
gvs_a206971f5b39d3df,gvc_805a2d183049,Bodyweight Standing Fly,Bodyweight Standing Fly,,MANUAL,Chest,MVP_CANDIDATE,Resistance/strength candidate,Bodyweight,inferred_bodyweight,가슴,source,,,unsupported,reps,bodyweight,,,2,1,1,MANUAL_QA_REQUIRED
gvs_cfab53070e45d107,gvc_610d534dab9b,Bodyweight Standing Hip Extension (version 2),Bodyweight Standing Hip Extension,,MANUAL,Hips,MVP_CANDIDATE,Resistance/strength candidate,Bodyweight,inferred_bodyweight,하체,source,,,unsupported,reps,bodyweight,,,1,1,0,MANUAL_QA_REQUIRED
gvs_3f26fcf80e97bd2e,gvc_2845b85dc97e,Bodyweight Standing Military Press,Bodyweight Standing Military Press,,MANUAL,Shoulders,MVP_CANDIDATE,Resistance/strength candidate,Bodyweight,inferred_bodyweight,어깨,source,삼각근,삼두근,name_high,reps,bodyweight,,,1,1,0,MANUAL_QA_REQUIRED
gvs_814afd67669afe17,gvc_c2c6ffc3a158,Bodyweight Standing Military Press Wall Supported,Bodyweight Standing Military Press Wall Supported,,MANUAL,Shoulders,MVP_CANDIDATE,Resistance/strength candidate,Bodyweight,inferred_bodyweight,어깨,source,삼각근,삼두근,name_high,reps,bodyweight,,,1,1,0,MANUAL_QA_REQUIRED
gvs_a4a87f684784ecc6,gvc_72f68fb0108f,Bodyweight Standing Outer Push,Bodyweight Standing Outer Push,,MANUAL,Shoulders,MVP_CANDIDATE,Resistance/strength candidate,Bodyweight,inferred_bodyweight,어깨,source,,,unsupported,reps,bodyweight,,,1,0,1,MANUAL_QA_REQUIRED
gvs_4e9d24c79e306a7f,gvc_4263dadcf448,Bodyweight Standing Pec Dec,Bodyweight Standing Pec Dec,,MANUAL,Chest,MVP_CANDIDATE,Resistance/strength candidate,Bodyweight,inferred_bodyweight,가슴,source,,,unsupported,reps,bodyweight,,,1,0,1,MANUAL_QA_REQUIRED
gvs_f5ffba335d83b503,gvc_55dc0d14f7c1,Bodyweight Standing Romanian Deadlift,Bodyweight Standing Romanian Deadlift,,MANUAL,Hips,MVP_CANDIDATE,Resistance/strength candidate,Bodyweight,inferred_bodyweight,하체,source,둔근 / 햄스트링,코어,name_high,reps,bodyweight,,,2,1,1,MANUAL_QA_REQUIRED
gvs_f4fbc4d87d7355fa,gvc_735e445b14fb,Bodyweight Standing Scapula Row,Bodyweight Standing Scapula Row,,MANUAL,Back,MVP_CANDIDATE,Resistance/strength candidate,Bodyweight,inferred_bodyweight,등,source,등 상부 / 광배근,이두근,name_high,reps,bodyweight,,,1,1,0,MANUAL_QA_REQUIRED
gvs_6d94664710de45af,gvc_79f93400a352,Bodyweight Standing Shrug,Bodyweight Standing Shrug,,MANUAL,Back,MVP_CANDIDATE,Resistance/strength candidate,Bodyweight,inferred_bodyweight,등,source,,,unsupported,reps,bodyweight,,,1,0,1,MANUAL_QA_REQUIRED
gvs_b3dba1078bd5535f,gvc_ff247fc1c67d,Bodyweight Standing T Spine Press,Bodyweight Standing T Spine Press,,MANUAL,Back,MVP_CANDIDATE,Resistance/strength candidate,Bodyweight,inferred_bodyweight,등,source,,,unsupported,reps,bodyweight,,,1,0,1,MANUAL_QA_REQUIRED
gvs_cd051b61be75c2a9,gvc_d8b9d333043b,Bodyweight Standing Triangle Fly,Bodyweight Standing Triangle Fly,,MANUAL,Chest,MVP_CANDIDATE,Resistance/strength candidate,Bodyweight,inferred_bodyweight,가슴,source,,,unsupported,reps,bodyweight,,,1,0,1,MANUAL_QA_REQUIRED
gvs_288b5dbd6808138d,gvc_92b139060889,Bodyweight Standing W Pose,Bodyweight Standing W Pose,,MANUAL,Shoulders,MVP_CANDIDATE,Resistance/strength candidate,Bodyweight,inferred_bodyweight,어깨,source,,,unsupported,reps,bodyweight,duration,,1,0,1,MANUAL_QA_REQUIRED
gvs_6e46bcee9d2a3a18,gvc_056b101bc59d,Bodyweight Step Up (version 2),Bodyweight Step Up,,MANUAL,Thighs,MVP_CANDIDATE,Resistance/strength candidate,Bodyweight,inferred_bodyweight,하체,source,대퇴사두근,둔근,name_high,reps,bodyweight,,,1,1,0,MANUAL_QA_REQUIRED
gvs_a99ffcbd2592764d,gvc_e860d02c5fd8,Bodyweight Step Up On Stepbox,Bodyweight Step Up On Stepbox,,MANUAL,Thighs,MVP_CANDIDATE,Resistance/strength candidate,Bodyweight,inferred_bodyweight,하체,source,대퇴사두근,둔근,name_high,reps,bodyweight,,,2,1,1,MANUAL_QA_REQUIRED
gvs_e57be2420f2b1118,gvc_1f2a697c4fa2,Bodyweight Supported Squat,Bodyweight Supported Squat,,MANUAL,Thighs,MVP_CANDIDATE,Resistance/strength candidate,Bodyweight,inferred_bodyweight,하체,source,대퇴사두근,둔근,name_high,reps,bodyweight,,,1,1,0,MANUAL_QA_REQUIRED
gvs_215b2ef9b4fdb449,gvc_34b6e17f12bb,Bodyweight Svend Press,Bodyweight Svend Press,,MANUAL,Chest,MVP_CANDIDATE,Resistance/strength candidate,Bodyweight,inferred_bodyweight,가슴,source,,,unsupported,reps,bodyweight,,,2,1,1,MANUAL_QA_REQUIRED
gvs_1b03806b5badf1a3,gvc_36338dbe5fb6,Bodyweight Swing,Bodyweight Swing,,MANUAL,Hips,MVP_CANDIDATE,Resistance/strength candidate,Bodyweight,inferred_bodyweight,하체,source,,,unsupported,reps,bodyweight,,,1,1,0,MANUAL_QA_REQUIRED
gvs_2171a2248401391a,gvc_95c6981dc107,Bodyweight Thruster,Bodyweight Thruster,,MANUAL,Thighs,MVP_CANDIDATE,Resistance/strength candidate,Bodyweight,inferred_bodyweight,하체,source,,,unsupported,reps,bodyweight,,,1,0,1,MANUAL_QA_REQUIRED
gvs_6880a5f7f1921697,gvc_08370d784da7,Bodyweight Walking Calf Raise,Bodyweight Walking Calf Raise,,MANUAL,Calves,MVP_CANDIDATE,Resistance/strength candidate,Bodyweight,inferred_bodyweight,하체,source,종아리,,name_high,reps,bodyweight,,,1,1,0,MANUAL_QA_REQUIRED
gvs_442e116d17afcc71,gvc_e95e4826dc5a,Bodyweight Wall Squat,Bodyweight Wall Squat,,MANUAL,Thighs,MVP_CANDIDATE,Resistance/strength candidate,Bodyweight,inferred_bodyweight,하체,source,대퇴사두근,둔근,name_high,reps,bodyweight,,,1,1,0,MANUAL_QA_REQUIRED
gvs_6c4ab7054846355d,gvc_d00020156779,Bodyweight Wide Squat Hands Together,Bodyweight Wide Squat Hands Together,,MANUAL,Thighs,MVP_CANDIDATE,Resistance/strength candidate,Bodyweight,inferred_bodyweight,하체,source,대퇴사두근,둔근,name_high,reps,bodyweight,,,1,1,0,MANUAL_QA_REQUIRED
gvs_ea3603e6970c9a54,gvc_3c12a986e255,Bodyweight Windmill,Bodyweight Windmill,,MANUAL,Waist,MVP_CANDIDATE,Resistance/strength candidate,Bodyweight,inferred_bodyweight,코어,source,,,unsupported,reps,bodyweight,,,2,1,1,MANUAL_QA_REQUIRED
gvs_33726d6904e81215,gvc_6d71dc559984,Bodyweight Windmill Cut,Bodyweight Windmill Cut,,MANUAL,Waist,MVP_CANDIDATE,Resistance/strength candidate,Bodyweight,inferred_bodyweight,코어,source,,,unsupported,reps,bodyweight,,,1,0,1,MANUAL_QA_REQUIRED
gvs_d8d0a1330ef3b0b3,gvc_425f97a2772a,Bodyweight Wood Chop Squat,Bodyweight Wood Chop Squat,,MANUAL,Waist,MVP_CANDIDATE,Resistance/strength candidate,Bodyweight,inferred_bodyweight,코어,source,대퇴사두근,둔근,name_high,reps,bodyweight,,BODY_MUSCLE_FAMILY_CONFLICT,1,1,0,MANUAL_QA_REQUIRED
gvs_06d18f8123d14bad,gvc_d3356ec2dbc1,Bosu Ball Alternate Heel Touch Side Kick Squat,Bosu Ball Alternate Heel Touch Side Kick Squat,,MANUAL,Thighs,MVP_CANDIDATE,Resistance/strength candidate,Bodyweight,inferred_bodyweight,하체,source,대퇴사두근,둔근,name_high,reps,bodyweight,,,1,1,0,MANUAL_QA_REQUIRED
gvs_1b588fa5f38e4445,gvc_663048dea648,Bosu Ball Goblet Squat,Bosu Ball Goblet Squat,,MANUAL,Thighs,MVP_CANDIDATE,Resistance/strength candidate,Bodyweight,inferred_bodyweight,하체,source,대퇴사두근,둔근,name_high,reps,bodyweight,,,1,1,0,MANUAL_QA_REQUIRED
gvs_9b8bfa4e74ff4724,gvc_26cbd4b259de,Bosu Ball Single Leg Good Morning,Bosu Ball Single Leg Good Morning,,MANUAL,Hips,MVP_CANDIDATE,Resistance/strength candidate,Bodyweight,inferred_bodyweight,하체,source,,,unsupported,reps,bodyweight,,,1,1,0,MANUAL_QA_REQUIRED
gvs_0e609490fcd2268e,gvc_cb34ea6e5d7c,Bosu Ball Squat,Bosu Ball Squat,,MANUAL,Thighs,MVP_CANDIDATE,Resistance/strength candidate,Bodyweight,inferred_bodyweight,하체,source,대퇴사두근,둔근,name_high,reps,bodyweight,,,1,1,0,MANUAL_QA_REQUIRED
gvs_b79d5ce096a496be,gvc_a4fc113b1895,Bottoms Up,Bottoms Up,,MANUAL,Waist,MVP_CANDIDATE,Resistance/strength candidate,Bodyweight,inferred_bodyweight,코어,source,,,unsupported,reps,bodyweight,,,2,1,1,MANUAL_QA_REQUIRED
gvs_575389e0aef09f72,gvc_c673392ea883,Box Assisted Pull Up,Box Assisted Pull Up,,MANUAL,Back,MVP_CANDIDATE,Resistance/strength candidate,,unknown,등,source,광배근,이두근 / 승모근,name_high,,review,,,1,0,1,MANUAL_QA_REQUIRED
gvs_7ea63d9614654d5c,gvc_c6d454f2bceb,Box Single Leg Assisted Pull Up,Box Single Leg Assisted Pull Up,,MANUAL,Back,MVP_CANDIDATE,Resistance/strength candidate,,unknown,등,source,광배근,이두근 / 승모근,name_high,,review,,,1,0,1,MANUAL_QA_REQUIRED
gvs_4b197a156f155e41,gvc_96ce7472ceb0,Bridge Alternate Leg Lift,Bridge Alternate Leg Lift,,MANUAL,Hips,MVP_CANDIDATE,Resistance/strength candidate,Bodyweight,inferred_bodyweight,하체,source,,,unsupported,reps,bodyweight,,,1,0,1,MANUAL_QA_REQUIRED
gvs_234ebe17584175ff,gvc_754659bb0a8f,Bridge Hip Abduction,Bridge Hip Abduction,,MANUAL,Hips,MVP_CANDIDATE,Resistance/strength candidate,Bodyweight,inferred_bodyweight,하체,source,중둔근,,name_high,reps,bodyweight,,,2,1,1,MANUAL_QA_REQUIRED
gvs_08cbbf58c4c088d2,gvc_5ed8e49d876a,Bridge Straight Leg Raise,Bridge Straight Leg Raise,,MANUAL,Hips,MVP_CANDIDATE,Resistance/strength candidate,Bodyweight,inferred_bodyweight,하체,source,복직근,,name_high,reps,bodyweight,reps,BODY_MUSCLE_FAMILY_CONFLICT,1,0,1,MANUAL_QA_REQUIRED
gvs_bc7171aac600f4cc,gvc_e96467b122a5,Bridge Walk,Bridge Walk,,MANUAL,Hips,MVP_CANDIDATE,Resistance/strength candidate,Bodyweight,inferred_bodyweight,하체,source,,,unsupported,reps,bodyweight,,,1,1,0,MANUAL_QA_REQUIRED
gvs_9cb98551b6746625,gvc_9ddf7d2fb490,Bridge Walk Leg Raise,Bridge Walk Leg Raise,,MANUAL,Hips,MVP_CANDIDATE,Resistance/strength candidate,Bodyweight,inferred_bodyweight,하체,source,복직근,,name_high,reps,bodyweight,reps,BODY_MUSCLE_FAMILY_CONFLICT,1,0,1,MANUAL_QA_REQUIRED
gvs_2a36a78b6e2fe3bb,gvc_da0b841d237c,Bulgarian Split Squat,Bulgarian Split Squat,불가리안 스플릿 스쿼트,AUTO_PHRASE_DRAFT,Thighs,MVP_CANDIDATE,Resistance/strength candidate,Bodyweight,inferred_bodyweight,하체,source,대퇴사두근,둔근,name_high,reps,bodyweight,,,1,1,0,AUTO_DRAFT_COMPLETE
gvs_6f455baff64f06a7,gvc_a53e67608c4a,Bulgarian Split Squat With Chair,Bulgarian Split Squat With Chair,,MANUAL,Thighs,MVP_CANDIDATE,Resistance/strength candidate,Bodyweight,inferred_bodyweight,하체,source,대퇴사두근,둔근,name_high,reps,bodyweight,,,1,1,0,MANUAL_QA_REQUIRED
gvs_8892ffac9f2473c6,gvc_49ef379feb1c,Butterfly Pull Up,Butterfly Pull Up,,MANUAL,Back,MVP_CANDIDATE,Resistance/strength candidate,Bodyweight,inferred_bodyweight,등,source,광배근,이두근 / 승모근,name_high,reps,bodyweight,,,1,1,0,MANUAL_QA_REQUIRED
gvs_d4e67ac2bc0ba7ec,gvc_0a04f32623b7,Butterfly Twist,Butterfly Twist,,MANUAL,Waist,MVP_CANDIDATE,Resistance/strength candidate,Bodyweight,inferred_bodyweight,코어,source,,,unsupported,reps,bodyweight,,,1,0,1,MANUAL_QA_REQUIRED
gvs_9fd99d079b102e97,gvc_9f7bb38063e6,Butterfly Yoga Flaps,Butterfly Yoga Flaps,,MANUAL,Hips,MVP_CANDIDATE,Resistance/strength candidate,Bodyweight,inferred_bodyweight,하체,source,,,unsupported,reps,bodyweight,,,2,1,1,MANUAL_QA_REQUIRED
gvs_947d2391afd8eea1,gvc_5173857d7a63,Bycicle Twisting Crunch,Bycicle Twisting Crunch,,MANUAL,Waist,MVP_CANDIDATE,Resistance/strength candidate,Bodyweight,inferred_bodyweight,코어,source,복직근,,name_high,reps,bodyweight,reps,,1,0,1,MANUAL_QA_REQUIRED
gvs_5e059c9b2fd53ebb,gvc_ef0f65d16eb7,Cable 45 Degrees Reverse Fly,Cable 45 Degree Reverse Fly,케이블 45도 리버스 플라이,AUTO_PHRASE_DRAFT,Shoulders,MVP_CANDIDATE,Resistance/strength candidate,Cable,source,어깨,source,후면 삼각근,,name_high,weight_reps,equipment,weight_reps,,1,1,0,AUTO_DRAFT_COMPLETE
gvs_990d033a6115a3d4,gvc_72f218206f99,Cable Alternate Triceps Extension,Cable Alternate Triceps Extension,케이블 얼터네이트 트라이셉 익스텐션,AUTO_PHRASE_DRAFT,Upper-Arms,MVP_CANDIDATE,Resistance/strength candidate,Cable,source,팔,source,삼두근,,name_high,weight_reps,equipment,weight_reps,,1,1,0,AUTO_DRAFT_COMPLETE
gvs_c11e729795cfe887,gvc_f2a78b467d9e,Cable Alternative Fly,Cable Alternative Fly,,MANUAL,Chest,MVP_CANDIDATE,Resistance/strength candidate,Cable,source,가슴,source,,,unsupported,weight_reps,equipment,weight_reps,,1,1,0,MANUAL_QA_REQUIRED
gvs_fc38c89203fa5a50,gvc_5c1006f5d85a,Cable Assisted Inverse Leg Curl,Cable Assisted Inverse Leg Curl,,MANUAL,Thighs,MVP_CANDIDATE,Resistance/strength candidate,Cable,source,하체,source,햄스트링,,name_high,weight_reps,equipment,weight_reps,,2,1,1,MANUAL_QA_REQUIRED
gvs_677c1e25a26b82b5,gvc_2cc7550fb10e,Cable Bar Lateral Pulldown,Cable Bar Lateral Pulldown,,MANUAL,Back,MVP_CANDIDATE,Resistance/strength candidate,Cable,source,등,source,,,unsupported,weight_reps,equipment,weight_reps,,2,1,1,MANUAL_QA_REQUIRED
gvs_b422a9c160f1fe31,gvc_0660992e0b11,Cable Bench Press,Cable Bench Press,케이블 벤치프레스,AUTO_PHRASE_DRAFT,Chest,MVP_CANDIDATE,Resistance/strength candidate,Cable,source,가슴,source,대흉근,삼두근 / 전면 삼각근,name_high,weight_reps,equipment,weight_reps,,1,1,0,AUTO_DRAFT_COMPLETE
gvs_1377ab47229a9b87,gvc_56bf896521ba,Cable Bent Over Neutral Grip Kickback With Rope Attachment,Cable Bent Over Neutral Grip Kickback With Rope Attachment,,MANUAL,Upper-Arms,MVP_CANDIDATE,Resistance/strength candidate,Cable,source,팔,source,,,unsupported,weight_reps,equipment,weight_reps,,1,1,0,MANUAL_QA_REQUIRED
gvs_de5360a751b5c66f,gvc_96d9cd2cc576,Cable Bent Over Reverse Grip Row,Cable Bent Over Reverse Grip Row,케이블 벤트오버 리버스 그립 로우,AUTO_PHRASE_DRAFT,Back,MVP_CANDIDATE,Resistance/strength candidate,Cable,source,등,source,등 상부 / 광배근,이두근,name_high,weight_reps,equipment,weight_reps,,1,1,0,AUTO_DRAFT_COMPLETE
gvs_e3a8a7a727bc4fc7,gvc_5ba773dc709a,Cable Bent Over Row,Cable Bent Over Row,케이블 벤트오버 로우,AUTO_PHRASE_DRAFT,Back,MVP_CANDIDATE,Resistance/strength candidate,Cable,source,등,source,등 상부 / 광배근,이두근,name_high,weight_reps,equipment,weight_reps,,1,1,0,AUTO_DRAFT_COMPLETE
gvs_433755667d1a1a8c,gvc_723b9ae1d071,Cable Bent Over Single Arm Crossover,Cable Bent Over Single Arm Crossover,,MANUAL,Chest,MVP_CANDIDATE,Resistance/strength candidate,Cable,source,가슴,source,,,unsupported,weight_reps,equipment,weight_reps,,1,0,1,MANUAL_QA_REQUIRED
gvs_e8e20741a9a8d12d,gvc_7dc32b5eda05,Cable Bent Over One Arm Lateral Raise,Cable Bent Over Single Arm Lateral Raise,케이블 벤트오버 원암 레터럴 레이즈,AUTO_PHRASE_DRAFT,Shoulders,MVP_CANDIDATE,Resistance/strength candidate,Cable,source,어깨,source,측면 삼각근,,name_high,weight_reps,equipment,weight_reps,,1,1,0,AUTO_DRAFT_COMPLETE
gvs_73e84b2f08e8bb9f,gvc_959f954d9e31,Cable Bent Over Single Arm Neutral Grip Kickback With Rope Attachment,Cable Bent Over Single Arm Neutral Grip Kickback With Rope Attachment,,MANUAL,Upper-Arms,MVP_CANDIDATE,Resistance/strength candidate,Cable,source,팔,source,,,unsupported,weight_reps,equipment,weight_reps,,1,1,0,MANUAL_QA_REQUIRED
gvs_d298ea8cd5277ec2,gvc_0d2c437fd883,Cable Biceps Curl (sz Bar),Cable Biceps Curl (Sz Bar),,MANUAL,Upper-Arms,MVP_CANDIDATE,Resistance/strength candidate,Cable,source,팔,source,이두근,,name_high,weight_reps,equipment,weight_reps,,2,1,1,MANUAL_QA_REQUIRED
gvs_bc1f6ffde74b06b5,gvc_f44a30582db8,Cable Close Grip Curl,Cable Close Grip Curl,,MANUAL,Upper-Arms,MVP_CANDIDATE,Resistance/strength candidate,Cable,source,팔,source,,,unsupported,weight_reps,equipment,weight_reps,,1,1,0,MANUAL_QA_REQUIRED
gvs_6caf48c3f7ce6073,gvc_2973959d8edb,Cable Close Grip Front Lat Pulldown,Cable Close Grip Front Lat Pulldown,케이블 클로즈 그립 프론트 랫 풀다운,AUTO_PHRASE_DRAFT,Back,MVP_CANDIDATE,Resistance/strength candidate,Cable,source,등,source,광배근,이두근 / 승모근,name_high,weight_reps,equipment,weight_reps,,2,1,1,AUTO_DRAFT_COMPLETE
gvs_e622cdb0ee69ee18,gvc_34b8ad74cbc0;gvc_968578e2087c,Cable Concentration Extension (on Knee) | Cable Concentration Extension (on Knee) U,Cable Concentration Extension (On Knee),,MANUAL,Upper-Arms,MVP_CANDIDATE,Resistance/strength candidate,Cable,source,팔,source,,,unsupported,weight_reps,equipment,weight_reps,,2,1,1,MANUAL_QA_REQUIRED
gvs_888a0d8b4f607183,gvc_76373412ef8c,Cable Cross Body Hammer Curl,Cable Cross Body Hammer Curl,,MANUAL,Upper-Arms,MVP_CANDIDATE,Resistance/strength candidate,Cable,source,팔,source,이두근,,name_high,weight_reps,equipment,weight_reps,,1,1,0,MANUAL_QA_REQUIRED
gvs_b9170115f0106d9d,gvc_32243fcc8fa4,Cable Cross Over Lateral Pulldown,Cable Cross Over Lateral Pulldown,,MANUAL,Back,MVP_CANDIDATE,Resistance/strength candidate,Cable,source,등,source,,,unsupported,weight_reps,equipment,weight_reps,,2,1,1,MANUAL_QA_REQUIRED
gvs_f568b21a60294ae8,gvc_985f542eeb9d,Cable Cross Over Revers Fly,Cable Cross Over Reverse Fly,,MANUAL,Shoulders,MVP_CANDIDATE,Resistance/strength candidate,Cable,source,어깨,source,후면 삼각근,,name_high,weight_reps,equipment,weight_reps,,2,1,1,MANUAL_QA_REQUIRED
gvs_76d6463dd513ede5,gvc_a8d1cb3f76bb,Cable Curl,Cable Curl,,MANUAL,Upper-Arms,MVP_CANDIDATE,Resistance/strength candidate,Cable,source,팔,source,,,unsupported,weight_reps,equipment,weight_reps,,1,0,1,MANUAL_QA_REQUIRED
gvs_3f6cc67aa910fed0,gvc_e0224f76ee39,Cable Curl With Multipurpose V Bar,Cable Curl With Multipurpose V Bar,,MANUAL,Forearms,MVP_CANDIDATE,Resistance/strength candidate,Cable,source,팔,source,,,unsupported,weight_reps,equipment,weight_reps,,1,1,0,MANUAL_QA_REQUIRED
gvs_f3fa420f3dad0c1f,gvc_5f1755171285,Cable Deadlift,Cable Deadlift,케이블 데드리프트,AUTO_PHRASE_DRAFT,Thighs,MVP_CANDIDATE,Resistance/strength candidate,Cable,source,하체,source,둔근 / 햄스트링,등 / 코어,name_high,weight_reps,equipment,weight_reps,,2,1,1,AUTO_DRAFT_COMPLETE
gvs_43a721ea50a92768,gvc_95b44221c783,Cable Decline Crunch,Cable Decline Crunch,케이블 디클라인 크런치,AUTO_PHRASE_DRAFT,Waist,MVP_CANDIDATE,Resistance/strength candidate,Cable,source,코어,source,복직근,,name_high,weight_reps,equipment,weight_reps,,1,1,0,AUTO_DRAFT_COMPLETE
gvs_0cefaec661d11850,gvc_eb7dde8e4f73,Cable Decline Fly,Cable Decline Fly,,MANUAL,Chest,MVP_CANDIDATE,Resistance/strength candidate,Cable,source,가슴,source,,,unsupported,weight_reps,equipment,weight_reps,,3,2,1,MANUAL_QA_REQUIRED
gvs_5dc9a1b8c563fc1e,gvc_2b1e01f48641,Cable Decline Press,Cable Decline Press,,MANUAL,Chest,MVP_CANDIDATE,Resistance/strength candidate,Cable,source,가슴,source,,,unsupported,weight_reps,equipment,weight_reps,,1,1,0,MANUAL_QA_REQUIRED
gvs_3cd5ff34bdc29d0a,gvc_f4c5f5822bda,Cable Donkey Diagonal Kickback,Cable Donkey Diagonal Kickback,,MANUAL,Hips,MVP_CANDIDATE,Resistance/strength candidate,Cable,source,하체,source,,,unsupported,weight_reps,equipment,weight_reps,,2,1,1,MANUAL_QA_REQUIRED
gvs_888093c5289b3ef9,gvc_3a3e7ae7ced5,Cable Donkey Kickback,Cable Donkey Kickback,,MANUAL,Hips,MVP_CANDIDATE,Resistance/strength candidate,Cable,source,하체,source,,,unsupported,weight_reps,equipment,weight_reps,,2,1,1,MANUAL_QA_REQUIRED
gvs_6176afd61b49bd84,gvc_0aaabfce2cdb,Cable Drag Curl,Cable Drag Curl,,MANUAL,Upper-Arms,MVP_CANDIDATE,Resistance/strength candidate,Cable,source,팔,source,,,unsupported,weight_reps,equipment,weight_reps,,1,1,0,MANUAL_QA_REQUIRED
gvs_35d787de338e9e60,gvc_6e231a0c555b,Cable Elevated Row,Cable Elevated Row,,MANUAL,Back,MVP_CANDIDATE,Resistance/strength candidate,Cable,source,등,source,등 상부 / 광배근,이두근,name_high,weight_reps,equipment,weight_reps,,1,1,0,MANUAL_QA_REQUIRED
gvs_2c4aa4f62ee481e0,gvc_764447399308,Cable Forearm Pronation,Cable Forearm Pronation,,MANUAL,Forearms,MVP_CANDIDATE,Resistance/strength candidate,Cable,source,팔,source,,,unsupported,weight_reps,equipment,weight_reps,,2,2,0,MANUAL_QA_REQUIRED
gvs_ef4c75bd2b5fe1e1,gvc_4d18fe7f98d9,Cable Forward Raise,Cable Forward Raise,,MANUAL,Shoulders,MVP_CANDIDATE,Resistance/strength candidate,Cable,source,어깨,source,,,unsupported,weight_reps,equipment,weight_reps,,1,1,0,MANUAL_QA_REQUIRED
gvs_dc0c3124280c700e,gvc_0a5c6c933be2,Cable Front Raise,Cable Front Raise,케이블 프론트 레이즈,AUTO_PHRASE_DRAFT,Shoulders,MVP_CANDIDATE,Resistance/strength candidate,Cable,source,어깨,source,전면 삼각근,,name_high,weight_reps,equipment,weight_reps,,2,1,1,AUTO_DRAFT_COMPLETE
gvs_1e7090ec34c3bf0a,gvc_a1f3de18646c,Cable Front Raise (rope Attachment),Cable Front Raise (Rope Attachment),,MANUAL,Shoulders,MVP_CANDIDATE,Resistance/strength candidate,Cable,source,어깨,source,전면 삼각근,,name_high,weight_reps,equipment,weight_reps,,2,1,1,MANUAL_QA_REQUIRED
gvs_ce19e9c4eea1dcde,gvc_1eeac615c89e,Cable Front Seated Row,Cable Front Seated Row,케이블 프론트 시티드 로우,AUTO_PHRASE_DRAFT,Back,MVP_CANDIDATE,Resistance/strength candidate,Cable,source,등,source,등 상부 / 광배근,이두근,name_high,weight_reps,equipment,weight_reps,,2,1,1,AUTO_DRAFT_COMPLETE
gvs_653742eb6a325e13,gvc_7003eb127303,Cable Front Squat (version 2),Cable Front Squat,케이블 프론트 스쿼트,AUTO_PHRASE_DRAFT,Thighs,MVP_CANDIDATE,Resistance/strength candidate,Cable,source,하체,source,대퇴사두근,둔근,name_high,weight_reps,equipment,weight_reps,,1,1,0,AUTO_DRAFT_COMPLETE
gvs_c94265930609319b,gvc_4d71d82a1a55,Cable Front Squat With V Bar,Cable Front Squat With V Bar,,MANUAL,Thighs,MVP_CANDIDATE,Resistance/strength candidate,Cable,source,하체,source,대퇴사두근,둔근,name_high,weight_reps,equipment,weight_reps,,1,1,0,MANUAL_QA_REQUIRED
gvs_00bcc2a9742771f9,gvc_f2db42e4f5eb,Cable Glute Dominant Step Up,Cable Glute Dominant Step Up,,MANUAL,Hips,MVP_CANDIDATE,Resistance/strength candidate,Cable,source,하체,source,대퇴사두근,둔근,name_high,weight_reps,equipment,weight_reps,,1,1,0,MANUAL_QA_REQUIRED
gvs_9091b1fa082219a0,gvc_bc649c1a136c,Cable Goblet Squat,Cable Goblet Squat,케이블 고블릿 스쿼트,AUTO_PHRASE_DRAFT,Thighs,MVP_CANDIDATE,Resistance/strength candidate,Cable,source,하체,source,대퇴사두근,둔근,name_high,weight_reps,equipment,weight_reps,,2,1,1,AUTO_DRAFT_COMPLETE
gvs_18cf773fa9f0c88f,gvc_a1ce7fab93ba,Cable Half Kneeling External Rotation Press,Cable Half Kneeling External Rotation Press,,MANUAL,,MVP_CANDIDATE,Resistance/strength candidate,Cable,source,,unknown,,,unsupported,weight_reps,equipment,weight_reps,,1,1,0,MANUAL_QA_REQUIRED
gvs_9f3cdbb3bf4b89cb,gvc_99e5effa67bf,Cable Half Kneeling Face Pull,Cable Half Kneeling Face Pull,,MANUAL,Shoulders,MVP_CANDIDATE,Resistance/strength candidate,Cable,source,어깨,source,,,unsupported,weight_reps,equipment,weight_reps,,1,1,0,MANUAL_QA_REQUIRED
gvs_35fc0d94eb2bb156,gvc_6f34f656725f,Cable Half Kneeling Lift,Cable Half Kneeling Lift,,MANUAL,Chest,MVP_CANDIDATE,Resistance/strength candidate,Cable,source,가슴,source,,,unsupported,weight_reps,equipment,weight_reps,,1,1,0,MANUAL_QA_REQUIRED
gvs_c109ac7a54bc3ec0,gvc_c76f127f8e56,Cable Half Kneeling Pallof Press,Cable Half Kneeling Pallof Press,,MANUAL,Waist,MVP_CANDIDATE,Resistance/strength candidate,Cable,source,코어,source,,,unsupported,weight_reps,equipment,weight_reps,,1,1,0,MANUAL_QA_REQUIRED
gvs_20a95497e3c8193f,gvc_f84fdf297c9c,Cable Half Kneeling Single Arm Row,Cable Half Kneeling Single Arm Row,,MANUAL,Back,MVP_CANDIDATE,Resistance/strength candidate,Cable,source,등,source,등 상부 / 광배근,이두근,name_high,weight_reps,equipment,weight_reps,,1,1,0,MANUAL_QA_REQUIRED
gvs_d15716fa1e9009c0,gvc_12057b0432ca,Cable Half Kneeling Single Arm Row (version 2) (ma,Cable Half Kneeling Single Arm Row,,MANUAL,,MVP_CANDIDATE,Resistance/strength candidate,Cable,source,등,name,등 상부 / 광배근,이두근,name_high,weight_reps,equipment,weight_reps,,1,1,0,MANUAL_QA_REQUIRED
gvs_608cf9c6e15faf94,gvc_4c7599eaf9c9,Cable Hammer Curl,Cable Hammer Curl,케이블 해머 컬,AUTO_PHRASE_DRAFT,Forearms,MVP_CANDIDATE,Resistance/strength candidate,Cable,source,팔,source,이두근,,name_high,weight_reps,equipment,weight_reps,,1,0,1,AUTO_DRAFT_COMPLETE
gvs_5dba0ae1ef80b711,gvc_5801d52c8e59,Cable Hammer Curl (with Rope),Cable Hammer Curl (With Rope),,MANUAL,Forearms,MVP_CANDIDATE,Resistance/strength candidate,Cable,source,팔,source,이두근,,name_high,weight_reps,equipment,weight_reps,,1,1,0,MANUAL_QA_REQUIRED
gvs_b6bb288ae4fb4fcc,gvc_5d06e88fcd3d,Cable Hanging Leg Raise,Cable Hanging Leg Raise,,MANUAL,Waist,MVP_CANDIDATE,Resistance/strength candidate,Cable,source,코어,source,복직근,,name_high,weight_reps,equipment,weight_reps,,1,1,0,MANUAL_QA_REQUIRED
gvs_c2b124c0a5a0028e,gvc_a03c92aed242,Cable High Pull With Rope Attachment,Cable High Pull With Rope Attachment,,MANUAL,Shoulders,MVP_CANDIDATE,Resistance/strength candidate,Cable,source,어깨,source,,,unsupported,weight_reps,equipment,weight_reps,,1,1,0,MANUAL_QA_REQUIRED
gvs_d6e89ba507297ab1,gvc_4abc0ac7ef90,Cable High Pulley Overhead Tricep Extension,Cable High Pulley Overhead Tricep Extension,,MANUAL,Upper-Arms,MVP_CANDIDATE,Resistance/strength candidate,Cable,source,팔,source,,,unsupported,weight_reps,equipment,weight_reps,,2,1,1,MANUAL_QA_REQUIRED
gvs_e6c19ae1ff38c8e9,gvc_a81fda4d3f5b;gvc_b519b87cd9f1,Cable High Pulley Straight Bar Overhead Triceps Ex | Cable High Pulley Straight Bar Overhead Triceps Extension,Cable High Pulley Straight Bar Overhead Triceps Extension,,MANUAL,Upper-Arms,MVP_CANDIDATE,Resistance/strength candidate,Cable,source,팔,source,삼두근,,name_high,weight_reps,equipment,weight_reps,,2,1,1,MANUAL_QA_REQUIRED
gvs_f8f4de20c44344ea,gvc_e1fce7e419fb,Cable High Row,Cable High Row,케이블 하이 로우,AUTO_PHRASE_DRAFT,Back,MVP_CANDIDATE,Resistance/strength candidate,Cable,source,등,source,등 상부 / 광배근,이두근,name_high,weight_reps,equipment,weight_reps,,1,1,0,AUTO_DRAFT_COMPLETE
gvs_672871abd29e8f23,gvc_69bcb5c55da6,Cable High Row With Chest Support,Cable High Row With Chest Support,,MANUAL,Back,MVP_CANDIDATE,Resistance/strength candidate,Cable,source,등,source,등 상부 / 광배근,이두근,name_high,weight_reps,equipment,weight_reps,,1,1,0,MANUAL_QA_REQUIRED
gvs_2ff9e927afeeed6f,gvc_093ae38eace0,Cable High To Low Woodchopper,Cable High To Low Woodchopper,,MANUAL,Waist,MVP_CANDIDATE,Resistance/strength candidate,Cable,source,코어,source,,,unsupported,weight_reps,equipment,weight_reps,,1,1,0,MANUAL_QA_REQUIRED
gvs_be571bf6b1d6fbd8,gvc_c9f46a94e7c3,Cable High Triceps Extension,Cable High Triceps Extension,케이블 하이 트라이셉 익스텐션,AUTO_PHRASE_DRAFT,Upper-Arms,MVP_CANDIDATE,Resistance/strength candidate,Cable,source,팔,source,삼두근,,name_high,weight_reps,equipment,weight_reps,,1,1,0,AUTO_DRAFT_COMPLETE
gvs_4ebd98b09f87364e,gvc_1a74ecb510af,Cable Hip Abduction (version 2),Cable Hip Abduction,케이블 힙 어브덕션,AUTO_PHRASE_DRAFT,Hips,MVP_CANDIDATE,Resistance/strength candidate,Cable,source,하체,source,중둔근,,name_high,weight_reps,equipment,weight_reps,,2,1,1,AUTO_DRAFT_COMPLETE
gvs_5b0650c0d0a2734a,gvc_90d67f75b604,Cable Hip Adduction,Cable Hip Adduction,케이블 힙 어덕션,AUTO_PHRASE_DRAFT,Hips;Thighs,MVP_CANDIDATE,Resistance/strength candidate,Cable,source,하체,source,내전근,,name_high,weight_reps,equipment,weight_reps,,2,1,1,AUTO_DRAFT_COMPLETE
gvs_2fdaf501d75ac139,gvc_0ae3e5696b05,Cable Horizontal Pallof Press,Cable Horizontal Pallof Press,,MANUAL,Waist,MVP_CANDIDATE,Resistance/strength candidate,Cable,source,코어,source,,,unsupported,weight_reps,equipment,weight_reps,,2,1,1,MANUAL_QA_REQUIRED
gvs_dea57179d493677d,gvc_6097ac486294,Cable Incline Alternative Fly,Cable Incline Alternative Fly,,MANUAL,Chest,MVP_CANDIDATE,Resistance/strength candidate,Cable,source,가슴,source,,,unsupported,weight_reps,equipment,weight_reps,,1,1,0,MANUAL_QA_REQUIRED
gvs_12731f2699193194,gvc_0cef848794fd,Cable Incline Bench Press,Cable Incline Bench Press,케이블 인클라인 벤치프레스,AUTO_PHRASE_DRAFT,Chest,MVP_CANDIDATE,Resistance/strength candidate,Cable,source,가슴,source,대흉근,삼두근 / 전면 삼각근,name_high,weight_reps,equipment,weight_reps,,1,1,0,AUTO_DRAFT_COMPLETE
gvs_17351751089a05bd,gvc_e64f2c869572,Cable Incline Biceps Curl,Cable Incline Biceps Curl,케이블 인클라인 바이셉 컬,AUTO_PHRASE_DRAFT,Upper-Arms,MVP_CANDIDATE,Resistance/strength candidate,Cable,source,팔,source,이두근,,name_high,weight_reps,equipment,weight_reps,,1,1,0,AUTO_DRAFT_COMPLETE
gvs_06a47e506e01aaa6,gvc_f5c6873aa2a7,Cable Incline Close Grip Shoulder Press With V Bar,Cable Incline Close Grip Shoulder Press With V Bar,,MANUAL,,MVP_CANDIDATE,Resistance/strength candidate,Cable,source,어깨,name,삼각근,삼두근,name_high,weight_reps,equipment,weight_reps,,1,1,0,MANUAL_QA_REQUIRED
gvs_7a67462cc1417e02,gvc_f230b8965b9f,Cable Incline Fly,Cable Incline Fly,,MANUAL,Chest,MVP_CANDIDATE,Resistance/strength candidate,Cable,source,가슴,source,,,unsupported,weight_reps,equipment,weight_reps,,2,1,1,MANUAL_QA_REQUIRED
gvs_72444d685391425e,gvc_15909ffcae3d,Cable Incline Fly (on Stability Ball),Cable Incline Fly (On Stability Ball),,MANUAL,Chest,MVP_CANDIDATE,Resistance/strength candidate,Cable,source,가슴,source,,,unsupported,weight_reps,equipment,weight_reps,,1,1,0,MANUAL_QA_REQUIRED
gvs_ef165322543c7318,gvc_b0791392264c,Cable Incline Inner Biceps Curl,Cable Incline Inner Biceps Curl,,MANUAL,Upper-Arms,MVP_CANDIDATE,Resistance/strength candidate,Cable,source,팔,source,이두근,,name_high,weight_reps,equipment,weight_reps,,1,1,0,MANUAL_QA_REQUIRED
gvs_d47b1c977db9c69f,gvc_ac739b86f9cd,Cable Incline Pushdown,Cable Incline Pushdown,,MANUAL,Back,MVP_CANDIDATE,Resistance/strength candidate,Cable,source,등,source,,,unsupported,weight_reps,equipment,weight_reps,,2,1,1,MANUAL_QA_REQUIRED
gvs_d6ae00a12725ba35,gvc_5a84f260d368,Cable Incline Rear Delt Fly With Back Support (mal,Cable Incline Rear Delt Fly With Back Support,,MANUAL,,MVP_CANDIDATE,Resistance/strength candidate,Cable,source,가슴,name,후면 삼각근,,name_high,weight_reps,equipment,weight_reps,BODY_MUSCLE_FAMILY_CONFLICT,1,1,0,MANUAL_QA_REQUIRED
gvs_9180df0307e0f523,gvc_1b0d9dd86029,Cable Incline Single Arm Lat Pulldown,Cable Incline Single Arm Lat Pulldown,케이블 인클라인 원암 랫 풀다운,AUTO_PHRASE_DRAFT,Back,MVP_CANDIDATE,Resistance/strength candidate,Cable,source,등,source,광배근,이두근 / 승모근,name_high,weight_reps,equipment,weight_reps,,2,1,1,AUTO_DRAFT_COMPLETE
gvs_fc97a1e97ea56ba9,gvc_c4fe66b943ed,Cable Incline Skull Crusher,Cable Incline Skull Crusher,케이블 인클라인 스컬 크러셔,AUTO_PHRASE_DRAFT,Upper-Arms,MVP_CANDIDATE,Resistance/strength candidate,Cable,source,팔,source,삼두근,,name_high,weight_reps,equipment,weight_reps,,1,1,0,AUTO_DRAFT_COMPLETE
gvs_e1effed667109f74,gvc_6ff17eea5709,Cable Incline Triceps Extension,Cable Incline Triceps Extension,케이블 인클라인 트라이셉 익스텐션,AUTO_PHRASE_DRAFT,Upper-Arms,MVP_CANDIDATE,Resistance/strength candidate,Cable,source,팔,source,삼두근,,name_high,weight_reps,equipment,weight_reps,,1,1,0,AUTO_DRAFT_COMPLETE
gvs_b0abb0cf8cf0c8af,gvc_f1d24cb6c822,Cable Incline Y Raise With Back Support,Cable Incline Y Raise With Back Support,,MANUAL,Shoulders,MVP_CANDIDATE,Resistance/strength candidate,Cable,source,어깨,source,,,unsupported,weight_reps,equipment,weight_reps,,1,1,0,MANUAL_QA_REQUIRED
gvs_ddbe27c3b88c009b,gvc_eb2e8cd9d850,Cable Incline Y Raise Wrist Straps With Back Suppo,Cable Incline Y Raise Wrist Straps With Back Suppo,,MANUAL,,MVP_CANDIDATE,Resistance/strength candidate,Cable,source,팔,name,,,unsupported,weight_reps,equipment,weight_reps,,1,1,0,MANUAL_QA_REQUIRED
gvs_4adaa7df627a19af,gvc_0dcf5e2b843c,Cable Ipsilateral Glute Dominant Step Up,Cable Ipsilateral Glute Dominant Step Up,,MANUAL,,MVP_CANDIDATE,Resistance/strength candidate,Cable,source,하체,name,대퇴사두근,둔근,name_high,weight_reps,equipment,weight_reps,,1,0,1,MANUAL_QA_REQUIRED
gvs_0d377ebd6a1a489d,gvc_8c2beefdf170,Cable Jack Hammer Pushdown,Cable Jack Hammer Pushdown,,MANUAL,Upper-Arms,MVP_CANDIDATE,Resistance/strength candidate,Cable,source,팔,source,,,unsupported,weight_reps,equipment,weight_reps,,1,1,0,MANUAL_QA_REQUIRED
gvs_3df6bd90ee06b46e,gvc_e67fdfb1e27e,Cable Judo Flip,Cable Judo Flip,,MANUAL,Waist,MVP_CANDIDATE,Resistance/strength candidate,Cable,source,코어,source,,,unsupported,weight_reps,equipment,weight_reps,,1,0,1,MANUAL_QA_REQUIRED
gvs_4f7bd6890da46ee1,gvc_8a637a0bb6a0,Cable Kickback,Cable Kickback,케이블 킥백,AUTO_PHRASE_DRAFT,Upper-Arms,MVP_CANDIDATE,Resistance/strength candidate,Cable,source,팔,source,,,unsupported,weight_reps,equipment,weight_reps,,1,1,0,AUTO_DRAFT_COMPLETE
gvs_bebcc7520854ddcc,gvc_851fe20082ad,Cable Kickback Ii,Cable Kickback Ii,,MANUAL,Upper-Arms,MVP_CANDIDATE,Resistance/strength candidate,Cable,source,팔,source,,,unsupported,weight_reps,equipment,weight_reps,,1,0,1,MANUAL_QA_REQUIRED
gvs_88cf486ec56f2606,gvc_64c7997ea952;gvc_863be85846f3,Cable Kneeling Crunch | Cable Kneeling Crunch (version 2),Cable Kneeling Crunch,케이블 닐링 크런치,AUTO_PHRASE_DRAFT,Waist,MVP_CANDIDATE,Resistance/strength candidate,Cable,source,코어,source,복직근,,name_high,weight_reps,equipment,weight_reps,,4,2,2,AUTO_DRAFT_COMPLETE
gvs_4d5c8a85ac53df01,gvc_46a3fc4541bd,Cable Kneeling Glute Kickback,Cable Kneeling Glute Kickback,,MANUAL,Hips,MVP_CANDIDATE,Resistance/strength candidate,Cable,source,하체,source,,,unsupported,weight_reps,equipment,weight_reps,,2,1,1,MANUAL_QA_REQUIRED
gvs_4d466b80867f0b52,gvc_40ffadb38f59,Cable Kneeling High Low Anti Rotation Chop,Cable Kneeling High Low Anti Rotation Chop,,MANUAL,,MVP_CANDIDATE,Resistance/strength candidate,Cable,source,,unknown,,,unsupported,weight_reps,equipment,weight_reps,,1,1,0,MANUAL_QA_REQUIRED
gvs_636dcf8d9e55d9f9,gvc_9b157d101ff7,Cable Kneeling High To Low Fly,Cable Kneeling High To Low Fly,,MANUAL,Chest,MVP_CANDIDATE,Resistance/strength candidate,Cable,source,가슴,source,,,unsupported,weight_reps,equipment,weight_reps,,1,1,0,MANUAL_QA_REQUIRED
gvs_36e5f0f020449b36,gvc_159ae16b3daf,Cable Kneeling Hip Abduction,Cable Kneeling Hip Abduction,케이블 닐링 힙 어브덕션,AUTO_PHRASE_DRAFT,Hips,MVP_CANDIDATE,Resistance/strength candidate,Cable,source,하체,source,중둔근,,name_high,weight_reps,equipment,weight_reps,,1,0,1,AUTO_DRAFT_COMPLETE
gvs_6c0a60a431105bf2,gvc_76976d4dc293,Cable Kneeling Pull Through,Cable Kneeling Pull Through,케이블 닐링 풀스루,AUTO_PHRASE_DRAFT,Hips,MVP_CANDIDATE,Resistance/strength candidate,Cable,source,하체,source,,,unsupported,weight_reps,equipment,weight_reps,,1,1,0,AUTO_DRAFT_COMPLETE
gvs_72a70b8e247ce9a0,gvc_c06b51a4d60b,Cable Kneeling Rear Delt Row (with Rope),Cable Kneeling Rear Delt Row (With Rope),,MANUAL,Shoulders,MVP_CANDIDATE,Resistance/strength candidate,Cable,source,어깨,source,후면 삼각근,,name_high,weight_reps,equipment,weight_reps,,1,1,0,MANUAL_QA_REQUIRED
gvs_fda3754789772ac7,gvc_628c3b191e83,Cable Kneeling Shoulder External Rotation B,Cable Kneeling Shoulder External Rotation B,,MANUAL,,MVP_CANDIDATE,Resistance/strength candidate,Cable,source,어깨,name,,,unsupported,weight_reps,equipment,weight_reps,,1,1,0,MANUAL_QA_REQUIRED
gvs_a4c621d4e4a57d46,gvc_c7fa8b638581,Cable Kneeling Shoulder Internal Rotation B,Cable Kneeling Shoulder Internal Rotation B,,MANUAL,,MVP_CANDIDATE,Resistance/strength candidate,Cable,source,어깨,name,,,unsupported,weight_reps,equipment,weight_reps,,1,1,0,MANUAL_QA_REQUIRED
gvs_43602ab25428ad30,gvc_6ed61b5f73b9,Cable Kneeling Shoulder Press,Cable Kneeling Shoulder Press,케이블 닐링 숄더 프레스,AUTO_PHRASE_DRAFT,Shoulders,MVP_CANDIDATE,Resistance/strength candidate,Cable,source,어깨,source,삼각근,삼두근,name_high,weight_reps,equipment,weight_reps,,1,1,0,AUTO_DRAFT_COMPLETE
gvs_ec17668bc3d9e19b,gvc_69529979fe97,Cable Kneeling Side Crunch,Cable Kneeling Side Crunch,케이블 닐링 사이드 크런치,AUTO_PHRASE_DRAFT,Waist,MVP_CANDIDATE,Resistance/strength candidate,Cable,source,코어,source,복사근,코어,name_high,weight_reps,equipment,weight_reps,,1,1,0,AUTO_DRAFT_COMPLETE
gvs_e7c7b9d2f7c2be40,gvc_d68105c5ffb0,Cable Kneeling Single Arm Fly,Cable Kneeling Single Arm Fly,,MANUAL,Chest,MVP_CANDIDATE,Resistance/strength candidate,Cable,source,가슴,source,,,unsupported,weight_reps,equipment,weight_reps,,1,1,0,MANUAL_QA_REQUIRED
gvs_c7f785394946b675,gvc_0c46a159784a,Cable Kneeling One Arm Lat Pulldown,Cable Kneeling Single Arm Lat Pulldown,케이블 닐링 원암 랫 풀다운,AUTO_PHRASE_DRAFT,Back,MVP_CANDIDATE,Resistance/strength candidate,Cable,source,등,source,광배근,이두근 / 승모근,name_high,weight_reps,equipment,weight_reps,,1,1,0,AUTO_DRAFT_COMPLETE
gvs_df5455f819dc125c,gvc_2fbbf8a4627c;gvc_fc0b9d6cb8e6,Cable Kneeling Triceps Extension | Cable Kneeling Triceps Extension (version 2),Cable Kneeling Triceps Extension,케이블 닐링 트라이셉 익스텐션,AUTO_PHRASE_DRAFT,Upper-Arms,MVP_CANDIDATE,Resistance/strength candidate,Cable,source,팔,source,삼두근,,name_high,weight_reps,equipment,weight_reps,,3,2,1,AUTO_DRAFT_COMPLETE
gvs_c4fee969fa7562a1,gvc_49d2622a07d2,Cable Kneeling Twist,Cable Kneeling Twist,,MANUAL,Waist,MVP_CANDIDATE,Resistance/strength candidate,Cable,source,코어,source,,,unsupported,weight_reps,equipment,weight_reps,,1,0,1,MANUAL_QA_REQUIRED
gvs_caa268e3eed13543,gvc_ab8a33ed4064,Cable Lat Pulldown Full Range Of Motion,Cable Lat Pulldown Full Range Of Motion,,MANUAL,Back,MVP_CANDIDATE,Resistance/strength candidate,Cable,source,등,source,광배근,이두근 / 승모근,name_high,weight_reps,equipment,weight_reps,,1,1,0,MANUAL_QA_REQUIRED
gvs_d9b563591feb8271,gvc_7eaaaa8e263a,Cable Lateral Pulldown (with Rope Attachment),Cable Lateral Pulldown (With Rope Attachment),,MANUAL,Back,MVP_CANDIDATE,Resistance/strength candidate,Cable,source,등,source,,,unsupported,weight_reps,equipment,weight_reps,,1,1,0,MANUAL_QA_REQUIRED
gvs_566a110871735b36,gvc_285ee600b6a0,Cable Lateral Pulldown With Mag Grip,Cable Lateral Pulldown With Mag Grip,,MANUAL,Back,MVP_CANDIDATE,Resistance/strength candidate,Cable,source,등,source,,,unsupported,weight_reps,equipment,weight_reps,,2,1,1,MANUAL_QA_REQUIRED
gvs_fb552a50cfa60fea,gvc_6a93ca5a02af,Cable Lateral Pulldown With V Bar,Cable Lateral Pulldown With V Bar,,MANUAL,Back,MVP_CANDIDATE,Resistance/strength candidate,Cable,source,등,source,,,unsupported,weight_reps,equipment,weight_reps,,1,1,0,MANUAL_QA_REQUIRED
gvs_0e089a8887627cd2,gvc_1182e4325b9d,Cable Lateral Raise,Cable Lateral Raise,케이블 레터럴 레이즈,AUTO_PHRASE_DRAFT,Shoulders,MVP_CANDIDATE,Resistance/strength candidate,Cable,source,어깨,source,측면 삼각근,,name_high,weight_reps,equipment,weight_reps,,2,1,1,AUTO_DRAFT_COMPLETE
gvs_3977151727960d3f,gvc_3236cdfa40ef,Cable Leaning Lateral Raise,Cable Leaning Lateral Raise,,MANUAL,Shoulders,MVP_CANDIDATE,Resistance/strength candidate,Cable,source,어깨,source,측면 삼각근,,name_high,weight_reps,equipment,weight_reps,,1,1,0,MANUAL_QA_REQUIRED
gvs_ef94bd1a21bdfb3a,gvc_31b5b3c90f7f;gvc_d4da559a6b9f,Cable Low Chest Press | Cable Low Chest Press (version 2),Cable Low Chest Press,케이블 로우 체스트 프레스,AUTO_PHRASE_DRAFT,Chest,MVP_CANDIDATE,Resistance/strength candidate,Cable,source,가슴,source,대흉근,삼두근 / 전면 삼각근,name_high,weight_reps,equipment,weight_reps,,2,2,0,AUTO_DRAFT_COMPLETE
gvs_bd9e3a4f52c882a7,gvc_e251409871b1,Cable Low Fly,Cable Low Fly,,MANUAL,Chest,MVP_CANDIDATE,Resistance/strength candidate,Cable,source,가슴,source,,,unsupported,weight_reps,equipment,weight_reps,,2,1,1,MANUAL_QA_REQUIRED
gvs_0b9c23ebe753863b,gvc_a6ee42671ede,Cable Low Seated Row,Cable Low Seated Row,케이블 로우 시티드 로우,AUTO_PHRASE_DRAFT,Back,MVP_CANDIDATE,Resistance/strength candidate,Cable,source,등,source,등 상부 / 광배근,이두근,name_high,weight_reps,equipment,weight_reps,,3,2,1,AUTO_DRAFT_COMPLETE
gvs_6c5f48feac83e956,gvc_3ab62bb6aa97;gvc_b22208096dff,Cable Low Seated Row With V Bar | Cable Seated Row With V Bar,Cable Low Seated Row With V Bar,,MANUAL,Back,MVP_CANDIDATE,Resistance/strength candidate,Cable,source,등,source,등 상부 / 광배근,이두근,name_high,weight_reps,equipment,weight_reps,,2,1,1,MANUAL_QA_REQUIRED
gvs_420de1e67d47e9e8,gvc_6e3fd1ca4728,Cable Lying Bicep Curl,Cable Lying Bicep Curl,,MANUAL,Upper-Arms,MVP_CANDIDATE,Resistance/strength candidate,Cable,source,팔,source,,,unsupported,weight_reps,equipment,weight_reps,,2,1,1,MANUAL_QA_REQUIRED
gvs_0e719d97a7df3da7,gvc_db9194d0a7bb,Cable Lying Biceps Curl (version 2),Cable Lying Biceps Curl,케이블 라잉 바이셉 컬,AUTO_PHRASE_DRAFT,Upper-Arms,MVP_CANDIDATE,Resistance/strength candidate,Cable,source,팔,source,이두근,,name_high,weight_reps,equipment,weight_reps,,1,1,0,AUTO_DRAFT_COMPLETE
gvs_a5e7b560bd88347a,gvc_a6fbff399941,Cable Lying Curl,Cable Lying Curl,,MANUAL,Upper-Arms,MVP_CANDIDATE,Resistance/strength candidate,Cable,source,팔,source,,,unsupported,weight_reps,equipment,weight_reps,,2,1,1,MANUAL_QA_REQUIRED
gvs_d3559085aa57134d,gvc_7fa111821388,Cable Lying Extension Pullover (with Rope Attachme,Cable Lying Extension Pullover (With Rope Attachme,,MANUAL,,MVP_CANDIDATE,Resistance/strength candidate,Cable,source,,unknown,,,unsupported,weight_reps,equipment,weight_reps,,1,1,0,MANUAL_QA_REQUIRED
gvs_1368eae5c05aa111,gvc_dfdf13e879df,Cable Lying Face Pull,Cable Lying Face Pull,,MANUAL,Shoulders,MVP_CANDIDATE,Resistance/strength candidate,Cable,source,어깨,source,,,unsupported,weight_reps,equipment,weight_reps,,1,1,0,MANUAL_QA_REQUIRED
gvs_e5172fbd1174e265,gvc_58ba1a39c068,Cable Lying Fly,Cable Lying Fly,,MANUAL,Chest,MVP_CANDIDATE,Resistance/strength candidate,Cable,source,가슴,source,,,unsupported,weight_reps,equipment,weight_reps,,2,1,1,MANUAL_QA_REQUIRED
gvs_02ca4025739650f1,gvc_1aa23a0a5d3a,Cable Lying Hip Flexion (reverse Squat),Cable Lying Hip Flexion (Reverse Squat),,MANUAL,Hips,MVP_CANDIDATE,Resistance/strength candidate,Cable,source,하체,source,대퇴사두근,둔근,name_high,weight_reps,equipment,weight_reps,,1,1,0,MANUAL_QA_REQUIRED
gvs_78ec5cde2e08c2c0,gvc_459e3d21b371,Cable Lying Single Leg Hip Flexion,Cable Lying Single Leg Hip Flexion,,MANUAL,Hips,MVP_CANDIDATE,Resistance/strength candidate,Cable,source,하체,source,,,unsupported,weight_reps,equipment,weight_reps,,1,1,0,MANUAL_QA_REQUIRED
gvs_0a66dc79d7d93d25,gvc_2ed1267b1da8,Cable Lying Triceps Extension,Cable Lying Triceps Extension,케이블 라잉 트라이셉 익스텐션,AUTO_PHRASE_DRAFT,Upper-Arms,MVP_CANDIDATE,Resistance/strength candidate,Cable,source,팔,source,삼두근,,name_high,weight_reps,equipment,weight_reps,,1,1,0,AUTO_DRAFT_COMPLETE
gvs_ef52c51f2fb9abff,gvc_733175ae0ee5,Cable Lying Triceps Extension (low),Cable Lying Triceps Extension (Low),케이블 라잉 트라이셉 익스텐션 로우,AUTO_PHRASE_DRAFT,Upper-Arms,MVP_CANDIDATE,Resistance/strength candidate,Cable,source,팔,source,삼두근,,name_high,weight_reps,equipment,weight_reps,,2,1,1,AUTO_DRAFT_COMPLETE
gvs_e6f579cfb8c4c957,gvc_57f9137392f5,Cable Lying Triceps Extension (with Rope),Cable Lying Triceps Extension (With Rope),,MANUAL,Upper-Arms,MVP_CANDIDATE,Resistance/strength candidate,Cable,source,팔,source,삼두근,,name_high,weight_reps,equipment,weight_reps,,1,1,0,MANUAL_QA_REQUIRED
gvs_b452c967fe4b5f3f,gvc_3ef7c7c18592,Cable Lying Upright Row (sz Bar),Cable Lying Upright Row (Sz Bar),,MANUAL,Shoulders,MVP_CANDIDATE,Resistance/strength candidate,Cable,source,어깨,source,등 상부 / 광배근,이두근,name_high,weight_reps,equipment,weight_reps,BODY_MUSCLE_FAMILY_CONFLICT,1,1,0,MANUAL_QA_REQUIRED
gvs_a0bd2e809f1fb932,gvc_b281d549a985,Cable Middle Fly,Cable Middle Fly,,MANUAL,Chest,MVP_CANDIDATE,Resistance/strength candidate,Cable,source,가슴,source,,,unsupported,weight_reps,equipment,weight_reps,,2,2,0,MANUAL_QA_REQUIRED
gvs_10f387e4a6459bce,gvc_f8a7600422c3,Cable Narrow Chair Stand Up,Cable Narrow Chair Stand Up,,MANUAL,Hips,MVP_CANDIDATE,Resistance/strength candidate,Cable,source,하체,source,,,unsupported,weight_reps,equipment,weight_reps,,1,0,1,MANUAL_QA_REQUIRED
gvs_ddc4594272bc99ec,gvc_dee4d47bd32d,Cable Neutral Grip Biceps Curl,Cable Neutral Grip Biceps Curl,케이블 뉴트럴 그립 바이셉 컬,AUTO_PHRASE_DRAFT,Upper-Arms,MVP_CANDIDATE,Resistance/strength candidate,Cable,source,팔,source,이두근,,name_high,weight_reps,equipment,weight_reps,,1,1,0,AUTO_DRAFT_COMPLETE
gvs_348c6ad309324fe3,gvc_d73d28725425,Cable Neutral Grip Chest Press,Cable Neutral Grip Chest Press,케이블 뉴트럴 그립 체스트 프레스,AUTO_PHRASE_DRAFT,Chest,MVP_CANDIDATE,Resistance/strength candidate,Cable,source,가슴,source,대흉근,삼두근 / 전면 삼각근,name_high,weight_reps,equipment,weight_reps,,1,1,0,AUTO_DRAFT_COMPLETE
gvs_0bca81b7ce3f2fd7,gvc_40bef2687d0c,Cable Neutral Grip Kickback,Cable Neutral Grip Kickback,케이블 뉴트럴 그립 킥백,AUTO_PHRASE_DRAFT,Upper-Arms,MVP_CANDIDATE,Resistance/strength candidate,Cable,source,팔,source,,,unsupported,weight_reps,equipment,weight_reps,,1,1,0,AUTO_DRAFT_COMPLETE
gvs_54c3ecd83ede4f4e,gvc_dcef934902b9,Cable Neutral Grip Lat Pulldown,Cable Neutral Grip Lat Pulldown,케이블 뉴트럴 그립 랫 풀다운,AUTO_PHRASE_DRAFT,Back,MVP_CANDIDATE,Resistance/strength candidate,Cable,source,등,source,광배근,이두근 / 승모근,name_high,weight_reps,equipment,weight_reps,,1,1,0,AUTO_DRAFT_COMPLETE
gvs_c0ef628e0393924e,gvc_2321bd546a4b;gvc_2321be546a4b,Cable Neutral Grip Wide Pulldown (version 2) | Cable Neutral Grip Wide Pulldown (version 3),Cable Neutral Grip Wide Pulldown,,MANUAL,Back,MVP_CANDIDATE,Resistance/strength candidate,Cable,source,등,source,,,unsupported,weight_reps,equipment,weight_reps,,2,2,0,MANUAL_QA_REQUIRED
gvs_5cd86bd96015ca05,gvc_73493fdaba5d,Cable Oblique Twist,Cable Oblique Twist,,MANUAL,Waist,MVP_CANDIDATE,Resistance/strength candidate,Cable,source,코어,source,,,unsupported,weight_reps,equipment,weight_reps,,1,1,0,MANUAL_QA_REQUIRED
gvs_90b8c13b00149e73,gvc_a3e58a6c008a,Cable Overhead Curl,Cable Overhead Curl,,MANUAL,Upper-Arms,MVP_CANDIDATE,Resistance/strength candidate,Cable,source,팔,source,,,unsupported,weight_reps,equipment,weight_reps,,1,1,0,MANUAL_QA_REQUIRED
gvs_6fa8bdc42d4f6bf2,gvc_0f0e8c9d9ff2,Cable Overhead Tricep Extension Straight Bar,Cable Overhead Tricep Extension Straight Bar,,MANUAL,Upper-Arms,MVP_CANDIDATE,Resistance/strength candidate,Cable,source,팔,source,,,unsupported,weight_reps,equipment,weight_reps,,1,1,0,MANUAL_QA_REQUIRED
gvs_dc1bad8cd9b43ae2,gvc_f8f4873da04c,Cable Overhead Triceps Extension (rope Attachment),Cable Overhead Triceps Extension (Rope Attachment),,MANUAL,Upper-Arms,MVP_CANDIDATE,Resistance/strength candidate,Cable,source,팔,source,삼두근,,name_high,weight_reps,equipment,weight_reps,,2,1,1,MANUAL_QA_REQUIRED
gvs_6df1e4a1086f05bd,gvc_3b7f14365bd0,Cable Palm Rotational Row,Cable Palm Rotational Row,,MANUAL,Back,MVP_CANDIDATE,Resistance/strength candidate,Cable,source,등,source,등 상부 / 광배근,이두근,name_high,weight_reps,equipment,weight_reps,,1,1,0,MANUAL_QA_REQUIRED
gvs_cffb4a4d3136aa35,gvc_8c13731bdb94,Cable Parallel Grip Lat Pulldown On Floor,Cable Parallel Grip Lat Pulldown On Floor,,MANUAL,Back,MVP_CANDIDATE,Resistance/strength candidate,Cable,source,등,source,광배근,이두근 / 승모근,name_high,weight_reps,equipment,weight_reps,,1,1,0,MANUAL_QA_REQUIRED
gvs_3a72365e420ff1ec,gvc_f6feada1be92,Cable Preacher Curl,Cable Preacher Curl,케이블 프리처 컬,AUTO_PHRASE_DRAFT,Upper-Arms,MVP_CANDIDATE,Resistance/strength candidate,Cable,source,팔,source,이두근,,name_high,weight_reps,equipment,weight_reps,,1,1,0,AUTO_DRAFT_COMPLETE
gvs_d067bbf7461a2f77,gvc_b6a6b71730b8,Cable Preacher Curl (rope Attachment),Cable Preacher Curl (Rope Attachment),,MANUAL,Upper-Arms,MVP_CANDIDATE,Resistance/strength candidate,Cable,source,팔,source,이두근,,name_high,weight_reps,equipment,weight_reps,,1,1,0,MANUAL_QA_REQUIRED
gvs_75a2aff6c7f118dc,gvc_bee763d2406f,Cable Pull Through,Cable Pull Through,케이블 풀스루,AUTO_PHRASE_DRAFT,Hips,MVP_CANDIDATE,Resistance/strength candidate,Cable,source,하체,source,,,unsupported,weight_reps,equipment,weight_reps,,2,1,1,AUTO_DRAFT_COMPLETE
gvs_4bb0797d75815b79,gvc_b8d6167cbbaa,Cable Pull Through (with Rope),Cable Pull Through (With Rope),,MANUAL,Hips,MVP_CANDIDATE,Resistance/strength candidate,Cable,source,하체,source,,,unsupported,weight_reps,equipment,weight_reps,,1,1,0,MANUAL_QA_REQUIRED
gvs_c13a118f090a5a87,gvc_b5aa17f2bcb1,Cable Pulldown,Cable Pulldown,케이블 풀다운,AUTO_PHRASE_DRAFT,Back,MVP_CANDIDATE,Resistance/strength candidate,Cable,source,등,source,,,unsupported,weight_reps,equipment,weight_reps,,1,1,0,AUTO_DRAFT_COMPLETE
gvs_14f34de94af58e21,gvc_29c89968a5c8,Cable Pulldown (pro Lat Bar),Cable Pulldown (Pro Lat Bar),,MANUAL,Back,MVP_CANDIDATE,Resistance/strength candidate,Cable,source,등,source,,,unsupported,weight_reps,equipment,weight_reps,,1,1,0,MANUAL_QA_REQUIRED
gvs_f63bfa0b5f44cb9b,gvc_add2c1f38025,Cable Pushdown,Cable Pushdown,,MANUAL,Upper-Arms,MVP_CANDIDATE,Resistance/strength candidate,Cable,source,팔,source,,,unsupported,weight_reps,equipment,weight_reps,,1,1,0,MANUAL_QA_REQUIRED
gvs_d3297eb2e3ec31c0,gvc_08186c3a7bd9,Cable Pushdown (straight Arm) (version 2),Cable Pushdown (Straight Arm),,MANUAL,Back,MVP_CANDIDATE,Resistance/strength candidate,Cable,source,등,source,,,unsupported,weight_reps,equipment,weight_reps,,1,1,0,MANUAL_QA_REQUIRED
gvs_7af956bd14104af9,gvc_c4de5c8b90ff,Cable Pushdown (with Rope Attachment),Cable Pushdown (With Rope Attachment),,MANUAL,Upper-Arms,MVP_CANDIDATE,Resistance/strength candidate,Cable,source,팔,source,,,unsupported,weight_reps,equipment,weight_reps,,2,1,1,MANUAL_QA_REQUIRED
gvs_6c83d3eb577a139b,gvc_5aff599b2dce,Cable Rear Delt Row,Cable Rear Delt Row,,MANUAL,Shoulders,MVP_CANDIDATE,Resistance/strength candidate,Cable,source,어깨,source,후면 삼각근,,name_high,weight_reps,equipment,weight_reps,,1,1,0,MANUAL_QA_REQUIRED
gvs_1b5f7c6990b68ea5,gvc_b4bdf7e03d9e,Cable Rear Delt Row (parallel Bar),Cable Rear Delt Row (Parallel Bar),,MANUAL,Shoulders,MVP_CANDIDATE,Resistance/strength candidate,Cable,source,어깨,source,후면 삼각근,,name_high,weight_reps,equipment,weight_reps,,1,1,0,MANUAL_QA_REQUIRED
gvs_e687babdb5e0f391,gvc_17674893c40a,Cable Rear Delt Row (with Rope),Cable Rear Delt Row (With Rope),,MANUAL,Shoulders,MVP_CANDIDATE,Resistance/strength candidate,Cable,source,어깨,source,후면 삼각근,,name_high,weight_reps,equipment,weight_reps,,1,1,0,MANUAL_QA_REQUIRED
gvs_61cbd1fb8f63649b,gvc_286a83168ce4,Cable Rear Drive,Cable Rear Drive,,MANUAL,Upper-Arms,MVP_CANDIDATE,Resistance/strength candidate,Cable,source,팔,source,,,unsupported,weight_reps,equipment,weight_reps,,1,1,0,MANUAL_QA_REQUIRED
gvs_2966330a8a75dd40,gvc_34fd3fd82f62,Cable Rear Pulldown,Cable Rear Pulldown,케이블 리어 풀다운,AUTO_PHRASE_DRAFT,Back,MVP_CANDIDATE,Resistance/strength candidate,Cable,source,등,source,,,unsupported,weight_reps,equipment,weight_reps,,1,1,0,AUTO_DRAFT_COMPLETE
gvs_11fa15ba6b64ff68,gvc_2b61a2554b7c,Cable Reverse Crunch,Cable Reverse Crunch,케이블 리버스 크런치,AUTO_PHRASE_DRAFT,Waist,MVP_CANDIDATE,Resistance/strength candidate,Cable,source,코어,source,복직근,,name_high,weight_reps,equipment,weight_reps,,1,1,0,AUTO_DRAFT_COMPLETE
gvs_deeab0dae48e434c,gvc_200f12d5ccdf,Cable Reverse Curl,Cable Reverse Curl,케이블 리버스 컬,AUTO_PHRASE_DRAFT,Forearms,MVP_CANDIDATE,Resistance/strength candidate,Cable,source,팔,source,,,unsupported,weight_reps,equipment,weight_reps,,1,0,1,AUTO_DRAFT_COMPLETE
gvs_ffd20f4990cf3c89,gvc_1b1446a15d66,Cable Reverse Grip Pulldown,Cable Reverse Grip Pulldown,케이블 리버스 그립 풀다운,AUTO_PHRASE_DRAFT,Back,MVP_CANDIDATE,Resistance/strength candidate,Cable,source,등,source,,,unsupported,weight_reps,equipment,weight_reps,,2,1,1,AUTO_DRAFT_COMPLETE
gvs_3efdfffeeb9e9884,gvc_5de806c506ac,Cable Reverse Grip Pushdown,Cable Reverse Grip Pushdown,,MANUAL,Upper-Arms,MVP_CANDIDATE,Resistance/strength candidate,Cable,source,팔,source,,,unsupported,weight_reps,equipment,weight_reps,,2,1,1,MANUAL_QA_REQUIRED
gvs_40e9e70291c9dfb0,gvc_dcb4375c6799,Cable Reverse Grip Straight Back Seated High Row,Cable Reverse Grip Straight Back Seated High Row,,MANUAL,Back,MVP_CANDIDATE,Resistance/strength candidate,Cable,source,등,source,등 상부 / 광배근,이두근,name_high,weight_reps,equipment,weight_reps,,1,1,0,MANUAL_QA_REQUIRED
gvs_4ada6f3ff8b14f7f,gvc_8acb8ca234da;gvc_c50ab55bcda3,Cable Reverse Grip Triceps Pushdown (sz Bar) | Cable Reverse Grip Triceps Pushdown (sz Bar) (fema,Cable Reverse Grip Triceps Pushdown (Sz Bar),,MANUAL,Upper-Arms,MVP_CANDIDATE,Resistance/strength candidate,Cable,source,팔,source,삼두근,,name_high,weight_reps,equipment,weight_reps,,2,1,1,MANUAL_QA_REQUIRED
gvs_a7755bafa6642837,gvc_a26d036c6b73,Cable Reverse Preacher Curl,Cable Reverse Preacher Curl,케이블 리버스 프리처 컬,AUTO_PHRASE_DRAFT,Forearms,MVP_CANDIDATE,Resistance/strength candidate,Cable,source,팔,source,이두근,,name_high,weight_reps,equipment,weight_reps,,1,1,0,AUTO_DRAFT_COMPLETE
gvs_2436f9e7393134af,gvc_56ffaa32fcc3,Cable Reverse One Arm Curl,Cable Reverse Single Arm Curl,,MANUAL,Forearms,MVP_CANDIDATE,Resistance/strength candidate,Cable,source,팔,source,,,unsupported,weight_reps,equipment,weight_reps,,1,1,0,MANUAL_QA_REQUIRED
gvs_60fee127bcbe1f37,gvc_9c98a56d6165,Cable Reverse Woodchop,Cable Reverse Woodchop,,MANUAL,Waist,MVP_CANDIDATE,Resistance/strength candidate,Cable,source,코어,source,,,unsupported,weight_reps,equipment,weight_reps,,1,1,0,MANUAL_QA_REQUIRED
gvs_45f357d61a12dc74,gvc_2e5b8bbb7dda,Cable Reverse Wrist Curl,Cable Reverse Wrist Curl,케이블 리버스 리스트 컬,AUTO_PHRASE_DRAFT,Forearms,MVP_CANDIDATE,Resistance/strength candidate,Cable,source,팔,source,,,unsupported,weight_reps,equipment,weight_reps,,1,1,0,AUTO_DRAFT_COMPLETE
gvs_b2cefb116d484019,gvc_c7a16f9e5105,Cable Romanian Deadlift,Cable Romanian Deadlift,케이블 루마니안 데드리프트,AUTO_PHRASE_DRAFT,Hips,MVP_CANDIDATE,Resistance/strength candidate,Cable,source,하체,source,둔근 / 햄스트링,코어,name_high,weight_reps,equipment,weight_reps,,2,1,1,AUTO_DRAFT_COMPLETE
gvs_3c467f2e581ef9e8,gvc_e3753ab51f73,Cable Rope Crossover Seated Row,Cable Rope Crossover Seated Row,,MANUAL,Back,MVP_CANDIDATE,Resistance/strength candidate,Cable,source,등,source,등 상부 / 광배근,이두근,name_high,weight_reps,equipment,weight_reps,,1,1,0,MANUAL_QA_REQUIRED
gvs_82355b701313525a,gvc_115fcf5e660d,Cable Rope Hammer Preacher Curl,Cable Rope Hammer Preacher Curl,,MANUAL,Upper-Arms,MVP_CANDIDATE,Resistance/strength candidate,Cable,source,팔,source,이두근,,name_high,weight_reps,equipment,weight_reps,,1,1,0,MANUAL_QA_REQUIRED
gvs_5d9fba90c014739a,gvc_c9a87148563a,Cable Rope High Pulley Overhead Tricep Extension,Cable Rope High Pulley Overhead Tricep Extension,,MANUAL,Upper-Arms,MVP_CANDIDATE,Resistance/strength candidate,Cable,source,팔,source,,,unsupported,weight_reps,equipment,weight_reps,,1,1,0,MANUAL_QA_REQUIRED
gvs_56eff23b663f236b,gvc_b0ccc7bd7194,Cable Rope Incline Tricep Extension,Cable Rope Incline Tricep Extension,,MANUAL,Upper-Arms,MVP_CANDIDATE,Resistance/strength candidate,Cable,source,팔,source,,,unsupported,weight_reps,equipment,weight_reps,,1,1,0,MANUAL_QA_REQUIRED
gvs_6dba12c0373fdde6,gvc_90ed6c5bae4d,Cable Rope Seated Row,Cable Rope Seated Row,,MANUAL,Back,MVP_CANDIDATE,Resistance/strength candidate,Cable,source,등,source,등 상부 / 광배근,이두근,name_high,weight_reps,equipment,weight_reps,,1,1,0,MANUAL_QA_REQUIRED
gvs_b83f8e01d4c9e1cd,gvc_b727b7320c48,Cable Seated Chest Fly,Cable Seated Chest Fly,케이블 시티드 체스트 플라이,AUTO_PHRASE_DRAFT,Chest,MVP_CANDIDATE,Resistance/strength candidate,Cable,source,가슴,source,대흉근,삼두근 / 전면 삼각근,name_high,weight_reps,equipment,weight_reps,,1,1,0,AUTO_DRAFT_COMPLETE
gvs_45235b93c0321363,gvc_d390477a44e3,Cable Seated Chest Press,Cable Seated Chest Press,케이블 시티드 체스트 프레스,AUTO_PHRASE_DRAFT,Chest,MVP_CANDIDATE,Resistance/strength candidate,Cable,source,가슴,source,대흉근,삼두근 / 전면 삼각근,name_high,weight_reps,equipment,weight_reps,,2,2,0,AUTO_DRAFT_COMPLETE
gvs_7cf54cfbab5981cb,gvc_bccb1adfba64,Cable Seated Crunch,Cable Seated Crunch,케이블 시티드 크런치,AUTO_PHRASE_DRAFT,Waist,MVP_CANDIDATE,Resistance/strength candidate,Cable,source,코어,source,복직근,,name_high,weight_reps,equipment,weight_reps,,2,1,1,AUTO_DRAFT_COMPLETE
gvs_c51701485a0b6dbe,gvc_ec6b1fb74eb9,Cable Seated Face Pull (with Rope),Cable Seated Face Pull (With Rope),,MANUAL,Shoulders,MVP_CANDIDATE,Resistance/strength candidate,Cable,source,어깨,source,,,unsupported,weight_reps,equipment,weight_reps,,1,1,0,MANUAL_QA_REQUIRED
gvs_e1d1e8abab996b13,gvc_aabf4d842d10,Cable Seated Foot Eversion,Cable Seated Foot Eversion,,MANUAL,Calves,MVP_CANDIDATE,Resistance/strength candidate,Cable,source,하체,source,,,unsupported,weight_reps,equipment,weight_reps,,1,0,1,MANUAL_QA_REQUIRED
gvs_b5cd8201dfbb6a2d,gvc_827b6a02959d,Cable Seated Foot Inversion,Cable Seated Foot Inversion,,MANUAL,Calves,MVP_CANDIDATE,Resistance/strength candidate,Cable,source,하체,source,,,unsupported,weight_reps,equipment,weight_reps,,1,0,1,MANUAL_QA_REQUIRED
gvs_dac5082cb5dd4ba6,gvc_e3fd64f7d5d2,Cable Seated Front Press,Cable Seated Front Press,,MANUAL,Shoulders,MVP_CANDIDATE,Resistance/strength candidate,Cable,source,어깨,source,,,unsupported,weight_reps,equipment,weight_reps,,1,1,0,MANUAL_QA_REQUIRED
gvs_d73d1c175e50d81f,gvc_b9dc1f3137ac,Cable Seated High Pulley Overhead Tricep Extension,Cable Seated High Pulley Overhead Tricep Extension,,MANUAL,Upper-Arms,MVP_CANDIDATE,Resistance/strength candidate,Cable,source,팔,source,,,unsupported,weight_reps,equipment,weight_reps,,1,1,0,MANUAL_QA_REQUIRED
gvs_43b7cfe7aa67cacf,gvc_ba5c1cb81618,Cable Seated High Row (v Bar),Cable Seated High Row (V Bar),,MANUAL,Back,MVP_CANDIDATE,Resistance/strength candidate,Cable,source,등,source,등 상부 / 광배근,이두근,name_high,weight_reps,equipment,weight_reps,,2,1,1,MANUAL_QA_REQUIRED
gvs_44acfbd517746671,gvc_baf904cfa878,Cable Seated High Triceps Extension,Cable Seated High Triceps Extension,케이블 시티드 하이 트라이셉 익스텐션,AUTO_PHRASE_DRAFT,Upper-Arms,MVP_CANDIDATE,Resistance/strength candidate,Cable,source,팔,source,삼두근,,name_high,weight_reps,equipment,weight_reps,,1,1,0,AUTO_DRAFT_COMPLETE
gvs_ab7dbb7f5c73fe8f,gvc_d462fac6f78b,Cable Seated Lats Focused Row,Cable Seated Lats Focused Row,,MANUAL,Back,MVP_CANDIDATE,Resistance/strength candidate,Cable,source,등,source,등 상부 / 광배근,이두근,name_high,weight_reps,equipment,weight_reps,,1,1,0,MANUAL_QA_REQUIRED
gvs_89fd815cb6c2c49e,gvc_e4c61e6bda63,Cable Seated Leg Extension,Cable Seated Leg Extension,케이블 시티드 레그 익스텐션,AUTO_PHRASE_DRAFT,Thighs,MVP_CANDIDATE,Resistance/strength candidate,Cable,source,하체,source,대퇴사두근,,name_high,weight_reps,equipment,weight_reps,,1,1,0,AUTO_DRAFT_COMPLETE
gvs_77aa5262194f2064,gvc_2127387cc72e,Cable Seated On Floor Row With Rope,Cable Seated On Floor Row With Rope,,MANUAL,Back,MVP_CANDIDATE,Resistance/strength candidate,Cable,source,등,source,등 상부 / 광배근,이두근,name_high,weight_reps,equipment,weight_reps,,1,1,0,MANUAL_QA_REQUIRED
gvs_2225326d1b234e2d,gvc_522085e72dd1,Cable Seated Overhead Curl,Cable Seated Overhead Curl,,MANUAL,Upper-Arms,MVP_CANDIDATE,Resistance/strength candidate,Cable,source,팔,source,,,unsupported,weight_reps,equipment,weight_reps,,1,1,0,MANUAL_QA_REQUIRED
gvs_831c9587df68b757,gvc_ab631832b52f,Cable Seated Overhead Curl (sz Bar),Cable Seated Overhead Curl (Sz Bar),,MANUAL,Upper-Arms,MVP_CANDIDATE,Resistance/strength candidate,Cable,source,팔,source,,,unsupported,weight_reps,equipment,weight_reps,,1,1,0,MANUAL_QA_REQUIRED
gvs_3d2f6ec294ede336,gvc_09f69d03b5df;gvc_888e309fa22c,Cable Seated Rear Delt Raise | Cable Seated Rear Lateral Raise,Cable Seated Rear Lateral Raise,케이블 시티드 리어 레터럴 레이즈,AUTO_PHRASE_DRAFT,Shoulders,MVP_CANDIDATE,Resistance/strength candidate,Cable,source,어깨,source,후면 삼각근,,name_high,weight_reps,equipment,weight_reps,,2,1,1,AUTO_DRAFT_COMPLETE
gvs_76d929b1faf5f3f1,gvc_00550df379b0,Cable Seated Reverse Shrug,Cable Seated Reverse Shrug,케이블 시티드 리버스 슈러그,AUTO_PHRASE_DRAFT,Back,MVP_CANDIDATE,Resistance/strength candidate,Cable,source,등,source,,,unsupported,weight_reps,equipment,weight_reps,,1,1,0,AUTO_DRAFT_COMPLETE
gvs_f1762669e1ed9309,gvc_f3d75e7784b9,Cable Seated Row,Cable Seated Row,케이블 시티드 로우,AUTO_PHRASE_DRAFT,Back,MVP_CANDIDATE,Resistance/strength candidate,Cable,source,등,source,등 상부 / 광배근,이두근,name_high,weight_reps,equipment,weight_reps,,2,1,1,AUTO_DRAFT_COMPLETE
gvs_f29496d5b98d8539,gvc_e9cd3e8b95a1,Cable Seated One Arm Alternate Row,Cable Seated Single Arm Alternate Row,케이블 시티드 원암 얼터네이트 로우,AUTO_PHRASE_DRAFT,Back,MVP_CANDIDATE,Resistance/strength candidate,Cable,source,등,source,등 상부 / 광배근,이두근,name_high,weight_reps,equipment,weight_reps,,1,1,0,AUTO_DRAFT_COMPLETE
gvs_7112ea20b44a17d2,gvc_942c593b452b,Cable Seated Single Arm Chest Press,Cable Seated Single Arm Chest Press,케이블 시티드 원암 체스트 프레스,AUTO_PHRASE_DRAFT,Chest,MVP_CANDIDATE,Resistance/strength candidate,Cable,source,가슴,source,대흉근,삼두근 / 전면 삼각근,name_high,weight_reps,equipment,weight_reps,,2,1,1,AUTO_DRAFT_COMPLETE
gvs_58cee43d19de3331,gvc_1e8d186a4793,Cable Seated One Arm Concentration Curl,Cable Seated Single Arm Concentration Curl,케이블 시티드 원암 컨센트레이션 컬,AUTO_PHRASE_DRAFT,Upper-Arms,MVP_CANDIDATE,Resistance/strength candidate,Cable,source,팔,source,이두근,,name_high,weight_reps,equipment,weight_reps,,1,1,0,AUTO_DRAFT_COMPLETE
gvs_40fbaf169a0584ac,gvc_bff6f43d5abc,Cable Seated Single Arm Row,Cable Seated Single Arm Row,케이블 시티드 원암 로우,AUTO_PHRASE_DRAFT,Back,MVP_CANDIDATE,Resistance/strength candidate,Cable,source,등,source,등 상부 / 광배근,이두근,name_high,weight_reps,equipment,weight_reps,,1,0,1,AUTO_DRAFT_COMPLETE
gvs_cab0b182e9802e54,gvc_ce6a99f88f38,Cable Seated Single Arm Unilateral Bicep Curl,Cable Seated Single Arm Unilateral Bicep Curl,,MANUAL,Upper-Arms,MVP_CANDIDATE,Resistance/strength candidate,Cable,source,팔,source,,,unsupported,weight_reps,equipment,weight_reps,,1,1,0,MANUAL_QA_REQUIRED
gvs_26569c5f3e1c3277,gvc_a181e1cace6d,Cable Seated Single Leg Extension,Cable Seated Single Leg Extension,,MANUAL,Thighs,MVP_CANDIDATE,Resistance/strength candidate,Cable,source,하체,source,대퇴사두근,,name_high,weight_reps,equipment,weight_reps,,1,0,1,MANUAL_QA_REQUIRED
gvs_78028e69f1df2279,gvc_182dd05fc174,Cable Seated Supine Grip Row,Cable Seated Supine Grip Row,,MANUAL,Back,MVP_CANDIDATE,Resistance/strength candidate,Cable,source,등,source,등 상부 / 광배근,이두근,name_high,weight_reps,equipment,weight_reps,,1,1,0,MANUAL_QA_REQUIRED
gvs_e2a75fc7f40b4657,gvc_e0b9c1798b23,Cable Seated Twist On Floor,Cable Seated Twist On Floor,,MANUAL,Waist,MVP_CANDIDATE,Resistance/strength candidate,Cable,source,코어,source,,,unsupported,weight_reps,equipment,weight_reps,,1,0,1,MANUAL_QA_REQUIRED
gvs_4e6de652b3ca81b8,gvc_8168ddc9379b,Cable Seated Unilateral Bicep Curl,Cable Seated Unilateral Bicep Curl,,MANUAL,Upper-Arms,MVP_CANDIDATE,Resistance/strength candidate,Cable,source,팔,source,,,unsupported,weight_reps,equipment,weight_reps,,1,1,0,MANUAL_QA_REQUIRED
gvs_bfb1a2f0a379de2e,gvc_18f136c75703,Cable Seated Wide Grip Row,Cable Seated Wide Grip Row,케이블 시티드 와이드 그립 로우,AUTO_PHRASE_DRAFT,Back,MVP_CANDIDATE,Resistance/strength candidate,Cable,source,등,source,등 상부 / 광배근,이두근,name_high,weight_reps,equipment,weight_reps,,2,1,1,AUTO_DRAFT_COMPLETE
gvs_d266b2ac408687ca,gvc_32fb75095fa6,Cable Shoulder 90 Degrees External Rotation,Cable Shoulder 90 Degrees External Rotation,,MANUAL,Back,MVP_CANDIDATE,Resistance/strength candidate,Cable,source,등,source,,,unsupported,weight_reps,equipment,weight_reps,,1,1,0,MANUAL_QA_REQUIRED
gvs_dc01d33c75eb3786,gvc_9f221e884db7,Cable Shoulder 90 Degrees Internal Rotation,Cable Shoulder 90 Degrees Internal Rotation,,MANUAL,Back,MVP_CANDIDATE,Resistance/strength candidate,Cable,source,등,source,,,unsupported,weight_reps,equipment,weight_reps,,1,1,0,MANUAL_QA_REQUIRED
gvs_c81d58626f4a0664,gvc_f07bbc3917d4,Cable Shoulder Internal Rotation,Cable Shoulder Internal Rotation,,MANUAL,Shoulders,MVP_CANDIDATE,Resistance/strength candidate,Cable,source,어깨,source,,,unsupported,weight_reps,equipment,weight_reps,,1,1,0,MANUAL_QA_REQUIRED
gvs_9e74269a0730ca34,gvc_b6b08c314030,Cable Shoulder Press,Cable Shoulder Press,케이블 숄더 프레스,AUTO_PHRASE_DRAFT,Shoulders,MVP_CANDIDATE,Resistance/strength candidate,Cable,source,어깨,source,삼각근,삼두근,name_high,weight_reps,equipment,weight_reps,,2,1,1,AUTO_DRAFT_COMPLETE
gvs_d687ce53298a216b,gvc_62bc7300da41,Cable Shrug,Cable Shrug,케이블 슈러그,AUTO_PHRASE_DRAFT,Back,MVP_CANDIDATE,Resistance/strength candidate,Cable,source,등,source,,,unsupported,weight_reps,equipment,weight_reps,,2,1,1,AUTO_DRAFT_COMPLETE
gvs_90c8e11c6f2ddea0,gvc_55429158bc80;gvc_9b97c068017e,Cable Side Bend | Cable Side Bend (version 2),Cable Side Bend,,MANUAL,Waist,MVP_CANDIDATE,Resistance/strength candidate,Cable,source,코어,source,복사근,코어,name_high,weight_reps,equipment,weight_reps,,3,2,1,MANUAL_QA_REQUIRED
gvs_76966881de9adb95,gvc_231fc0c4bedf,Cable Side Lying Single Arm Lateral Raise S,Cable Side Lying Single Arm Lateral Raise S,,MANUAL,,MVP_CANDIDATE,Resistance/strength candidate,Cable,source,어깨,name,측면 삼각근,,name_high,weight_reps,equipment,weight_reps,,1,1,0,MANUAL_QA_REQUIRED
gvs_82f8eb2470e9517e,gvc_dde021359c20,Cable Single Arm Bench Press,Cable Single Arm Bench Press,케이블 원암 벤치프레스,AUTO_PHRASE_DRAFT,Chest,MVP_CANDIDATE,Resistance/strength candidate,Cable,source,가슴,source,대흉근,삼두근 / 전면 삼각근,name_high,weight_reps,equipment,weight_reps,,1,1,0,AUTO_DRAFT_COMPLETE
gvs_39fa57fc6d1c972e,gvc_5599d608de78,Cable One Arm Bent Over Row,Cable Single Arm Bent Over Row,케이블 원암 벤트오버 로우,AUTO_PHRASE_DRAFT,Back,MVP_CANDIDATE,Resistance/strength candidate,Cable,source,등,source,등 상부 / 광배근,이두근,name_high,weight_reps,equipment,weight_reps,,1,1,0,AUTO_DRAFT_COMPLETE
gvs_270a9e7061ad7c72,gvc_33fea39ac21a,Cable One Arm Biceps Curl (version 2),Cable Single Arm Biceps Curl,케이블 원암 바이셉 컬,AUTO_PHRASE_DRAFT,Upper-Arms,MVP_CANDIDATE,Resistance/strength candidate,Cable,source,팔,source,이두근,,name_high,weight_reps,equipment,weight_reps,,1,1,0,AUTO_DRAFT_COMPLETE
gvs_a69669260c6e0650,gvc_10ba39b692f7,Cable Single Arm Crossover,Cable Single Arm Crossover,,MANUAL,Chest,MVP_CANDIDATE,Resistance/strength candidate,Cable,source,가슴,source,,,unsupported,weight_reps,equipment,weight_reps,,1,1,0,MANUAL_QA_REQUIRED
gvs_f78f3ca63d228208,gvc_72f037661dd4,Cable One Arm Curl,Cable Single Arm Curl,,MANUAL,Upper-Arms,MVP_CANDIDATE,Resistance/strength candidate,Cable,source,팔,source,,,unsupported,weight_reps,equipment,weight_reps,,3,2,1,MANUAL_QA_REQUIRED
gvs_ce9a8be4b6403a8e,gvc_a1b598facc81,Cable One Arm Front Raise,Cable Single Arm Front Raise,케이블 원암 프론트 레이즈,AUTO_PHRASE_DRAFT,Shoulders,MVP_CANDIDATE,Resistance/strength candidate,Cable,source,어깨,source,전면 삼각근,,name_high,weight_reps,equipment,weight_reps,,4,3,1,AUTO_DRAFT_COMPLETE
gvs_9ce3b39bc76e9e23,gvc_ff943a51c03b,Cable Single Arm High Row,Cable Single Arm High Row,케이블 원암 하이 로우,AUTO_PHRASE_DRAFT,Back,MVP_CANDIDATE,Resistance/strength candidate,Cable,source,등,source,등 상부 / 광배근,이두근,name_high,weight_reps,equipment,weight_reps,,1,1,0,AUTO_DRAFT_COMPLETE
gvs_55e6951380dbbebb,gvc_6f466a5d9b22,Cable Single Arm High Row With Chest Support,Cable Single Arm High Row With Chest Support,,MANUAL,Back,MVP_CANDIDATE,Resistance/strength candidate,Cable,source,등,source,등 상부 / 광배근,이두근,name_high,weight_reps,equipment,weight_reps,,1,1,0,MANUAL_QA_REQUIRED
gvs_708c9deb586b29bb,gvc_ddb187cea7a8,Cable Single Arm High Scapular Row,Cable Single Arm High Scapular Row,,MANUAL,Back,MVP_CANDIDATE,Resistance/strength candidate,Cable,source,등,source,등 상부 / 광배근,이두근,name_high,weight_reps,equipment,weight_reps,,1,1,0,MANUAL_QA_REQUIRED
gvs_2c5320e2b5191da4,gvc_4ccbd1321aac,Cable Single Arm High To Low Woodchopper,Cable Single Arm High To Low Woodchopper,,MANUAL,Waist,MVP_CANDIDATE,Resistance/strength candidate,Cable,source,코어,source,,,unsupported,weight_reps,equipment,weight_reps,,1,1,0,MANUAL_QA_REQUIRED
gvs_889ffdb03ee2a336,gvc_db1303872110,Cable One Arm Inner Biceps Curl,Cable Single Arm Inner Biceps Curl,,MANUAL,Upper-Arms,MVP_CANDIDATE,Resistance/strength candidate,Cable,source,팔,source,이두근,,name_high,weight_reps,equipment,weight_reps,,1,1,0,MANUAL_QA_REQUIRED
gvs_b9904cf0b4139ebe,gvc_e230cb09a2f3,Cable One Arm Lat Pulldown,Cable Single Arm Lat Pulldown,케이블 원암 랫 풀다운,AUTO_PHRASE_DRAFT,Back,MVP_CANDIDATE,Resistance/strength candidate,Cable,source,등,source,광배근,이두근 / 승모근,name_high,weight_reps,equipment,weight_reps,,3,2,1,AUTO_DRAFT_COMPLETE
gvs_f5a0bb36f890f944,gvc_b6748064b522,Cable One Arm Lateral Bent Over,Cable Single Arm Lateral Bent Over,,MANUAL,,MVP_CANDIDATE,Resistance/strength candidate,Cable,source,,unknown,,,unsupported,weight_reps,equipment,weight_reps,,1,1,0,MANUAL_QA_REQUIRED
gvs_6f39dd51d938ed71,gvc_219ceb273fd3;gvc_522ef291fb12,Cable One Arm Lateral Raise | Cable Single Arm Lateral Raise (version 2),Cable Single Arm Lateral Raise,케이블 원암 레터럴 레이즈,AUTO_PHRASE_DRAFT,Shoulders,MVP_CANDIDATE,Resistance/strength candidate,Cable,source,어깨,source,측면 삼각근,,name_high,weight_reps,equipment,weight_reps,,4,3,1,AUTO_DRAFT_COMPLETE
gvs_3e35f20c53c86f26,gvc_05a4dd1940cc,Cable Single Arm Low Fly,Cable Single Arm Low Fly,,MANUAL,Chest,MVP_CANDIDATE,Resistance/strength candidate,Cable,source,가슴,source,,,unsupported,weight_reps,equipment,weight_reps,,1,1,0,MANUAL_QA_REQUIRED
gvs_c60be8b9bababbb5,gvc_80060b329e53,Cable Single Arm Low Scapular Row,Cable Single Arm Low Scapular Row,,MANUAL,Back,MVP_CANDIDATE,Resistance/strength candidate,Cable,source,등,source,등 상부 / 광배근,이두근,name_high,weight_reps,equipment,weight_reps,,1,1,0,MANUAL_QA_REQUIRED
gvs_b78ffc3c5fe665fa,gvc_843efc49b291,Cable One Arm Neutral Grip Biceps Curl,Cable Single Arm Neutral Grip Biceps Curl,케이블 원암 뉴트럴 그립 바이셉 컬,AUTO_PHRASE_DRAFT,Upper-Arms,MVP_CANDIDATE,Resistance/strength candidate,Cable,source,팔,source,이두근,,name_high,weight_reps,equipment,weight_reps,,1,1,0,AUTO_DRAFT_COMPLETE
gvs_ae8d9d05fed0f1ed,gvc_417d43361576,Cable Single Arm Neutral Grip Front Raise,Cable Single Arm Neutral Grip Front Raise,케이블 원암 뉴트럴 그립 프론트 레이즈,AUTO_PHRASE_DRAFT,Shoulders,MVP_CANDIDATE,Resistance/strength candidate,Cable,source,어깨,source,전면 삼각근,,name_high,weight_reps,equipment,weight_reps,,1,1,0,AUTO_DRAFT_COMPLETE
gvs_90e66781423613ad,gvc_339100f4c82d,Cable One Arm Preacher Curl,Cable Single Arm Preacher Curl,케이블 원암 프리처 컬,AUTO_PHRASE_DRAFT,Upper-Arms,MVP_CANDIDATE,Resistance/strength candidate,Cable,source,팔,source,이두근,,name_high,weight_reps,equipment,weight_reps,,1,1,0,AUTO_DRAFT_COMPLETE
gvs_80e7e546565280c8,gvc_8fadb48987fc,Cable One Arm Pulldown,Cable Single Arm Pulldown,케이블 원암 풀다운,AUTO_PHRASE_DRAFT,Back,MVP_CANDIDATE,Resistance/strength candidate,Cable,source,등,source,,,unsupported,weight_reps,equipment,weight_reps,,1,1,0,AUTO_DRAFT_COMPLETE
gvs_9e48e3ea00608668,gvc_f20f3ab62d3a,Cable One Arm Reverse Fly,Cable Single Arm Reverse Fly,케이블 원암 리버스 플라이,AUTO_PHRASE_DRAFT,Shoulders,MVP_CANDIDATE,Resistance/strength candidate,Cable,source,어깨,source,후면 삼각근,,name_high,weight_reps,equipment,weight_reps,,1,1,0,AUTO_DRAFT_COMPLETE
gvs_602cfa1302c907eb,gvc_d3895cd46810,Cable One Arm Side Triceps Pushdown,Cable Single Arm Side Triceps Pushdown,케이블 원암 사이드 트라이셉 푸시다운,AUTO_PHRASE_DRAFT,Upper-Arms,MVP_CANDIDATE,Resistance/strength candidate,Cable,source,팔,source,삼두근,,name_high,weight_reps,equipment,weight_reps,,1,1,0,AUTO_DRAFT_COMPLETE
gvs_58aea4f56fb45f35,gvc_a079ec982308,Cable One Arm Tricep Pushdown,Cable Single Arm Tricep Pushdown,,MANUAL,Upper-Arms,MVP_CANDIDATE,Resistance/strength candidate,Cable,source,팔,source,,,unsupported,weight_reps,equipment,weight_reps,,2,1,1,MANUAL_QA_REQUIRED
gvs_ec94f4b2dd3dca68,gvc_da2be16c8f35,Cable Single Arm Triceps Pushdown (rope Attachment,Cable Single Arm Triceps Pushdown (Rope Attachment,,MANUAL,,MVP_CANDIDATE,Resistance/strength candidate,Cable,source,팔,name,삼두근,,name_high,weight_reps,equipment,weight_reps,,1,1,0,MANUAL_QA_REQUIRED
gvs_b7a8ae69add84241,gvc_9c25590c1f1a,Cable One Arm Twisting Seated Row,Cable Single Arm Twisting Seated Row,,MANUAL,Back,MVP_CANDIDATE,Resistance/strength candidate,Cable,source,등,source,등 상부 / 광배근,이두근,name_high,weight_reps,equipment,weight_reps,,2,1,1,MANUAL_QA_REQUIRED
gvs_df739e5966e08979,gvc_f71a7388a63d,Cable Single Leg Tuck Reverse Crunch,Cable Single Leg Tuck Reverse Crunch,,MANUAL,Waist,MVP_CANDIDATE,Resistance/strength candidate,Cable,source,코어,source,복직근,,name_high,weight_reps,equipment,weight_reps,,1,0,1,MANUAL_QA_REQUIRED
gvs_8d2d057a6f6615c0,gvc_e91bc424c3e5,Cable Split Stance Single Arm Row,Cable Split Stance Single Arm Row,,MANUAL,Back,MVP_CANDIDATE,Resistance/strength candidate,Cable,source,등,source,등 상부 / 광배근,이두근,name_high,weight_reps,equipment,weight_reps,,1,1,0,MANUAL_QA_REQUIRED
gvs_9d1bdf82e9eb3794,gvc_97ae3c305640,Cable Squat,Cable Squat,케이블 스쿼트,AUTO_PHRASE_DRAFT,Thighs,MVP_CANDIDATE,Resistance/strength candidate,Cable,source,하체,source,대퇴사두근,둔근,name_high,weight_reps,equipment,weight_reps,,1,1,0,AUTO_DRAFT_COMPLETE
gvs_2e46e53cae8eae7e,gvc_c680233890d2,Cable Squat Row (with Rope Attachment) Back,Cable Squat Row (With Rope Attachment) Back,,MANUAL,Thighs,MVP_CANDIDATE,Resistance/strength candidate,Cable,source,하체,source,대퇴사두근,둔근,name_high,weight_reps,equipment,weight_reps,,1,1,0,MANUAL_QA_REQUIRED
gvs_d99813f44c7e5bd6,gvc_225cc584fb15,Cable Squatting Curl,Cable Squatting Curl,,MANUAL,Upper-Arms,MVP_CANDIDATE,Resistance/strength candidate,Cable,source,팔,source,,,unsupported,weight_reps,equipment,weight_reps,,1,1,0,MANUAL_QA_REQUIRED
gvs_98dc4fa3d819363b,gvc_b16ea4592127,Cable Standing Alternate Chest Fly,Cable Standing Alternate Chest Fly,케이블 스탠딩 얼터네이트 체스트 플라이,AUTO_PHRASE_DRAFT,Chest,MVP_CANDIDATE,Resistance/strength candidate,Cable,source,가슴,source,대흉근,삼두근 / 전면 삼각근,name_high,weight_reps,equipment,weight_reps,,1,1,0,AUTO_DRAFT_COMPLETE
gvs_08124ae3b4545533,gvc_40bfbff6eced,Cable Standing Back Wrist Curl,Cable Standing Back Wrist Curl,,MANUAL,Forearms,MVP_CANDIDATE,Resistance/strength candidate,Cable,source,팔,source,,,unsupported,weight_reps,equipment,weight_reps,,1,1,0,MANUAL_QA_REQUIRED
gvs_032c0f650108b445,gvc_c1bf1e51485f,Cable Standing Backhand,Cable Standing Backhand,,MANUAL,Waist,MVP_CANDIDATE,Resistance/strength candidate,Cable,source,코어,source,,,unsupported,weight_reps,equipment,weight_reps,,1,1,0,MANUAL_QA_REQUIRED
gvs_0529e87ae1b231f4,gvc_c78cdc67aca8,Cable Standing Chest Press,Cable Standing Chest Press,케이블 스탠딩 체스트 프레스,AUTO_PHRASE_DRAFT,Chest,MVP_CANDIDATE,Resistance/strength candidate,Cable,source,가슴,source,대흉근,삼두근 / 전면 삼각근,name_high,weight_reps,equipment,weight_reps,,2,1,1,AUTO_DRAFT_COMPLETE
gvs_f1533c041889b2e6,gvc_ff3ca42e37f4,Cable Standing Close Grip Row,Cable Standing Close Grip Row,케이블 스탠딩 클로즈 그립 로우,AUTO_PHRASE_DRAFT,Back,MVP_CANDIDATE,Resistance/strength candidate,Cable,source,등,source,등 상부 / 광배근,이두근,name_high,weight_reps,equipment,weight_reps,,1,1,0,AUTO_DRAFT_COMPLETE
gvs_ac38f28332e6740b,gvc_c248aade84a0,Cable Standing Close Press,Cable Standing Close Press,,MANUAL,Upper-Arms,MVP_CANDIDATE,Resistance/strength candidate,Cable,source,팔,source,,,unsupported,weight_reps,equipment,weight_reps,,1,1,0,MANUAL_QA_REQUIRED
gvs_24c595be514e8f00,gvc_abc3fb69b855,Cable Standing Cross Over High Reverse Fly,Cable Standing Cross Over High Reverse Fly,,MANUAL,Shoulders,MVP_CANDIDATE,Resistance/strength candidate,Cable,source,어깨,source,후면 삼각근,,name_high,weight_reps,equipment,weight_reps,,1,1,0,MANUAL_QA_REQUIRED
gvs_b9b809d1424c14e5,gvc_5cd411400418,Cable Standing Crossover,Cable Standing Crossover,,MANUAL,Chest,MVP_CANDIDATE,Resistance/strength candidate,Cable,source,가슴,source,,,unsupported,weight_reps,equipment,weight_reps,,1,1,0,MANUAL_QA_REQUIRED
gvs_b1c104d55974276d,gvc_97a7257f067b,Cable Standing Crunch (with Rope Attachment),Cable Standing Crunch (With Rope Attachment),,MANUAL,Waist,MVP_CANDIDATE,Resistance/strength candidate,Cable,source,코어,source,복직근,,name_high,weight_reps,equipment,weight_reps,,2,1,1,MANUAL_QA_REQUIRED
gvs_c268a2aa05f69a2c,gvc_912ac7b8cba5,Cable Standing Face Pull,Cable Standing Face Pull,,MANUAL,Shoulders,MVP_CANDIDATE,Resistance/strength candidate,Cable,source,어깨,source,,,unsupported,weight_reps,equipment,weight_reps,,1,1,0,MANUAL_QA_REQUIRED
gvs_9120a563bd56498b,gvc_b22f36547257,Cable Standing Face Pull (with Rope),Cable Standing Face Pull (With Rope),,MANUAL,Shoulders,MVP_CANDIDATE,Resistance/strength candidate,Cable,source,어깨,source,,,unsupported,weight_reps,equipment,weight_reps,,1,1,0,MANUAL_QA_REQUIRED
gvs_e4f755160f5f3398,gvc_412a7595540c,Cable Standing Fly,Cable Standing Fly,,MANUAL,Chest,MVP_CANDIDATE,Resistance/strength candidate,Cable,source,가슴,source,,,unsupported,weight_reps,equipment,weight_reps,,1,1,0,MANUAL_QA_REQUIRED
gvs_e24343f5eeb1c6ed,gvc_b36179c6783d,Cable Standing Front Raise Variation,Cable Standing Front Raise Variation,,MANUAL,Shoulders,MVP_CANDIDATE,Resistance/strength candidate,Cable,source,어깨,source,전면 삼각근,,name_high,weight_reps,equipment,weight_reps,,1,1,0,MANUAL_QA_REQUIRED
gvs_f8f43d54621f497a,gvc_4671238a5afd,Cable Standing High Cross Triceps Extension,Cable Standing High Cross Triceps Extension,,MANUAL,Upper-Arms,MVP_CANDIDATE,Resistance/strength candidate,Cable,source,팔,source,삼두근,,name_high,weight_reps,equipment,weight_reps,,1,1,0,MANUAL_QA_REQUIRED
gvs_f62b5f2e458a2576,gvc_370203450e15;gvc_8c9625c1f24c,Cable Standing Hip Extension | Cable Standing Hip Extension (version 2),Cable Standing Hip Extension,,MANUAL,Hips,MVP_CANDIDATE,Resistance/strength candidate,Cable,source,하체,source,,,unsupported,weight_reps,equipment,weight_reps,,2,1,1,MANUAL_QA_REQUIRED
gvs_3236b524659a2d26,gvc_7d037bf63dbd,Cable Standing Hip Flexion,Cable Standing Hip Flexion,,MANUAL,Hips,MVP_CANDIDATE,Resistance/strength candidate,Cable,source,하체,source,,,unsupported,weight_reps,equipment,weight_reps,,1,1,0,MANUAL_QA_REQUIRED
gvs_41240d8df0781511,gvc_6c0d19180e5c,Cable Standing Hip Thrust,Cable Standing Hip Thrust,케이블 스탠딩 힙 쓰러스트,AUTO_PHRASE_DRAFT,Hips,MVP_CANDIDATE,Resistance/strength candidate,Cable,source,하체,source,둔근,햄스트링,name_high,weight_reps,equipment,weight_reps,,1,0,1,AUTO_DRAFT_COMPLETE
gvs_47d43cb55eff1155,gvc_791fe6c881f7,Cable Standing Inner Curl,Cable Standing Inner Curl,,MANUAL,Upper-Arms,MVP_CANDIDATE,Resistance/strength candidate,Cable,source,팔,source,,,unsupported,weight_reps,equipment,weight_reps,,2,1,1,MANUAL_QA_REQUIRED
gvs_56af92a056891fae,gvc_2aff6798ef4f,Cable Standing Lat Pulldown,Cable Standing Lat Pulldown,케이블 스탠딩 랫 풀다운,AUTO_PHRASE_DRAFT,Back,MVP_CANDIDATE,Resistance/strength candidate,Cable,source,등,source,광배근,이두근 / 승모근,name_high,weight_reps,equipment,weight_reps,,1,1,0,AUTO_DRAFT_COMPLETE
gvs_66e9041794d97ec7,gvc_ec1d48381712,Cable Standing Lat Pushdown (rope Equipment),Cable Standing Lat Pushdown (Rope Equipment),,MANUAL,Back,MVP_CANDIDATE,Resistance/strength candidate,Cable,source,등,source,,,unsupported,weight_reps,equipment,weight_reps,,1,1,0,MANUAL_QA_REQUIRED
gvs_6085b2b125d4156d,gvc_5adc65ca5466,Cable Standing Leg Curl,Cable Standing Leg Curl,케이블 스탠딩 레그 컬,AUTO_PHRASE_DRAFT,Thighs,MVP_CANDIDATE,Resistance/strength candidate,Cable,source,하체,source,햄스트링,,name_high,weight_reps,equipment,weight_reps,,1,1,0,AUTO_DRAFT_COMPLETE
gvs_583afa7aab302710,gvc_cc64448e7f5e,Cable Standing Lift,Cable Standing Lift,,MANUAL,Waist,MVP_CANDIDATE,Resistance/strength candidate,Cable,source,코어,source,,,unsupported,weight_reps,equipment,weight_reps,,1,1,0,MANUAL_QA_REQUIRED
gvs_dbac54190f289dc1,gvc_0df00d66e457,Cable Standing Neutral Grip Fly,Cable Standing Neutral Grip Fly,,MANUAL,Chest,MVP_CANDIDATE,Resistance/strength candidate,Cable,source,가슴,source,,,unsupported,weight_reps,equipment,weight_reps,,1,1,0,MANUAL_QA_REQUIRED
gvs_d5b2a3c7290ad98f,gvc_d4c4336cc9c8,Cable Standing Pulldown (with Rope),Cable Standing Pulldown (With Rope),,MANUAL,Forearms,MVP_CANDIDATE,Resistance/strength candidate,Cable,source,팔,source,,,unsupported,weight_reps,equipment,weight_reps,,1,1,0,MANUAL_QA_REQUIRED
gvs_b2313d3a6ecbea38,gvc_e14422278476,Cable Standing Rear Delt Row (with Rope),Cable Standing Rear Delt Row (With Rope),,MANUAL,Shoulders,MVP_CANDIDATE,Resistance/strength candidate,Cable,source,어깨,source,후면 삼각근,,name_high,weight_reps,equipment,weight_reps,,2,1,1,MANUAL_QA_REQUIRED
gvs_18b6f372fc2dc2e4,gvc_e565c59ab5c9,Cable Standing Reverse Curl (sz Bar),Cable Standing Reverse Curl (Sz Bar),,MANUAL,Upper-Arms,MVP_CANDIDATE,Resistance/strength candidate,Cable,source,팔,source,,,unsupported,weight_reps,equipment,weight_reps,,1,1,0,MANUAL_QA_REQUIRED
gvs_96334b127e93a648,gvc_575144740357,Cable Standing Reverse Grip Curl (straight Bar),Cable Standing Reverse Grip Curl (Straight Bar),,MANUAL,Forearms,MVP_CANDIDATE,Resistance/strength candidate,Cable,source,팔,source,,,unsupported,weight_reps,equipment,weight_reps,,2,1,1,MANUAL_QA_REQUIRED
gvs_bbdf090f44dfbadf,gvc_dbea7f951b76,Cable Standing Row,Cable Standing Row,케이블 스탠딩 로우,AUTO_PHRASE_DRAFT,Back,MVP_CANDIDATE,Resistance/strength candidate,Cable,source,등,source,등 상부 / 광배근,이두근,name_high,weight_reps,equipment,weight_reps,,1,1,0,AUTO_DRAFT_COMPLETE
gvs_741185905fdd2f9a,gvc_3e57994ce3ad,Cable Standing Serratus (obliques) Crunch,Cable Standing Serratus (Obliques) Crunch,,MANUAL,Waist,MVP_CANDIDATE,Resistance/strength candidate,Cable,source,코어,source,복직근,,name_high,weight_reps,equipment,weight_reps,,1,1,0,MANUAL_QA_REQUIRED
gvs_46a09ec12b003de9,gvc_fdbb93d5231d,Cable Standing Shoulder External Rotation,Cable Standing Shoulder External Rotation,,MANUAL,Back,MVP_CANDIDATE,Resistance/strength candidate,Cable,source,등,source,,,unsupported,weight_reps,equipment,weight_reps,,1,1,0,MANUAL_QA_REQUIRED
gvs_41bba5f10c5947fd,gvc_c57795266edf,Cable Standing One Arm Face Pull,Cable Standing Single Arm Face Pull,,MANUAL,Shoulders,MVP_CANDIDATE,Resistance/strength candidate,Cable,source,어깨,source,,,unsupported,weight_reps,equipment,weight_reps,,1,1,0,MANUAL_QA_REQUIRED
gvs_53b4324c041ec82e,gvc_30a0299966c0,Cable Standing Single Arm Fly,Cable Standing Single Arm Fly,,MANUAL,Chest,MVP_CANDIDATE,Resistance/strength candidate,Cable,source,가슴,source,,,unsupported,weight_reps,equipment,weight_reps,,1,1,0,MANUAL_QA_REQUIRED
gvs_af769fe9fc660ead,gvc_80f85a6b0809,Cable Standing Single Arm Horizontal Triceps Exten,Cable Standing Single Arm Horizontal Triceps Exten,,MANUAL,,MVP_CANDIDATE,Resistance/strength candidate,Cable,source,팔,name,,,unsupported,weight_reps,equipment,weight_reps,,1,1,0,MANUAL_QA_REQUIRED
gvs_de817d66d86ca188,gvc_00691e79c3cb,Cable Standing Single Arm Preacher Curl,Cable Standing Single Arm Preacher Curl,케이블 스탠딩 원암 프리처 컬,AUTO_PHRASE_DRAFT,Upper-Arms,MVP_CANDIDATE,Resistance/strength candidate,Cable,source,팔,source,이두근,,name_high,weight_reps,equipment,weight_reps,,1,1,0,AUTO_DRAFT_COMPLETE
gvs_858881f603bbe894,gvc_00f6bf290b0e,Cable Standing One Arm Serratus (obliques) Crunch,Cable Standing Single Arm Serratus (Obliques) Crunch,,MANUAL,Waist,MVP_CANDIDATE,Resistance/strength candidate,Cable,source,코어,source,복직근,,name_high,weight_reps,equipment,weight_reps,,1,1,0,MANUAL_QA_REQUIRED
gvs_ffe8fc122cf1fc1c,gvc_e90f35fd16dc,Cable Standing One Arm Tricep Pushdown (overhand G,Cable Standing Single Arm Tricep Pushdown (Overhand G,,MANUAL,,MVP_CANDIDATE,Resistance/strength candidate,Cable,source,팔,name,,,unsupported,weight_reps,equipment,weight_reps,,1,1,0,MANUAL_QA_REQUIRED
gvs_cdf9b60a416aaab4,gvc_fc16c6d442ef,Cable Standing One Arm Triceps Extension,Cable Standing Single Arm Triceps Extension,케이블 스탠딩 원암 트라이셉 익스텐션,AUTO_PHRASE_DRAFT,Upper-Arms,MVP_CANDIDATE,Resistance/strength candidate,Cable,source,팔,source,삼두근,,name_high,weight_reps,equipment,weight_reps,,2,1,1,AUTO_DRAFT_COMPLETE
gvs_cd027509ae6d9a41,gvc_9e2f4a6f044e;gvc_e106cd8ce230,Cable Standing Single Delt Row | Cable Standing Single Delt Row (version 2),Cable Standing Single Delt Row,,MANUAL,Shoulders,MVP_CANDIDATE,Resistance/strength candidate,Cable,source,어깨,source,등 상부 / 광배근,이두근,name_high,weight_reps,equipment,weight_reps,BODY_MUSCLE_FAMILY_CONFLICT,2,2,0,MANUAL_QA_REQUIRED
gvs_800297df06de849f,gvc_369cf67f90ec,Cable Standing One Leg Calf Raise,Cable Standing Single Leg Calf Raise,케이블 스탠딩 싱글 레그 카프 레이즈,AUTO_PHRASE_DRAFT,Calves,MVP_CANDIDATE,Resistance/strength candidate,Cable,source,하체,source,종아리,,name_high,weight_reps,equipment,weight_reps,,1,1,0,AUTO_DRAFT_COMPLETE
gvs_8f751a83d907f973,gvc_33423ccd7311,Cable Standing Squeez Upper Chest Press,Cable Standing Squeez Upper Chest Press,,MANUAL,Chest,MVP_CANDIDATE,Resistance/strength candidate,Cable,source,가슴,source,대흉근,삼두근 / 전면 삼각근,name_high,weight_reps,equipment,weight_reps,,1,1,0,MANUAL_QA_REQUIRED
gvs_04b8632090b76b6e,gvc_f7c841db5fb6,Cable Standing Supinated Face Pull (with Rope),Cable Standing Supinated Face Pull (With Rope),,MANUAL,Shoulders,MVP_CANDIDATE,Resistance/strength candidate,Cable,source,어깨,source,,,unsupported,weight_reps,equipment,weight_reps,,1,1,0,MANUAL_QA_REQUIRED
gvs_3912e7bbd6675403,gvc_98f09e926f8a,Cable Standing Up Straight Crossovers,Cable Standing Up Straight Crossovers,,MANUAL,Chest,MVP_CANDIDATE,Resistance/strength candidate,Cable,source,가슴,source,,,unsupported,weight_reps,equipment,weight_reps,,2,1,1,MANUAL_QA_REQUIRED
gvs_1963b641c9f1f885,gvc_9b64b1e7744d,Cable Standing Wood Chopper,Cable Standing Wood Chopper,,MANUAL,Waist,MVP_CANDIDATE,Resistance/strength candidate,Cable,source,코어,source,,,unsupported,weight_reps,equipment,weight_reps,,2,1,1,MANUAL_QA_REQUIRED
gvs_3cbfc7a37404084b,gvc_0e13d31ec446,Cable Standing Wrist Curl,Cable Standing Wrist Curl,케이블 스탠딩 리스트 컬,AUTO_PHRASE_DRAFT,Forearms,MVP_CANDIDATE,Resistance/strength candidate,Cable,source,팔,source,,,unsupported,weight_reps,equipment,weight_reps,,1,1,0,AUTO_DRAFT_COMPLETE
gvs_b2ed2ea820395986,gvc_991ce8cd12f5,Cable Standing Wrist Reverse Curl,Cable Standing Wrist Reverse Curl,,MANUAL,Forearms,MVP_CANDIDATE,Resistance/strength candidate,Cable,source,팔,source,,,unsupported,weight_reps,equipment,weight_reps,,1,1,0,MANUAL_QA_REQUIRED
gvs_b4bc1aaa26d67590,gvc_7290f7ad7f05,Cable Standing Wrist Roll,Cable Standing Wrist Roll,,MANUAL,Forearms,MVP_CANDIDATE,Resistance/strength candidate,Cable,source,팔,source,,,unsupported,weight_reps,equipment,weight_reps,,1,1,0,MANUAL_QA_REQUIRED
gvs_aa405908f109f70a,gvc_7ec7936fa0be,Cable Standing Y Raise (version 2),Cable Standing Y Raise,,MANUAL,Shoulders,MVP_CANDIDATE,Resistance/strength candidate,Cable,source,어깨,source,,,unsupported,weight_reps,equipment,weight_reps,,1,1,0,MANUAL_QA_REQUIRED
gvs_10e81de98aef00c9,gvc_f14265614a23,Cable Standing Y Raises (with Rope Attachment) (ma,Cable Standing Y Raises (With Rope Attachment),,MANUAL,,MVP_CANDIDATE,Resistance/strength candidate,Cable,source,,unknown,,,unsupported,weight_reps,equipment,weight_reps,,1,1,0,MANUAL_QA_REQUIRED
gvs_e2767b3ba88e6ef3,gvc_ffc22860a252,Cable Stiff Leg Deadlift From Stepbox,Cable Stiff Leg Deadlift From Stepbox,,MANUAL,Hips,MVP_CANDIDATE,Resistance/strength candidate,Cable,source,하체,source,둔근 / 햄스트링,코어,name_high,weight_reps,equipment,weight_reps,,1,0,1,MANUAL_QA_REQUIRED
gvs_e5e69e4c84a7725a,gvc_ced530a16110,Cable Straight Arm Pulldown (with Rope Attachment),Cable Straight Arm Pulldown (With Rope Attachment),,MANUAL,,MVP_CANDIDATE,Resistance/strength candidate,Cable,source,등,name,,,unsupported,weight_reps,equipment,weight_reps,,1,1,0,MANUAL_QA_REQUIRED
gvs_5c9946158f44337d,gvc_2cc71602d827,Cable Straight Arm Pulldown (with Rope),Cable Straight Arm Pulldown (With Rope),,MANUAL,Back,MVP_CANDIDATE,Resistance/strength candidate,Cable,source,등,source,,,unsupported,weight_reps,equipment,weight_reps,,1,1,0,MANUAL_QA_REQUIRED
gvs_a2e3ef78da1286ae,gvc_66ed0477d65c;gvc_f489cbb11d75;gvc_fffdc22b28b6,Cable Straight Arm Pulldown | Cable Straight Arm Pulldown (version 2) | Cable Straight Arm Pulldown Ii,Cable Straight Arm Pulldown Ii,,MANUAL,Back,MVP_CANDIDATE,Resistance/strength candidate,Cable,source,등,source,,,unsupported,weight_reps,equipment,weight_reps,,3,2,1,MANUAL_QA_REQUIRED
gvs_9fe0dad92d46219d,gvc_b73346041c97,Cable Straight Back Seated Row,Cable Straight Back Seated Row,,MANUAL,Back,MVP_CANDIDATE,Resistance/strength candidate,Cable,source,등,source,등 상부 / 광배근,이두근,name_high,weight_reps,equipment,weight_reps,,2,1,1,MANUAL_QA_REQUIRED
gvs_e8f35039d06b771d,gvc_1d340eb06631,Cable Straight Leg Diagonal Kickback,Cable Straight Leg Diagonal Kickback,,MANUAL,Hips,MVP_CANDIDATE,Resistance/strength candidate,Cable,source,하체,source,,,unsupported,weight_reps,equipment,weight_reps,,2,1,1,MANUAL_QA_REQUIRED
gvs_527c31da43a884d4,gvc_ea090b088ee7,Cable Straight Legs Pull Through (with Rope),Cable Straight Legs Pull Through (With Rope),,MANUAL,,MVP_CANDIDATE,Resistance/strength candidate,Cable,source,,unknown,,,unsupported,weight_reps,equipment,weight_reps,,1,0,1,MANUAL_QA_REQUIRED
gvs_3ada1b1e2d154f64,gvc_f9e107fddaf7,Cable Supported Single Leg Hamstrings Concentratio,Cable Supported Single Leg Hamstrings Concentratio,,MANUAL,,MVP_CANDIDATE,Resistance/strength candidate,Cable,source,하체,name,,,unsupported,weight_reps,equipment,weight_reps,,1,0,1,MANUAL_QA_REQUIRED
gvs_4c256f80207b0326,gvc_b25c0d201753,Cable Sz Bar Close Grip Curl,Cable Sz Bar Close Grip Curl,,MANUAL,Upper-Arms,MVP_CANDIDATE,Resistance/strength candidate,Cable,source,팔,source,,,unsupported,weight_reps,equipment,weight_reps,,1,1,0,MANUAL_QA_REQUIRED
gvs_080be362685ef3e4,gvc_68d3dfa176e1,Cable Triceps Pushdown (sz Bar),Cable Triceps Pushdown (Sz Bar),,MANUAL,Upper-Arms,MVP_CANDIDATE,Resistance/strength candidate,Cable,source,팔,source,삼두근,,name_high,weight_reps,equipment,weight_reps,,2,1,1,MANUAL_QA_REQUIRED
gvs_0e479b6fc42ea76f,gvc_96a3dca2c1dd;gvc_d44a12daf0a3,Cable Triceps Pushdown (v Bar Attachment) | Cable Triceps Pushdown (v Bar),Cable Triceps Pushdown (V Bar Attachment),,MANUAL,Upper-Arms,MVP_CANDIDATE,Resistance/strength candidate,Cable,source,팔,source,삼두근,,name_high,weight_reps,equipment,weight_reps,,2,1,1,MANUAL_QA_REQUIRED
gvs_fba190871b3f0b57,gvc_e32769993507,Cable Triceps Pushdown On Floor,Cable Triceps Pushdown On Floor,,MANUAL,Upper-Arms,MVP_CANDIDATE,Resistance/strength candidate,Cable,source,팔,source,삼두근,,name_high,weight_reps,equipment,weight_reps,,1,1,0,MANUAL_QA_REQUIRED
gvs_c779e3a87ad393ae,gvc_cb2da3362c0a,Cable Tuck Reverse Crunch,Cable Tuck Reverse Crunch,,MANUAL,Waist,MVP_CANDIDATE,Resistance/strength candidate,Cable,source,코어,source,복직근,,name_high,weight_reps,equipment,weight_reps,,1,1,0,MANUAL_QA_REQUIRED
gvs_5e0e830c4cfd2ab2,gvc_d9f9d35ff58a,Cable Twin Handle Parallel Grip Lat Pulldown,Cable Twin Handle Parallel Grip Lat Pulldown,,MANUAL,Back,MVP_CANDIDATE,Resistance/strength candidate,Cable,source,등,source,광배근,이두근 / 승모근,name_high,weight_reps,equipment,weight_reps,,1,1,0,MANUAL_QA_REQUIRED
gvs_6babbfbed637c2c4,gvc_97cfca25b52a,Cable Twist,Cable Twist,,MANUAL,Waist,MVP_CANDIDATE,Resistance/strength candidate,Cable,source,코어,source,,,unsupported,weight_reps,equipment,weight_reps,,2,1,1,MANUAL_QA_REQUIRED
gvs_7918345ab3ce5dec,gvc_9dc82c87e201,Cable Twist (down Up),Cable Twist (Down Up),,MANUAL,Waist,MVP_CANDIDATE,Resistance/strength candidate,Cable,source,코어,source,,,unsupported,weight_reps,equipment,weight_reps,,1,0,1,MANUAL_QA_REQUIRED
gvs_32dfaf896dc13f2d,gvc_051ee438bce7;gvc_61fd09aa3ef8,Cable Twist (up Down) | Cable Twist (up Down) Version,Cable Twist (Up Down),,MANUAL,Waist,MVP_CANDIDATE,Resistance/strength candidate,Cable,source,코어,source,,,unsupported,weight_reps,equipment,weight_reps,,3,1,2,MANUAL_QA_REQUIRED
gvs_a5735eac3d59bcf6,gvc_5c55090e50a4,Cable Twisting Overhead Press,Cable Twisting Overhead Press,,MANUAL,Shoulders,MVP_CANDIDATE,Resistance/strength candidate,Cable,source,어깨,source,삼각근,삼두근,name_high,weight_reps,equipment,weight_reps,,1,1,0,MANUAL_QA_REQUIRED
gvs_b0d6b97eae91564c,gvc_3a6d9f0f41bf,Cable Twisting Pull,Cable Twisting Pull,,MANUAL,Back,MVP_CANDIDATE,Resistance/strength candidate,Cable,source,등,source,,,unsupported,weight_reps,equipment,weight_reps,,1,1,0,MANUAL_QA_REQUIRED
gvs_9ab8c22154f550c5,gvc_1d4d93d39424,Cable Underhand Pulldown,Cable Underhand Pulldown,,MANUAL,Back,MVP_CANDIDATE,Resistance/strength candidate,Cable,source,등,source,,,unsupported,weight_reps,equipment,weight_reps,,1,1,0,MANUAL_QA_REQUIRED
gvs_c5b86a1cc323ac42,gvc_8dc9b108b465,Cable Unilateral Bicep Curl,Cable Unilateral Bicep Curl,,MANUAL,Upper-Arms,MVP_CANDIDATE,Resistance/strength candidate,Cable,source,팔,source,,,unsupported,weight_reps,equipment,weight_reps,,1,1,0,MANUAL_QA_REQUIRED
gvs_c66fab9387618043,gvc_fec3eb093c22,Cable Upper Chest Crossovers,Cable Upper Chest Crossovers,,MANUAL,Chest,MVP_CANDIDATE,Resistance/strength candidate,Cable,source,가슴,source,,,unsupported,weight_reps,equipment,weight_reps,,1,0,1,MANUAL_QA_REQUIRED
gvs_761d55fc89d5aaee,gvc_04ad7eb066b5,Cable Upright Row,Cable Upright Row,케이블 업라이트 로우,AUTO_PHRASE_DRAFT,Shoulders,MVP_CANDIDATE,Resistance/strength candidate,Cable,source,어깨,source,등 상부 / 광배근,이두근,name_high,weight_reps,equipment,weight_reps,BODY_MUSCLE_FAMILY_CONFLICT,3,2,1,MANUAL_QA_REQUIRED
gvs_412e62314666ca59,gvc_79215b6f220c,Cable Wide Grip Lat Pulldown,Cable Wide Grip Lat Pulldown,케이블 와이드 그립 랫 풀다운,AUTO_PHRASE_DRAFT,Back,MVP_CANDIDATE,Resistance/strength candidate,Cable,source,등,source,광배근,이두근 / 승모근,name_high,weight_reps,equipment,weight_reps,,1,0,1,AUTO_DRAFT_COMPLETE
gvs_54ef5c8b6cb921bb,gvc_7a270c0c707f,Cable Wide Grip Rear Pulldown Behind Neck,Cable Wide Grip Rear Pulldown Behind Neck,,MANUAL,Back,MVP_CANDIDATE,Resistance/strength candidate,Cable,source,등,source,,,unsupported,weight_reps,equipment,weight_reps,,1,1,0,MANUAL_QA_REQUIRED
gvs_e258545e6ff63928,gvc_b3a8a9760f01,Cable Wrist Curl,Cable Wrist Curl,케이블 리스트 컬,AUTO_PHRASE_DRAFT,Forearms,MVP_CANDIDATE,Resistance/strength candidate,Cable,source,팔,source,,,unsupported,weight_reps,equipment,weight_reps,,1,1,0,AUTO_DRAFT_COMPLETE
gvs_883d7dc7833c40cf,gvc_163a7c70e97f,Cable Y Raise,Cable Y Raise,,MANUAL,Shoulders,MVP_CANDIDATE,Resistance/strength candidate,Cable,source,어깨,source,,,unsupported,weight_reps,equipment,weight_reps,,1,1,0,MANUAL_QA_REQUIRED
gvs_98e9a214416b81dc,gvc_80d449e99e48;gvc_c1bef62aad87,Calf Raise From Deficit With Chair Supported | Calf Raise From Deficit With Chair Supported (fema,Calf Raise From Deficit With Chair Supported,,MANUAL,Calves,MVP_CANDIDATE,Resistance/strength candidate,Bodyweight,inferred_bodyweight,하체,source,종아리,,name_high,reps,bodyweight,,,2,1,1,MANUAL_QA_REQUIRED
gvs_4b36afa4be096e32,gvc_f08928cf29cb,Calf Raise With Wall Support,Calf Raise With Wall Support,,MANUAL,Calves,MVP_CANDIDATE,Resistance/strength candidate,Bodyweight,inferred_bodyweight,하체,source,종아리,,name_high,reps,bodyweight,,,2,1,1,MANUAL_QA_REQUIRED
gvs_77ea31446d9a17ce,gvc_5bbb9e4c9ad0,Cambered Bar Lying Row,Cambered Bar Lying Row,,MANUAL,Back,MVP_CANDIDATE,Resistance/strength candidate,Bodyweight,inferred_bodyweight,등,source,등 상부 / 광배근,이두근,name_high,reps,bodyweight,,,2,1,1,MANUAL_QA_REQUIRED
gvs_5fa686a943f22505,gvc_56a6cd570053,Captains Chair Leg Raise,Captains Chair Leg Raise,,MANUAL,Hips,MVP_CANDIDATE,Resistance/strength candidate,Bodyweight,inferred_bodyweight,하체,source,복직근,,name_high,reps,bodyweight,reps,BODY_MUSCLE_FAMILY_CONFLICT,1,1,0,MANUAL_QA_REQUIRED
gvs_eb471f21a27da715,gvc_083585bc636f,Captains Chair Straight Leg Raise,Captains Chair Straight Leg Raise,,MANUAL,Waist,MVP_CANDIDATE,Resistance/strength candidate,Bodyweight,inferred_bodyweight,코어,source,복직근,,name_high,reps,bodyweight,reps,,2,1,1,MANUAL_QA_REQUIRED
gvs_75e775e7ab412017,gvc_d2ecf0202560,Celebratory Hip Thrust,Celebratory Hip Thrust,,MANUAL,Waist,MVP_CANDIDATE,Resistance/strength candidate,Bodyweight,inferred_bodyweight,코어,source,둔근,햄스트링,name_high,reps,bodyweight,,BODY_MUSCLE_FAMILY_CONFLICT,2,1,1,MANUAL_QA_REQUIRED
gvs_073c2ba7b4d0fd8f,gvc_c00b19dac5a0,Chair Squat Calf Rock,Chair Squat Calf Rock,,MANUAL,Calves,MVP_CANDIDATE,Resistance/strength candidate,Bodyweight,inferred_bodyweight,하체,source,대퇴사두근,둔근,name_high,reps,bodyweight,,,2,1,1,MANUAL_QA_REQUIRED
gvs_cc06d5853e4b88a1,gvc_ac81dda9e9d8,Chair Squat To Toe Stand,Chair Squat To Toe Stand,,MANUAL,Thighs,MVP_CANDIDATE,Resistance/strength candidate,Bodyweight,inferred_bodyweight,하체,source,대퇴사두근,둔근,name_high,reps,bodyweight,,,2,1,1,MANUAL_QA_REQUIRED
gvs_65ef0d7bf239be63,gvc_a61d630a4b7f,Cheat Curl,Cheat Curl,,MANUAL,Upper-Arms,MVP_CANDIDATE,Resistance/strength candidate,Bodyweight,inferred_bodyweight,팔,source,,,unsupported,reps,bodyweight,,,1,1,0,MANUAL_QA_REQUIRED
gvs_63efbb7c4b7e598a,gvc_2e4eba88d612,Cheerleader Clap Backhand Swing,Cheerleader Clap Backhand Swing,,MANUAL,Shoulders,MVP_CANDIDATE,Resistance/strength candidate,Bodyweight,inferred_bodyweight,어깨,source,,,unsupported,reps,bodyweight,,,1,0,1,MANUAL_QA_REQUIRED
gvs_805b93b317ac716b,gvc_da766dddc3eb,Chest Dip,Chest Dip,,MANUAL,Chest,MVP_CANDIDATE,Resistance/strength candidate,Bodyweight,inferred_bodyweight,가슴,source,,,unsupported,reps,bodyweight,,,2,1,1,MANUAL_QA_REQUIRED
gvs_d4a066a5cca87205,gvc_b0328e035320,Chest Dip (on Dip Pull Up Cage),Chest Dip (On Dip Pull Up Cage),,MANUAL,Chest,MVP_CANDIDATE,Resistance/strength candidate,Bodyweight,inferred_bodyweight,가슴,source,광배근,이두근 / 승모근,name_high,reps,bodyweight,,BODY_MUSCLE_FAMILY_CONFLICT,2,1,1,MANUAL_QA_REQUIRED
gvs_afd96fb85ee29e96,gvc_e00bde2331fa,Chest Dip On Bench,Chest Dip On Bench,,MANUAL,Chest,MVP_CANDIDATE,Resistance/strength candidate,Bodyweight,inferred_bodyweight,가슴,source,,,unsupported,reps,bodyweight,,,1,1,0,MANUAL_QA_REQUIRED
gvs_5a3ec6f6cc2c1d90,gvc_b34919c282d7,Chest Fly And Press Up,Chest Fly And Press Up,,MANUAL,Chest,MVP_CANDIDATE,Resistance/strength candidate,Bodyweight,inferred_bodyweight,가슴,source,대흉근,삼두근 / 전면 삼각근,name_high,reps,bodyweight,,,2,1,1,MANUAL_QA_REQUIRED
gvs_6300360b0e0b148b,gvc_acd804e5aa5d,Chest Fly Plyo Squat,Chest Fly Plyo Squat,,MANUAL,Hips,MVP_CANDIDATE,Resistance/strength candidate,Bodyweight,inferred_bodyweight,하체,source,대퇴사두근,둔근,name_high,reps,bodyweight,,,1,0,1,MANUAL_QA_REQUIRED
gvs_c3c0b08b98f52593,gvc_d38079223f94,Chest Pressdown,Chest Pressdown,,MANUAL,Chest,MVP_CANDIDATE,Resistance/strength candidate,Bodyweight,inferred_bodyweight,가슴,source,,,unsupported,reps,bodyweight,,,1,1,0,MANUAL_QA_REQUIRED
gvs_46cf9e735ca2cf6b,gvc_2f58d3549670,Chest Pull Back,Chest Pull Back,,MANUAL,Back,MVP_CANDIDATE,Resistance/strength candidate,Bodyweight,inferred_bodyweight,등,source,,,unsupported,reps,bodyweight,,,2,1,1,MANUAL_QA_REQUIRED
gvs_b2cf09748b672a7a,gvc_7d0e5016d42f,Chest Raise And Rotate,Chest Raise And Rotate,,MANUAL,Shoulders,MVP_CANDIDATE,Resistance/strength candidate,Bodyweight,inferred_bodyweight,어깨,source,,,unsupported,reps,bodyweight,,,1,0,1,MANUAL_QA_REQUIRED
gvs_a13ca34573f709c5,gvc_fb426fc9e408,Chin Up,Chin Up,친업,AUTO_PHRASE_DRAFT,Back,MVP_CANDIDATE,Resistance/strength candidate,Bodyweight,inferred_bodyweight,등,source,광배근,이두근 / 승모근,name_high,reps,bodyweight,,,2,1,1,AUTO_DRAFT_COMPLETE
gvs_c5e0ca363c288000,gvc_f936627351d8,Chin Up (izometric And Negative),Chin Up (Izometric And Negative),,MANUAL,Back,MVP_CANDIDATE,Resistance/strength candidate,Bodyweight,inferred_bodyweight,등,source,광배근,이두근 / 승모근,name_high,reps,bodyweight,,,1,1,0,MANUAL_QA_REQUIRED
gvs_f7fb08c1779b85d1,gvc_794ff462097a,Chin Ups (narrow Parallel Grip),Chin Ups (Narrow Parallel Grip),,MANUAL,Back,MVP_CANDIDATE,Resistance/strength candidate,Bodyweight,inferred_bodyweight,등,source,,,unsupported,reps,bodyweight,,,2,1,1,MANUAL_QA_REQUIRED
gvs_cf31f4b2ee5e5310,gvc_6090fe72afdd,Chinese Plank,Chinese Plank,,MANUAL,Waist,MVP_CANDIDATE,Resistance/strength candidate,Bodyweight,inferred_bodyweight,코어,source,코어,,name_high,duration,semantic,duration,,1,1,0,MANUAL_QA_REQUIRED
gvs_90a46e6d0c2596f5,gvc_2aacb1210a72,Circles Arm,Circles Arm,,MANUAL,Shoulders,MVP_CANDIDATE,Resistance/strength candidate,Bodyweight,inferred_bodyweight,어깨,source,,,unsupported,reps,bodyweight,,,2,1,1,MANUAL_QA_REQUIRED
gvs_343202a3a007b1fb,gvc_4785cc27e7a9,Circles Elbow Arm,Circles Elbow Arm,,MANUAL,Shoulders,MVP_CANDIDATE,Resistance/strength candidate,Bodyweight,inferred_bodyweight,어깨,source,,,unsupported,reps,bodyweight,,,1,0,1,MANUAL_QA_REQUIRED
gvs_d10adc0cf5f29082,gvc_61d3b8cd4816,Clamshell Sit Agains Wall,Clamshell Sit Against Wall,,MANUAL,Hips,MVP_CANDIDATE,Resistance/strength candidate,Bodyweight,inferred_bodyweight,하체,source,,,unsupported,reps,bodyweight,,,2,1,1,MANUAL_QA_REQUIRED
gvs_d2b6a9364c8a6c70,gvc_ca170bd542fc,Clap Curtsey Squat,Clap Curtsey Squat,,MANUAL,Thighs,MVP_CANDIDATE,Resistance/strength candidate,Bodyweight,inferred_bodyweight,하체,source,대퇴사두근,둔근,name_high,reps,bodyweight,,,1,0,1,MANUAL_QA_REQUIRED
gvs_99cf466a54f05b70,gvc_2c5934f9eaa4,Clap Push Up Plyometrics,Clap Push Up Plyometrics,,MANUAL,Chest,MVP_CANDIDATE,Resistance/strength candidate,Bodyweight,inferred_bodyweight,가슴,source,,,unsupported,reps,bodyweight,reps,,1,1,0,MANUAL_QA_REQUIRED
gvs_e6117173580915ab,gvc_7f1ac3a39e60,Clock Push Up,Clock Push Up,,MANUAL,Chest,MVP_CANDIDATE,Resistance/strength candidate,Bodyweight,inferred_bodyweight,가슴,source,,,unsupported,reps,bodyweight,reps,,2,1,1,MANUAL_QA_REQUIRED
gvs_c2ea2d4ed252455c,gvc_e0a3ea95dd69,Close Grip Chin Up,Close Grip Chin Up,클로즈 그립 친업,AUTO_PHRASE_DRAFT,Back,MVP_CANDIDATE,Resistance/strength candidate,Bodyweight,inferred_bodyweight,등,source,광배근,이두근 / 승모근,name_high,reps,bodyweight,,,2,1,1,AUTO_DRAFT_COMPLETE
gvs_18a4abe897190da6,gvc_f5c64d84857f,Close Grip Pull Up,Close Grip Pull Up,클로즈 그립 풀업,AUTO_PHRASE_DRAFT,Back,MVP_CANDIDATE,Resistance/strength candidate,Bodyweight,inferred_bodyweight,등,source,광배근,이두근 / 승모근,name_high,reps,bodyweight,,,1,1,0,AUTO_DRAFT_COMPLETE
gvs_674405784ee3ebee,gvc_975d09896bd1,Close Grip Push Up,Close Grip Push Up,클로즈 그립 푸시업,AUTO_PHRASE_DRAFT,Upper-Arms,MVP_CANDIDATE,Resistance/strength candidate,Bodyweight,inferred_bodyweight,팔,source,,,unsupported,reps,bodyweight,reps,,2,1,1,AUTO_DRAFT_COMPLETE
gvs_5184c8022b86b6c8,gvc_81326f9dae6e,Close Grip Push Up (on Knees),Close Grip Push Up (On Knees),,MANUAL,Upper-Arms,MVP_CANDIDATE,Resistance/strength candidate,Bodyweight,inferred_bodyweight,팔,source,,,unsupported,reps,bodyweight,reps,,2,1,1,MANUAL_QA_REQUIRED
gvs_fd53224c47928b1a,gvc_6f5fd084ea4a,Close Grip Push Up Against The Wall,Close Grip Push Up Against The Wall,,MANUAL,Upper-Arms,MVP_CANDIDATE,Resistance/strength candidate,Bodyweight,inferred_bodyweight,팔,source,,,unsupported,reps,bodyweight,reps,,1,1,0,MANUAL_QA_REQUIRED
gvs_cacec9fd13a2f1c9,gvc_33a44ba7062b,Close Stance Squat,Close Stance Squat,,MANUAL,Thighs,MVP_CANDIDATE,Resistance/strength candidate,Bodyweight,inferred_bodyweight,하체,source,대퇴사두근,둔근,name_high,reps,bodyweight,,,1,1,0,MANUAL_QA_REQUIRED
gvs_cc32d55fca259b47,gvc_72bd87d332d5,Cluster,Cluster,,MANUAL,Weightlifting,MVP_CANDIDATE,Resistance/strength candidate,,unknown,,unknown,,,unsupported,,review,,,1,1,0,MANUAL_QA_REQUIRED
gvs_7b6c8daef196ebb8,gvc_24b16b9c6fda,Cobra Pose On Stability Ball,Cobra Pose On Stability Ball,,MANUAL,Hips,MVP_CANDIDATE,Resistance/strength candidate,Stability Ball,source,하체,source,,,unsupported,,review,duration,,1,0,1,MANUAL_QA_REQUIRED
gvs_c0c27b8fa30ce91f,gvc_004a22fb9760,Cobra Push Up,Cobra Push Up,,MANUAL,Chest,MVP_CANDIDATE,Resistance/strength candidate,Bodyweight,inferred_bodyweight,가슴,source,,,unsupported,reps,bodyweight,reps,,2,1,1,MANUAL_QA_REQUIRED
gvs_ba467d76cab46634,gvc_1d6385f0328f,Cocoons,Cocoons,,MANUAL,Waist,MVP_CANDIDATE,Resistance/strength candidate,Bodyweight,inferred_bodyweight,코어,source,,,unsupported,reps,bodyweight,,,2,1,1,MANUAL_QA_REQUIRED
gvs_5461a2502fcd4b5a,gvc_8ccc550038ff,Commando Pull Up,Commando Pull Up,,MANUAL,Back,MVP_CANDIDATE,Resistance/strength candidate,Bodyweight,inferred_bodyweight,등,source,광배근,이두근 / 승모근,name_high,reps,bodyweight,,,2,1,1,MANUAL_QA_REQUIRED
gvs_ff4f2e869e4c1d64,gvc_f7f4b8bf1136,Corn Cob (side To Side) Pull Up,Corn Cob (Side To Side) Pull Up,,MANUAL,Back,MVP_CANDIDATE,Resistance/strength candidate,Bodyweight,inferred_bodyweight,등,source,광배근,이두근 / 승모근,name_high,reps,bodyweight,,,1,1,0,MANUAL_QA_REQUIRED
gvs_5ff76c5c1abcc988,gvc_41710aa4579a;gvc_cd6fe040db48,Cossack Squat | Cossack Squats,Cossack Squats,,MANUAL,Hips;Thighs,MVP_CANDIDATE,Resistance/strength candidate,Bodyweight,inferred_bodyweight,하체,source,,,unsupported,reps,bodyweight,,,2,1,1,MANUAL_QA_REQUIRED
gvs_4e98cc6d636f74dd,gvc_26033355e4ab,Counterbalanced Skater Squat,Counterbalanced Skater Squat,,MANUAL,Thighs,MVP_CANDIDATE,Resistance/strength candidate,Bodyweight,inferred_bodyweight,하체,source,대퇴사두근,둔근,name_high,reps,bodyweight,,,1,1,0,MANUAL_QA_REQUIRED
gvs_e0e0e7a8cd2a574e,gvc_534f211a3e70,Crab Knee To Elbow,Crab Knee To Elbow,,MANUAL,Waist,MVP_CANDIDATE,Resistance/strength candidate,Bodyweight,inferred_bodyweight,코어,source,,,unsupported,reps,bodyweight,,,1,1,0,MANUAL_QA_REQUIRED
gvs_79c69c369bdff760,gvc_954b1ac10d60,Crab Twist Toe Touch,Crab Twist Toe Touch,,MANUAL,Waist,MVP_CANDIDATE,Resistance/strength candidate,Bodyweight,inferred_bodyweight,코어,source,,,unsupported,reps,bodyweight,,,2,1,1,MANUAL_QA_REQUIRED
gvs_a4f0bb3ebce74868,gvc_64c315a1caca,Crawl Switch,Crawl Switch,,MANUAL,Waist,MVP_CANDIDATE,Resistance/strength candidate,Bodyweight,inferred_bodyweight,코어,source,,,unsupported,reps,bodyweight,,,1,1,0,MANUAL_QA_REQUIRED
gvs_aa667c0100e2d299,gvc_ea040b9893e9,Criss Cross Arms Lift,Criss Cross Arms Lift,,MANUAL,Chest,MVP_CANDIDATE,Resistance/strength candidate,Bodyweight,inferred_bodyweight,가슴,source,,,unsupported,reps,bodyweight,,,2,1,1,MANUAL_QA_REQUIRED
gvs_ba2b2113bff215e3,gvc_af6a6882bf38,Criss Cross Arms Prayer Push,Criss Cross Arms Prayer Push,,MANUAL,Chest,MVP_CANDIDATE,Resistance/strength candidate,Bodyweight,inferred_bodyweight,가슴,source,,,unsupported,reps,bodyweight,,,2,1,1,MANUAL_QA_REQUIRED
gvs_94bf78b7d39d02a7,gvc_03887c64df42,Criss Cross Knee Tuck,Criss Cross Knee Tuck,,MANUAL,Waist,MVP_CANDIDATE,Resistance/strength candidate,Bodyweight,inferred_bodyweight,코어,source,,,unsupported,reps,bodyweight,,,1,1,0,MANUAL_QA_REQUIRED
gvs_75cae994c1514aae,gvc_0c8b3eb5dbbd,Criss Cross Leg Raises,Criss Cross Leg Raises,,MANUAL,Hips,MVP_CANDIDATE,Resistance/strength candidate,Bodyweight,inferred_bodyweight,하체,source,,,unsupported,reps,bodyweight,,,2,1,1,MANUAL_QA_REQUIRED
gvs_1cba1d262aa38330,gvc_2e14ce5f3ebc,Criss Cross Upper Chest Raise,Criss Cross Upper Chest Raise,,MANUAL,Chest,MVP_CANDIDATE,Resistance/strength candidate,Bodyweight,inferred_bodyweight,가슴,source,,,unsupported,reps,bodyweight,,,1,1,0,MANUAL_QA_REQUIRED
gvs_866df4f8df0dd89e,gvc_71773d22b1ee,Cross Arms Triceps Extension,Cross Arms Triceps Extension,,MANUAL,Upper-Arms,MVP_CANDIDATE,Resistance/strength candidate,Bodyweight,inferred_bodyweight,팔,source,삼두근,,name_high,reps,bodyweight,,,1,1,0,MANUAL_QA_REQUIRED
gvs_bfdb54952baa9005,gvc_aa626d60f77c,Cross Body Twisting Crunch,Cross Body Twisting Crunch,,MANUAL,Waist,MVP_CANDIDATE,Resistance/strength candidate,Bodyweight,inferred_bodyweight,코어,source,복직근,,name_high,reps,bodyweight,reps,,1,0,1,MANUAL_QA_REQUIRED
gvs_b2b107b239512c90,gvc_eb135b341086,Cross Standing Crunch,Cross Standing Crunch,,MANUAL,Waist,MVP_CANDIDATE,Resistance/strength candidate,Bodyweight,inferred_bodyweight,코어,source,복직근,,name_high,reps,bodyweight,reps,,1,1,0,MANUAL_QA_REQUIRED
gvs_c66b5315246042f5,gvc_639973f35d99,Crossed Body Twist Sit Up,Crossed Body Twist Sit Up,,MANUAL,Waist,MVP_CANDIDATE,Resistance/strength candidate,Bodyweight,inferred_bodyweight,코어,source,복직근,,name_high,reps,bodyweight,reps,,1,1,0,MANUAL_QA_REQUIRED
gvs_d2c4080c79e287ca,gvc_c8354c0c6ac5,Crunch (arms Straight),Crunch (Arms Straight),,MANUAL,Waist,MVP_CANDIDATE,Resistance/strength candidate,Bodyweight,inferred_bodyweight,코어,source,복직근,,name_high,reps,bodyweight,reps,,4,3,1,MANUAL_QA_REQUIRED
gvs_ff79af56b3d7c248,gvc_9c612e7fbc82,Crunch (hands Overhead),Crunch (Hands Overhead),,MANUAL,Waist,MVP_CANDIDATE,Resistance/strength candidate,Bodyweight,inferred_bodyweight,코어,source,복직근,,name_high,reps,bodyweight,reps,,1,1,0,MANUAL_QA_REQUIRED
gvs_a81d9c4b7781f443,gvc_f33f6aa9ae51,Crunch (leg Raise),Crunch (Leg Raise),크런치 레그 레이즈,AUTO_PHRASE_DRAFT,Waist,MVP_CANDIDATE,Resistance/strength candidate,Bodyweight,inferred_bodyweight,코어,source,복직근,,name_high,reps,bodyweight,reps,,1,0,1,AUTO_DRAFT_COMPLETE
gvs_bd32cfb8637d0b5e,gvc_687ea3a04003,Crunch (legs On Stability Ball),Crunch (Legs On Stability Ball),,MANUAL,Waist,MVP_CANDIDATE,Resistance/strength candidate,Stability Ball,source,코어,source,복직근,,name_high,,review,reps,,1,0,1,MANUAL_QA_REQUIRED
gvs_db63a9e110b0f091,gvc_41185efd7c16,Crunch (on Bench),Crunch (On Bench),,MANUAL,Waist,MVP_CANDIDATE,Resistance/strength candidate,Bodyweight,inferred_bodyweight,코어,source,복직근,,name_high,reps,bodyweight,reps,,2,1,1,MANUAL_QA_REQUIRED
gvs_e64f531043a297ba,gvc_b11a775ddbb6,Crunch (on Bosu Ball),Crunch (On Bosu Ball),,MANUAL,Waist,MVP_CANDIDATE,Resistance/strength candidate,Bodyweight,inferred_bodyweight,코어,source,복직근,,name_high,reps,bodyweight,reps,,1,1,0,MANUAL_QA_REQUIRED
gvs_b54f87a3c453fccb,gvc_ad3cd5da4c3d,Crunch (on Stability Ball),Crunch (On Stability Ball),,MANUAL,Waist,MVP_CANDIDATE,Resistance/strength candidate,Stability Ball,source,코어,source,복직근,,name_high,,review,reps,,2,1,1,MANUAL_QA_REQUIRED
gvs_f9095dae6aa6a72c,gvc_53077c23f21c,Crunch (straight Leg Up),Crunch (Straight Leg Up),,MANUAL,Waist,MVP_CANDIDATE,Resistance/strength candidate,Bodyweight,inferred_bodyweight,코어,source,복직근,,name_high,reps,bodyweight,reps,,1,0,1,MANUAL_QA_REQUIRED
gvs_5a7fa7bddfdaaa05,gvc_4a26965f2c01,Crunch Against Wall,Crunch Against Wall,,MANUAL,Waist,MVP_CANDIDATE,Resistance/strength candidate,Bodyweight,inferred_bodyweight,코어,source,복직근,,name_high,reps,bodyweight,reps,,1,0,1,MANUAL_QA_REQUIRED
gvs_6b13264197dfb451,gvc_f342942f2634,Crunch Bent Knee Against Wall,Crunch Bent Knee Against Wall,,MANUAL,Waist,MVP_CANDIDATE,Resistance/strength candidate,Bodyweight,inferred_bodyweight,코어,source,복직근,,name_high,reps,bodyweight,reps,,1,1,0,MANUAL_QA_REQUIRED
gvs_9c34eeedd01e1a85,gvc_5f8851b3e1c0,Crunch Floor,Crunch Floor,,MANUAL,Waist,MVP_CANDIDATE,Resistance/strength candidate,Bodyweight,inferred_bodyweight,코어,source,복직근,,name_high,reps,bodyweight,reps,,2,1,1,MANUAL_QA_REQUIRED
gvs_80fe0dbe0debb64c,gvc_be60009937da,Crunch On A Bench,Crunch On A Bench,,MANUAL,Waist,MVP_CANDIDATE,Resistance/strength candidate,Bodyweight,inferred_bodyweight,코어,source,복직근,,name_high,reps,bodyweight,reps,,1,1,0,MANUAL_QA_REQUIRED
gvs_8532bf51f20caa11,gvc_c4171f54e71a,Crunch With Medicine Ball,Crunch With Medicine Ball,,MANUAL,Waist,MVP_CANDIDATE,Resistance/strength candidate,Medicine Ball,source,코어,source,복직근,,name_high,,review,reps,,1,1,0,MANUAL_QA_REQUIRED
gvs_ccb9f2f8430ef15e,gvc_78e3ecde3821,Crunchy Frog On Floor,Crunchy Frog On Floor,,MANUAL,Waist,MVP_CANDIDATE,Resistance/strength candidate,Bodyweight,inferred_bodyweight,코어,source,,,unsupported,reps,bodyweight,,,1,1,0,MANUAL_QA_REQUIRED
gvs_da71a7a650be7134,gvc_86fdb1e2167b,Curtsey Squat,Curtsey Squat,,MANUAL,Thighs,MVP_CANDIDATE,Resistance/strength candidate,Bodyweight,inferred_bodyweight,하체,source,대퇴사두근,둔근,name_high,reps,bodyweight,,,2,1,1,MANUAL_QA_REQUIRED
gvs_321322e8102ad1f6,gvc_15375fd583ef,Curtsy Lunge Slide With Towel,Curtsy Lunge Slide With Towel,,MANUAL,Hips,MVP_CANDIDATE,Resistance/strength candidate,Bodyweight,inferred_bodyweight,하체,source,대퇴사두근,둔근,name_high,reps,bodyweight,reps,,2,1,1,MANUAL_QA_REQUIRED
gvs_bf8f0779e90318d5,gvc_61a4a925cb66;gvc_61a4aa25cb66;gvc_9d7f07982733,Dead Bug | Dead Bug (version 2) | Dead Bug (version 3),Dead Bug,,MANUAL,Waist,MVP_CANDIDATE,Resistance/strength candidate,Bodyweight,inferred_bodyweight,코어,source,,,unsupported,reps,bodyweight,,,4,1,3,MANUAL_QA_REQUIRED
gvs_1bed57415dc2df4d,gvc_90ebed34fd3f,Dead Bug With Stability Ball,Dead Bug With Stability Ball,,MANUAL,Waist,MVP_CANDIDATE,Resistance/strength candidate,Stability Ball,source,코어,source,,,unsupported,,review,,,1,0,1,MANUAL_QA_REQUIRED
gvs_2029016e07c8a67c,gvc_00e3f314e517,Decline Bent Leg Reverse Crunch,Decline Bent Leg Reverse Crunch,,MANUAL,Waist,MVP_CANDIDATE,Resistance/strength candidate,Bodyweight,inferred_bodyweight,코어,source,복직근,,name_high,reps,bodyweight,reps,,2,1,1,MANUAL_QA_REQUIRED
gvs_8d1faf86c27be0fc,gvc_d22de4c64220,Decline Crunch,Decline Crunch,디클라인 크런치,AUTO_PHRASE_DRAFT,Waist,MVP_CANDIDATE,Resistance/strength candidate,Bodyweight,inferred_bodyweight,코어,source,복직근,,name_high,reps,bodyweight,reps,,2,1,1,AUTO_DRAFT_COMPLETE
gvs_149903b5ff33c57d,gvc_c17efd330610,Decline Diamond Pike Push Up,Decline Diamond Pike Push Up,,MANUAL,Shoulders,MVP_CANDIDATE,Resistance/strength candidate,Bodyweight,inferred_bodyweight,어깨,source,,,unsupported,reps,bodyweight,reps,,1,1,0,MANUAL_QA_REQUIRED
gvs_ca2c68050b7001f1,gvc_18b63012e23b,Decline Diamond Push Up,Decline Diamond Push Up,,MANUAL,Chest,MVP_CANDIDATE,Resistance/strength candidate,Bodyweight,inferred_bodyweight,가슴,source,,,unsupported,reps,bodyweight,reps,,1,1,0,MANUAL_QA_REQUIRED
gvs_58c7d612162ee580,gvc_5a81eeefe476,Decline Knee Raise,Decline Knee Raise,디클라인 니 레이즈,AUTO_PHRASE_DRAFT,Waist,MVP_CANDIDATE,Resistance/strength candidate,Bodyweight,inferred_bodyweight,코어,source,복직근,,name_high,reps,bodyweight,reps,,1,0,1,AUTO_DRAFT_COMPLETE
gvs_982be4465c3f783c,gvc_9767d288e1a6,Decline Kneeling Push Up On Box,Decline Kneeling Push Up On Box,,MANUAL,Chest,MVP_CANDIDATE,Resistance/strength candidate,Bodyweight,inferred_bodyweight,가슴,source,,,unsupported,reps,bodyweight,reps,,2,1,1,MANUAL_QA_REQUIRED
gvs_7f3c0673a6813d6b,gvc_82ae26d953a1,Decline Leg Hip Raise,Decline Leg Hip Raise,,MANUAL,Waist,MVP_CANDIDATE,Resistance/strength candidate,Bodyweight,inferred_bodyweight,코어,source,,,unsupported,reps,bodyweight,,,1,1,0,MANUAL_QA_REQUIRED
gvs_652f96e8823cbec6,gvc_c5aeb9f2c873,Decline Push Up,Decline Push Up,디클라인 푸시업,AUTO_PHRASE_DRAFT,Chest,MVP_CANDIDATE,Resistance/strength candidate,Bodyweight,inferred_bodyweight,가슴,source,,,unsupported,reps,bodyweight,reps,,3,2,1,AUTO_DRAFT_COMPLETE
gvs_373f73007a2699a8,gvc_1f7ccb6799ee;gvc_ec017abd4821,Decline Kneeling Push Up | Decline Push Up (kneeling),Decline Push Up (Kneeling),디클라인 푸시업 닐링,AUTO_PHRASE_DRAFT,Chest,MVP_CANDIDATE,Resistance/strength candidate,Bodyweight,inferred_bodyweight,가슴,source,,,unsupported,reps,bodyweight,reps,,2,1,1,AUTO_DRAFT_COMPLETE
gvs_4257341f0ab02ccf,gvc_5426bea600a5,Decline Push Up Against Wall,Decline Push Up Against Wall,,MANUAL,Chest,MVP_CANDIDATE,Resistance/strength candidate,Bodyweight,inferred_bodyweight,가슴,source,,,unsupported,reps,bodyweight,reps,,2,1,1,MANUAL_QA_REQUIRED
gvs_d129d236e91e4600,gvc_907c5b9e4ef5,Decline Push Up With Chair,Decline Push Up With Chair,,MANUAL,Chest,MVP_CANDIDATE,Resistance/strength candidate,Bodyweight,inferred_bodyweight,가슴,source,,,unsupported,reps,bodyweight,reps,,1,1,0,MANUAL_QA_REQUIRED
gvs_dc5c27f99c596209,gvc_5614d938ce6e,Decline Shoulder Tap,Decline Shoulder Tap,,MANUAL,Chest,MVP_CANDIDATE,Resistance/strength candidate,Bodyweight,inferred_bodyweight,가슴,source,,,unsupported,reps,bodyweight,,,1,1,0,MANUAL_QA_REQUIRED
gvs_d04153e52c13e10d,gvc_5476e4f23103;gvc_5a20ab6c94ba,Decline Sit Up | Decline Sit Up (version 3),Decline Sit Up,디클라인 싯업,AUTO_PHRASE_DRAFT,Hips;Waist,MVP_CANDIDATE,Resistance/strength candidate,Bodyweight,inferred_bodyweight,,conflict,복직근,,name_high,reps,bodyweight,reps,BODY_SOURCE_CONFLICT,3,3,0,MANUAL_QA_REQUIRED
gvs_9df8fc20425ebc1e,gvc_a42a1c10d2e4,Deep Breathe Flaps Plyo Squat,Deep Breathe Flaps Plyo Squat,,MANUAL,Hips,MVP_CANDIDATE,Resistance/strength candidate,Bodyweight,inferred_bodyweight,하체,source,대퇴사두근,둔근,name_high,reps,bodyweight,,,2,1,1,MANUAL_QA_REQUIRED
gvs_46238b6e738427fc,gvc_cb00f15b7ea2,Deep Frog Squat,Deep Frog Squat,,MANUAL,Hips,MVP_CANDIDATE,Resistance/strength candidate,Bodyweight,inferred_bodyweight,하체,source,대퇴사두근,둔근,name_high,reps,bodyweight,,,2,1,1,MANUAL_QA_REQUIRED
gvs_40c6996cb3e0c4b2,gvc_0d1a206ef256,Deep Knee Bend,Deep Knee Bend,,MANUAL,Thighs,MVP_CANDIDATE,Resistance/strength candidate,Bodyweight,inferred_bodyweight,하체,source,,,unsupported,reps,bodyweight,,,1,1,0,MANUAL_QA_REQUIRED
gvs_518745dfe804633f,gvc_4194b281e57c,Deep Lunge Circle,Deep Lunge Circle,,MANUAL,Hips,MVP_CANDIDATE,Resistance/strength candidate,Bodyweight,inferred_bodyweight,하체,source,대퇴사두근,둔근,name_high,reps,bodyweight,reps,,1,0,1,MANUAL_QA_REQUIRED
gvs_20a6b485e49efba9,gvc_71c07d899b96,Deep Prisoner Squat,Deep Prisoner Squat,,MANUAL,Hips,MVP_CANDIDATE,Resistance/strength candidate,Bodyweight,inferred_bodyweight,하체,source,대퇴사두근,둔근,name_high,reps,bodyweight,,,1,1,0,MANUAL_QA_REQUIRED
gvs_9d2d376a7c04c5c4,gvc_a3fcb327e77d,Deep Push Up,Deep Push Up,,MANUAL,Chest,MVP_CANDIDATE,Resistance/strength candidate,Bodyweight,inferred_bodyweight,가슴,source,,,unsupported,reps,bodyweight,reps,,2,1,1,MANUAL_QA_REQUIRED
gvs_3024b83bc4844003,gvc_d8192eab3662,Deep Push Up Hold,Deep Push Up Hold,,MANUAL,Chest,MVP_CANDIDATE,Resistance/strength candidate,Bodyweight,inferred_bodyweight,가슴,source,,,unsupported,duration,semantic,reps,,2,1,1,MANUAL_QA_REQUIRED
gvs_a0fc471bf340323b,gvc_dd7b519bace8,Deep Push Up On Parallel Bars,Deep Push Up On Parallel Bars,,MANUAL,Chest,MVP_CANDIDATE,Resistance/strength candidate,Bodyweight,inferred_bodyweight,가슴,source,,,unsupported,reps,bodyweight,reps,,1,1,0,MANUAL_QA_REQUIRED
gvs_5782fdd577882ab1,gvc_7f1d3c92409a,Deep Sumo Squat Hold,Deep Sumo Squat Hold,,MANUAL,Hips,MVP_CANDIDATE,Resistance/strength candidate,Bodyweight,inferred_bodyweight,하체,source,대퇴사두근,둔근,name_high,duration,semantic,,,1,0,1,MANUAL_QA_REQUIRED
gvs_0ca4bb9a7fbfce80,gvc_d3f00e8a8edd,Diagonal Front Scoop Raise,Diagonal Front Scoop Raise,,MANUAL,Chest,MVP_CANDIDATE,Resistance/strength candidate,Bodyweight,inferred_bodyweight,가슴,source,,,unsupported,reps,bodyweight,,,1,0,1,MANUAL_QA_REQUIRED
gvs_2e1cb1374482e6af,gvc_45f0468bd32e,Diagonal In Out On Chair,Diagonal In Out On Chair,,MANUAL,Waist,MVP_CANDIDATE,Resistance/strength candidate,Bodyweight,inferred_bodyweight,코어,source,,,unsupported,reps,bodyweight,,,1,1,0,MANUAL_QA_REQUIRED
gvs_113fbc0357cb018b,gvc_19226cbd0873,Diagonal Opens,Diagonal Opens,,MANUAL,Chest,MVP_CANDIDATE,Resistance/strength candidate,Bodyweight,inferred_bodyweight,가슴,source,,,unsupported,reps,bodyweight,,,1,0,1,MANUAL_QA_REQUIRED
gvs_2c8ae9c747f594ff,gvc_4b8d379e1aa0,Diagonal Pick And Carry (woodchop),Diagonal Pick And Carry (Woodchop),,MANUAL,Waist,MVP_CANDIDATE,Resistance/strength candidate,Bodyweight,inferred_bodyweight,코어,source,,,unsupported,reps,bodyweight,,,1,1,0,MANUAL_QA_REQUIRED
gvs_d6efc1956315115d,gvc_5d216db238f0,Diagonal Reach On Chair,Diagonal Reach On Chair,,MANUAL,Waist,MVP_CANDIDATE,Resistance/strength candidate,Bodyweight,inferred_bodyweight,코어,source,,,unsupported,reps,bodyweight,,,1,1,0,MANUAL_QA_REQUIRED
gvs_aa6386538db3b2eb,gvc_cddc296580e2,Diamond Press,Diamond Press,,MANUAL,Back,MVP_CANDIDATE,Resistance/strength candidate,Bodyweight,inferred_bodyweight,등,source,,,unsupported,reps,bodyweight,,,1,1,0,MANUAL_QA_REQUIRED
gvs_91c5d612e9dbd170,gvc_4eb049c6b09d,Diamond Push Up,Diamond Push Up,,MANUAL,Upper-Arms,MVP_CANDIDATE,Resistance/strength candidate,Bodyweight,inferred_bodyweight,팔,source,,,unsupported,reps,bodyweight,reps,,3,2,1,MANUAL_QA_REQUIRED
gvs_8d928a4cc41bad92,gvc_8731cc83875d,Diamond Push Up (on Knees),Diamond Push Up (On Knees),,MANUAL,Upper-Arms,MVP_CANDIDATE,Resistance/strength candidate,Bodyweight,inferred_bodyweight,팔,source,,,unsupported,reps,bodyweight,reps,,2,1,1,MANUAL_QA_REQUIRED
gvs_01b1cf13b1708f83,gvc_c587d4475a27,Diamond Push Up Against Wall,Diamond Push Up Against Wall,,MANUAL,Upper-Arms,MVP_CANDIDATE,Resistance/strength candidate,Bodyweight,inferred_bodyweight,팔,source,,,unsupported,reps,bodyweight,reps,,1,1,0,MANUAL_QA_REQUIRED
gvs_d347e9601a1e64aa,gvc_0c5079a0695e,Dip Bent Knees With Chair,Dip Bent Knees With Chair,,MANUAL,Upper-Arms,MVP_CANDIDATE,Resistance/strength candidate,Bodyweight,inferred_bodyweight,팔,source,,,unsupported,reps,bodyweight,,,1,1,0,MANUAL_QA_REQUIRED
gvs_92df371f078980cf,gvc_b5d6f5c342b3,Dip On Floor With Chair,Dip On Floor With Chair,,MANUAL,Chest,MVP_CANDIDATE,Resistance/strength candidate,Bodyweight,inferred_bodyweight,가슴,source,,,unsupported,reps,bodyweight,,,2,1,1,MANUAL_QA_REQUIRED
gvs_ee4421abf5ed8563,gvc_02fa57aec188,Dips Between Chairs,Dips Between Chairs,,MANUAL,Chest,MVP_CANDIDATE,Resistance/strength candidate,Bodyweight,inferred_bodyweight,가슴,source,,,unsupported,reps,bodyweight,,,2,1,1,MANUAL_QA_REQUIRED
gvs_1b6e884a6d9159cc,gvc_cdc7df16eee5,Donkey Calf Raise,Donkey Calf Raise,,MANUAL,Calves,MVP_CANDIDATE,Resistance/strength candidate,Bodyweight,inferred_bodyweight,하체,source,종아리,,name_high,reps,bodyweight,,,2,1,1,MANUAL_QA_REQUIRED
gvs_67f477756406acb1,gvc_39af071f32a2,Donkey Kick Glute Curl,Donkey Kick Glute Curl,,MANUAL,Hips,MVP_CANDIDATE,Resistance/strength candidate,Bodyweight,inferred_bodyweight,하체,source,,,unsupported,reps,bodyweight,,,1,0,1,MANUAL_QA_REQUIRED
gvs_81a20ae76e9fc4bf,gvc_7f7e8b8710aa,Donkey Kickback,Donkey Kickback,,MANUAL,Hips,MVP_CANDIDATE,Resistance/strength candidate,Bodyweight,inferred_bodyweight,하체,source,,,unsupported,reps,bodyweight,,,1,0,1,MANUAL_QA_REQUIRED
gvs_8c188820565b5e82,gvc_c47f9fc9a374,Doorway Biceps Curl,Doorway Biceps Curl,,MANUAL,Upper-Arms,MVP_CANDIDATE,Resistance/strength candidate,Bodyweight,inferred_bodyweight,팔,source,이두근,,name_high,reps,bodyweight,,,1,1,0,MANUAL_QA_REQUIRED
gvs_45610ecd606c6979,gvc_1d3c9c47969a,Double Heel Lift Sit Agains Wall,Double Heel Lift Sit Against Wall,,MANUAL,Calves,MVP_CANDIDATE,Resistance/strength candidate,Bodyweight,inferred_bodyweight,하체,source,,,unsupported,reps,bodyweight,,,2,1,1,MANUAL_QA_REQUIRED
gvs_117a926e175ff070,gvc_62b79246449e,Double Jump Squat,Double Jump Squat,,MANUAL,Thighs,MVP_CANDIDATE,Resistance/strength candidate,Bodyweight,inferred_bodyweight,하체,source,대퇴사두근,둔근,name_high,reps,bodyweight,,,1,1,0,MANUAL_QA_REQUIRED
gvs_b6279011e8184d55,gvc_04c68374dd31,Double Palm Tap Russian Twist,Double Palm Tap Russian Twist,,MANUAL,Waist,MVP_CANDIDATE,Resistance/strength candidate,Bodyweight,inferred_bodyweight,코어,source,복사근,코어,name_high,reps,bodyweight,,,1,1,0,MANUAL_QA_REQUIRED
gvs_2d6c9547514d6747,gvc_39905cf2d808,Double Pulse Elbow Fly,Double Pulse Elbow Fly,,MANUAL,Chest,MVP_CANDIDATE,Resistance/strength candidate,Bodyweight,inferred_bodyweight,가슴,source,,,unsupported,reps,bodyweight,,,1,0,1,MANUAL_QA_REQUIRED
gvs_61c97838f7ca9762,gvc_da61931d8ffc,Double Woodchopper,Double Woodchopper,,MANUAL,Waist,MVP_CANDIDATE,Resistance/strength candidate,Bodyweight,inferred_bodyweight,코어,source,,,unsupported,reps,bodyweight,,,1,0,1,MANUAL_QA_REQUIRED
gvs_5880907d54e63bb5,gvc_f09cadb153a0,Down To Upward Dog,Down To Upward Dog,,MANUAL,Waist,MVP_CANDIDATE,Resistance/strength candidate,Bodyweight,inferred_bodyweight,코어,source,,,unsupported,reps,bodyweight,,,1,1,0,MANUAL_QA_REQUIRED
gvs_0795160ad38c11e8,gvc_f23dd5002198,Downward Dog Crunch,Downward Dog Crunch,,MANUAL,Waist,MVP_CANDIDATE,Resistance/strength candidate,Bodyweight,inferred_bodyweight,코어,source,복직근,,name_high,reps,bodyweight,reps,,1,1,0,MANUAL_QA_REQUIRED
gvs_5b6f078f0fae8897,gvc_7537e4565574,Downward Punch,Downward Punch,,MANUAL,Shoulders,MVP_CANDIDATE,Resistance/strength candidate,Bodyweight,inferred_bodyweight,어깨,source,,,unsupported,reps,bodyweight,,,2,1,1,MANUAL_QA_REQUIRED
gvs_c2c72beb500314ab,gvc_762fb2b6f89e,Dumbbel Seated Arnold Press,Dumbbel Seated Arnold Press,,MANUAL,Shoulders,MVP_CANDIDATE,Resistance/strength candidate,Bodyweight,inferred_bodyweight,어깨,source,,,unsupported,reps,bodyweight,,,1,0,1,MANUAL_QA_REQUIRED
gvs_553b4119a68c2275,gvc_7b76ab1ec8d3,Dumbbell 2 Point Bench Press,Dumbbell 2 Point Bench Press,,MANUAL,Chest,MVP_CANDIDATE,Resistance/strength candidate,Dumbbell,source,가슴,source,대흉근,삼두근 / 전면 삼각근,name_high,weight_reps,equipment,weight_reps,,1,1,0,MANUAL_QA_REQUIRED
gvs_6c7cecff66660af7,gvc_752662d82e39,Dumbbell 21s,Dumbbell 21s,,MANUAL,Upper-Arms,MVP_CANDIDATE,Resistance/strength candidate,Dumbbell,source,팔,source,,,unsupported,weight_reps,equipment,weight_reps,,1,1,0,MANUAL_QA_REQUIRED
gvs_4911663cb451987e,gvc_28c85ba46dde,Dumbbell 3 Point Bench Press,Dumbbell 3 Point Bench Press,,MANUAL,Chest,MVP_CANDIDATE,Resistance/strength candidate,Dumbbell,source,가슴,source,대흉근,삼두근 / 전면 삼각근,name_high,weight_reps,equipment,weight_reps,,1,1,0,MANUAL_QA_REQUIRED
gvs_1c5128fc8f73d0c2,gvc_7ac18d2258ab,Dumbbell Alternate Bench Press (high Start),Dumbbell Alternate Bench Press (High Start),,MANUAL,Chest,MVP_CANDIDATE,Resistance/strength candidate,Dumbbell,source,가슴,source,대흉근,삼두근 / 전면 삼각근,name_high,weight_reps,equipment,weight_reps,,1,1,0,MANUAL_QA_REQUIRED
gvs_7fadfb50fef49046,gvc_fb62b74614f4,Dumbbell Alternate Biceps Curl,Dumbbell Alternate Biceps Curl,덤벨 얼터네이트 바이셉 컬,AUTO_PHRASE_DRAFT,Upper-Arms,MVP_CANDIDATE,Resistance/strength candidate,Dumbbell,source,팔,source,이두근,,name_high,weight_reps,equipment,weight_reps,,3,2,1,AUTO_DRAFT_COMPLETE
gvs_fc2e21d9c09522cd,gvc_65d61e770ce8,Dumbbell Alternate Front Raise,Dumbbell Alternate Front Raise,덤벨 얼터네이트 프론트 레이즈,AUTO_PHRASE_DRAFT,Shoulders,MVP_CANDIDATE,Resistance/strength candidate,Dumbbell,source,어깨,source,전면 삼각근,,name_high,weight_reps,equipment,weight_reps,,2,1,1,AUTO_DRAFT_COMPLETE
gvs_c41ad8886ddb941e,gvc_63aafb83b2f4,Dumbbell Alternate Hammer Srtict Curl,Dumbbell Alternate Hammer Srtict Curl,,MANUAL,Upper-Arms,MVP_CANDIDATE,Resistance/strength candidate,Dumbbell,source,팔,source,,,unsupported,weight_reps,equipment,weight_reps,,1,1,0,MANUAL_QA_REQUIRED
gvs_4412f26132441015,gvc_8ef6868eb250,Dumbbell Alternate Seated Hammer Curl,Dumbbell Alternate Seated Hammer Curl,덤벨 얼터네이트 시티드 해머 컬,AUTO_PHRASE_DRAFT,Upper-Arms,MVP_CANDIDATE,Resistance/strength candidate,Dumbbell,source,팔,source,이두근,,name_high,weight_reps,equipment,weight_reps,,1,1,0,AUTO_DRAFT_COMPLETE
gvs_89709d72162dd9dc,gvc_8328df9e2ce3,Dumbbell Alternate Shoulder Press,Dumbbell Alternate Shoulder Press,덤벨 얼터네이트 숄더 프레스,AUTO_PHRASE_DRAFT,Shoulders,MVP_CANDIDATE,Resistance/strength candidate,Dumbbell,source,어깨,source,삼각근,삼두근,name_high,weight_reps,equipment,weight_reps,,3,2,1,AUTO_DRAFT_COMPLETE
gvs_c96492ab14795303,gvc_04a2066a98bb,Dumbbell Alternate Side Press,Dumbbell Alternate Side Press,,MANUAL,Shoulders,MVP_CANDIDATE,Resistance/strength candidate,Dumbbell,source,어깨,source,,,unsupported,weight_reps,equipment,weight_reps,,2,1,1,MANUAL_QA_REQUIRED
gvs_a145307be9cebeeb,gvc_bc415c1ec15b,Dumbbell Alternate V Up,Dumbbell Alternate V Up,,MANUAL,Waist,MVP_CANDIDATE,Resistance/strength candidate,Dumbbell,source,코어,source,,,unsupported,weight_reps,equipment,weight_reps,,1,1,0,MANUAL_QA_REQUIRED
gvs_f9ef1cb03b23f766,gvc_6dc1b1c5c15d,Dumbbell Alternate Z Press,Dumbbell Alternate Z Press,,MANUAL,Shoulders,MVP_CANDIDATE,Resistance/strength candidate,Dumbbell,source,어깨,source,,,unsupported,weight_reps,equipment,weight_reps,,1,1,0,MANUAL_QA_REQUIRED
gvs_ac11e3a56dda03e9,gvc_a1eee33cffcf,Dumbbell Alternating Floor Press,Dumbbell Alternating Floor Press,,MANUAL,Chest,MVP_CANDIDATE,Resistance/strength candidate,Dumbbell,source,가슴,source,,,unsupported,weight_reps,equipment,weight_reps,,2,1,1,MANUAL_QA_REQUIRED
gvs_60d49a8bd87b1753,gvc_f120b38a3f34,Dumbbell Alternative Fly,Dumbbell Alternative Fly,,MANUAL,Chest,MVP_CANDIDATE,Resistance/strength candidate,Dumbbell,source,가슴,source,,,unsupported,weight_reps,equipment,weight_reps,,1,1,0,MANUAL_QA_REQUIRED
gvs_092ad02c9fee57e2,gvc_80fa70d13d0d,Dumbbell Arnold Press,Dumbbell Arnold Press,덤벨 아놀드 프레스,AUTO_PHRASE_DRAFT,Shoulders,MVP_CANDIDATE,Resistance/strength candidate,Dumbbell,source,어깨,source,,,unsupported,weight_reps,equipment,weight_reps,,3,2,1,AUTO_DRAFT_COMPLETE
gvs_96ba99664c45b2a8,gvc_596f1bf63279,Dumbbell Arnold Press Ii,Dumbbell Arnold Press Ii,,MANUAL,Shoulders,MVP_CANDIDATE,Resistance/strength candidate,Dumbbell,source,어깨,source,,,unsupported,weight_reps,equipment,weight_reps,,1,1,0,MANUAL_QA_REQUIRED
gvs_e1e0a5c1edb8e62d,gvc_26d4aaad7edd,Dumbbell Around Pullover,Dumbbell Around Pullover,,MANUAL,Chest,MVP_CANDIDATE,Resistance/strength candidate,Dumbbell,source,가슴,source,,,unsupported,weight_reps,equipment,weight_reps,,1,1,0,MANUAL_QA_REQUIRED
gvs_5921a7480aea8d9a,gvc_a553da7a1891,Dumbbell Assisted Bulgarian Split Squat,Dumbbell Assisted Bulgarian Split Squat,덤벨 어시스트 불가리안 스플릿 스쿼트,AUTO_PHRASE_DRAFT,Thighs,MVP_CANDIDATE,Resistance/strength candidate,Dumbbell,source,하체,source,대퇴사두근,둔근,name_high,weight_reps,equipment,weight_reps,,1,1,0,AUTO_DRAFT_COMPLETE
gvs_fba3386f3b591d9f,gvc_da3f79fe7043,Dumbbell Banded Hip Thrust,Dumbbell Banded Hip Thrust,,MANUAL,Hips,MVP_CANDIDATE,Resistance/strength candidate,Dumbbell,source,하체,source,둔근,햄스트링,name_high,weight_reps,equipment,weight_reps,,1,0,1,MANUAL_QA_REQUIRED
gvs_d2bdbbbc654689a2,gvc_64eab4d10409,Dumbbell Bar Grip Sumo Squat,Dumbbell Bar Grip Sumo Squat,,MANUAL,Hips,MVP_CANDIDATE,Resistance/strength candidate,Dumbbell,source,하체,source,대퇴사두근,둔근,name_high,weight_reps,equipment,weight_reps,,2,1,1,MANUAL_QA_REQUIRED
gvs_a0bcaedca751e4ca,gvc_07ae41b37d1e,Dumbbell Bear Crawl Push Up,Dumbbell Bear Crawl Push Up,,MANUAL,Chest,MVP_CANDIDATE,Resistance/strength candidate,Dumbbell,source,가슴,source,,,unsupported,weight_reps,equipment,weight_reps,,1,1,0,MANUAL_QA_REQUIRED
gvs_838b1b1c29071d66,gvc_48b7b76ff9c4,Dumbbell Behind Back Finger Curl,Dumbbell Behind Back Finger Curl,,MANUAL,Forearms,MVP_CANDIDATE,Resistance/strength candidate,Dumbbell,source,팔,source,,,unsupported,weight_reps,equipment,weight_reps,,2,1,1,MANUAL_QA_REQUIRED
gvs_214f221642aee61c,gvc_f70812eb6322,Dumbbell Bench Dip,Dumbbell Bench Dip,,MANUAL,Upper-Arms,MVP_CANDIDATE,Resistance/strength candidate,Dumbbell,source,팔,source,,,unsupported,weight_reps,equipment,weight_reps,,1,1,0,MANUAL_QA_REQUIRED
gvs_44777df8f49bb5c6,gvc_83d3e54d4888,Dumbbell Bench Press,Dumbbell Bench Press,덤벨 벤치프레스,AUTO_PHRASE_DRAFT,Chest,MVP_CANDIDATE,Resistance/strength candidate,Dumbbell,source,가슴,source,대흉근,삼두근 / 전면 삼각근,name_high,weight_reps,equipment,weight_reps,,2,1,1,AUTO_DRAFT_COMPLETE
gvs_55906c2267b4ac70,gvc_eb9b2e95e059,Dumbbell Bench Seated Press,Dumbbell Bench Seated Press,,MANUAL,Shoulders,MVP_CANDIDATE,Resistance/strength candidate,Dumbbell,source,어깨,source,,,unsupported,weight_reps,equipment,weight_reps,,2,1,1,MANUAL_QA_REQUIRED
gvs_a8315aa9c9c56e41,gvc_5d6dee49eac4,Dumbbell Bench Squat,Dumbbell Bench Squat,,MANUAL,Thighs,MVP_CANDIDATE,Resistance/strength candidate,Dumbbell,source,하체,source,대퇴사두근,둔근,name_high,weight_reps,equipment,weight_reps,,2,1,1,MANUAL_QA_REQUIRED
gvs_31860fa3dedee22b,gvc_6fbe0e6015b3,Dumbbell Bent Over Curl,Dumbbell Bent Over Curl,,MANUAL,Upper-Arms,MVP_CANDIDATE,Resistance/strength candidate,Dumbbell,source,팔,source,,,unsupported,weight_reps,equipment,weight_reps,,1,1,0,MANUAL_QA_REQUIRED
gvs_77698696d68dd594,gvc_e9d66701a10f,Dumbbell Bent Over Face Pull,Dumbbell Bent Over Face Pull,,MANUAL,Shoulders,MVP_CANDIDATE,Resistance/strength candidate,Dumbbell,source,어깨,source,,,unsupported,weight_reps,equipment,weight_reps,,1,1,0,MANUAL_QA_REQUIRED
gvs_0ce8db48c195722a,gvc_342faecd868f,Dumbbell Bent Over Reverse Fly To Hammer Curl (mal,Dumbbell Bent Over Reverse Fly To Hammer Curl,,MANUAL,,MVP_CANDIDATE,Resistance/strength candidate,Dumbbell,source,가슴,name,이두근,,name_high,weight_reps,equipment,weight_reps,BODY_MUSCLE_FAMILY_CONFLICT,1,1,0,MANUAL_QA_REQUIRED
gvs_055b1e55eedd12d1,gvc_0532e4eae0c8,Dumbbell Bent Over Reverse Raise (skier),Dumbbell Bent Over Reverse Raise (Skier),,MANUAL,Shoulders,MVP_CANDIDATE,Resistance/strength candidate,Dumbbell,source,어깨,source,,,unsupported,weight_reps,equipment,weight_reps,,1,1,0,MANUAL_QA_REQUIRED
gvs_5f061a5d5fb5742d,gvc_8333c03f6b9e,Dumbbell Bent Over Reverse Row,Dumbbell Bent Over Reverse Row,덤벨 벤트오버 리버스 로우,AUTO_PHRASE_DRAFT,Back,MVP_CANDIDATE,Resistance/strength candidate,Dumbbell,source,등,source,등 상부 / 광배근,이두근,name_high,weight_reps,equipment,weight_reps,,1,1,0,AUTO_DRAFT_COMPLETE
gvs_ea3138cc8b02d6f2,gvc_7ea6286f2964,Dumbbell Bent Over Row,Dumbbell Bent Over Row,덤벨 벤트오버 로우,AUTO_PHRASE_DRAFT,Back,MVP_CANDIDATE,Resistance/strength candidate,Dumbbell,source,등,source,등 상부 / 광배근,이두근,name_high,weight_reps,equipment,weight_reps,,3,2,1,AUTO_DRAFT_COMPLETE
gvs_0cf078756f540e79,gvc_cd4d89078f88,Dumbbell Bent Over Row Against Wall,Dumbbell Bent Over Row Against Wall,,MANUAL,Back,MVP_CANDIDATE,Resistance/strength candidate,Dumbbell,source,등,source,등 상부 / 광배근,이두근,name_high,weight_reps,equipment,weight_reps,,1,1,0,MANUAL_QA_REQUIRED
gvs_63cf913cbca3121a,gvc_8bec4a22dc91,Dumbbell Bent Over Row Back,Dumbbell Bent Over Row Back,,MANUAL,,MVP_CANDIDATE,Resistance/strength candidate,Dumbbell,source,등,name,등 상부 / 광배근,이두근,name_high,weight_reps,equipment,weight_reps,,1,1,0,MANUAL_QA_REQUIRED
gvs_37c41bc0737e0a76,gvc_11164116fbb3,Dumbbell Bent Over Scapula Row,Dumbbell Bent Over Scapula Row,,MANUAL,Back,MVP_CANDIDATE,Resistance/strength candidate,Dumbbell,source,등,source,등 상부 / 광배근,이두근,name_high,weight_reps,equipment,weight_reps,,1,1,0,MANUAL_QA_REQUIRED
gvs_6396753505ba5e59,gvc_5537704751ef,Dumbbell Bent Over Single Arm Row,Dumbbell Bent Over Single Arm Row,덤벨 벤트오버 원암 로우,AUTO_PHRASE_DRAFT,Back,MVP_CANDIDATE,Resistance/strength candidate,Dumbbell,source,등,source,등 상부 / 광배근,이두근,name_high,weight_reps,equipment,weight_reps,,1,0,1,AUTO_DRAFT_COMPLETE
gvs_bcacdf25126eb949,gvc_9bdd1b8c17db,Dumbbell Bent Over Twisting Row,Dumbbell Bent Over Twisting Row,,MANUAL,Back,MVP_CANDIDATE,Resistance/strength candidate,Dumbbell,source,등,source,등 상부 / 광배근,이두근,name_high,weight_reps,equipment,weight_reps,,1,1,0,MANUAL_QA_REQUIRED
gvs_ddb8773c53f85bde,gvc_ac438b302ec4,Dumbbell Bent Over Wide Row,Dumbbell Bent Over Wide Row,,MANUAL,Shoulders,MVP_CANDIDATE,Resistance/strength candidate,Dumbbell,source,어깨,source,등 상부 / 광배근,이두근,name_high,weight_reps,equipment,weight_reps,BODY_MUSCLE_FAMILY_CONFLICT,1,1,0,MANUAL_QA_REQUIRED
gvs_d93d94b3e6e400db,gvc_8f2a725172b2,Dumbbell Bent Over Y Raise,Dumbbell Bent Over Y Raise,,MANUAL,Shoulders,MVP_CANDIDATE,Resistance/strength candidate,Dumbbell,source,어깨,source,,,unsupported,weight_reps,equipment,weight_reps,,2,1,1,MANUAL_QA_REQUIRED
gvs_7f61ea618dc60cf9,gvc_73045d068242;gvc_7e5094637081,Dumbbell Biceps Curl | Dumbbell Biceps Curl (version 3),Dumbbell Biceps Curl,덤벨 바이셉 컬,AUTO_PHRASE_DRAFT,Upper-Arms,MVP_CANDIDATE,Resistance/strength candidate,Dumbbell,source,팔,source,이두근,,name_high,weight_reps,equipment,weight_reps,,2,0,2,AUTO_DRAFT_COMPLETE
gvs_a13a5af75871a6a7,gvc_ebd7b1e4dfe4,Dumbbell Biceps Curl With Overhead Extension On St,Dumbbell Biceps Curl With Overhead Extension On St,,MANUAL,,MVP_CANDIDATE,Resistance/strength candidate,Dumbbell,source,팔,name,이두근,,name_high,weight_reps,equipment,weight_reps,,1,1,0,MANUAL_QA_REQUIRED
gvs_30c514d8e9135eee,gvc_25f9dbad26e8,Dumbbell Bosu Ball Goblet Squat,Dumbbell Bosu Ball Goblet Squat,,MANUAL,Thighs,MVP_CANDIDATE,Resistance/strength candidate,Dumbbell,source,하체,source,대퇴사두근,둔근,name_high,weight_reps,equipment,weight_reps,,1,1,0,MANUAL_QA_REQUIRED
gvs_f4e9db4519f78795,gvc_f5377ae54dea,Dumbbell Bulgarian Split Squat,Dumbbell Bulgarian Split Squat,덤벨 불가리안 스플릿 스쿼트,AUTO_PHRASE_DRAFT,Thighs,MVP_CANDIDATE,Resistance/strength candidate,Dumbbell,source,하체,source,대퇴사두근,둔근,name_high,weight_reps,equipment,weight_reps,,2,1,1,AUTO_DRAFT_COMPLETE
gvs_a7f8110a125bb0a8,gvc_b85da0c28939,Dumbbell Bulgarian Split Squat With Support,Dumbbell Bulgarian Split Squat With Support,,MANUAL,,MVP_CANDIDATE,Resistance/strength candidate,Dumbbell,source,하체,name,대퇴사두근,둔근,name_high,weight_reps,equipment,weight_reps,,1,1,0,MANUAL_QA_REQUIRED
gvs_93322c4dd6bfe0e9,gvc_87f741626758,Dumbbell Change Lateral Raise Curtsey Lunge,Dumbbell Change Lateral Raise Curtsey Lunge,,MANUAL,,MVP_CANDIDATE,Resistance/strength candidate,Dumbbell,source,어깨,name,대퇴사두근,둔근,name_high,weight_reps,equipment,weight_reps,BODY_MUSCLE_FAMILY_CONFLICT,1,1,0,MANUAL_QA_REQUIRED
gvs_7fc8f2db76cb8bc3,gvc_f0b377de5e52,Dumbbell Change Plyo Side Lunge,Dumbbell Change Plyo Side Lunge,,MANUAL,Thighs,MVP_CANDIDATE,Resistance/strength candidate,Dumbbell,source,하체,source,대퇴사두근,둔근,name_high,weight_reps,equipment,weight_reps,,1,1,0,MANUAL_QA_REQUIRED
gvs_b7a5168fdf121257,gvc_b1842388373b,Dumbbell Chest Supported Lateral Raises,Dumbbell Chest Supported Lateral Raises,,MANUAL,Shoulders,MVP_CANDIDATE,Resistance/strength candidate,Dumbbell,source,어깨,source,,,unsupported,weight_reps,equipment,weight_reps,,2,2,0,MANUAL_QA_REQUIRED
gvs_6a8184504a731046,gvc_719f97a35f1e,Dumbbell Clean,Dumbbell Clean,,MANUAL,Thighs,MVP_CANDIDATE,Resistance/strength candidate,Dumbbell,source,하체,source,,,unsupported,weight_reps,equipment,weight_reps,,2,1,1,MANUAL_QA_REQUIRED
gvs_854bd6d9da74bd4d,gvc_ab3f165c287e,Dumbbell Clean And Press,Dumbbell Clean And Press,,MANUAL,Weightlifting,MVP_CANDIDATE,Resistance/strength candidate,Dumbbell,source,,unknown,,,unsupported,weight_reps,equipment,weight_reps,,1,1,0,MANUAL_QA_REQUIRED
gvs_c4e1b08afd8ea5c0,gvc_47537f426d7a,Dumbbell Close Grip Curl,Dumbbell Close Grip Curl,,MANUAL,Upper-Arms,MVP_CANDIDATE,Resistance/strength candidate,Dumbbell,source,팔,source,,,unsupported,weight_reps,equipment,weight_reps,,2,2,0,MANUAL_QA_REQUIRED
gvs_e7144050a7f30992,gvc_ce5fa9de291d,Dumbbell Close Grip Press,Dumbbell Close Grip Press,,MANUAL,Upper-Arms,MVP_CANDIDATE,Resistance/strength candidate,Dumbbell,source,팔,source,,,unsupported,weight_reps,equipment,weight_reps,,4,2,2,MANUAL_QA_REQUIRED
gvs_4b58e69589cfd0ed,gvc_d99362231ff6,Dumbbell Concentration Curl,Dumbbell Concentration Curl,덤벨 컨센트레이션 컬,AUTO_PHRASE_DRAFT,Upper-Arms,MVP_CANDIDATE,Resistance/strength candidate,Dumbbell,source,팔,source,이두근,,name_high,weight_reps,equipment,weight_reps,,1,0,1,AUTO_DRAFT_COMPLETE
gvs_22f45b780ba5d8aa,gvc_eed883789a08,Dumbbell Contralateral Glute Bridge Single Arm Che,Dumbbell Contralateral Glute Bridge Single Arm Che,,MANUAL,,MVP_CANDIDATE,Resistance/strength candidate,Dumbbell,source,하체,name,둔근,햄스트링,name_high,weight_reps,equipment,weight_reps,,1,1,0,MANUAL_QA_REQUIRED
gvs_d37991c71524f367,gvc_11501015c00b,Dumbbell Cossack Squats (version 2),Dumbbell Cossack Squats,,MANUAL,Thighs,MVP_CANDIDATE,Resistance/strength candidate,Dumbbell,source,하체,source,,,unsupported,weight_reps,equipment,weight_reps,,1,1,0,MANUAL_QA_REQUIRED
gvs_da00a63458d5c4b8,gvc_0523a67dc591;gvc_816c3843752a,Dumbbell Cross Body Hammer Curl | Dumbbell Cross Body Hammer Curl (version 2),Dumbbell Cross Body Hammer Curl,,MANUAL,Forearms;Upper-Arms,MVP_CANDIDATE,Resistance/strength candidate,Dumbbell,source,팔,source,이두근,,name_high,weight_reps,equipment,weight_reps,,3,2,1,MANUAL_QA_REQUIRED
gvs_452985d6a149ae78,gvc_0af10bf52470,Dumbbell Cuban Press (version 2),Dumbbell Cuban Press,,MANUAL,Shoulders,MVP_CANDIDATE,Resistance/strength candidate,Dumbbell,source,어깨,source,,,unsupported,weight_reps,equipment,weight_reps,,1,1,0,MANUAL_QA_REQUIRED
gvs_ff03d044af6e95e2,gvc_77db9c9f8f96,Dumbbell Curl Press Extension,Dumbbell Curl Press Extension,,MANUAL,Upper-Arms,MVP_CANDIDATE,Resistance/strength candidate,Dumbbell,source,팔,source,,,unsupported,weight_reps,equipment,weight_reps,,1,1,0,MANUAL_QA_REQUIRED
gvs_06deed52ae467e30,gvc_76100cdc0e1b,Dumbbell Curl To Press,Dumbbell Curl To Press,,MANUAL,Shoulders,MVP_CANDIDATE,Resistance/strength candidate,Dumbbell,source,어깨,source,,,unsupported,weight_reps,equipment,weight_reps,,2,1,1,MANUAL_QA_REQUIRED
gvs_1651862020bbc566,gvc_7fd692ea587f,Dumbbell Curtsey Lunge,Dumbbell Curtsey Lunge,,MANUAL,Thighs,MVP_CANDIDATE,Resistance/strength candidate,Dumbbell,source,하체,source,대퇴사두근,둔근,name_high,weight_reps,equipment,weight_reps,,2,1,1,MANUAL_QA_REQUIRED
gvs_1cd50cf4eb596b32,gvc_7f264c147a67,Dumbbell Deadlift,Dumbbell Deadlift,덤벨 데드리프트,AUTO_PHRASE_DRAFT,Back,MVP_CANDIDATE,Resistance/strength candidate,Dumbbell,source,등,source,둔근 / 햄스트링,등 / 코어,name_high,weight_reps,equipment,weight_reps,BODY_MUSCLE_FAMILY_CONFLICT,1,0,1,MANUAL_QA_REQUIRED
gvs_9c55d1ff5d32f117,gvc_3f266b19a1ac,Dumbbell Deadlift 360 Degrees,Dumbbell Deadlift 360 Degrees,,MANUAL,Back,MVP_CANDIDATE,Resistance/strength candidate,Dumbbell,source,등,source,둔근 / 햄스트링,등 / 코어,name_high,weight_reps,equipment,weight_reps,BODY_MUSCLE_FAMILY_CONFLICT,1,0,1,MANUAL_QA_REQUIRED
gvs_8f121ce746edad07,gvc_1d11ac388e3c,Dumbbell Decline Bench Press,Dumbbell Decline Bench Press,덤벨 디클라인 벤치프레스,AUTO_PHRASE_DRAFT,Chest,MVP_CANDIDATE,Resistance/strength candidate,Dumbbell,source,가슴,source,대흉근,삼두근 / 전면 삼각근,name_high,weight_reps,equipment,weight_reps,,3,2,1,AUTO_DRAFT_COMPLETE
gvs_242ef0c59f50e155,gvc_b1925d170aab,Dumbbell Decline Fly,Dumbbell Decline Fly,,MANUAL,Chest,MVP_CANDIDATE,Resistance/strength candidate,Dumbbell,source,가슴,source,,,unsupported,weight_reps,equipment,weight_reps,,2,1,1,MANUAL_QA_REQUIRED
gvs_7e0112e4bf49831a,gvc_665fef024602,Dumbbell Decline Hammer Press,Dumbbell Decline Hammer Press,,MANUAL,Chest,MVP_CANDIDATE,Resistance/strength candidate,Dumbbell,source,가슴,source,,,unsupported,weight_reps,equipment,weight_reps,,1,1,0,MANUAL_QA_REQUIRED
gvs_acb318e54a23f3e1,gvc_8670ef2ccbb7,Dumbbell Decline Lying Leg Curl,Dumbbell Decline Lying Leg Curl,덤벨 디클라인 라잉 레그 컬,AUTO_PHRASE_DRAFT,Thighs,MVP_CANDIDATE,Resistance/strength candidate,Dumbbell,source,하체,source,햄스트링,,name_high,weight_reps,equipment,weight_reps,,1,1,0,AUTO_DRAFT_COMPLETE
gvs_ba8f0099980479f9,gvc_a6e80d7d635d,Dumbbell Decline Overhead Sit Up,Dumbbell Decline Overhead Sit Up,덤벨 디클라인 오버헤드 싯업,AUTO_PHRASE_DRAFT,Waist,MVP_CANDIDATE,Resistance/strength candidate,Dumbbell,source,코어,source,복직근,,name_high,weight_reps,equipment,weight_reps,,1,1,0,AUTO_DRAFT_COMPLETE
gvs_aaa93bb0e8383af6,gvc_b935f29b2d55,Dumbbell Decline Pullover,Dumbbell Decline Pullover,,MANUAL,Back,MVP_CANDIDATE,Resistance/strength candidate,Dumbbell,source,등,source,,,unsupported,weight_reps,equipment,weight_reps,,1,1,0,MANUAL_QA_REQUIRED
gvs_fe9d5235bc230ee9,gvc_4caf4adb436a,Dumbbell Decline Shrug,Dumbbell Decline Shrug,덤벨 디클라인 슈러그,AUTO_PHRASE_DRAFT,Back,MVP_CANDIDATE,Resistance/strength candidate,Dumbbell,source,등,source,,,unsupported,weight_reps,equipment,weight_reps,,2,1,1,AUTO_DRAFT_COMPLETE
gvs_edb2e08bfac01f9b,gvc_e0b1999629cb,Dumbbell Decline One Arm Hammer Press,Dumbbell Decline Single Arm Hammer Press,,MANUAL,Upper-Arms,MVP_CANDIDATE,Resistance/strength candidate,Dumbbell,source,팔,source,,,unsupported,weight_reps,equipment,weight_reps,,1,1,0,MANUAL_QA_REQUIRED
gvs_19b3daabec7bde13,gvc_3be5a241325b,Dumbbell Decline Sit Up,Dumbbell Decline Sit Up,덤벨 디클라인 싯업,AUTO_PHRASE_DRAFT,Waist,MVP_CANDIDATE,Resistance/strength candidate,Dumbbell,source,코어,source,복직근,,name_high,weight_reps,equipment,weight_reps,,1,1,0,AUTO_DRAFT_COMPLETE
gvs_44dbf1627257e19c,gvc_01fb3d8a3d39,Dumbbell Decline Twist Fly,Dumbbell Decline Twist Fly,,MANUAL,Chest,MVP_CANDIDATE,Resistance/strength candidate,Dumbbell,source,가슴,source,,,unsupported,weight_reps,equipment,weight_reps,,2,1,1,MANUAL_QA_REQUIRED
gvs_6f080cd7fb90b4f7,gvc_d6ebe6d2b9e3,Dumbbell Deep Push Up And Renegade Row,Dumbbell Deep Push Up And Renegade Row,,MANUAL,Chest,MVP_CANDIDATE,Resistance/strength candidate,Dumbbell,source,가슴,source,등 상부 / 광배근,이두근,name_high,weight_reps,equipment,weight_reps,BODY_MUSCLE_FAMILY_CONFLICT,1,1,0,MANUAL_QA_REQUIRED
gvs_96a28a5905d3cac5,gvc_3de86c301417,Dumbbell Drag Bicep Curl,Dumbbell Drag Bicep Curl,,MANUAL,Upper-Arms,MVP_CANDIDATE,Resistance/strength candidate,Dumbbell,source,팔,source,,,unsupported,weight_reps,equipment,weight_reps,,1,1,0,MANUAL_QA_REQUIRED
gvs_40d6ec9695ad48f8,gvc_1f27e5773360,Dumbbell Drag Curl (version 2),Dumbbell Drag Curl,,MANUAL,Upper-Arms,MVP_CANDIDATE,Resistance/strength candidate,Dumbbell,source,팔,source,,,unsupported,weight_reps,equipment,weight_reps,,1,1,0,MANUAL_QA_REQUIRED
gvs_dd01d824a86d2afe,gvc_a8859e52086a,Dumbbell Drive Front Raise,Dumbbell Drive Front Raise,,MANUAL,Shoulders,MVP_CANDIDATE,Resistance/strength candidate,Dumbbell,source,어깨,source,전면 삼각근,,name_high,weight_reps,equipment,weight_reps,,1,1,0,MANUAL_QA_REQUIRED
gvs_1b4e76302e6c3876,gvc_ee0dbbec5af8,Dumbbell External Rotation,Dumbbell External Rotation,,MANUAL,Back,MVP_CANDIDATE,Resistance/strength candidate,Dumbbell,source,등,source,,,unsupported,weight_reps,equipment,weight_reps,,1,1,0,MANUAL_QA_REQUIRED
gvs_b4955d23feed18e3,gvc_581872596699,Dumbbell Face Down Lying Shoulder Press,Dumbbell Face Down Lying Shoulder Press,,MANUAL,Shoulders,MVP_CANDIDATE,Resistance/strength candidate,Dumbbell,source,어깨,source,삼각근,삼두근,name_high,weight_reps,equipment,weight_reps,,1,1,0,MANUAL_QA_REQUIRED
gvs_304fbc47c1e7b99f,gvc_7a084bb3f6c1,Dumbbell Finger Curls,Dumbbell Finger Curls,,MANUAL,Forearms,MVP_CANDIDATE,Resistance/strength candidate,Dumbbell,source,팔,source,,,unsupported,weight_reps,equipment,weight_reps,,1,1,0,MANUAL_QA_REQUIRED
gvs_d7f6f836a620a15c,gvc_4fd7a851639b,Dumbbell Floor Fly,Dumbbell Floor Fly,,MANUAL,Chest,MVP_CANDIDATE,Resistance/strength candidate,Dumbbell,source,가슴,source,,,unsupported,weight_reps,equipment,weight_reps,,1,1,0,MANUAL_QA_REQUIRED
gvs_124fc3096768070d,gvc_4d8ad8d9cb02,Dumbbell Fly,Dumbbell Fly,,MANUAL,Chest,MVP_CANDIDATE,Resistance/strength candidate,Dumbbell,source,가슴,source,,,unsupported,weight_reps,equipment,weight_reps,,1,0,1,MANUAL_QA_REQUIRED
gvs_6a1fb17f6203c2a7,gvc_629ac61ddd16,Dumbbell Fly On Exercise Ball,Dumbbell Fly On Exercise Ball,,MANUAL,Chest,MVP_CANDIDATE,Resistance/strength candidate,Dumbbell,source,가슴,source,,,unsupported,weight_reps,equipment,weight_reps,,2,1,1,MANUAL_QA_REQUIRED
gvs_bbab6f774bc1a84f,gvc_1ec63723f098,Dumbbell Frog Hip Thrust,Dumbbell Frog Hip Thrust,,MANUAL,Hips,MVP_CANDIDATE,Resistance/strength candidate,Dumbbell,source,하체,source,둔근,햄스트링,name_high,weight_reps,equipment,weight_reps,,1,1,0,MANUAL_QA_REQUIRED
gvs_08ccaea47c5d4642,gvc_78ed2ebf0f38,Dumbbell Front Plank Arm Leg Raise,Dumbbell Front Plank Arm Leg Raise,,MANUAL,Waist,MVP_CANDIDATE,Resistance/strength candidate,Dumbbell,source,코어,source,복직근,,name_high,weight_reps,equipment,duration,,1,1,0,MANUAL_QA_REQUIRED
gvs_30a2bd6baefd504b,gvc_6ff13097ef2f,Dumbbell Front Plank Arm Raise,Dumbbell Front Plank Arm Raise,,MANUAL,Waist,MVP_CANDIDATE,Resistance/strength candidate,Dumbbell,source,코어,source,코어,,name_high,weight_reps,equipment,duration,,1,1,0,MANUAL_QA_REQUIRED
gvs_ad30bb400a46408a,gvc_a843ff1742ff,Dumbbell Front Rack Lunge,Dumbbell Front Rack Lunge,,MANUAL,Thighs,MVP_CANDIDATE,Resistance/strength candidate,Dumbbell,source,하체,source,대퇴사두근,둔근,name_high,weight_reps,equipment,weight_reps,,1,1,0,MANUAL_QA_REQUIRED
gvs_225bbacd1dea6769,gvc_26507137481d;gvc_bb59b8ccccea,Dumbbell Front Raise | Dumbbell Front Raise (version 3),Dumbbell Front Raise,덤벨 프론트 레이즈,AUTO_PHRASE_DRAFT,Shoulders,MVP_CANDIDATE,Resistance/strength candidate,Dumbbell,source,어깨,source,전면 삼각근,,name_high,weight_reps,equipment,weight_reps,,3,2,1,AUTO_DRAFT_COMPLETE
gvs_77427310605798b6,gvc_bdea6e026096,Dumbbell Front Squat,Dumbbell Front Squat,덤벨 프론트 스쿼트,AUTO_PHRASE_DRAFT,Thighs,MVP_CANDIDATE,Resistance/strength candidate,Dumbbell,source,하체,source,대퇴사두근,둔근,name_high,weight_reps,equipment,weight_reps,,1,0,1,AUTO_DRAFT_COMPLETE
gvs_f2c75541f25abf25,gvc_4bb392b0ec74,Dumbbell Full Swing,Dumbbell Full Swing,,MANUAL,Hips,MVP_CANDIDATE,Resistance/strength candidate,Dumbbell,source,하체,source,,,unsupported,weight_reps,equipment,weight_reps,,1,1,0,MANUAL_QA_REQUIRED
gvs_3f69074a732e3290,gvc_cbd3c523f876,Dumbbell Glute Bridge,Dumbbell Glute Bridge,덤벨 글루트 브리지,AUTO_PHRASE_DRAFT,Hips,MVP_CANDIDATE,Resistance/strength candidate,Dumbbell,source,하체,source,둔근,햄스트링,name_high,weight_reps,equipment,weight_reps,,2,1,1,AUTO_DRAFT_COMPLETE
gvs_acc479a1eacec6f9,gvc_896c4c73623a,Dumbbell Glute Bridge Chest Press,Dumbbell Glute Bridge Chest Press,덤벨 글루트 브리지 체스트 프레스,AUTO_PHRASE_DRAFT,Chest,MVP_CANDIDATE,Resistance/strength candidate,Dumbbell,source,가슴,source,둔근,햄스트링,name_high,weight_reps,equipment,weight_reps,BODY_MUSCLE_FAMILY_CONFLICT,1,1,0,MANUAL_QA_REQUIRED
gvs_ad71d2d90e2013fd,gvc_11d390e41be6,Dumbbell Glute Bridge Single Arm Chest Press (,Dumbbell Glute Bridge Single Arm Chest Press,덤벨 글루트 브리지 원암 체스트 프레스,AUTO_PHRASE_DRAFT,,MVP_CANDIDATE,Resistance/strength candidate,Dumbbell,source,가슴,name,둔근,햄스트링,name_high,weight_reps,equipment,weight_reps,BODY_MUSCLE_FAMILY_CONFLICT,1,1,0,MANUAL_QA_REQUIRED
gvs_fea6abe0775b4356,gvc_39667ed44c4a,Dumbbell Glute Bridge Skull Crusher,Dumbbell Glute Bridge Skull Crusher,덤벨 글루트 브리지 스컬 크러셔,AUTO_PHRASE_DRAFT,Upper-Arms,MVP_CANDIDATE,Resistance/strength candidate,Dumbbell,source,팔,source,둔근,햄스트링,name_high,weight_reps,equipment,weight_reps,BODY_MUSCLE_FAMILY_CONFLICT,1,1,0,MANUAL_QA_REQUIRED
gvs_08685e9dca1bcdc1,gvc_cf0c38f31f00,Dumbbell Gobelt Curtsey Lunge,Dumbbell Gobelt Curtsey Lunge,,MANUAL,Thighs,MVP_CANDIDATE,Resistance/strength candidate,Dumbbell,source,하체,source,대퇴사두근,둔근,name_high,weight_reps,equipment,weight_reps,,2,1,1,MANUAL_QA_REQUIRED
gvs_62c3c2144be9a092,gvc_79f53f0f410a,Dumbbell Goblet 2 Sec Hold Squat,Dumbbell Goblet 2 Sec Hold Squat,,MANUAL,Thighs,MVP_CANDIDATE,Resistance/strength candidate,Dumbbell,source,하체,source,대퇴사두근,둔근,name_high,weight_reps,equipment,weight_reps,,1,1,0,MANUAL_QA_REQUIRED
gvs_139c1fc5bd19ab95,gvc_3fad526e9a6c,Dumbbell Goblet Bulgarian Split Squat,Dumbbell Goblet Bulgarian Split Squat,,MANUAL,Thighs,MVP_CANDIDATE,Resistance/strength candidate,Dumbbell,source,하체,source,대퇴사두근,둔근,name_high,weight_reps,equipment,weight_reps,,1,1,0,MANUAL_QA_REQUIRED
gvs_d38912526bb1e6bc,gvc_3535c5404c2a,Dumbbell Goblet Lunge,Dumbbell Goblet Lunge,,MANUAL,Thighs,MVP_CANDIDATE,Resistance/strength candidate,Dumbbell,source,하체,source,대퇴사두근,둔근,name_high,weight_reps,equipment,weight_reps,,1,1,0,MANUAL_QA_REQUIRED
gvs_865e114c2a99832a,gvc_fe6cde9c3376,Dumbbell Goblet Split Squat,Dumbbell Goblet Split Squat,,MANUAL,Thighs,MVP_CANDIDATE,Resistance/strength candidate,Dumbbell,source,하체,source,대퇴사두근,둔근,name_high,weight_reps,equipment,weight_reps,,1,1,0,MANUAL_QA_REQUIRED
gvs_ef0c3608ac7ecd60,gvc_5e2ea75ac253;gvc_86661c35e74e,Dumbbell Goblet Split Squat Front Foot Elevanted | Dumbbell Goblet Split Squat Front Foot Elevanted T,Dumbbell Goblet Split Squat Front Foot Elevated,,MANUAL,Thighs,MVP_CANDIDATE,Resistance/strength candidate,Dumbbell,source,하체,source,대퇴사두근,둔근,name_high,weight_reps,equipment,weight_reps,,3,1,2,MANUAL_QA_REQUIRED
gvs_a0c8a177363b98a7,gvc_b717995872a3,Dumbbell Goblet Squat,Dumbbell Goblet Squat,덤벨 고블릿 스쿼트,AUTO_PHRASE_DRAFT,Thighs,MVP_CANDIDATE,Resistance/strength candidate,Dumbbell,source,하체,source,대퇴사두근,둔근,name_high,weight_reps,equipment,weight_reps,,2,1,1,AUTO_DRAFT_COMPLETE
gvs_a5fa74b0a2b4f06e,gvc_fedc9144a803,Dumbbell Goblet Squat With Calf Raise,Dumbbell Goblet Squat With Calf Raise,,MANUAL,Thighs,MVP_CANDIDATE,Resistance/strength candidate,Dumbbell,source,하체,source,종아리,,name_high,weight_reps,equipment,weight_reps,,1,1,0,MANUAL_QA_REQUIRED
gvs_0d5f288152454c31,gvc_deb618b45dbd,Dumbbell Goblet Sumo Squat,Dumbbell Goblet Sumo Squat,,MANUAL,Thighs,MVP_CANDIDATE,Resistance/strength candidate,Dumbbell,source,하체,source,대퇴사두근,둔근,name_high,weight_reps,equipment,weight_reps,,1,1,0,MANUAL_QA_REQUIRED
gvs_3ef3a9063bc09430,gvc_e009355af65c,Dumbbell Goblet Walking Lunge,Dumbbell Goblet Walking Lunge,,MANUAL,Thighs,MVP_CANDIDATE,Resistance/strength candidate,Dumbbell,source,하체,source,대퇴사두근,둔근,name_high,weight_reps,equipment,weight_reps,,1,1,0,MANUAL_QA_REQUIRED
gvs_c0a03820eead30b2,gvc_7ef93c39bb32,Dumbbell Good Morning,Dumbbell Good Morning,덤벨 굿모닝,AUTO_PHRASE_DRAFT,Hips,MVP_CANDIDATE,Resistance/strength candidate,Dumbbell,source,하체,source,,,unsupported,weight_reps,equipment,weight_reps,,1,1,0,AUTO_DRAFT_COMPLETE
gvs_d5a8977b0aba943b,gvc_fe585692c451,Dumbbell Hack Squat,Dumbbell Hack Squat,덤벨 핵 스쿼트,AUTO_PHRASE_DRAFT,Hips,MVP_CANDIDATE,Resistance/strength candidate,Dumbbell,source,하체,source,대퇴사두근,둔근,name_high,weight_reps,equipment,weight_reps,,1,1,0,AUTO_DRAFT_COMPLETE
gvs_401c7cb13f599e41,gvc_81f09213429d;gvc_e1d22d45d22f,Dumbbell Hammer Curl | Dumbbell Hammer Curl (version 2),Dumbbell Hammer Curl,덤벨 해머 컬,AUTO_PHRASE_DRAFT,Forearms;Upper-Arms,MVP_CANDIDATE,Resistance/strength candidate,Dumbbell,source,팔,source,이두근,,name_high,weight_reps,equipment,weight_reps,,4,2,2,AUTO_DRAFT_COMPLETE
gvs_d99cd71098672922,gvc_f1b781f37f14,Dumbbell Hammer Grip Incline Bench Two Arm Row,Dumbbell Hammer Grip Incline Bench Two Arm Row,,MANUAL,Back,MVP_CANDIDATE,Resistance/strength candidate,Dumbbell,source,등,source,등 상부 / 광배근,이두근,name_high,weight_reps,equipment,weight_reps,,2,1,1,MANUAL_QA_REQUIRED
gvs_f3ddce35c531ac19,gvc_28760f88e7aa,Dumbbell Hammer Preacher Curl,Dumbbell Hammer Preacher Curl,,MANUAL,Forearms;Upper-Arms,MVP_CANDIDATE,Resistance/strength candidate,Dumbbell,source,팔,source,이두근,,name_high,weight_reps,equipment,weight_reps,,2,1,1,MANUAL_QA_REQUIRED
gvs_76fdaf0a62a356d8,gvc_a2c3655ad671,Dumbbell Hammer Srtict Curl,Dumbbell Hammer Srtict Curl,,MANUAL,Upper-Arms,MVP_CANDIDATE,Resistance/strength candidate,Dumbbell,source,팔,source,,,unsupported,weight_reps,equipment,weight_reps,,1,1,0,MANUAL_QA_REQUIRED
gvs_72c0dadda95a6661,gvc_c9527feab7e3,Dumbbell Hang Clean And Press,Dumbbell Hang Clean And Press,,MANUAL,Weightlifting,MVP_CANDIDATE,Resistance/strength candidate,Dumbbell,source,,unknown,,,unsupported,weight_reps,equipment,weight_reps,,1,1,0,MANUAL_QA_REQUIRED
gvs_0afeb2cd837659d1,gvc_98e0c7439ae9,Dumbbell Hang Power Clean,Dumbbell Hang Power Clean,,MANUAL,Weightlifting,MVP_CANDIDATE,Resistance/strength candidate,Dumbbell,source,,unknown,,,unsupported,weight_reps,equipment,weight_reps,,1,1,0,MANUAL_QA_REQUIRED
gvs_7d6aee251213a5ad,gvc_d4d360a9902c,Dumbbell Head Supported Row,Dumbbell Head Supported Row,,MANUAL,Back,MVP_CANDIDATE,Resistance/strength candidate,Dumbbell,source,등,source,등 상부 / 광배근,이두근,name_high,weight_reps,equipment,weight_reps,,1,1,0,MANUAL_QA_REQUIRED
gvs_aa0e3c505c14a30a,gvc_25e5e3d20bba,Dumbbell High Curl,Dumbbell High Curl,,MANUAL,Upper-Arms,MVP_CANDIDATE,Resistance/strength candidate,Dumbbell,source,팔,source,,,unsupported,weight_reps,equipment,weight_reps,,2,1,1,MANUAL_QA_REQUIRED
gvs_a46ff12cd5560140,gvc_56f8ae04c13c;gvc_736f68f2858c,Dumbbell Hip Thrust | Dumbbell Hip Thrust (version 2),Dumbbell Hip Thrust,덤벨 힙 쓰러스트,AUTO_PHRASE_DRAFT,Hips,MVP_CANDIDATE,Resistance/strength candidate,Dumbbell,source,하체,source,둔근,햄스트링,name_high,weight_reps,equipment,weight_reps,,3,2,1,AUTO_DRAFT_COMPLETE
gvs_f41f5ce8ad93a0c2,gvc_f6188022deff,Dumbbell Hollow Rock,Dumbbell Hollow Rock,,MANUAL,Waist,MVP_CANDIDATE,Resistance/strength candidate,Dumbbell,source,코어,source,,,unsupported,weight_reps,equipment,weight_reps,,1,1,0,MANUAL_QA_REQUIRED
gvs_aae563ccf93e67d4,gvc_25b4d31033a9;gvc_d50f0fd90ca0,Dumbbell Hyperextension | Dumbbell Hyperextension (version 2),Dumbbell Hyperextension,덤벨 하이퍼익스텐션,AUTO_PHRASE_DRAFT,Hips,MVP_CANDIDATE,Resistance/strength candidate,Dumbbell,source,하체,source,,,unsupported,weight_reps,equipment,weight_reps,,3,3,0,AUTO_DRAFT_COMPLETE
gvs_f90fe2c0084b9526,gvc_57a685b38487,Dumbbell Incline Alternate Bicep Curl,Dumbbell Incline Alternate Bicep Curl,,MANUAL,Upper-Arms,MVP_CANDIDATE,Resistance/strength candidate,Dumbbell,source,팔,source,,,unsupported,weight_reps,equipment,weight_reps,,1,1,0,MANUAL_QA_REQUIRED
gvs_4f4592f7f31c83d7,gvc_28b267ffe2f7,Dumbbell Incline Alternate Fly,Dumbbell Incline Alternate Fly,,MANUAL,Chest,MVP_CANDIDATE,Resistance/strength candidate,Dumbbell,source,가슴,source,,,unsupported,weight_reps,equipment,weight_reps,,1,1,0,MANUAL_QA_REQUIRED
gvs_557052f46881edfe,gvc_4d41dd345be8,Dumbbell Incline Alternate Hammer Curl,Dumbbell Incline Alternate Hammer Curl,덤벨 인클라인 얼터네이트 해머 컬,AUTO_PHRASE_DRAFT,Upper-Arms,MVP_CANDIDATE,Resistance/strength candidate,Dumbbell,source,팔,source,이두근,,name_high,weight_reps,equipment,weight_reps,,1,1,0,AUTO_DRAFT_COMPLETE
gvs_0b8debde38fe15cc,gvc_5c4499ff52e8,Dumbbell Incline Alternate Press,Dumbbell Incline Alternate Press,,MANUAL,Chest,MVP_CANDIDATE,Resistance/strength candidate,Dumbbell,source,가슴,source,,,unsupported,weight_reps,equipment,weight_reps,,1,1,0,MANUAL_QA_REQUIRED
gvs_fb2bb729955e9b05,gvc_5a3fcbfd3fe1,Dumbbell Incline Alternative Fly,Dumbbell Incline Alternative Fly,,MANUAL,Chest,MVP_CANDIDATE,Resistance/strength candidate,Dumbbell,source,가슴,source,,,unsupported,weight_reps,equipment,weight_reps,,1,1,0,MANUAL_QA_REQUIRED
gvs_734d2438777f2f36,gvc_dcda37d18faf,Dumbbell Incline Bench Press,Dumbbell Incline Bench Press,덤벨 인클라인 벤치프레스,AUTO_PHRASE_DRAFT,Chest,MVP_CANDIDATE,Resistance/strength candidate,Dumbbell,source,가슴,source,대흉근,삼두근 / 전면 삼각근,name_high,weight_reps,equipment,weight_reps,,2,1,1,AUTO_DRAFT_COMPLETE
gvs_d426f4107e04e27e,gvc_5e2dfaf1a4c4,Dumbbell Incline Biceps Curl,Dumbbell Incline Biceps Curl,덤벨 인클라인 바이셉 컬,AUTO_PHRASE_DRAFT,Upper-Arms,MVP_CANDIDATE,Resistance/strength candidate,Dumbbell,source,팔,source,이두근,,name_high,weight_reps,equipment,weight_reps,,3,1,2,AUTO_DRAFT_COMPLETE
gvs_3f78e3cf7b85b557,gvc_5afc05113e90,Dumbbell Incline Breeding,Dumbbell Incline Breeding,,MANUAL,Chest,MVP_CANDIDATE,Resistance/strength candidate,Dumbbell,source,가슴,source,,,unsupported,weight_reps,equipment,weight_reps,,1,1,0,MANUAL_QA_REQUIRED
gvs_545dce11214dee09,gvc_2c01a8698f14,Dumbbell Incline Close Grip Press Variation,Dumbbell Incline Close Grip Press Variation,,MANUAL,Upper-Arms,MVP_CANDIDATE,Resistance/strength candidate,Dumbbell,source,팔,source,,,unsupported,weight_reps,equipment,weight_reps,,1,1,0,MANUAL_QA_REQUIRED
gvs_aad21e7d65f16895,gvc_b05e127a8bcc,Dumbbell Incline Curl,Dumbbell Incline Curl,,MANUAL,Upper-Arms,MVP_CANDIDATE,Resistance/strength candidate,Dumbbell,source,팔,source,,,unsupported,weight_reps,equipment,weight_reps,,1,1,0,MANUAL_QA_REQUIRED
gvs_f278bdb93fd42d5d,gvc_746e9ec51198,Dumbbell Incline Curl Ii,Dumbbell Incline Curl Ii,,MANUAL,Upper-Arms,MVP_CANDIDATE,Resistance/strength candidate,Dumbbell,source,팔,source,,,unsupported,weight_reps,equipment,weight_reps,,1,1,0,MANUAL_QA_REQUIRED
gvs_348da10805148472,gvc_c7f0c6f19fb1,Dumbbell Incline Fly,Dumbbell Incline Fly,,MANUAL,Chest,MVP_CANDIDATE,Resistance/strength candidate,Dumbbell,source,가슴,source,,,unsupported,weight_reps,equipment,weight_reps,,2,1,1,MANUAL_QA_REQUIRED
gvs_8e19840ad6f1f978,gvc_d0ce045ab46b,Dumbbell Incline Fly On Exercise Ball,Dumbbell Incline Fly On Exercise Ball,,MANUAL,Chest,MVP_CANDIDATE,Resistance/strength candidate,Dumbbell,source,가슴,source,,,unsupported,weight_reps,equipment,weight_reps,,2,1,1,MANUAL_QA_REQUIRED
gvs_91e09ebb44cf5c23,gvc_2306c9873024,Dumbbell Incline Front Raise,Dumbbell Incline Front Raise,덤벨 인클라인 프론트 레이즈,AUTO_PHRASE_DRAFT,Shoulders,MVP_CANDIDATE,Resistance/strength candidate,Dumbbell,source,어깨,source,전면 삼각근,,name_high,weight_reps,equipment,weight_reps,,2,1,1,AUTO_DRAFT_COMPLETE
gvs_3432de7f33f370d7,gvc_5335bf5cb016,Dumbbell Incline Hammer Curl,Dumbbell Incline Hammer Curl,덤벨 인클라인 해머 컬,AUTO_PHRASE_DRAFT,Upper-Arms,MVP_CANDIDATE,Resistance/strength candidate,Dumbbell,source,팔,source,이두근,,name_high,weight_reps,equipment,weight_reps,,2,1,1,AUTO_DRAFT_COMPLETE
gvs_3988134915bd71f1,gvc_a655e2db3563,Dumbbell Incline Hammer Press,Dumbbell Incline Hammer Press,,MANUAL,Chest,MVP_CANDIDATE,Resistance/strength candidate,Dumbbell,source,가슴,source,,,unsupported,weight_reps,equipment,weight_reps,,2,1,1,MANUAL_QA_REQUIRED
gvs_446010de73d2d848,gvc_bce7feab0fa6,Dumbbell Incline Inner Biceps Curl,Dumbbell Incline Inner Biceps Curl,,MANUAL,Upper-Arms,MVP_CANDIDATE,Resistance/strength candidate,Dumbbell,source,팔,source,이두근,,name_high,weight_reps,equipment,weight_reps,,1,1,0,MANUAL_QA_REQUIRED
gvs_1906484f7bfaf257,gvc_04a015e43e67,Dumbbell Incline Low Fly,Dumbbell Incline Low Fly,,MANUAL,Chest,MVP_CANDIDATE,Resistance/strength candidate,Dumbbell,source,가슴,source,,,unsupported,weight_reps,equipment,weight_reps,,1,1,0,MANUAL_QA_REQUIRED
gvs_445926d1b312ce61,gvc_a4c340ce21c2,Dumbbell Incline Palm In Press,Dumbbell Incline Palm In Press,,MANUAL,Chest,MVP_CANDIDATE,Resistance/strength candidate,Dumbbell,source,가슴,source,,,unsupported,weight_reps,equipment,weight_reps,,1,1,0,MANUAL_QA_REQUIRED
gvs_d6d60cce6749d058,gvc_4b1c34df86ba,Dumbbell Incline Powell Raise,Dumbbell Incline Powell Raise,,MANUAL,Shoulders,MVP_CANDIDATE,Resistance/strength candidate,Dumbbell,source,어깨,source,,,unsupported,weight_reps,equipment,weight_reps,,1,1,0,MANUAL_QA_REQUIRED
gvs_6c6974c604aee23c,gvc_fe0afb31ab03,Dumbbell Incline Pullover,Dumbbell Incline Pullover,,MANUAL,Back,MVP_CANDIDATE,Resistance/strength candidate,Dumbbell,source,등,source,,,unsupported,weight_reps,equipment,weight_reps,,1,1,0,MANUAL_QA_REQUIRED
gvs_efc1e84d1e697c89,gvc_264b72308892,Dumbbell Incline Raise,Dumbbell Incline Raise,,MANUAL,Shoulders,MVP_CANDIDATE,Resistance/strength candidate,Dumbbell,source,어깨,source,,,unsupported,weight_reps,equipment,weight_reps,,1,1,0,MANUAL_QA_REQUIRED
gvs_289de131e07e8e39,gvc_25e4108257ca,Dumbbell Incline Rear Fly,Dumbbell Incline Rear Fly,,MANUAL,Shoulders,MVP_CANDIDATE,Resistance/strength candidate,Dumbbell,source,어깨,source,,,unsupported,weight_reps,equipment,weight_reps,,1,0,1,MANUAL_QA_REQUIRED
gvs_2f59a79e59b45640,gvc_21d5e09f1678,Dumbbell Incline Rear Lateral Raise,Dumbbell Incline Rear Lateral Raise,덤벨 인클라인 리어 레터럴 레이즈,AUTO_PHRASE_DRAFT,Shoulders,MVP_CANDIDATE,Resistance/strength candidate,Dumbbell,source,어깨,source,후면 삼각근,,name_high,weight_reps,equipment,weight_reps,,1,1,0,AUTO_DRAFT_COMPLETE
gvs_40f2f190dd2655ca,gvc_cfac461b9b58,Dumbbell Incline Reverse Raise With Chest Supported (skier),Dumbbell Incline Reverse Raise With Chest Supported (Skier),,MANUAL,Shoulders,MVP_CANDIDATE,Resistance/strength candidate,Dumbbell,source,어깨,source,,,unsupported,weight_reps,equipment,weight_reps,,1,1,0,MANUAL_QA_REQUIRED
gvs_06a3e73aa9d96300,gvc_3117c0f1db97,Dumbbell Incline Row,Dumbbell Incline Row,덤벨 인클라인 로우,AUTO_PHRASE_DRAFT,Back,MVP_CANDIDATE,Resistance/strength candidate,Dumbbell,source,등,source,등 상부 / 광배근,이두근,name_high,weight_reps,equipment,weight_reps,,2,1,1,AUTO_DRAFT_COMPLETE
gvs_3661b1d3ec90ab63,gvc_6aca856c418e,Dumbbell Incline Shoulders Press,Dumbbell Incline Shoulders Press,,MANUAL,Shoulders,MVP_CANDIDATE,Resistance/strength candidate,Dumbbell,source,어깨,source,,,unsupported,weight_reps,equipment,weight_reps,,1,1,0,MANUAL_QA_REQUIRED
gvs_0bd55f8bb6646f9b,gvc_decc0a69dec6,Dumbbell Incline Shrug,Dumbbell Incline Shrug,덤벨 인클라인 슈러그,AUTO_PHRASE_DRAFT,Back,MVP_CANDIDATE,Resistance/strength candidate,Dumbbell,source,등,source,,,unsupported,weight_reps,equipment,weight_reps,,2,1,1,AUTO_DRAFT_COMPLETE
gvs_ea6186cf225b770f,gvc_f5dcc044f4d0,Dumbbell Incline One Arm Hammer Press,Dumbbell Incline Single Arm Hammer Press,,MANUAL,Upper-Arms,MVP_CANDIDATE,Resistance/strength candidate,Dumbbell,source,팔,source,,,unsupported,weight_reps,equipment,weight_reps,,1,1,0,MANUAL_QA_REQUIRED
gvs_bb98a41d03bba8b5,gvc_c8c43c19430f,Dumbbell Incline One Arm Lateral Raise,Dumbbell Incline Single Arm Lateral Raise,덤벨 인클라인 원암 레터럴 레이즈,AUTO_PHRASE_DRAFT,Shoulders,MVP_CANDIDATE,Resistance/strength candidate,Dumbbell,source,어깨,source,측면 삼각근,,name_high,weight_reps,equipment,weight_reps,,1,1,0,AUTO_DRAFT_COMPLETE
gvs_34328886c4bc02dc,gvc_701324dc6c49,Dumbbell Incline One Arm Press,Dumbbell Incline Single Arm Press,,MANUAL,Chest,MVP_CANDIDATE,Resistance/strength candidate,Dumbbell,source,가슴,source,,,unsupported,weight_reps,equipment,weight_reps,,2,1,1,MANUAL_QA_REQUIRED
gvs_ec77d7731ea4f73b,gvc_3e4b9a7e42ef,Dumbbell Incline Single Arm Y Raise,Dumbbell Incline Single Arm Y Raise,,MANUAL,Shoulders,MVP_CANDIDATE,Resistance/strength candidate,Dumbbell,source,어깨,source,,,unsupported,weight_reps,equipment,weight_reps,,1,1,0,MANUAL_QA_REQUIRED
gvs_34abe75fe67a97cf,gvc_a1bbcf6fd693,Dumbbell Incline Squeeze Press,Dumbbell Incline Squeeze Press,,MANUAL,Upper-Arms,MVP_CANDIDATE,Resistance/strength candidate,Dumbbell,source,팔,source,,,unsupported,weight_reps,equipment,weight_reps,,2,1,1,MANUAL_QA_REQUIRED
gvs_abaaf72be2f66823,gvc_26b2cc16cbd7,Dumbbell Incline T Raise,Dumbbell Incline T Raise,,MANUAL,Shoulders,MVP_CANDIDATE,Resistance/strength candidate,Dumbbell,source,어깨,source,,,unsupported,weight_reps,equipment,weight_reps,,1,1,0,MANUAL_QA_REQUIRED
gvs_f7f886ed4e0e8b21,gvc_0e1916c566b9,Dumbbell Incline Triceps Extension,Dumbbell Incline Triceps Extension,덤벨 인클라인 트라이셉 익스텐션,AUTO_PHRASE_DRAFT,Upper-Arms,MVP_CANDIDATE,Resistance/strength candidate,Dumbbell,source,팔,source,삼두근,,name_high,weight_reps,equipment,weight_reps,,2,1,1,AUTO_DRAFT_COMPLETE
gvs_bda7f17cc8591776,gvc_bc8e5a5008f1,Dumbbell Incline Triceps Kickback,Dumbbell Incline Triceps Kickback,,MANUAL,Upper-Arms,MVP_CANDIDATE,Resistance/strength candidate,Dumbbell,source,팔,source,삼두근,,name_high,weight_reps,equipment,weight_reps,,1,1,0,MANUAL_QA_REQUIRED
gvs_ae80ef18ca39acee,gvc_4ec694dd78d6,Dumbbell Incline Twist Press,Dumbbell Incline Twist Press,,MANUAL,Chest,MVP_CANDIDATE,Resistance/strength candidate,Dumbbell,source,가슴,source,,,unsupported,weight_reps,equipment,weight_reps,,1,1,0,MANUAL_QA_REQUIRED
gvs_b1b55ed3810e31a3,gvc_26223015bfd0,Dumbbell Incline Twisted Fly,Dumbbell Incline Twisted Fly,,MANUAL,Chest,MVP_CANDIDATE,Resistance/strength candidate,Dumbbell,source,가슴,source,,,unsupported,weight_reps,equipment,weight_reps,,1,1,0,MANUAL_QA_REQUIRED
gvs_61a93102da9274f4,gvc_230ece278d63,Dumbbell Incline Two Arm Extension,Dumbbell Incline Two Arm Extension,,MANUAL,Upper-Arms,MVP_CANDIDATE,Resistance/strength candidate,Dumbbell,source,팔,source,,,unsupported,weight_reps,equipment,weight_reps,,2,1,1,MANUAL_QA_REQUIRED
gvs_37a5ffb8ff8fa1ee,gvc_93356728feee,Dumbbell Incline Y Raise,Dumbbell Incline Y Raise,,MANUAL,Shoulders,MVP_CANDIDATE,Resistance/strength candidate,Dumbbell,source,어깨,source,,,unsupported,weight_reps,equipment,weight_reps,,2,1,1,MANUAL_QA_REQUIRED
gvs_b5a7efb485cad476,gvc_4a8feca17886,Dumbbell Ipsilateral Glute Bridge Single Arm Chest,Dumbbell Ipsilateral Glute Bridge Single Arm Chest,,MANUAL,,MVP_CANDIDATE,Resistance/strength candidate,Dumbbell,source,가슴,name,둔근,햄스트링,name_high,weight_reps,equipment,weight_reps,BODY_MUSCLE_FAMILY_CONFLICT,1,1,0,MANUAL_QA_REQUIRED
gvs_f6d88c5856682eee,gvc_67e8cc89234b,Dumbbell Ipsilateral Single Leg Stiff Leg Deadlift,Dumbbell Ipsilateral Single Leg Stiff Leg Deadlift,,MANUAL,,MVP_CANDIDATE,Resistance/strength candidate,Dumbbell,source,하체,name,둔근 / 햄스트링,코어,name_high,weight_reps,equipment,weight_reps,,2,1,1,MANUAL_QA_REQUIRED
gvs_b454a2936f202083,gvc_4d6b57818ae8,Dumbbell Iron Cross,Dumbbell Iron Cross,,MANUAL,Shoulders,MVP_CANDIDATE,Resistance/strength candidate,Dumbbell,source,어깨,source,,,unsupported,weight_reps,equipment,weight_reps,,2,1,1,MANUAL_QA_REQUIRED
gvs_ae45d5c1353969d5,gvc_c4f0b54c3519,Dumbbell Jefferson Curl,Dumbbell Jefferson Curl,,MANUAL,Hips,MVP_CANDIDATE,Resistance/strength candidate,Dumbbell,source,하체,source,,,unsupported,weight_reps,equipment,weight_reps,,1,1,0,MANUAL_QA_REQUIRED
gvs_6cf22d658970f3cd,gvc_4ef4fbfce471,Dumbbell Kickback,Dumbbell Kickback,덤벨 킥백,AUTO_PHRASE_DRAFT,Upper-Arms,MVP_CANDIDATE,Resistance/strength candidate,Dumbbell,source,팔,source,,,unsupported,weight_reps,equipment,weight_reps,,2,1,1,AUTO_DRAFT_COMPLETE
gvs_0f5b1e0cbeb1967a,gvc_24f13713b0be,Dumbbell Kickbacks On Exercise Ball,Dumbbell Kickbacks On Exercise Ball,,MANUAL,Upper-Arms,MVP_CANDIDATE,Resistance/strength candidate,Dumbbell,source,팔,source,,,unsupported,weight_reps,equipment,weight_reps,,1,1,0,MANUAL_QA_REQUIRED
gvs_9d3e699c8c3d6cc6,gvc_1247c080dd27,Dumbbell Kneeling Arnold Press,Dumbbell Kneeling Arnold Press,덤벨 닐링 아놀드 프레스,AUTO_PHRASE_DRAFT,Shoulders,MVP_CANDIDATE,Resistance/strength candidate,Dumbbell,source,어깨,source,,,unsupported,weight_reps,equipment,weight_reps,,1,1,0,AUTO_DRAFT_COMPLETE
gvs_855e0515559a6715,gvc_29f68b0a80da,Dumbbell Kneeling Hold To Stand,Dumbbell Kneeling Hold To Stand,,MANUAL,Thighs,MVP_CANDIDATE,Resistance/strength candidate,Dumbbell,source,하체,source,,,unsupported,weight_reps,equipment,weight_reps,,1,1,0,MANUAL_QA_REQUIRED
gvs_7d29cd347f0f0f8a,gvc_f62adb41d86d,Dumbbell Kneeling Hold To Stand Clean Grip,Dumbbell Kneeling Hold To Stand Clean Grip,,MANUAL,Thighs,MVP_CANDIDATE,Resistance/strength candidate,Dumbbell,source,하체,source,,,unsupported,weight_reps,equipment,weight_reps,,1,1,0,MANUAL_QA_REQUIRED
gvs_8019f91e90c6668c,gvc_292ea7b7a5a4,Dumbbell Kneeling Opposite Shoulder Press S,Dumbbell Kneeling Opposite Shoulder Press S,,MANUAL,,MVP_CANDIDATE,Resistance/strength candidate,Dumbbell,source,어깨,name,삼각근,삼두근,name_high,weight_reps,equipment,weight_reps,,1,1,0,MANUAL_QA_REQUIRED
gvs_bfddb7666015b534,gvc_bc8d1b7dd8f3,Dumbbell Kneeling Triceps Kickback,Dumbbell Kneeling Triceps Kickback,,MANUAL,Upper-Arms,MVP_CANDIDATE,Resistance/strength candidate,Dumbbell,source,팔,source,삼두근,,name_high,weight_reps,equipment,weight_reps,,1,0,1,MANUAL_QA_REQUIRED
gvs_3a2d6c127e1664fc,gvc_4126868dc891,Dumbbell Kneeling Twist Down Up Raise,Dumbbell Kneeling Twist Down Up Raise,,MANUAL,Waist,MVP_CANDIDATE,Resistance/strength candidate,Dumbbell,source,코어,source,,,unsupported,weight_reps,equipment,weight_reps,,1,1,0,MANUAL_QA_REQUIRED
gvs_e00387dc6ac26882,gvc_4ad68e22e6a2,Dumbbell Larsen Press,Dumbbell Larsen Press,,MANUAL,Chest,MVP_CANDIDATE,Resistance/strength candidate,Dumbbell,source,가슴,source,,,unsupported,weight_reps,equipment,weight_reps,,1,1,0,MANUAL_QA_REQUIRED
gvs_60c3ca5ab3380164,gvc_0e6f43dc2e82,Dumbbell Lateral Raise,Dumbbell Lateral Raise,덤벨 레터럴 레이즈,AUTO_PHRASE_DRAFT,Shoulders,MVP_CANDIDATE,Resistance/strength candidate,Dumbbell,source,어깨,source,측면 삼각근,,name_high,weight_reps,equipment,weight_reps,,2,2,0,AUTO_DRAFT_COMPLETE
gvs_944abce23b8982c4,gvc_14da49fa6aed,Dumbbell Lateral Raise Plank,Dumbbell Lateral Raise Plank,덤벨 레터럴 레이즈 플랭크,AUTO_PHRASE_DRAFT,Waist,MVP_CANDIDATE,Resistance/strength candidate,Dumbbell,source,코어,source,측면 삼각근,,name_high,weight_reps,equipment,duration,BODY_MUSCLE_FAMILY_CONFLICT,1,1,0,MANUAL_QA_REQUIRED
gvs_9806e47cf47980de,gvc_39ce388eac51,Dumbbell Lateral Step Up,Dumbbell Lateral Step Up,,MANUAL,Thighs,MVP_CANDIDATE,Resistance/strength candidate,Dumbbell,source,하체,source,대퇴사두근,둔근,name_high,weight_reps,equipment,weight_reps,,2,1,1,MANUAL_QA_REQUIRED
gvs_82075a0f12d22b67,gvc_ad6dc0ad0c32,Dumbbell Lateral To Front Raise,Dumbbell Lateral To Front Raise,,MANUAL,Shoulders,MVP_CANDIDATE,Resistance/strength candidate,Dumbbell,source,어깨,source,전면 삼각근,,name_high,weight_reps,equipment,weight_reps,,2,1,1,MANUAL_QA_REQUIRED
gvs_d9196399a7a7b471,gvc_250de9f31b4d,Dumbbell Lateral Walk,Dumbbell Lateral Walk,,MANUAL,Hips,MVP_CANDIDATE,Resistance/strength candidate,Dumbbell,source,하체,source,,,unsupported,weight_reps,equipment,weight_reps,,1,1,0,MANUAL_QA_REQUIRED
gvs_6cee15dfa3aba407,gvc_7f849eebff72,Dumbbell Learning Front Raise,Dumbbell Learning Front Raise,,MANUAL,Shoulders,MVP_CANDIDATE,Resistance/strength candidate,Dumbbell,source,어깨,source,전면 삼각근,,name_high,weight_reps,equipment,weight_reps,,1,1,0,MANUAL_QA_REQUIRED
gvs_a04018739e0ea883,gvc_52bf20b2ae9a,Dumbbell Low Fly,Dumbbell Low Fly,,MANUAL,Chest,MVP_CANDIDATE,Resistance/strength candidate,Dumbbell,source,가슴,source,,,unsupported,weight_reps,equipment,weight_reps,,1,1,0,MANUAL_QA_REQUIRED
gvs_06dd7b612f9e6bed,gvc_436adc362f2c,Dumbbell Low Split Squat,Dumbbell Low Split Squat,덤벨 로우 스플릿 스쿼트,AUTO_PHRASE_DRAFT,Thighs,MVP_CANDIDATE,Resistance/strength candidate,Dumbbell,source,하체,source,대퇴사두근,둔근,name_high,weight_reps,equipment,weight_reps,,1,1,0,AUTO_DRAFT_COMPLETE
gvs_62352602a702cdcc,gvc_7cee17d437ee,Dumbbell Low Windmill,Dumbbell Low Windmill,,MANUAL,Waist,MVP_CANDIDATE,Resistance/strength candidate,Dumbbell,source,코어,source,,,unsupported,weight_reps,equipment,weight_reps,,1,1,0,MANUAL_QA_REQUIRED
gvs_2aa4a5f1e3502809,gvc_026497d01d68,Dumbbell Lunge,Dumbbell Lunge,덤벨 런지,AUTO_PHRASE_DRAFT,Hips;Thighs,MVP_CANDIDATE,Resistance/strength candidate,Dumbbell,source,하체,source,대퇴사두근,둔근,name_high,weight_reps,equipment,weight_reps,,2,1,1,AUTO_DRAFT_COMPLETE
gvs_84e8e3fa57eea474,gvc_bbfb785dafb1,Dumbbell Lunge With Bicep Curl,Dumbbell Lunge With Bicep Curl,,MANUAL,Upper-Arms,MVP_CANDIDATE,Resistance/strength candidate,Dumbbell,source,팔,source,대퇴사두근,둔근,name_high,weight_reps,equipment,weight_reps,BODY_MUSCLE_FAMILY_CONFLICT,1,1,0,MANUAL_QA_REQUIRED
gvs_ea9bdf9083955dae,gvc_55f51f781e63,Dumbbell Lying Alternate Extension,Dumbbell Lying Alternate Extension,,MANUAL,Upper-Arms,MVP_CANDIDATE,Resistance/strength candidate,Dumbbell,source,팔,source,,,unsupported,weight_reps,equipment,weight_reps,,2,1,1,MANUAL_QA_REQUIRED
gvs_91e6b4356b327681,gvc_1831638f9ff2,Dumbbell Lying Extension (across Face),Dumbbell Lying Extension (Across Face),,MANUAL,Upper-Arms,MVP_CANDIDATE,Resistance/strength candidate,Dumbbell,source,팔,source,,,unsupported,weight_reps,equipment,weight_reps,,2,1,1,MANUAL_QA_REQUIRED
gvs_bb1b8a234682c633,gvc_414e559314f9;gvc_76d6bc1a9108,Dumbbell Lying External Shoulder Rotation | Dumbbell Lying External Shoulder Rotation B,Dumbbell Lying External Shoulder Rotation,,MANUAL,,MVP_CANDIDATE,Resistance/strength candidate,Dumbbell,source,어깨,name,,,unsupported,weight_reps,equipment,weight_reps,,2,1,1,MANUAL_QA_REQUIRED
gvs_b1cae456f765ea48,gvc_bf632bbaac9e,Dumbbell Lying Femoral,Dumbbell Lying Femoral,,MANUAL,Thighs,MVP_CANDIDATE,Resistance/strength candidate,Dumbbell,source,하체,source,,,unsupported,weight_reps,equipment,weight_reps,,2,1,1,MANUAL_QA_REQUIRED
gvs_5de5a7e20d547aac,gvc_24410d60cbf8,Dumbbell Lying Floor Skullcrusher,Dumbbell Lying Floor Skullcrusher,,MANUAL,Upper-Arms,MVP_CANDIDATE,Resistance/strength candidate,Dumbbell,source,팔,source,,,unsupported,weight_reps,equipment,weight_reps,,1,1,0,MANUAL_QA_REQUIRED
gvs_f4d7bfde31f39498,gvc_693841200221,Dumbbell Lying Fly On Floor,Dumbbell Lying Fly On Floor,,MANUAL,Chest,MVP_CANDIDATE,Resistance/strength candidate,Dumbbell,source,가슴,source,,,unsupported,weight_reps,equipment,weight_reps,,1,0,1,MANUAL_QA_REQUIRED
gvs_90ae74be53e283c0,gvc_d1d34e8b68ba,Dumbbell Lying Front Raise,Dumbbell Lying Front Raise,덤벨 라잉 프론트 레이즈,AUTO_PHRASE_DRAFT,Shoulders,MVP_CANDIDATE,Resistance/strength candidate,Dumbbell,source,어깨,source,전면 삼각근,,name_high,weight_reps,equipment,weight_reps,,1,0,1,AUTO_DRAFT_COMPLETE
gvs_7ba4a0b80a4caed4,gvc_272273cab95b;gvc_fc911e6d6b50,Dumbbell Lying Hammer Press | Dumbbell Lying Hammer Press (version 2),Dumbbell Lying Hammer Press,,MANUAL,Chest,MVP_CANDIDATE,Resistance/strength candidate,Dumbbell,source,가슴,source,,,unsupported,weight_reps,equipment,weight_reps,,3,2,1,MANUAL_QA_REQUIRED
gvs_90229ae26fc77a4c,gvc_96b2762d2451,Dumbbell Lying Hamstring Curl,Dumbbell Lying Hamstring Curl,,MANUAL,Thighs,MVP_CANDIDATE,Resistance/strength candidate,Dumbbell,source,하체,source,,,unsupported,weight_reps,equipment,weight_reps,,2,1,1,MANUAL_QA_REQUIRED
gvs_1050ac7958e4e17d,gvc_6bf3b2ece6a6,Dumbbell Lying Leg Curl,Dumbbell Lying Leg Curl,덤벨 라잉 레그 컬,AUTO_PHRASE_DRAFT,Thighs,MVP_CANDIDATE,Resistance/strength candidate,Dumbbell,source,하체,source,햄스트링,,name_high,weight_reps,equipment,weight_reps,,1,1,0,AUTO_DRAFT_COMPLETE
gvs_5f2770a6983cb928,gvc_674308af7680,Dumbbell Lying Neutral Grip Row On Rack,Dumbbell Lying Neutral Grip Row On Rack,,MANUAL,Back,MVP_CANDIDATE,Resistance/strength candidate,Dumbbell,source,등,source,등 상부 / 광배근,이두근,name_high,weight_reps,equipment,weight_reps,,1,1,0,MANUAL_QA_REQUIRED
gvs_b5ef5ec752e13a7f,gvc_d728f4780193,Dumbbell Lying Oblique V Up,Dumbbell Lying Oblique V Up,,MANUAL,Waist,MVP_CANDIDATE,Resistance/strength candidate,Dumbbell,source,코어,source,,,unsupported,weight_reps,equipment,weight_reps,,1,1,0,MANUAL_QA_REQUIRED
gvs_ae187f4d30262919,gvc_935f143162ad,Dumbbell Lying On Floor Chest Press,Dumbbell Lying On Floor Chest Press,,MANUAL,Chest,MVP_CANDIDATE,Resistance/strength candidate,Dumbbell,source,가슴,source,대흉근,삼두근 / 전면 삼각근,name_high,weight_reps,equipment,weight_reps,,2,1,1,MANUAL_QA_REQUIRED
gvs_f096aaeba6c2476b,gvc_063fa16b4512,Dumbbell Lying On Floor Hammer Press,Dumbbell Lying On Floor Hammer Press,,MANUAL,Chest,MVP_CANDIDATE,Resistance/strength candidate,Dumbbell,source,가슴,source,,,unsupported,weight_reps,equipment,weight_reps,,2,1,1,MANUAL_QA_REQUIRED
gvs_50d2ebb1347a22e5,gvc_1d54fe897161,Dumbbell Lying On Floor Rear Delt Raise,Dumbbell Lying On Floor Rear Delt Raise,,MANUAL,Shoulders,MVP_CANDIDATE,Resistance/strength candidate,Dumbbell,source,어깨,source,후면 삼각근,,name_high,weight_reps,equipment,weight_reps,,1,1,0,MANUAL_QA_REQUIRED
gvs_00caf353d78c2ae3,gvc_5b2e9e791d26,Dumbbell Lying Pronation On Floor,Dumbbell Lying Pronation On Floor,,MANUAL,Forearms,MVP_CANDIDATE,Resistance/strength candidate,Dumbbell,source,팔,source,,,unsupported,weight_reps,equipment,weight_reps,,1,1,0,MANUAL_QA_REQUIRED
gvs_528b11d0dba05c6e,gvc_cc10a46f105d,Dumbbell Lying Pullover On Exercise Ball,Dumbbell Lying Pullover On Exercise Ball,,MANUAL,Chest,MVP_CANDIDATE,Resistance/strength candidate,Dumbbell,source,가슴,source,,,unsupported,weight_reps,equipment,weight_reps,,1,1,0,MANUAL_QA_REQUIRED
gvs_3d14f046108261e0,gvc_c7d6a16f8c49,Dumbbell Lying Rear Delt Row,Dumbbell Lying Rear Delt Row,,MANUAL,Back,MVP_CANDIDATE,Resistance/strength candidate,Dumbbell,source,등,source,후면 삼각근,,name_high,weight_reps,equipment,weight_reps,BODY_MUSCLE_FAMILY_CONFLICT,1,1,0,MANUAL_QA_REQUIRED
gvs_8b3cb9f949061341,gvc_14a7b00fa012,Dumbbell Lying Rear Lateral Raise,Dumbbell Lying Rear Lateral Raise,덤벨 라잉 리어 레터럴 레이즈,AUTO_PHRASE_DRAFT,Shoulders,MVP_CANDIDATE,Resistance/strength candidate,Dumbbell,source,어깨,source,후면 삼각근,,name_high,weight_reps,equipment,weight_reps,,2,1,1,AUTO_DRAFT_COMPLETE
gvs_f2ed2d8e8724814c,gvc_18740f159fe0,Dumbbell Lying One Arm Deltoid Rear,Dumbbell Lying Single Arm Deltoid Rear,,MANUAL,Shoulders,MVP_CANDIDATE,Resistance/strength candidate,Dumbbell,source,어깨,source,,,unsupported,weight_reps,equipment,weight_reps,,1,1,0,MANUAL_QA_REQUIRED
gvs_7ba84bcf83703acf,gvc_b04627bc37d1,Dumbbell Lying One Arm Press,Dumbbell Lying Single Arm Press,,MANUAL,Chest,MVP_CANDIDATE,Resistance/strength candidate,Dumbbell,source,가슴,source,,,unsupported,weight_reps,equipment,weight_reps,,2,1,1,MANUAL_QA_REQUIRED
gvs_53de2de99980bea9,gvc_fb6165cab551,Dumbbell Lying One Arm Pronated Triceps Extension,Dumbbell Lying Single Arm Pronated Triceps Extension,,MANUAL,Upper-Arms,MVP_CANDIDATE,Resistance/strength candidate,Dumbbell,source,팔,source,삼두근,,name_high,weight_reps,equipment,weight_reps,,2,1,1,MANUAL_QA_REQUIRED
gvs_09c5661ccae906fa,gvc_39f4a49d7773,Dumbbell Lying One Arm Rear Lateral Raise,Dumbbell Lying Single Arm Rear Lateral Raise,덤벨 라잉 원암 리어 레터럴 레이즈,AUTO_PHRASE_DRAFT,Shoulders,MVP_CANDIDATE,Resistance/strength candidate,Dumbbell,source,어깨,source,후면 삼각근,,name_high,weight_reps,equipment,weight_reps,,1,1,0,AUTO_DRAFT_COMPLETE
gvs_a6d140df5e48314f,gvc_5fdb680488b0,Dumbbell Lying One Arm Supinated Triceps Extension,Dumbbell Lying Single Arm Supinated Triceps Extension,,MANUAL,Upper-Arms,MVP_CANDIDATE,Resistance/strength candidate,Dumbbell,source,팔,source,삼두근,,name_high,weight_reps,equipment,weight_reps,,1,1,0,MANUAL_QA_REQUIRED
gvs_c286fe211e3b00c5,gvc_003404eaf13d,Dumbbell Lying Single Extension,Dumbbell Lying Single Extension,,MANUAL,Upper-Arms,MVP_CANDIDATE,Resistance/strength candidate,Dumbbell,source,팔,source,,,unsupported,weight_reps,equipment,weight_reps,,1,1,0,MANUAL_QA_REQUIRED
gvs_0c7903d7ff5daabf,gvc_db660371a2f9,Dumbbell Lying Straight Arm Press On Floor (,Dumbbell Lying Straight Arm Press On Floor,,MANUAL,,MVP_CANDIDATE,Resistance/strength candidate,Dumbbell,source,,unknown,,,unsupported,weight_reps,equipment,weight_reps,,1,0,1,MANUAL_QA_REQUIRED
gvs_27581e9d13634d05,gvc_30bd12d55da6,Dumbbell Lying Supine Curl,Dumbbell Lying Supine Curl,,MANUAL,Forearms,MVP_CANDIDATE,Resistance/strength candidate,Dumbbell,source,팔,source,,,unsupported,weight_reps,equipment,weight_reps,,2,1,1,MANUAL_QA_REQUIRED
gvs_0316cb17fd30bbcf,gvc_9f0367032ae3,Dumbbell Lying Triceps Extension,Dumbbell Lying Triceps Extension,덤벨 라잉 트라이셉 익스텐션,AUTO_PHRASE_DRAFT,Upper-Arms,MVP_CANDIDATE,Resistance/strength candidate,Dumbbell,source,팔,source,삼두근,,name_high,weight_reps,equipment,weight_reps,,3,1,2,AUTO_DRAFT_COMPLETE
gvs_3efab2eb5caa1a63,gvc_06e48cf33c5e,Dumbbell Lying Triceps Extension On Floor,Dumbbell Lying Triceps Extension On Floor,,MANUAL,,MVP_CANDIDATE,Resistance/strength candidate,Dumbbell,source,팔,name,삼두근,,name_high,weight_reps,equipment,weight_reps,,1,0,1,MANUAL_QA_REQUIRED
gvs_0ec577539da759b3,gvc_337d38d3b5f3,Dumbbell Lying Triceps Extension On Floor (version,Dumbbell Lying Triceps Extension On Floor,,MANUAL,,MVP_CANDIDATE,Resistance/strength candidate,Dumbbell,source,팔,name,삼두근,,name_high,weight_reps,equipment,weight_reps,,1,0,1,MANUAL_QA_REQUIRED
gvs_15dad1c6a056fbcc,gvc_a7e61d6aef84,Dumbbell Lying Woodchop,Dumbbell Lying Woodchop,,MANUAL,Waist,MVP_CANDIDATE,Resistance/strength candidate,Dumbbell,source,코어,source,,,unsupported,weight_reps,equipment,weight_reps,,1,1,0,MANUAL_QA_REQUIRED
gvs_4ebe1b6bc3090b63,gvc_76ab5039609c;gvc_bf0c61f2b93a,Dumbbell Military Press Russian Twist With Legs Floor Off | Dumbbell Military Press Russian Twist With Legs Floor Off (version 2),Dumbbell Military Press Russian Twist With Legs Floor Off,,MANUAL,Waist,MVP_CANDIDATE,Resistance/strength candidate,Dumbbell,source,코어,source,삼각근,삼두근,name_high,weight_reps,equipment,weight_reps,BODY_MUSCLE_FAMILY_CONFLICT,2,2,0,MANUAL_QA_REQUIRED
gvs_4dfed7468010ceb4,gvc_e788d59fefb3,Dumbbell Narrow Squat,Dumbbell Narrow Squat,,MANUAL,Thighs,MVP_CANDIDATE,Resistance/strength candidate,Dumbbell,source,하체,source,대퇴사두근,둔근,name_high,weight_reps,equipment,weight_reps,,1,1,0,MANUAL_QA_REQUIRED
gvs_ad76562d2ac749ed,gvc_79b4ccab7e4d,Dumbbell Opposite 2 Point Bench Press,Dumbbell Opposite 2 Point Bench Press,,MANUAL,Chest,MVP_CANDIDATE,Resistance/strength candidate,Dumbbell,source,가슴,source,대흉근,삼두근 / 전면 삼각근,name_high,weight_reps,equipment,weight_reps,,1,1,0,MANUAL_QA_REQUIRED
gvs_d029c556c3902cc4,gvc_344aad928e14,Dumbbell Over Bench Revers Wrist Curl,Dumbbell Over Bench Reverse Wrist Curl,,MANUAL,Forearms,MVP_CANDIDATE,Resistance/strength candidate,Dumbbell,source,팔,source,,,unsupported,weight_reps,equipment,weight_reps,,1,1,0,MANUAL_QA_REQUIRED
gvs_6edfb692ff512720,gvc_cedc3a4e220b,Dumbbell Over Bench One Arm Neutral Wrist Curl,Dumbbell Over Bench Single Arm Neutral Wrist Curl,,MANUAL,Forearms,MVP_CANDIDATE,Resistance/strength candidate,Dumbbell,source,팔,source,,,unsupported,weight_reps,equipment,weight_reps,,1,1,0,MANUAL_QA_REQUIRED
gvs_02d58b7759711b77,gvc_ec12f33285f3,Dumbbell Over Bench Wrist Curl,Dumbbell Over Bench Wrist Curl,,MANUAL,Forearms,MVP_CANDIDATE,Resistance/strength candidate,Dumbbell,source,팔,source,,,unsupported,weight_reps,equipment,weight_reps,,2,1,1,MANUAL_QA_REQUIRED
gvs_96c481c1dc12a9c1,gvc_78dfc09b5306,Dumbbell Over The Bench Supination,Dumbbell Over The Bench Supination,,MANUAL,Forearms,MVP_CANDIDATE,Resistance/strength candidate,Dumbbell,source,팔,source,,,unsupported,weight_reps,equipment,weight_reps,,1,0,1,MANUAL_QA_REQUIRED
gvs_dc565a7348f293d3,gvc_912ffdc0d763,Dumbbell Overhead Crunch (on Stability Ball),Dumbbell Overhead Crunch (On Stability Ball),,MANUAL,Waist,MVP_CANDIDATE,Resistance/strength candidate,Dumbbell,source,코어,source,복직근,,name_high,weight_reps,equipment,weight_reps,,1,1,0,MANUAL_QA_REQUIRED
gvs_4d2e1a130bb9a06b,gvc_ee590f8f2687,Dumbbell Overhead Lunge,Dumbbell Overhead Lunge,덤벨 오버헤드 런지,AUTO_PHRASE_DRAFT,Thighs,MVP_CANDIDATE,Resistance/strength candidate,Dumbbell,source,하체,source,대퇴사두근,둔근,name_high,weight_reps,equipment,weight_reps,,1,1,0,AUTO_DRAFT_COMPLETE
gvs_3a46fdbe68cc8764,gvc_a636939ab121,Dumbbell Overhead Sit Up,Dumbbell Overhead Sit Up,덤벨 오버헤드 싯업,AUTO_PHRASE_DRAFT,Waist,MVP_CANDIDATE,Resistance/strength candidate,Dumbbell,source,코어,source,복직근,,name_high,weight_reps,equipment,weight_reps,,1,1,0,AUTO_DRAFT_COMPLETE
gvs_63ac1e13723f0f8b,gvc_b8871090e7f8,Dumbbell Overhead Sit Up With Legs On Bench,Dumbbell Overhead Sit Up With Legs On Bench,,MANUAL,Waist,MVP_CANDIDATE,Resistance/strength candidate,Dumbbell,source,코어,source,복직근,,name_high,weight_reps,equipment,weight_reps,,1,1,0,MANUAL_QA_REQUIRED
gvs_a685907940b0855d,gvc_5f6a2460b8b7,Dumbbell Overhead Squat,Dumbbell Overhead Squat,덤벨 오버헤드 스쿼트,AUTO_PHRASE_DRAFT,Thighs,MVP_CANDIDATE,Resistance/strength candidate,Dumbbell,source,하체,source,대퇴사두근,둔근,name_high,weight_reps,equipment,weight_reps,,2,1,1,AUTO_DRAFT_COMPLETE
gvs_3d154146c3d18320,gvc_c18cfa89383e,Dumbbell Palm Rotational Bent Over Row,Dumbbell Palm Rotational Bent Over Row,,MANUAL,Back,MVP_CANDIDATE,Resistance/strength candidate,Dumbbell,source,등,source,등 상부 / 광배근,이두근,name_high,weight_reps,equipment,weight_reps,,2,1,1,MANUAL_QA_REQUIRED
gvs_a26d82e151776e89,gvc_a62cb43aa578,Dumbbell Palms In Incline Bench Press,Dumbbell Palms In Incline Bench Press,,MANUAL,,MVP_CANDIDATE,Resistance/strength candidate,Dumbbell,source,가슴,name,대흉근,삼두근 / 전면 삼각근,name_high,weight_reps,equipment,weight_reps,,1,1,0,MANUAL_QA_REQUIRED
gvs_7b7f813f41272cbf,gvc_1f0dd0a52015,Dumbbell Pause Squat,Dumbbell Pause Squat,,MANUAL,Hips,MVP_CANDIDATE,Resistance/strength candidate,Dumbbell,source,하체,source,대퇴사두근,둔근,name_high,weight_reps,equipment,weight_reps,,1,0,1,MANUAL_QA_REQUIRED
gvs_a072de6329fe45e3,gvc_fa7c369efd9b,Dumbbell Peacher Hammer Curl,Dumbbell Peacher Hammer Curl,,MANUAL,Forearms,MVP_CANDIDATE,Resistance/strength candidate,Dumbbell,source,팔,source,이두근,,name_high,weight_reps,equipment,weight_reps,,2,1,1,MANUAL_QA_REQUIRED
gvs_2cb257b11d7f8aad,gvc_0a93338448a5,Dumbbell Plank Pass Through,Dumbbell Plank Pass Through,,MANUAL,Waist,MVP_CANDIDATE,Resistance/strength candidate,Dumbbell,source,코어,source,코어,,name_high,weight_reps,equipment,duration,,1,1,0,MANUAL_QA_REQUIRED
gvs_64f192060f9e6e00,gvc_50a358a1804b,Dumbbell Plank Pass Through Push Up,Dumbbell Plank Pass Through Push Up,,MANUAL,Waist,MVP_CANDIDATE,Resistance/strength candidate,Dumbbell,source,코어,source,코어,,name_high,weight_reps,equipment,duration,,1,1,0,MANUAL_QA_REQUIRED
gvs_8da4150b9174fa03,gvc_7c74584f52ff,Dumbbell Plank Row,Dumbbell Plank Row,덤벨 플랭크 로우,AUTO_PHRASE_DRAFT,Waist,MVP_CANDIDATE,Resistance/strength candidate,Dumbbell,source,코어,source,등 상부 / 광배근,이두근,name_high,weight_reps,equipment,duration,BODY_MUSCLE_FAMILY_CONFLICT,1,1,0,MANUAL_QA_REQUIRED
gvs_9ffaca3abb08edb0,gvc_f2ac4f1df623,Dumbbell Plyo Squat,Dumbbell Plyo Squat,,MANUAL,Thighs,MVP_CANDIDATE,Resistance/strength candidate,Dumbbell,source,하체,source,대퇴사두근,둔근,name_high,weight_reps,equipment,weight_reps,,2,1,1,MANUAL_QA_REQUIRED
gvs_702aa7a11cce97ed,gvc_746da168a500,Dumbbell Power Clean,Dumbbell Power Clean,,MANUAL,Weightlifting,MVP_CANDIDATE,Resistance/strength candidate,Dumbbell,source,,unknown,,,unsupported,weight_reps,equipment,weight_reps,,1,1,0,MANUAL_QA_REQUIRED
gvs_7be69c4a97cd14a8,gvc_ba4bc1826ea3,Dumbbell Preacher Curl,Dumbbell Preacher Curl,덤벨 프리처 컬,AUTO_PHRASE_DRAFT,Upper-Arms,MVP_CANDIDATE,Resistance/strength candidate,Dumbbell,source,팔,source,이두근,,name_high,weight_reps,equipment,weight_reps,,2,1,1,AUTO_DRAFT_COMPLETE
gvs_e7e11e69728137a5,gvc_93e1f1838216,Dumbbell Preacher Curl (turned Torso),Dumbbell Preacher Curl (Turned Torso),,MANUAL,Upper-Arms,MVP_CANDIDATE,Resistance/strength candidate,Dumbbell,source,팔,source,이두근,,name_high,weight_reps,equipment,weight_reps,,1,1,0,MANUAL_QA_REQUIRED
gvs_426e38b90daedf45,gvc_69c8bacce0d1,Dumbbell Preacher Curl Over Exercise Ball,Dumbbell Preacher Curl Over Exercise Ball,,MANUAL,Upper-Arms,MVP_CANDIDATE,Resistance/strength candidate,Dumbbell,source,팔,source,이두근,,name_high,weight_reps,equipment,weight_reps,,2,1,1,MANUAL_QA_REQUIRED
gvs_3eca3bc3d46081db,gvc_dfb7d8f77488,Dumbbell Preacher Swing Curl,Dumbbell Preacher Swing Curl,,MANUAL,Upper-Arms,MVP_CANDIDATE,Resistance/strength candidate,Dumbbell,source,팔,source,,,unsupported,weight_reps,equipment,weight_reps,,1,1,0,MANUAL_QA_REQUIRED
gvs_abcf7113dd24131b,gvc_00800ef05348,Dumbbell Press Squat Thighs,Dumbbell Press Squat Thighs,,MANUAL,Chest,MVP_CANDIDATE,Resistance/strength candidate,Dumbbell,source,가슴,source,대퇴사두근,둔근,name_high,weight_reps,equipment,weight_reps,BODY_MUSCLE_FAMILY_CONFLICT,1,1,0,MANUAL_QA_REQUIRED
gvs_d4e4599c50b8580e,gvc_876008e54e00,Dumbbell Pronate Grip Triceps Extension,Dumbbell Pronate Grip Triceps Extension,,MANUAL,Upper-Arms,MVP_CANDIDATE,Resistance/strength candidate,Dumbbell,source,팔,source,삼두근,,name_high,weight_reps,equipment,weight_reps,,2,1,1,MANUAL_QA_REQUIRED
gvs_d861b82aa1505878,gvc_20b87052191a,Dumbbell Pronated To Neutral Grip Row,Dumbbell Pronated To Neutral Grip Row,,MANUAL,Back,MVP_CANDIDATE,Resistance/strength candidate,Dumbbell,source,등,source,등 상부 / 광배근,이두근,name_high,weight_reps,equipment,weight_reps,,1,0,1,MANUAL_QA_REQUIRED
gvs_41aa225a226cdb58,gvc_099bd9d14cfa,Dumbbell Prone Alternate Hammer Curl,Dumbbell Prone Alternate Hammer Curl,,MANUAL,Forearms,MVP_CANDIDATE,Resistance/strength candidate,Dumbbell,source,팔,source,이두근,,name_high,weight_reps,equipment,weight_reps,,1,1,0,MANUAL_QA_REQUIRED
gvs_fd73cca8ce196436,gvc_4e08f4bd1237,Dumbbell Prone Full Can Exercise,Dumbbell Prone Full Can Exercise,,MANUAL,Shoulders,MVP_CANDIDATE,Resistance/strength candidate,Dumbbell,source,어깨,source,,,unsupported,weight_reps,equipment,weight_reps,,1,1,0,MANUAL_QA_REQUIRED
gvs_0019ebf301dea16b,gvc_e9e97d07abd4,Dumbbell Prone Incline Curl,Dumbbell Prone Incline Curl,,MANUAL,Upper-Arms,MVP_CANDIDATE,Resistance/strength candidate,Dumbbell,source,팔,source,,,unsupported,weight_reps,equipment,weight_reps,,2,1,1,MANUAL_QA_REQUIRED
gvs_5b5e06dc4475f7c2,gvc_5f90c6dcfb84,Dumbbell Prone Incline Hammer Curl,Dumbbell Prone Incline Hammer Curl,,MANUAL,Upper-Arms,MVP_CANDIDATE,Resistance/strength candidate,Dumbbell,source,팔,source,이두근,,name_high,weight_reps,equipment,weight_reps,,2,1,1,MANUAL_QA_REQUIRED
gvs_2f2b0bd7b74b8867,gvc_5ffcf6819dc8,Dumbbell Prone Incline Twist Curl,Dumbbell Prone Incline Twist Curl,,MANUAL,Upper-Arms,MVP_CANDIDATE,Resistance/strength candidate,Dumbbell,source,팔,source,,,unsupported,weight_reps,equipment,weight_reps,,1,1,0,MANUAL_QA_REQUIRED
gvs_6110daf3ba04378b,gvc_6394fbfbd2c2,Dumbbell Prone Rear Delt Swing,Dumbbell Prone Rear Delt Swing,,MANUAL,Shoulders,MVP_CANDIDATE,Resistance/strength candidate,Dumbbell,source,어깨,source,후면 삼각근,,name_high,weight_reps,equipment,weight_reps,,1,1,0,MANUAL_QA_REQUIRED
gvs_5881db6d42569e19,gvc_5d3ad875f365,Dumbbell Prone Triceps Kickback,Dumbbell Prone Triceps Kickback,,MANUAL,Upper-Arms,MVP_CANDIDATE,Resistance/strength candidate,Dumbbell,source,팔,source,삼두근,,name_high,weight_reps,equipment,weight_reps,,1,1,0,MANUAL_QA_REQUIRED
gvs_2258703d673120cd,gvc_2e192e4bd7a1,Dumbbell Prone W Raise,Dumbbell Prone W Raise,,MANUAL,Shoulders,MVP_CANDIDATE,Resistance/strength candidate,Dumbbell,source,어깨,source,,,unsupported,weight_reps,equipment,weight_reps,,1,1,0,MANUAL_QA_REQUIRED
gvs_99ba93d37972af43,gvc_39ebb5860b63;gvc_c01454dc02fa,Dumbbell Pullover | Dumbbell Pullover (version 2),Dumbbell Pullover,,MANUAL,Chest;Back,MVP_CANDIDATE,Resistance/strength candidate,Dumbbell,source,,conflict,,,unsupported,weight_reps,equipment,weight_reps,BODY_SOURCE_CONFLICT,3,2,1,MANUAL_QA_REQUIRED
gvs_6365132182a1265d,gvc_7b3888b9fde1,Dumbbell Pullover Hip Extension On Exercise Ball C,Dumbbell Pullover Hip Extension On Exercise Ball C,,MANUAL,,MVP_CANDIDATE,Resistance/strength candidate,Dumbbell,source,,unknown,,,unsupported,weight_reps,equipment,weight_reps,,1,1,0,MANUAL_QA_REQUIRED
gvs_37384f87fb15e557,gvc_0dddcd42e5a5,Dumbbell Pullover On Exercise Ball,Dumbbell Pullover On Exercise Ball,,MANUAL,Chest,MVP_CANDIDATE,Resistance/strength candidate,Dumbbell,source,가슴,source,,,unsupported,weight_reps,equipment,weight_reps,,2,1,1,MANUAL_QA_REQUIRED
gvs_002b8e65cc28e8fd,gvc_8c0e501cd408,Dumbbell Pullover On Floor,Dumbbell Pullover On Floor,,MANUAL,Back,MVP_CANDIDATE,Resistance/strength candidate,Dumbbell,source,등,source,,,unsupported,weight_reps,equipment,weight_reps,,1,1,0,MANUAL_QA_REQUIRED
gvs_ddb928136c8a560b,gvc_aa2db23e693e,Dumbbell Push Jerk,Dumbbell Push Jerk,,MANUAL,Weightlifting,MVP_CANDIDATE,Resistance/strength candidate,Dumbbell,source,,unknown,,,unsupported,weight_reps,equipment,weight_reps,,1,1,0,MANUAL_QA_REQUIRED
gvs_bcd879a620e3ab8c,gvc_985476d00f89,Dumbbell Push Press,Dumbbell Push Press,덤벨 푸시 프레스,AUTO_PHRASE_DRAFT,Shoulders,MVP_CANDIDATE,Resistance/strength candidate,Dumbbell,source,어깨,source,,,unsupported,weight_reps,equipment,weight_reps,,1,1,0,AUTO_DRAFT_COMPLETE
gvs_a6e2020363b7827b,gvc_1e119e7c07a3,Dumbbell Rear Delt Fly,Dumbbell Rear Delt Fly,,MANUAL,Shoulders,MVP_CANDIDATE,Resistance/strength candidate,Dumbbell,source,어깨,source,후면 삼각근,,name_high,weight_reps,equipment,weight_reps,,1,0,1,MANUAL_QA_REQUIRED
gvs_b7ffd5c1f11c9f89,gvc_d0ae50562472,Dumbbell Rear Delt Raise,Dumbbell Rear Delt Raise,덤벨 리어 델트 레이즈,AUTO_PHRASE_DRAFT,Shoulders,MVP_CANDIDATE,Resistance/strength candidate,Dumbbell,source,어깨,source,후면 삼각근,,name_high,weight_reps,equipment,weight_reps,,2,1,1,AUTO_DRAFT_COMPLETE
gvs_d64231e33ea2860b,gvc_cb5fd87c69d0,Dumbbell Rear Delt Row,Dumbbell Rear Delt Row,,MANUAL,Back;Shoulders,MVP_CANDIDATE,Resistance/strength candidate,Dumbbell,source,,conflict,후면 삼각근,,name_high,weight_reps,equipment,weight_reps,BODY_SOURCE_CONFLICT,2,1,1,MANUAL_QA_REQUIRED
gvs_20205237abb1cd97,gvc_da8f2a1519e8,Dumbbell Rear Fly,Dumbbell Rear Fly,,MANUAL,Shoulders,MVP_CANDIDATE,Resistance/strength candidate,Dumbbell,source,어깨,source,,,unsupported,weight_reps,equipment,weight_reps,,2,1,1,MANUAL_QA_REQUIRED
gvs_f8c807f08b623bea,gvc_9f126c92f927,Dumbbell Rear Lateral Raise,Dumbbell Rear Lateral Raise,덤벨 리어 레터럴 레이즈,AUTO_PHRASE_DRAFT,Shoulders,MVP_CANDIDATE,Resistance/strength candidate,Dumbbell,source,어깨,source,후면 삼각근,,name_high,weight_reps,equipment,weight_reps,,1,1,0,AUTO_DRAFT_COMPLETE
gvs_becb6f0092894732,gvc_3932cefbd76d,Dumbbell Rear Lateral Raise (support Head),Dumbbell Rear Lateral Raise (Support Head),,MANUAL,Shoulders,MVP_CANDIDATE,Resistance/strength candidate,Dumbbell,source,어깨,source,후면 삼각근,,name_high,weight_reps,equipment,weight_reps,,1,1,0,MANUAL_QA_REQUIRED
gvs_7a7c9c5de114fce1,gvc_7a373ebcbdf2,Dumbbell Renegade Row,Dumbbell Renegade Row,,MANUAL,Back,MVP_CANDIDATE,Resistance/strength candidate,Dumbbell,source,등,source,등 상부 / 광배근,이두근,name_high,weight_reps,equipment,weight_reps,,3,2,1,MANUAL_QA_REQUIRED
gvs_cbc28756939a7064,gvc_3fcc472b5ad0,Dumbbell Renegade Row On Stability Ball,Dumbbell Renegade Row On Stability Ball,,MANUAL,Waist,MVP_CANDIDATE,Resistance/strength candidate,Dumbbell,source,코어,source,등 상부 / 광배근,이두근,name_high,weight_reps,equipment,weight_reps,BODY_MUSCLE_FAMILY_CONFLICT,1,1,0,MANUAL_QA_REQUIRED
gvs_8a96b597146f5977,gvc_b0ee0bac53de,Dumbbell Renegade Row Walk,Dumbbell Renegade Row Walk,,MANUAL,Waist,MVP_CANDIDATE,Resistance/strength candidate,Dumbbell,source,코어,source,등 상부 / 광배근,이두근,name_high,weight_reps,equipment,weight_reps,BODY_MUSCLE_FAMILY_CONFLICT,1,1,0,MANUAL_QA_REQUIRED
gvs_d2ba0c3dbba813e5,gvc_3b939089a0d3,Dumbbell Reverse Bench Press,Dumbbell Reverse Bench Press,덤벨 리버스 벤치프레스,AUTO_PHRASE_DRAFT,Chest,MVP_CANDIDATE,Resistance/strength candidate,Dumbbell,source,가슴,source,대흉근,삼두근 / 전면 삼각근,name_high,weight_reps,equipment,weight_reps,,1,1,0,AUTO_DRAFT_COMPLETE
gvs_7a720106b8132bf0,gvc_0d17f0d53e54,Dumbbell Reverse Fly,Dumbbell Reverse Fly,덤벨 리버스 플라이,AUTO_PHRASE_DRAFT,Shoulders,MVP_CANDIDATE,Resistance/strength candidate,Dumbbell,source,어깨,source,후면 삼각근,,name_high,weight_reps,equipment,weight_reps,,1,1,0,AUTO_DRAFT_COMPLETE
gvs_2cfa0141458c5f61,gvc_05def1a9ec3e;gvc_a901b48019c9,Dumbbell Revers Grip Biceps Curl | Dumbbell Reverse Grip Biceps Curl,Dumbbell Reverse Grip Biceps Curl,덤벨 리버스 그립 바이셉 컬,AUTO_PHRASE_DRAFT,Forearms,MVP_CANDIDATE,Resistance/strength candidate,Dumbbell,source,팔,source,이두근,,name_high,weight_reps,equipment,weight_reps,,2,1,1,AUTO_DRAFT_COMPLETE
gvs_cbdac79b4406039b,gvc_d8e098e59828,Dumbbell Reverse Grip Incline Row,Dumbbell Reverse Grip Incline Row,덤벨 리버스 그립 인클라인 로우,AUTO_PHRASE_DRAFT,Back,MVP_CANDIDATE,Resistance/strength candidate,Dumbbell,source,등,source,등 상부 / 광배근,이두근,name_high,weight_reps,equipment,weight_reps,,1,0,1,AUTO_DRAFT_COMPLETE
gvs_445c23a1306037b9,gvc_923aa9a84445,Dumbbell Reverse Grip Row,Dumbbell Reverse Grip Row,덤벨 리버스 그립 로우,AUTO_PHRASE_DRAFT,Back,MVP_CANDIDATE,Resistance/strength candidate,Dumbbell,source,등,source,등 상부 / 광배근,이두근,name_high,weight_reps,equipment,weight_reps,,1,0,1,AUTO_DRAFT_COMPLETE
gvs_c378bdb565bf2b21,gvc_fe01168c5daa,Dumbbell Reverse Hyperextension On Bench,Dumbbell Reverse Hyperextension On Bench,,MANUAL,Hips,MVP_CANDIDATE,Resistance/strength candidate,Dumbbell,source,하체,source,,,unsupported,weight_reps,equipment,weight_reps,,1,1,0,MANUAL_QA_REQUIRED
gvs_5b7d8d8c0d823962,gvc_4c1be7d98aec,Dumbbell Rear Lunge,Dumbbell Reverse Lunge,덤벨 리버스 런지,AUTO_PHRASE_DRAFT,Thighs,MVP_CANDIDATE,Resistance/strength candidate,Dumbbell,source,하체,source,대퇴사두근,둔근,name_high,weight_reps,equipment,weight_reps,,2,1,1,AUTO_DRAFT_COMPLETE
gvs_4a5a7103649c0cb3,gvc_4bb292e0c0e5,Dumbbell Reverse Lunge From Deficit,Dumbbell Reverse Lunge From Deficit,,MANUAL,Thighs,MVP_CANDIDATE,Resistance/strength candidate,Dumbbell,source,하체,source,대퇴사두근,둔근,name_high,weight_reps,equipment,weight_reps,,1,1,0,MANUAL_QA_REQUIRED
gvs_29170c406c1b742a,gvc_3a38dced8ae1,Dumbbell Rear Lunge From Step,Dumbbell Reverse Lunge From Step,,MANUAL,Thighs,MVP_CANDIDATE,Resistance/strength candidate,Dumbbell,source,하체,source,대퇴사두근,둔근,name_high,weight_reps,equipment,weight_reps,,1,0,1,MANUAL_QA_REQUIRED
gvs_cfdeb1c4bb7362ba,gvc_0094af3fde20,Dumbbell Reverse Preacher Curl,Dumbbell Reverse Preacher Curl,덤벨 리버스 프리처 컬,AUTO_PHRASE_DRAFT,Forearms,MVP_CANDIDATE,Resistance/strength candidate,Dumbbell,source,팔,source,이두근,,name_high,weight_reps,equipment,weight_reps,,1,1,0,AUTO_DRAFT_COMPLETE
gvs_73129ab495564e5e,gvc_43e8ecc22960,Dumbbell Reverse Press On Floor,Dumbbell Reverse Press On Floor,,MANUAL,Chest,MVP_CANDIDATE,Resistance/strength candidate,Dumbbell,source,가슴,source,,,unsupported,weight_reps,equipment,weight_reps,,1,1,0,MANUAL_QA_REQUIRED
gvs_c02d501d736a5229,gvc_83750dcac0ba,Dumbbell Reverse Push Up,Dumbbell Reverse Push Up,덤벨 리버스 푸시업,AUTO_PHRASE_DRAFT,Upper-Arms,MVP_CANDIDATE,Resistance/strength candidate,Dumbbell,source,팔,source,,,unsupported,weight_reps,equipment,weight_reps,,1,1,0,AUTO_DRAFT_COMPLETE
gvs_0d8522b5d79805ad,gvc_ac6c2c46b2ed,Dumbbell Reverse Spider Curl,Dumbbell Reverse Spider Curl,,MANUAL,Upper-Arms,MVP_CANDIDATE,Resistance/strength candidate,Dumbbell,source,팔,source,,,unsupported,weight_reps,equipment,weight_reps,,1,1,0,MANUAL_QA_REQUIRED
gvs_c6e750ed0c0eecd1,gvc_011929a80de1,Dumbbell Reverse Wrist Curl,Dumbbell Reverse Wrist Curl,덤벨 리버스 리스트 컬,AUTO_PHRASE_DRAFT,Forearms,MVP_CANDIDATE,Resistance/strength candidate,Dumbbell,source,팔,source,,,unsupported,weight_reps,equipment,weight_reps,,1,1,0,AUTO_DRAFT_COMPLETE
gvs_9a9a349ee2193330,gvc_0936c03e3f13,Dumbbell Rollout,Dumbbell Rollout,,MANUAL,Waist,MVP_CANDIDATE,Resistance/strength candidate,Dumbbell,source,코어,source,,,unsupported,weight_reps,equipment,weight_reps,,1,1,0,MANUAL_QA_REQUIRED
gvs_cc132d60add0bf2a,gvc_8f362a6bc333,Dumbbell Romanian Deadlift,Dumbbell Romanian Deadlift,덤벨 루마니안 데드리프트,AUTO_PHRASE_DRAFT,Hips,MVP_CANDIDATE,Resistance/strength candidate,Dumbbell,source,하체,source,둔근 / 햄스트링,코어,name_high,weight_reps,equipment,weight_reps,,2,1,1,AUTO_DRAFT_COMPLETE
gvs_a66269dc79ed220a,gvc_828e7ada36b1,Dumbbell Romanian Deadlift To Bent Over Row,Dumbbell Romanian Deadlift To Bent Over Row,,MANUAL,Hips,MVP_CANDIDATE,Resistance/strength candidate,Dumbbell,source,하체,source,둔근 / 햄스트링,코어,name_high,weight_reps,equipment,weight_reps,,1,1,0,MANUAL_QA_REQUIRED
gvs_15482941a9211b09,gvc_5a4ab85d440c,Dumbbell Romanian Deadlift To Squat,Dumbbell Romanian Deadlift To Squat,,MANUAL,Thighs,MVP_CANDIDATE,Resistance/strength candidate,Dumbbell,source,하체,source,둔근 / 햄스트링,코어,name_high,weight_reps,equipment,weight_reps,,1,1,0,MANUAL_QA_REQUIRED
gvs_81df8d1cb8bc5086,gvc_777b73920765,Dumbbell Russian Twist,Dumbbell Russian Twist,덤벨 러시안 트위스트,AUTO_PHRASE_DRAFT,Waist,MVP_CANDIDATE,Resistance/strength candidate,Dumbbell,source,코어,source,복사근,코어,name_high,weight_reps,equipment,weight_reps,,1,1,0,AUTO_DRAFT_COMPLETE
gvs_cbd9b0e44645ef4a,gvc_fb0552b7a152,Dumbbell Russian Twist Boat Row,Dumbbell Russian Twist Boat Row,,MANUAL,Waist,MVP_CANDIDATE,Resistance/strength candidate,Dumbbell,source,코어,source,등 상부 / 광배근,이두근,name_high,weight_reps,equipment,weight_reps,BODY_MUSCLE_FAMILY_CONFLICT,1,1,0,MANUAL_QA_REQUIRED
gvs_7bf3e18d16802091,gvc_9ac67ed798ec,Dumbbell Russian Twist To Single Arm Press,Dumbbell Russian Twist To Single Arm Press,,MANUAL,Waist,MVP_CANDIDATE,Resistance/strength candidate,Dumbbell,source,코어,source,복사근,코어,name_high,weight_reps,equipment,weight_reps,,1,1,0,MANUAL_QA_REQUIRED
gvs_ce81a2dc776ad416,gvc_bc7020e849e9,Dumbbell Russian Twist With Legs Floor Off,Dumbbell Russian Twist With Legs Floor Off,,MANUAL,Waist,MVP_CANDIDATE,Resistance/strength candidate,Dumbbell,source,코어,source,복사근,코어,name_high,weight_reps,equipment,weight_reps,,1,1,0,MANUAL_QA_REQUIRED
gvs_8f3e5c187857f5a2,gvc_472fbdc1a0ac,Dumbbell Russian Twist With Legs Floor Off (versio,Dumbbell Russian Twist With Legs Floor Off (Versio,,MANUAL,,MVP_CANDIDATE,Resistance/strength candidate,Dumbbell,source,코어,name,복사근,코어,name_high,weight_reps,equipment,weight_reps,,2,1,1,MANUAL_QA_REQUIRED
gvs_152feeded3d99304,gvc_60e28e329a25,Dumbbell Scott Press,Dumbbell Scott Press,,MANUAL,Shoulders,MVP_CANDIDATE,Resistance/strength candidate,Dumbbell,source,어깨,source,,,unsupported,weight_reps,equipment,weight_reps,,1,1,0,MANUAL_QA_REQUIRED
gvs_1a863db536a515f9,gvc_dc5913929ca6,Dumbbell Scott Press Shoulders 360 Degrees,Dumbbell Scott Press Shoulders 360 Degrees,,MANUAL,,MVP_CANDIDATE,Resistance/strength candidate,Dumbbell,source,,unknown,,,unsupported,weight_reps,equipment,weight_reps,,1,1,0,MANUAL_QA_REQUIRED
gvs_ab6640defd51e494,gvc_97e56e36d8c3,Dumbbell Seated Alternate Biceps Curl,Dumbbell Seated Alternate Biceps Curl,덤벨 시티드 얼터네이트 바이셉 컬,AUTO_PHRASE_DRAFT,Upper-Arms,MVP_CANDIDATE,Resistance/strength candidate,Dumbbell,source,팔,source,이두근,,name_high,weight_reps,equipment,weight_reps,,1,0,1,AUTO_DRAFT_COMPLETE
gvs_e150e0908766ab0a,gvc_6b696dd862c2,Dumbbell Seated Alternate Front Raise,Dumbbell Seated Alternate Front Raise,덤벨 시티드 얼터네이트 프론트 레이즈,AUTO_PHRASE_DRAFT,Shoulders,MVP_CANDIDATE,Resistance/strength candidate,Dumbbell,source,어깨,source,전면 삼각근,,name_high,weight_reps,equipment,weight_reps,,1,1,0,AUTO_DRAFT_COMPLETE
gvs_58b9b014fe43fa1e,gvc_305d04f80244,Dumbbell Seated Alternate Overhead Triceps Extensi,Dumbbell Seated Alternate Overhead Triceps Extensi,,MANUAL,,MVP_CANDIDATE,Resistance/strength candidate,Dumbbell,source,팔,name,,,unsupported,weight_reps,equipment,weight_reps,,1,1,0,MANUAL_QA_REQUIRED
gvs_c4cf634f6cde7d2f,gvc_ec3584e33ae8,Dumbbell Seated Alternate Press,Dumbbell Seated Alternate Press,,MANUAL,Shoulders,MVP_CANDIDATE,Resistance/strength candidate,Dumbbell,source,어깨,source,,,unsupported,weight_reps,equipment,weight_reps,,1,1,0,MANUAL_QA_REQUIRED
gvs_ddffcd0fc993127f,gvc_b3a0a2e0a192,Dumbbell Seated Alternate Shoulder Press,Dumbbell Seated Alternate Shoulder Press,덤벨 시티드 얼터네이트 숄더 프레스,AUTO_PHRASE_DRAFT,Shoulders,MVP_CANDIDATE,Resistance/strength candidate,Dumbbell,source,어깨,source,삼각근,삼두근,name_high,weight_reps,equipment,weight_reps,,1,1,0,AUTO_DRAFT_COMPLETE
gvs_bd48a5b59ac6a715,gvc_0f561af12add,Dumbbell Seated Bench Extension,Dumbbell Seated Bench Extension,,MANUAL,Upper-Arms,MVP_CANDIDATE,Resistance/strength candidate,Dumbbell,source,팔,source,,,unsupported,weight_reps,equipment,weight_reps,,1,1,0,MANUAL_QA_REQUIRED
gvs_df484bd635de906c,gvc_3c58ae8741ab,Dumbbell Seated Bent Arm Lateral Raise,Dumbbell Seated Bent Arm Lateral Raise,,MANUAL,Shoulders,MVP_CANDIDATE,Resistance/strength candidate,Dumbbell,source,어깨,source,측면 삼각근,,name_high,weight_reps,equipment,weight_reps,,2,1,1,MANUAL_QA_REQUIRED
gvs_b8222761c33cd9f5,gvc_6fd87b45b50d,Dumbbell Seated Calf Raise,Dumbbell Seated Calf Raise,덤벨 시티드 카프 레이즈,AUTO_PHRASE_DRAFT,Calves,MVP_CANDIDATE,Resistance/strength candidate,Dumbbell,source,하체,source,종아리,,name_high,weight_reps,equipment,weight_reps,,2,1,1,AUTO_DRAFT_COMPLETE
gvs_04862b66d015bac8,gvc_9047df33ef7d,Dumbbell Seated Close Grip Press,Dumbbell Seated Close Grip Press,,MANUAL,Shoulders,MVP_CANDIDATE,Resistance/strength candidate,Dumbbell,source,어깨,source,,,unsupported,weight_reps,equipment,weight_reps,,1,1,0,MANUAL_QA_REQUIRED
gvs_05e95447e13f7e67,gvc_230be3e0a4d0,Dumbbell Seated Curl,Dumbbell Seated Curl,,MANUAL,Upper-Arms,MVP_CANDIDATE,Resistance/strength candidate,Dumbbell,source,팔,source,,,unsupported,weight_reps,equipment,weight_reps,,2,1,1,MANUAL_QA_REQUIRED
gvs_1efd7dc4e298cd96,gvc_c37962a2aeb1,Dumbbell Seated Double Concentration Curl,Dumbbell Seated Double Concentration Curl,,MANUAL,Upper-Arms,MVP_CANDIDATE,Resistance/strength candidate,Dumbbell,source,팔,source,이두근,,name_high,weight_reps,equipment,weight_reps,,1,1,0,MANUAL_QA_REQUIRED
gvs_ed763b665d75607c,gvc_8d24b082d622,Dumbbell Seated Drag Curl,Dumbbell Seated Drag Curl,,MANUAL,Upper-Arms,MVP_CANDIDATE,Resistance/strength candidate,Dumbbell,source,팔,source,,,unsupported,weight_reps,equipment,weight_reps,,1,1,0,MANUAL_QA_REQUIRED
gvs_1fcbed1b718f3743,gvc_019ad9d5cc7c,Dumbbell Seated External Rotation,Dumbbell Seated External Rotation,,MANUAL,Shoulders,MVP_CANDIDATE,Resistance/strength candidate,Dumbbell,source,어깨,source,,,unsupported,weight_reps,equipment,weight_reps,,1,1,0,MANUAL_QA_REQUIRED
gvs_e739e4e52ed575d1,gvc_910b590fe103,Dumbbell Seated Front Raise,Dumbbell Seated Front Raise,덤벨 시티드 프론트 레이즈,AUTO_PHRASE_DRAFT,Shoulders,MVP_CANDIDATE,Resistance/strength candidate,Dumbbell,source,어깨,source,전면 삼각근,,name_high,weight_reps,equipment,weight_reps,,2,1,1,AUTO_DRAFT_COMPLETE
gvs_448ca83f03cf75d7,gvc_73755e8b912e,Dumbbell Sitting Good Morning,Dumbbell Seated Good Morning,덤벨 시티드 굿모닝,AUTO_PHRASE_DRAFT,Hips,MVP_CANDIDATE,Resistance/strength candidate,Dumbbell,source,하체,source,,,unsupported,weight_reps,equipment,weight_reps,,1,1,0,AUTO_DRAFT_COMPLETE
gvs_bd7dad91769b4e3d,gvc_65e2353fc311,Dumbbell Seated Hammer Curl,Dumbbell Seated Hammer Curl,덤벨 시티드 해머 컬,AUTO_PHRASE_DRAFT,Upper-Arms,MVP_CANDIDATE,Resistance/strength candidate,Dumbbell,source,팔,source,이두근,,name_high,weight_reps,equipment,weight_reps,,2,1,1,AUTO_DRAFT_COMPLETE
gvs_17905ac1918e2cad,gvc_d0027cbb2ab4,Dumbbell Seated Kickback,Dumbbell Seated Kickback,덤벨 시티드 킥백,AUTO_PHRASE_DRAFT,Upper-Arms,MVP_CANDIDATE,Resistance/strength candidate,Dumbbell,source,팔,source,,,unsupported,weight_reps,equipment,weight_reps,,2,1,1,AUTO_DRAFT_COMPLETE
gvs_2ae70ce498599106,gvc_e2664a93832c,Dumbbell Seated Lateral Raise,Dumbbell Seated Lateral Raise,덤벨 시티드 레터럴 레이즈,AUTO_PHRASE_DRAFT,Shoulders,MVP_CANDIDATE,Resistance/strength candidate,Dumbbell,source,어깨,source,측면 삼각근,,name_high,weight_reps,equipment,weight_reps,,4,2,2,AUTO_DRAFT_COMPLETE
gvs_00646d23c01ef2f3,gvc_12656ae7d7f3,Dumbbell Sitting Leg Extension,Dumbbell Seated Leg Extension,덤벨 시티드 레그 익스텐션,AUTO_PHRASE_DRAFT,Thighs,MVP_CANDIDATE,Resistance/strength candidate,Dumbbell,source,하체,source,대퇴사두근,,name_high,weight_reps,equipment,weight_reps,,1,1,0,AUTO_DRAFT_COMPLETE
gvs_6ae4ffa3bd828603,gvc_eac7fd28beca,Dumbbell Seated Military Press In Out Leg Raise On Floor,Dumbbell Seated Military Press In Out Leg Raise On Floor,,MANUAL,Waist,MVP_CANDIDATE,Resistance/strength candidate,Dumbbell,source,코어,source,삼각근,삼두근,name_high,weight_reps,equipment,weight_reps,BODY_MUSCLE_FAMILY_CONFLICT,1,1,0,MANUAL_QA_REQUIRED
gvs_bf528dfe14040244,gvc_6d592d439ab9,Dumbbell Seated Neutral Wrist Curl,Dumbbell Seated Neutral Wrist Curl,,MANUAL,Forearms,MVP_CANDIDATE,Resistance/strength candidate,Dumbbell,source,팔,source,,,unsupported,weight_reps,equipment,weight_reps,,2,1,1,MANUAL_QA_REQUIRED
gvs_1aaf8f9b291a657b,gvc_deeee247630c,Dumbbell Seated Palms Up Wrist Curl,Dumbbell Seated Palms Up Wrist Curl,,MANUAL,Forearms,MVP_CANDIDATE,Resistance/strength candidate,Dumbbell,source,팔,source,,,unsupported,weight_reps,equipment,weight_reps,,1,0,1,MANUAL_QA_REQUIRED
gvs_7e3e8b962131bdcc,gvc_12e87792a7a6,Dumbbell Seated Preacher Curl,Dumbbell Seated Preacher Curl,덤벨 시티드 프리처 컬,AUTO_PHRASE_DRAFT,Upper-Arms,MVP_CANDIDATE,Resistance/strength candidate,Dumbbell,source,팔,source,이두근,,name_high,weight_reps,equipment,weight_reps,,1,1,0,AUTO_DRAFT_COMPLETE
gvs_5912f79122de91a9,gvc_1f109d45c0d8,Dumbbell Seated Reverse Arnold Press,Dumbbell Seated Reverse Arnold Press,덤벨 시티드 리버스 아놀드 프레스,AUTO_PHRASE_DRAFT,Shoulders,MVP_CANDIDATE,Resistance/strength candidate,Dumbbell,source,어깨,source,,,unsupported,weight_reps,equipment,weight_reps,,1,1,0,AUTO_DRAFT_COMPLETE
gvs_c16119216d6d4819,gvc_da2d81113369,Dumbbell Seated Revers Grip Concentration Curl,Dumbbell Seated Reverse Grip Concentration Curl,덤벨 시티드 리버스 그립 컨센트레이션 컬,AUTO_PHRASE_DRAFT,Forearms,MVP_CANDIDATE,Resistance/strength candidate,Dumbbell,source,팔,source,이두근,,name_high,weight_reps,equipment,weight_reps,,1,1,0,AUTO_DRAFT_COMPLETE
gvs_01b9bddb4a24ee3b,gvc_b96dcad918bf,Dumbbell Seated Shoulder Press,Dumbbell Seated Shoulder Press,덤벨 시티드 숄더 프레스,AUTO_PHRASE_DRAFT,Shoulders,MVP_CANDIDATE,Resistance/strength candidate,Dumbbell,source,어깨,source,삼각근,삼두근,name_high,weight_reps,equipment,weight_reps,,2,1,1,AUTO_DRAFT_COMPLETE
gvs_7238d520bffd277a,gvc_7cd59e20a464,Dumbbell Seated Shoulder Press (parallel Grip),Dumbbell Seated Shoulder Press (Parallel Grip),,MANUAL,Shoulders,MVP_CANDIDATE,Resistance/strength candidate,Dumbbell,source,어깨,source,삼각근,삼두근,name_high,weight_reps,equipment,weight_reps,,1,1,0,MANUAL_QA_REQUIRED
gvs_5c7a7db16cd70241,gvc_7c80fece0729,Dumbbell Seated Side Bend,Dumbbell Seated Side Bend,,MANUAL,Waist,MVP_CANDIDATE,Resistance/strength candidate,Dumbbell,source,코어,source,복사근,코어,name_high,weight_reps,equipment,weight_reps,,1,1,0,MANUAL_QA_REQUIRED
gvs_1887b74733605547,gvc_eba10535aa94,Dumbbell Seated Single Arm Front Raise,Dumbbell Seated Single Arm Front Raise,덤벨 시티드 원암 프론트 레이즈,AUTO_PHRASE_DRAFT,Shoulders,MVP_CANDIDATE,Resistance/strength candidate,Dumbbell,source,어깨,source,전면 삼각근,,name_high,weight_reps,equipment,weight_reps,,1,1,0,AUTO_DRAFT_COMPLETE
gvs_1be87219e6d53c79,gvc_174c5f5c7086,Dumbbell Seated Single Arm Overhead Triceps Extens,Dumbbell Seated Single Arm Overhead Triceps Extens,,MANUAL,,MVP_CANDIDATE,Resistance/strength candidate,Dumbbell,source,팔,name,,,unsupported,weight_reps,equipment,weight_reps,,2,2,0,MANUAL_QA_REQUIRED
gvs_36b37ea86f901d86,gvc_2fb5b7fdfede,Dumbbell Seated One Leg Calf Raise Hammer Grip C,Dumbbell Seated Single Leg Calf Raise Hammer Grip C,,MANUAL,,MVP_CANDIDATE,Resistance/strength candidate,Dumbbell,source,하체,name,종아리,,name_high,weight_reps,equipment,weight_reps,,1,1,0,MANUAL_QA_REQUIRED
gvs_c56e7eecc4b42fe8,gvc_a45dc3b6db92;gvc_ed9cd9841ece,Dumbbell Seated Triceps Extension | Dumbbell Seated Triceps Extension (version 2),Dumbbell Seated Triceps Extension,덤벨 시티드 트라이셉 익스텐션,AUTO_PHRASE_DRAFT,Upper-Arms,MVP_CANDIDATE,Resistance/strength candidate,Dumbbell,source,팔,source,삼두근,,name_high,weight_reps,equipment,weight_reps,,3,1,2,AUTO_DRAFT_COMPLETE
gvs_ce825ae2d13e4854,gvc_e046fc208d86,Dumbbells Seated Triceps Extension,Dumbbell Seated Triceps Extension,덤벨 시티드 트라이셉 익스텐션,AUTO_PHRASE_DRAFT,Upper-Arms,MVP_CANDIDATE,Resistance/strength candidate,Dumbbell,name,팔,source,삼두근,,name_high,weight_reps,equipment,,,1,1,0,AUTO_DRAFT_COMPLETE
gvs_41b9e157bf00b717,gvc_a48e8e009915,Dumbbell Seated W Press,Dumbbell Seated W Press,,MANUAL,Shoulders,MVP_CANDIDATE,Resistance/strength candidate,Dumbbell,source,어깨,source,,,unsupported,weight_reps,equipment,weight_reps,,1,1,0,MANUAL_QA_REQUIRED
gvs_3e03adfc984e1776,gvc_40de8a8748da,Dumbbell Shoulder External Rotation In Support (fe,Dumbbell Shoulder External Rotation In Support,,MANUAL,,MVP_CANDIDATE,Resistance/strength candidate,Dumbbell,source,어깨,name,,,unsupported,weight_reps,equipment,weight_reps,,1,0,1,MANUAL_QA_REQUIRED
gvs_3e817e9565a6c8d5,gvc_eaa26ba13566,Dumbbell Shoulder Internal Rotation At 90 Abductio,Dumbbell Shoulder Internal Rotation At 90 Abductio,,MANUAL,,MVP_CANDIDATE,Resistance/strength candidate,Dumbbell,source,어깨,name,,,unsupported,weight_reps,equipment,weight_reps,,1,1,0,MANUAL_QA_REQUIRED
gvs_d8f55fcf30cb1e8f,gvc_1dab93081d9a,Dumbbell Shrug,Dumbbell Shrug,덤벨 슈러그,AUTO_PHRASE_DRAFT,Back,MVP_CANDIDATE,Resistance/strength candidate,Dumbbell,source,등,source,,,unsupported,weight_reps,equipment,weight_reps,,2,1,1,AUTO_DRAFT_COMPLETE
gvs_794184fabb824258,gvc_fdefac774c73,Dumbbell Side Bend,Dumbbell Side Bend,,MANUAL,Waist,MVP_CANDIDATE,Resistance/strength candidate,Dumbbell,source,코어,source,복사근,코어,name_high,weight_reps,equipment,weight_reps,,2,1,1,MANUAL_QA_REQUIRED
gvs_c8742cc56a910131,gvc_7f28663ff45b,Dumbbell Side Bridge,Dumbbell Side Bridge,,MANUAL,Hips,MVP_CANDIDATE,Resistance/strength candidate,Dumbbell,source,하체,source,,,unsupported,weight_reps,equipment,weight_reps,,1,1,0,MANUAL_QA_REQUIRED
gvs_22d37df0e2e8917a,gvc_94d461eb963c,Dumbbell Side Bridge With Bent Leg,Dumbbell Side Bridge With Bent Leg,,MANUAL,Hips,MVP_CANDIDATE,Resistance/strength candidate,Dumbbell,source,하체,source,,,unsupported,weight_reps,equipment,weight_reps,,1,1,0,MANUAL_QA_REQUIRED
gvs_6b959eef06f6461f,gvc_76e2dc98dcbf;gvc_d994d5143cd3,Dumbbell Side Lunge | Dumbbell Side Lunge (version 3),Dumbbell Side Lunge,덤벨 사이드 런지,AUTO_PHRASE_DRAFT,Hips;Thighs,MVP_CANDIDATE,Resistance/strength candidate,Dumbbell,source,하체,source,대퇴사두근,둔근,name_high,weight_reps,equipment,weight_reps,,3,1,2,AUTO_DRAFT_COMPLETE
gvs_012f55f78c14f347,gvc_ce577fb81478,Dumbbell Side Lying External Rotation (on A Bench),Dumbbell Side Lying External Rotation (On A Bench),,MANUAL,,MVP_CANDIDATE,Resistance/strength candidate,Dumbbell,source,,unknown,,,unsupported,weight_reps,equipment,weight_reps,,1,1,0,MANUAL_QA_REQUIRED
gvs_86078024ab30d302,gvc_4f2d4646909b,Dumbbell Side Lying Internal Rotation (on A Bench),Dumbbell Side Lying Internal Rotation (On A Bench),,MANUAL,,MVP_CANDIDATE,Resistance/strength candidate,Dumbbell,source,,unknown,,,unsupported,weight_reps,equipment,weight_reps,,1,1,0,MANUAL_QA_REQUIRED
gvs_abe8bbddab722f35,gvc_ae4e5e959221,Dumbbell Side Lying Lateral Raise,Dumbbell Side Lying Lateral Raise,덤벨 사이드 라잉 레터럴 레이즈,AUTO_PHRASE_DRAFT,Shoulders,MVP_CANDIDATE,Resistance/strength candidate,Dumbbell,source,어깨,source,측면 삼각근,,name_high,weight_reps,equipment,weight_reps,,1,1,0,AUTO_DRAFT_COMPLETE
gvs_6774f18653652810,gvc_3d0ffe565d95,Dumbbell Side Lying One Hand Raise,Dumbbell Side Lying One Hand Raise,,MANUAL,Shoulders,MVP_CANDIDATE,Resistance/strength candidate,Dumbbell,source,어깨,source,,,unsupported,weight_reps,equipment,weight_reps,,1,1,0,MANUAL_QA_REQUIRED
gvs_ef684781a883596d,gvc_3c131ef300f2,Dumbbell Side Lying Raises On Floor,Dumbbell Side Lying Raises On Floor,,MANUAL,Shoulders,MVP_CANDIDATE,Resistance/strength candidate,Dumbbell,source,어깨,source,,,unsupported,weight_reps,equipment,weight_reps,,1,0,1,MANUAL_QA_REQUIRED
gvs_e02b5a52dbee691c,gvc_abe8668dee62,Dumbbell Side Plank Raise,Dumbbell Side Plank Raise,,MANUAL,Waist,MVP_CANDIDATE,Resistance/strength candidate,Dumbbell,source,코어,source,코어,,name_high,weight_reps,equipment,duration,,1,1,0,MANUAL_QA_REQUIRED
gvs_642c1a6938e3d7d1,gvc_7f8fb14c6312,Dumbbell Side Plank Row,Dumbbell Side Plank Row,덤벨 사이드 플랭크 로우,AUTO_PHRASE_DRAFT,Waist,MVP_CANDIDATE,Resistance/strength candidate,Dumbbell,source,코어,source,등 상부 / 광배근,이두근,name_high,weight_reps,equipment,duration,BODY_MUSCLE_FAMILY_CONFLICT,1,1,0,MANUAL_QA_REQUIRED
gvs_a8c51a1b68b37b43,gvc_d0a043397e47,Dumbbell Side Plank With Rear Fly,Dumbbell Side Plank With Rear Fly,,MANUAL,Waist,MVP_CANDIDATE,Resistance/strength candidate,Dumbbell,source,코어,source,코어,,name_high,weight_reps,equipment,duration,,1,1,0,MANUAL_QA_REQUIRED
gvs_b8c39951f46999f1,gvc_c69b1c9f82d0,Dumbbell Side Squat,Dumbbell Side Squat,덤벨 사이드 스쿼트,AUTO_PHRASE_DRAFT,Thighs,MVP_CANDIDATE,Resistance/strength candidate,Dumbbell,source,하체,source,대퇴사두근,둔근,name_high,weight_reps,equipment,weight_reps,,1,1,0,AUTO_DRAFT_COMPLETE
gvs_2d6a1ed976d088b5,gvc_e6e97f46806e,Dumbbell Single Arm Alternate Decline Bench Press,Dumbbell Single Arm Alternate Decline Bench Press,덤벨 원암 얼터네이트 디클라인 벤치프레스,AUTO_PHRASE_DRAFT,,MVP_CANDIDATE,Resistance/strength candidate,Dumbbell,source,가슴,name,대흉근,삼두근 / 전면 삼각근,name_high,weight_reps,equipment,weight_reps,,1,1,0,AUTO_DRAFT_COMPLETE
gvs_60ee52affdc9b03f,gvc_e98e3ecff18d,Dumbbell Single Arm Alternate Fly,Dumbbell Single Arm Alternate Fly,,MANUAL,Chest,MVP_CANDIDATE,Resistance/strength candidate,Dumbbell,source,가슴,source,,,unsupported,weight_reps,equipment,weight_reps,,1,1,0,MANUAL_QA_REQUIRED
gvs_c8cfd702c2b0a124,gvc_c781b4c7a170,Dumbbell One Arm Bent Over Row,Dumbbell Single Arm Bent Over Row,덤벨 원암 벤트오버 로우,AUTO_PHRASE_DRAFT,Back;Shoulders,MVP_CANDIDATE,Resistance/strength candidate,Dumbbell,source,,conflict,등 상부 / 광배근,이두근,name_high,weight_reps,equipment,weight_reps,BODY_SOURCE_CONFLICT,2,1,1,MANUAL_QA_REQUIRED
gvs_aec862bc50056f22,gvc_37bb202518e5,Dumbbell Single Arm Clean And Press,Dumbbell Single Arm Clean And Press,,MANUAL,Weightlifting,MVP_CANDIDATE,Resistance/strength candidate,Dumbbell,source,,unknown,,,unsupported,weight_reps,equipment,weight_reps,,1,1,0,MANUAL_QA_REQUIRED
gvs_a69e1177384825a7,gvc_a813e68b3de1,Dumbbell Single Arm Deadlift,Dumbbell Single Arm Deadlift,덤벨 원암 데드리프트,AUTO_PHRASE_DRAFT,Hips,MVP_CANDIDATE,Resistance/strength candidate,Dumbbell,source,하체,source,둔근 / 햄스트링,등 / 코어,name_high,weight_reps,equipment,weight_reps,,1,1,0,AUTO_DRAFT_COMPLETE
gvs_9833b52b06f57b2b,gvc_f2cdf5d77eb0,Dumbbell One Arm Floor Fly,Dumbbell Single Arm Floor Fly,,MANUAL,Chest,MVP_CANDIDATE,Resistance/strength candidate,Dumbbell,source,가슴,source,,,unsupported,weight_reps,equipment,weight_reps,,1,1,0,MANUAL_QA_REQUIRED
gvs_5df2647ad34a0664,gvc_f2d6c06481bf,Dumbbell Single Arm Floor Press,Dumbbell Single Arm Floor Press,,MANUAL,Chest,MVP_CANDIDATE,Resistance/strength candidate,Dumbbell,source,가슴,source,,,unsupported,weight_reps,equipment,weight_reps,,1,1,0,MANUAL_QA_REQUIRED
gvs_b490a20c5defc1e6,gvc_cc28d737e03a,Dumbbell One Arm Front Raise,Dumbbell Single Arm Front Raise,덤벨 원암 프론트 레이즈,AUTO_PHRASE_DRAFT,Shoulders,MVP_CANDIDATE,Resistance/strength candidate,Dumbbell,source,어깨,source,전면 삼각근,,name_high,weight_reps,equipment,weight_reps,,2,1,1,AUTO_DRAFT_COMPLETE
gvs_cbd5664cbb8e9b72,gvc_1cb6763b25c0,Dumbbell One Arm Hammer Preacher Curl,Dumbbell Single Arm Hammer Preacher Curl,,MANUAL,Upper-Arms,MVP_CANDIDATE,Resistance/strength candidate,Dumbbell,source,팔,source,이두근,,name_high,weight_reps,equipment,weight_reps,,1,1,0,MANUAL_QA_REQUIRED
gvs_cd9de7ea45b81844,gvc_c17b773c752a,Dumbbell One Arm Kickback,Dumbbell Single Arm Kickback,덤벨 원암 킥백,AUTO_PHRASE_DRAFT,Upper-Arms,MVP_CANDIDATE,Resistance/strength candidate,Dumbbell,source,팔,source,,,unsupported,weight_reps,equipment,weight_reps,,2,1,1,AUTO_DRAFT_COMPLETE
gvs_1b610790bc58f8aa,gvc_2e9eb6de60c9,Dumbbell One Arm Lateral Raise,Dumbbell Single Arm Lateral Raise,덤벨 원암 레터럴 레이즈,AUTO_PHRASE_DRAFT,Shoulders,MVP_CANDIDATE,Resistance/strength candidate,Dumbbell,source,어깨,source,측면 삼각근,,name_high,weight_reps,equipment,weight_reps,,2,1,1,AUTO_DRAFT_COMPLETE
gvs_8adad107d26fe0cf,gvc_20869bceffb4,Dumbbell Single Arm Leaning Lateral Raise,Dumbbell Single Arm Leaning Lateral Raise,,MANUAL,,MVP_CANDIDATE,Resistance/strength candidate,Dumbbell,source,어깨,name,측면 삼각근,,name_high,weight_reps,equipment,weight_reps,,1,0,1,MANUAL_QA_REQUIRED
gvs_f40960011f20b1f1,gvc_4dd978495506,Dumbbell One Arm Low Fly,Dumbbell Single Arm Low Fly,,MANUAL,Chest,MVP_CANDIDATE,Resistance/strength candidate,Dumbbell,source,가슴,source,,,unsupported,weight_reps,equipment,weight_reps,,1,1,0,MANUAL_QA_REQUIRED
gvs_0aa44dc435a18b8a,gvc_0181b7b4cbb0,Dumbbell Single Arm Neutral Grip Front Raise,Dumbbell Single Arm Neutral Grip Front Raise,덤벨 원암 뉴트럴 그립 프론트 레이즈,AUTO_PHRASE_DRAFT,Shoulders,MVP_CANDIDATE,Resistance/strength candidate,Dumbbell,source,어깨,source,전면 삼각근,,name_high,weight_reps,equipment,weight_reps,,1,1,0,AUTO_DRAFT_COMPLETE
gvs_6475c8cd45d4d299,gvc_fd0ea3e4164d,Dumbbell Single Arm Overhead Carry,Dumbbell Single Arm Overhead Carry,,MANUAL,Weightlifting,MVP_CANDIDATE,Resistance/strength candidate,Dumbbell,source,,unknown,,,unsupported,weight_reps,equipment,weight_reps,,1,1,0,MANUAL_QA_REQUIRED
gvs_06fd3eabf16a9ab3,gvc_97129a4e9fac,Dumbbell Single Arm Overhead Lunge,Dumbbell Single Arm Overhead Lunge,덤벨 원암 오버헤드 런지,AUTO_PHRASE_DRAFT,Thighs,MVP_CANDIDATE,Resistance/strength candidate,Dumbbell,source,하체,source,대퇴사두근,둔근,name_high,weight_reps,equipment,weight_reps,,1,1,0,AUTO_DRAFT_COMPLETE
gvs_34a657a2423e7534,gvc_fcdb868a976b,Dumbbell Single Arm Preacher Curl,Dumbbell Single Arm Preacher Curl,덤벨 원암 프리처 컬,AUTO_PHRASE_DRAFT,Upper-Arms,MVP_CANDIDATE,Resistance/strength candidate,Dumbbell,source,팔,source,이두근,,name_high,weight_reps,equipment,weight_reps,,1,0,1,AUTO_DRAFT_COMPLETE
gvs_e882589244fe0da4,gvc_5cc626f10178,Dumbbell Single Arm Reverse Fly (rack Support),Dumbbell Single Arm Reverse Fly (Rack Support),,MANUAL,Back,MVP_CANDIDATE,Resistance/strength candidate,Dumbbell,source,등,source,후면 삼각근,,name_high,weight_reps,equipment,weight_reps,BODY_MUSCLE_FAMILY_CONFLICT,1,1,0,MANUAL_QA_REQUIRED
gvs_69971f8b3a5a6183,gvc_2b09cd4f9158,Dumbbell One Arm Reverse Preacher Curl,Dumbbell Single Arm Reverse Preacher Curl,덤벨 원암 리버스 프리처 컬,AUTO_PHRASE_DRAFT,Forearms,MVP_CANDIDATE,Resistance/strength candidate,Dumbbell,source,팔,source,이두근,,name_high,weight_reps,equipment,weight_reps,,1,1,0,AUTO_DRAFT_COMPLETE
gvs_f1eb040ef7a685d2,gvc_081d935c722c;gvc_18d5604a6f21,Dumbbell One Arm Revers Wrist Curl | Dumbbell One Arm Reverse Wrist Curl,Dumbbell Single Arm Reverse Wrist Curl,덤벨 원암 리버스 리스트 컬,AUTO_PHRASE_DRAFT,Forearms,MVP_CANDIDATE,Resistance/strength candidate,Dumbbell,source,팔,source,,,unsupported,weight_reps,equipment,weight_reps,,2,1,1,AUTO_DRAFT_COMPLETE
gvs_1257273a2d9cf628,gvc_a3c5e991d7dc,Dumbbell One Arm Row (rack Support),Dumbbell Single Arm Row (Rack Support),,MANUAL,Back,MVP_CANDIDATE,Resistance/strength candidate,Dumbbell,source,등,source,등 상부 / 광배근,이두근,name_high,weight_reps,equipment,weight_reps,,2,1,1,MANUAL_QA_REQUIRED
gvs_5a26b5e051d04d3e,gvc_4e20a2fc73dc,Dumbbell One Arm Seated Neutral Wrist Curl,Dumbbell Single Arm Seated Neutral Wrist Curl,,MANUAL,Forearms,MVP_CANDIDATE,Resistance/strength candidate,Dumbbell,source,팔,source,,,unsupported,weight_reps,equipment,weight_reps,,1,1,0,MANUAL_QA_REQUIRED
gvs_38e908777b03da57,gvc_82c34a16b30a;gvc_cb8876fad337,Dumbbell One Arm Shoulder Press (version 2) | Dumbbell One Arm Shoulder Press (version 2) (femal,Dumbbell Single Arm Shoulder Press,덤벨 원암 숄더 프레스,AUTO_PHRASE_DRAFT,Shoulders,MVP_CANDIDATE,Resistance/strength candidate,Dumbbell,source,어깨,source,삼각근,삼두근,name_high,weight_reps,equipment,weight_reps,,2,1,1,AUTO_DRAFT_COMPLETE
gvs_9788fb789726476a,gvc_ab2a9814cd4e,Dumbbell Single Arm Shrug,Dumbbell Single Arm Shrug,덤벨 원암 슈러그,AUTO_PHRASE_DRAFT,Back,MVP_CANDIDATE,Resistance/strength candidate,Dumbbell,source,등,source,,,unsupported,weight_reps,equipment,weight_reps,,1,1,0,AUTO_DRAFT_COMPLETE
