working_id,name_en_normalized,name_ko_draft,body_part_ko,recording_type,family,relevance_tier,relevance_reason
gvs_be735560904852ae,3 4 Sit Up,3 4 싯업,코어,reps,core_crunch,BODYWEIGHT_DEFAULT_SEARCH_CANDIDATE,Recognized gym/calisthenics strength family with no home-context/noise markers.
gvs_c4786ad77ebcde4f,3 Sec Sumo Squat,,하체,reps,squat,BODYWEIGHT_DEFAULT_SEARCH_CANDIDATE,Recognized gym/calisthenics strength family with no home-context/noise markers.
gvs_3277f4f593ac5d31,45 Degree Bycicle Twisting Crunch,,코어,reps,core_crunch,BODYWEIGHT_DEFAULT_SEARCH_CANDIDATE,Recognized gym/calisthenics strength family with no home-context/noise markers.
gvs_7d9c3366c298aea6,45 Degree Hip Extension Glute Focused,,하체,reps,other,BODYWEIGHT_NOISE_REVIEW,Not in core gym/calisthenics strength families; review before default search exposure.
gvs_e68f6092a6b202d8,45 Degree Hyperextension (Arms In Front Of Chest),,등,reps,back_extension,BODYWEIGHT_DEFAULT_SEARCH_CANDIDATE,Recognized gym/calisthenics strength family with no home-context/noise markers.
gvs_bb6a387b718b9c8b,45 Degree Lean Back Alternate Knee Raise,,코어,reps,core_raise,BODYWEIGHT_DEFAULT_SEARCH_CANDIDATE,Recognized gym/calisthenics strength family with no home-context/noise markers.
gvs_fbf2c11654227900,45 Degree Reverse Hyperextension,45도 리버스 하이퍼익스텐션,하체,reps,back_extension,BODYWEIGHT_DEFAULT_SEARCH_CANDIDATE,Recognized gym/calisthenics strength family with no home-context/noise markers.
gvs_51550af287b4549a,45 Degree Side Bend,,코어,reps,other,BODYWEIGHT_NOISE_REVIEW,Not in core gym/calisthenics strength families; review before default search exposure.
gvs_d56749f322687f33,45 Degree Single Leg Reverse Hyperextension,45도 싱글 레그 리버스 하이퍼익스텐션,하체,reps,back_extension,BODYWEIGHT_DEFAULT_SEARCH_CANDIDATE,Recognized gym/calisthenics strength family with no home-context/noise markers.
gvs_cc685b714d83ac1d,45 Degree Twisting Hyperextension,,하체,reps,back_extension,BODYWEIGHT_DEFAULT_SEARCH_CANDIDATE,Recognized gym/calisthenics strength family with no home-context/noise markers.
gvs_0cf59144f8d2de62,90 Degree Heel Touch,,코어,reps,other,BODYWEIGHT_NOISE_REVIEW,Not in core gym/calisthenics strength families; review before default search exposure.
gvs_6dcedc0c63bab4e2,90 Degree Heel Touch Against Wall,,코어,reps,other,BODYWEIGHT_NOISE_REVIEW,Not in core gym/calisthenics strength families; review before default search exposure.
gvs_2a60eed9a249cfc5,90 Degree Single Knee Crunch,,코어,reps,core_crunch,BODYWEIGHT_DEFAULT_SEARCH_CANDIDATE,Recognized gym/calisthenics strength family with no home-context/noise markers.
gvs_c0058582fc9fd8ec,90 To 90 (Beginner),,하체,reps,other,BODYWEIGHT_NOISE_REVIEW,Not in core gym/calisthenics strength families; review before default search exposure.
gvs_87185062813bbef4,90 To 90 Hip Leans,,하체,reps,other,BODYWEIGHT_NOISE_REVIEW,Not in core gym/calisthenics strength families; review before default search exposure.
gvs_f68efeb1adc8d8c9,90 To 90 Knee Thrust,,하체,reps,other,BODYWEIGHT_NOISE_REVIEW,Not in core gym/calisthenics strength families; review before default search exposure.
gvs_d1bd39be6bed80b0,90 To 90 Lean,,하체,reps,other,BODYWEIGHT_NOISE_REVIEW,Not in core gym/calisthenics strength families; review before default search exposure.
gvs_981fd2359567b1a5,90 To 90 Leg Lift And Kickout,,하체,reps,other,BODYWEIGHT_NOISE_REVIEW,Not in core gym/calisthenics strength families; review before default search exposure.
gvs_6d7ee12f666df8d7,90 To 90 To Shin Box Step Through,,하체,reps,other,BODYWEIGHT_NOISE_REVIEW,Not in core gym/calisthenics strength families; review before default search exposure.
gvs_7d811136262958cc,Ab Mat Sit Up,,코어,reps,core_crunch,BODYWEIGHT_DEFAULT_SEARCH_CANDIDATE,Recognized gym/calisthenics strength family with no home-context/noise markers.
gvs_e17baa150e9bcfc9,Ab Roller Crunch,,코어,reps,core_crunch,BODYWEIGHT_DEFAULT_SEARCH_CANDIDATE,Recognized gym/calisthenics strength family with no home-context/noise markers.
gvs_255c74321e225424,Ab Tuck,,코어,reps,other,BODYWEIGHT_NOISE_REVIEW,Not in core gym/calisthenics strength families; review before default search exposure.
gvs_0214ee451fa9f255,Ab Twist Toe Tap,,코어,reps,other,BODYWEIGHT_NOISE_REVIEW,Not in core gym/calisthenics strength families; review before default search exposure.
gvs_4fd016b323a38e6b,Air Bike,,코어,reps,other,BODYWEIGHT_NOISE_REVIEW,Not in core gym/calisthenics strength families; review before default search exposure.
gvs_2bfbcea068e52258,Air Twisting Crunch,,코어,reps,core_crunch,BODYWEIGHT_DEFAULT_SEARCH_CANDIDATE,Recognized gym/calisthenics strength family with no home-context/noise markers.
gvs_f1856e4e7d6a5c78,Alternate Bent Leg 45 Degree Extension,,코어,reps,other,BODYWEIGHT_NOISE_REVIEW,Not in core gym/calisthenics strength families; review before default search exposure.
gvs_1c4e9205badf8659,Alternate Donkey Kick,,하체,reps,other,BODYWEIGHT_NOISE_REVIEW,Not in core gym/calisthenics strength families; review before default search exposure.
gvs_71fb526cb3b64b12,Alternate Frog Crunch,,코어,reps,core_crunch,BODYWEIGHT_DEFAULT_SEARCH_CANDIDATE,Recognized gym/calisthenics strength family with no home-context/noise markers.
gvs_ff259638fc3f6b0a,Alternate Heel Tap Sit Against Wall,,하체,reps,other,BODYWEIGHT_NOISE_REVIEW,Not in core gym/calisthenics strength families; review before default search exposure.
gvs_6f663eeb45413263,Alternate Heel Touch Side Kick Squat,,하체,reps,squat,BODYWEIGHT_EXTENDED_VARIANT_REVIEW,Recognized strength family but compound/complex variant; not a default-search decision yet.
gvs_5cf49c9ce49c04d2,Alternate Heel Touchers,,코어,reps,other,BODYWEIGHT_NOISE_REVIEW,Not in core gym/calisthenics strength families; review before default search exposure.
gvs_fbfc66ec5b8a03d6,Alternate Leg Kick Sit Against Wall,,하체,reps,other,BODYWEIGHT_NOISE_REVIEW,Not in core gym/calisthenics strength families; review before default search exposure.
gvs_b6f4d04195949281,Alternate Leg Pull,,코어,reps,other,BODYWEIGHT_NOISE_REVIEW,Not in core gym/calisthenics strength families; review before default search exposure.
gvs_148535d09bcab6a6,Alternate Leg Raise,얼터네이트 레그 레이즈,코어,reps,core_raise,BODYWEIGHT_DEFAULT_SEARCH_CANDIDATE,Recognized gym/calisthenics strength family with no home-context/noise markers.
gvs_2e9e176b7a46356b,Alternate Leg Raise With Head Up,,코어,reps,core_raise,BODYWEIGHT_DEFAULT_SEARCH_CANDIDATE,Recognized gym/calisthenics strength family with no home-context/noise markers.
gvs_0e86c78b9d3c472b,Alternate Leg Reach Crunch,,코어,reps,core_crunch,BODYWEIGHT_EXTENDED_VARIANT_REVIEW,Recognized strength family but compound/complex variant; not a default-search decision yet.
gvs_18cf2d0e17dbf780,Alternate Lying Floor Leg Raise,,코어,reps,core_raise,BODYWEIGHT_DEFAULT_SEARCH_CANDIDATE,Recognized gym/calisthenics strength family with no home-context/noise markers.
gvs_967f5997b0710897,Alternate Oblique Crunch,,코어,reps,core_crunch,BODYWEIGHT_DEFAULT_SEARCH_CANDIDATE,Recognized gym/calisthenics strength family with no home-context/noise markers.
gvs_6f19aea4c4f47c36,Alternate Side Place Leg,,하체,reps,other,BODYWEIGHT_NOISE_REVIEW,Not in core gym/calisthenics strength families; review before default search exposure.
gvs_da472f75f4d67381,Alternate Single Leg Glute Bridge,얼터네이트 싱글 레그 글루트 브리지,하체,reps,glute_hip,BODYWEIGHT_DEFAULT_SEARCH_CANDIDATE,Recognized gym/calisthenics strength family with no home-context/noise markers.
gvs_ab7d9a168797cc00,Alternate Single Leg Raise Plank,,하체,reps,core_raise,BODYWEIGHT_DEFAULT_SEARCH_CANDIDATE,Recognized gym/calisthenics strength family with no home-context/noise markers.
gvs_bac9fcc01e3eb65e,Alternate Single Leg Sit Wall,,하체,reps,other,BODYWEIGHT_NOISE_REVIEW,Not in core gym/calisthenics strength families; review before default search exposure.
gvs_dfdd0b0307440ffb,Alternate Sprinter Lunge,,하체,reps,lunge_split,BODYWEIGHT_DEFAULT_SEARCH_CANDIDATE,Recognized gym/calisthenics strength family with no home-context/noise markers.
gvs_a69425f2f3a98f8c,Alternate Toe Tap Leg Lift,,하체,reps,other,BODYWEIGHT_NOISE_REVIEW,Not in core gym/calisthenics strength families; review before default search exposure.
gvs_6028aca2bb77a324,Alternate Upper Chest Raise,,가슴,reps,other,BODYWEIGHT_NOISE_REVIEW,Not in core gym/calisthenics strength families; review before default search exposure.
gvs_2ba54f7e018c71d0,Alternate V Feet Raises,,하체,reps,other,BODYWEIGHT_NOISE_REVIEW,Not in core gym/calisthenics strength families; review before default search exposure.
gvs_e0267d6f352f9eb7,Alternating Superman,,하체,reps,back_extension,BODYWEIGHT_DEFAULT_SEARCH_CANDIDATE,Recognized gym/calisthenics strength family with no home-context/noise markers.
gvs_9e13cff957e926b1,Ankle Circles,,하체,reps,other,BODYWEIGHT_NOISE_REVIEW,Not in core gym/calisthenics strength families; review before default search exposure.
gvs_f1dd9d16ea80d1f4,Archer Pull Up,,등,reps,pull_chin_muscleup,BODYWEIGHT_DEFAULT_SEARCH_CANDIDATE,Recognized gym/calisthenics strength family with no home-context/noise markers.
gvs_7beac81035e26dca,Archer Push Up,,가슴,reps,push_up,BODYWEIGHT_DEFAULT_SEARCH_CANDIDATE,Recognized gym/calisthenics strength family with no home-context/noise markers.
gvs_c6b6e0c206f2bd9c,Arm Circles,,어깨,reps,other,BODYWEIGHT_NOISE_REVIEW,Not in core gym/calisthenics strength families; review before default search exposure.
gvs_9366fb46c62f9f04,Arm Crossover,,가슴,reps,other,BODYWEIGHT_NOISE_REVIEW,Not in core gym/calisthenics strength families; review before default search exposure.
gvs_5dbcad9aad1eed4c,Arm Crossover Chest Out,,가슴,reps,other,BODYWEIGHT_NOISE_REVIEW,Not in core gym/calisthenics strength families; review before default search exposure.
gvs_0582bb60b0f04b02,Arm Double Crossover,,가슴,reps,other,BODYWEIGHT_NOISE_REVIEW,Not in core gym/calisthenics strength families; review before default search exposure.
gvs_1f87e91b96475153,Arm Leg Lift To Split Squat,,하체,reps,squat,BODYWEIGHT_EXTENDED_VARIANT_REVIEW,Recognized strength family but compound/complex variant; not a default-search decision yet.
gvs_6f3c85c4e3021802,Arm Rotation Knee Lift,,코어,reps,other,BODYWEIGHT_NOISE_REVIEW,Not in core gym/calisthenics strength families; review before default search exposure.
gvs_fcc710be9668f5bc,Arm Slingers Hanging Straight Legs,,코어,reps,other,BODYWEIGHT_NOISE_REVIEW,Not in core gym/calisthenics strength families; review before default search exposure.
gvs_252a1b0df2bb3ab9,Arm Tuck Side Bend,,등,reps,other,BODYWEIGHT_NOISE_REVIEW,Not in core gym/calisthenics strength families; review before default search exposure.
gvs_1505b3e36ea8fbfb,Arms Apart Circular Toe Touch,,코어,reps,core_crunch,BODYWEIGHT_DEFAULT_SEARCH_CANDIDATE,Recognized gym/calisthenics strength family with no home-context/noise markers.
gvs_dbbfad9c6c643d06,Arms Forward And Behind The Neck,,어깨,reps,other,BODYWEIGHT_NOISE_REVIEW,Not in core gym/calisthenics strength families; review before default search exposure.
gvs_d9bf4d8b447a74eb,Arms Overhead Full Sit Up,,코어,reps,core_crunch,BODYWEIGHT_DEFAULT_SEARCH_CANDIDATE,Recognized gym/calisthenics strength family with no home-context/noise markers.
gvs_e9126bc3a198a1d3,Around The World Lying On Floor,,등,reps,other,BODYWEIGHT_NOISE_REVIEW,Not in core gym/calisthenics strength families; review before default search exposure.
gvs_46ce0716df126212,Around The World Superman,,하체,reps,back_extension,BODYWEIGHT_DEFAULT_SEARCH_CANDIDATE,Recognized gym/calisthenics strength family with no home-context/noise markers.
gvs_d93fa41ccd14c43a,Around The World Superman Hold,,하체,duration,back_extension,BODYWEIGHT_DEFAULT_SEARCH_CANDIDATE,Recognized gym/calisthenics strength family with no home-context/noise markers.
gvs_99d69ba31d02e563,Atomic Sit Up,,코어,reps,core_crunch,BODYWEIGHT_DEFAULT_SEARCH_CANDIDATE,Recognized gym/calisthenics strength family with no home-context/noise markers.
gvs_6fd38a67a1d3977f,Axle Deadlift,,하체,reps,other,BODYWEIGHT_NOISE_REVIEW,Not in core gym/calisthenics strength families; review before default search exposure.
gvs_8457bfc083ae3a56,Aztec Push Up,,코어,reps,push_up,BODYWEIGHT_DEFAULT_SEARCH_CANDIDATE,Recognized gym/calisthenics strength family with no home-context/noise markers.
gvs_7bb38886d1ef4558,Back Extension On Exercise Ball,,등,reps,back_extension,BODYWEIGHT_EXTENDED_VARIANT_REVIEW,Recognized strength family but compound/complex variant; not a default-search decision yet.
gvs_1855d6f8dcf6e54e,Back Forward Leg Swings,,하체,reps,other,BODYWEIGHT_NOISE_REVIEW,Not in core gym/calisthenics strength families; review before default search exposure.
gvs_4cc507df516cc3ef,Back Scrub,,팔,reps,other,BODYWEIGHT_NOISE_REVIEW,Not in core gym/calisthenics strength families; review before default search exposure.
gvs_2b5120d017c8a572,Back Squeeze,,어깨,reps,other,BODYWEIGHT_NOISE_REVIEW,Not in core gym/calisthenics strength families; review before default search exposure.
gvs_7cce3730fc5e495e,Back Steps Plank,,코어,duration,plank,BODYWEIGHT_DEFAULT_SEARCH_CANDIDATE,Recognized gym/calisthenics strength family with no home-context/noise markers.
gvs_dff8187d294e7bcd,Backhand Raise,,등,reps,other,BODYWEIGHT_NOISE_REVIEW,Not in core gym/calisthenics strength families; review before default search exposure.
gvs_65075c0ce4185596,Balance Board,,하체,reps,other,BODYWEIGHT_NOISE_REVIEW,Not in core gym/calisthenics strength families; review before default search exposure.
gvs_c338cb11078cc8dd,Balance Reverse Lunge,,하체,reps,lunge_split,BODYWEIGHT_DEFAULT_SEARCH_CANDIDATE,Recognized gym/calisthenics strength family with no home-context/noise markers.
gvs_c36e1c3025c943d6,Ballerina Side Bends,,코어,reps,other,BODYWEIGHT_NOISE_REVIEW,Not in core gym/calisthenics strength families; review before default search exposure.
gvs_154d01581b357802,Balloon Drill,,하체,reps,other,BODYWEIGHT_NOISE_REVIEW,Not in core gym/calisthenics strength families; review before default search exposure.
gvs_dee93ca6fd764310,Banded Glute Ham Raise,,하체,reps,other,BODYWEIGHT_NOISE_REVIEW,Not in core gym/calisthenics strength families; review before default search exposure.
gvs_65da608422937232,Bar Biceps Curl,,팔,reps,other,BODYWEIGHT_NOISE_REVIEW,Not in core gym/calisthenics strength families; review before default search exposure.
gvs_04e096333376ae2b,Basic To Cross Donkey Kick,,하체,reps,other,BODYWEIGHT_NOISE_REVIEW,Not in core gym/calisthenics strength families; review before default search exposure.
gvs_0ab7910c7349124e,Bear Plank Kickback,,하체,reps,plank,BODYWEIGHT_DEFAULT_SEARCH_CANDIDATE,Recognized gym/calisthenics strength family with no home-context/noise markers.
gvs_b46e0f94f9b254a2,Bear Push Up,,가슴,reps,push_up,BODYWEIGHT_DEFAULT_SEARCH_CANDIDATE,Recognized gym/calisthenics strength family with no home-context/noise markers.
gvs_2db6723f242b7ea7,Bear Sit Kickout,,하체,reps,other,BODYWEIGHT_NOISE_REVIEW,Not in core gym/calisthenics strength families; review before default search exposure.
gvs_725e10146eb069d2,Behind The Back Clap,,가슴,reps,other,BODYWEIGHT_NOISE_REVIEW,Not in core gym/calisthenics strength families; review before default search exposure.
gvs_1327d52f3027c4a7,Behind The Head Clap,,등,reps,other,BODYWEIGHT_NOISE_REVIEW,Not in core gym/calisthenics strength families; review before default search exposure.
gvs_501ab74142e74ded,Bench Dip (Knees Bent),,팔,reps,dip,BODYWEIGHT_DEFAULT_SEARCH_CANDIDATE,Recognized gym/calisthenics strength family with no home-context/noise markers.
gvs_9f7c2ea9b917a0e1,Bench Dip Hold,,코어,duration,dip,BODYWEIGHT_DEFAULT_SEARCH_CANDIDATE,Recognized gym/calisthenics strength family with no home-context/noise markers.
gvs_edf541b5e07e4de9,Bench Dip On Floor,,팔,reps,dip,BODYWEIGHT_DEFAULT_SEARCH_CANDIDATE,Recognized gym/calisthenics strength family with no home-context/noise markers.
gvs_854384829b5da92c,Bench Hip Extension,,하체,reps,other,BODYWEIGHT_NOISE_REVIEW,Not in core gym/calisthenics strength families; review before default search exposure.
gvs_152484ea07b90fa0,Bench Pull Ups,,등,reps,other,BODYWEIGHT_NOISE_REVIEW,Not in core gym/calisthenics strength families; review before default search exposure.
gvs_221a361ebeb2de68,Bent Arm Lift,,어깨,reps,other,BODYWEIGHT_NOISE_REVIEW,Not in core gym/calisthenics strength families; review before default search exposure.
gvs_380307b82b3a1276,Bent Knee Back To Side Kick,,하체,reps,other,BODYWEIGHT_NOISE_REVIEW,Not in core gym/calisthenics strength families; review before default search exposure.
gvs_6fa25713237a457b,Bent Knee Lying Twist,,코어,reps,other,BODYWEIGHT_NOISE_REVIEW,Not in core gym/calisthenics strength families; review before default search exposure.
gvs_994cd4260facb330,Bent Leg Circle Kick (Kneeling),,하체,reps,other,BODYWEIGHT_NOISE_REVIEW,Not in core gym/calisthenics strength families; review before default search exposure.
gvs_3064c0b90b8bbfa1,Bent Leg Kickback (Kneeling),,하체,reps,other,BODYWEIGHT_NOISE_REVIEW,Not in core gym/calisthenics strength families; review before default search exposure.
gvs_af8f841fd2a15f9f,Bent Leg Side Kick (Kneeling),,하체,reps,other,BODYWEIGHT_NOISE_REVIEW,Not in core gym/calisthenics strength families; review before default search exposure.
gvs_5ce11ec0f76775d2,Bent Over Row With Towel,,등,reps,row,BODYWEIGHT_CONTEXT_VARIANT_REVIEW,Recognized strength family but contains home/context prop wording.
gvs_f409c7a32bf9ce6b,Bent Over Shoulder Pendulum,,등,reps,other,BODYWEIGHT_NOISE_REVIEW,Not in core gym/calisthenics strength families; review before default search exposure.
gvs_b323b808a725b58e,Bent Over Twist,,코어,reps,other,BODYWEIGHT_NOISE_REVIEW,Not in core gym/calisthenics strength families; review before default search exposure.
gvs_a55d6ac26fa731c4,Biceps Curl Under Table,,팔,reps,other,BODYWEIGHT_NOISE_REVIEW,Not in core gym/calisthenics strength families; review before default search exposure.
gvs_4b38991812dfc036,Biceps Leg Concentration Curl,,팔,reps,other,BODYWEIGHT_NOISE_REVIEW,Not in core gym/calisthenics strength families; review before default search exposure.
gvs_2687df1566d79a5d,Biceps Squeeze With Towel,,팔,reps,other,BODYWEIGHT_NOISE_REVIEW,Not in core gym/calisthenics strength families; review before default search exposure.
gvs_e56ef10a76d05484,Biceps Table Row,,팔,reps,row,BODYWEIGHT_CONTEXT_VARIANT_REVIEW,Recognized strength family but contains home/context prop wording.
gvs_9ad4e1fbb0f40d4b,Bicycle Crunch,,코어,reps,core_crunch,BODYWEIGHT_DEFAULT_SEARCH_CANDIDATE,Recognized gym/calisthenics strength family with no home-context/noise markers.
gvs_1b10099fd22fc4df,Bicycle V Up,,코어,reps,core_crunch,BODYWEIGHT_DEFAULT_SEARCH_CANDIDATE,Recognized gym/calisthenics strength family with no home-context/noise markers.
gvs_97dc28dd99df1b0d,Bike Crunch And Feet Tap,,코어,reps,core_crunch,BODYWEIGHT_EXTENDED_VARIANT_REVIEW,Recognized strength family but compound/complex variant; not a default-search decision yet.
gvs_e942c5f2cba8278a,Bird Dog,,,reps,other,BODYWEIGHT_NOISE_REVIEW,Not in core gym/calisthenics strength families; review before default search exposure.
gvs_926ed592aaf6f69c,Bird Dog Plank,,코어,duration,plank,BODYWEIGHT_DEFAULT_SEARCH_CANDIDATE,Recognized gym/calisthenics strength family with no home-context/noise markers.
gvs_85e7c5256c2edfb9,Body Extension (Backward Reach),,하체,reps,other,BODYWEIGHT_NOISE_REVIEW,Not in core gym/calisthenics strength families; review before default search exposure.
gvs_afdf86934a25fa73,Body Saw Plank,,어깨,duration,plank,BODYWEIGHT_DEFAULT_SEARCH_CANDIDATE,Recognized gym/calisthenics strength family with no home-context/noise markers.
gvs_61f061701f63b472,Body Slide,,코어,reps,other,BODYWEIGHT_NOISE_REVIEW,Not in core gym/calisthenics strength families; review before default search exposure.
gvs_c94dfde32932290b,Body Up,,팔,reps,other,BODYWEIGHT_NOISE_REVIEW,Not in core gym/calisthenics strength families; review before default search exposure.
gvs_2095a279f8411379,Bodyweight Arms Out Squat,,하체,reps,squat,BODYWEIGHT_DEFAULT_SEARCH_CANDIDATE,Recognized gym/calisthenics strength family with no home-context/noise markers.
gvs_52cbe345cb20ff9d,Bodyweight Around Head Rotation,,어깨,reps,other,BODYWEIGHT_NOISE_REVIEW,Not in core gym/calisthenics strength families; review before default search exposure.
gvs_31f74c25d2172df9,Bodyweight Bench Squat,,하체,reps,squat,BODYWEIGHT_DEFAULT_SEARCH_CANDIDATE,Recognized gym/calisthenics strength family with no home-context/noise markers.
gvs_3dc09890ab75ab2e,Bodyweight Bent Over Rear Delt Fly,,어깨,reps,other,BODYWEIGHT_NOISE_REVIEW,Not in core gym/calisthenics strength families; review before default search exposure.
gvs_c801cc0813012f72,Bodyweight Bent Over Row,,등,reps,row,BODYWEIGHT_DEFAULT_SEARCH_CANDIDATE,Recognized gym/calisthenics strength family with no home-context/noise markers.
gvs_a254e30becf04683,Bodyweight Calf Raise Wall Sit,,하체,duration,calf,BODYWEIGHT_CONTEXT_VARIANT_REVIEW,Recognized strength family but contains home/context prop wording.
gvs_d4a907a6c95c5c90,Bodyweight Deadlift Shin Tap,,하체,reps,other,BODYWEIGHT_NOISE_REVIEW,Not in core gym/calisthenics strength families; review before default search exposure.
gvs_9e21d2ce56ee6364,Bodyweight Deep Prisoner Squat,,하체,reps,squat,BODYWEIGHT_DEFAULT_SEARCH_CANDIDATE,Recognized gym/calisthenics strength family with no home-context/noise markers.
gvs_32f27570b02cb39a,Bodyweight Double Triceps Kickback,,팔,reps,other,BODYWEIGHT_NOISE_REVIEW,Not in core gym/calisthenics strength families; review before default search exposure.
gvs_ca643667abccf447,Bodyweight Forward Lunge (Smaller Stance Upright Torso),,하체,reps,lunge_split,BODYWEIGHT_DEFAULT_SEARCH_CANDIDATE,Recognized gym/calisthenics strength family with no home-context/noise markers.
gvs_e4327ca9df591f25,Bodyweight Frog Hip Thrust,,하체,reps,glute_hip,BODYWEIGHT_DEFAULT_SEARCH_CANDIDATE,Recognized gym/calisthenics strength family with no home-context/noise markers.
gvs_73027c09bf405fa5,Bodyweight Frog Pump,,하체,reps,other,BODYWEIGHT_NOISE_REVIEW,Not in core gym/calisthenics strength families; review before default search exposure.
gvs_8fcbfb029bcc4dc4,Bodyweight Front Slam,,코어,reps,other,BODYWEIGHT_NOISE_REVIEW,Not in core gym/calisthenics strength families; review before default search exposure.
gvs_5c647e8af68d1d2c,Bodyweight Glute Bridge Chest Press,,가슴,reps,glute_hip,BODYWEIGHT_DEFAULT_SEARCH_CANDIDATE,Recognized gym/calisthenics strength family with no home-context/noise markers.
gvs_3f825212572d37d0,Bodyweight Good Morning,,하체,reps,other,BODYWEIGHT_NOISE_REVIEW,Not in core gym/calisthenics strength families; review before default search exposure.
gvs_b7154573c2944d83,Bodyweight Good Morning Row,,하체,reps,row,BODYWEIGHT_DEFAULT_SEARCH_CANDIDATE,Recognized gym/calisthenics strength family with no home-context/noise markers.
gvs_a5be57b87b3385ee,Bodyweight Half Squat,,하체,reps,squat,BODYWEIGHT_DEFAULT_SEARCH_CANDIDATE,Recognized gym/calisthenics strength family with no home-context/noise markers.
gvs_1ac55b48aaaa79da,Bodyweight Heel Elevated Squat,,하체,reps,squat,BODYWEIGHT_DEFAULT_SEARCH_CANDIDATE,Recognized gym/calisthenics strength family with no home-context/noise markers.
gvs_92d3ef5c781eedaa,Bodyweight Invisible Equipment Swing,,하체,reps,other,BODYWEIGHT_NOISE_REVIEW,Not in core gym/calisthenics strength families; review before default search exposure.
gvs_437c850421a6ae56,Bodyweight Kneeling Butterfly With Towels,,하체,reps,other,BODYWEIGHT_NOISE_REVIEW,Not in core gym/calisthenics strength families; review before default search exposure.
gvs_25c8ccf7c36d32d7,Bodyweight Kneeling Hold To Stand,,하체,reps,other,BODYWEIGHT_NOISE_REVIEW,Not in core gym/calisthenics strength families; review before default search exposure.
gvs_91e5f21f56e18ed7,Bodyweight Kneeling Push Up Row,,가슴,reps,push_up,BODYWEIGHT_DEFAULT_SEARCH_CANDIDATE,Recognized gym/calisthenics strength family with no home-context/noise markers.
gvs_b55e10c5e679fd49,Bodyweight Kneeling Sissy Squat,,하체,reps,squat,BODYWEIGHT_DEFAULT_SEARCH_CANDIDATE,Recognized gym/calisthenics strength family with no home-context/noise markers.
gvs_88b82d3850e41406,Bodyweight Kneeling Triceps Extension,,팔,reps,other,BODYWEIGHT_NOISE_REVIEW,Not in core gym/calisthenics strength families; review before default search exposure.
gvs_19ac24e2c5c4b8a4,Bodyweight Lateral Step Up,,하체,reps,other,BODYWEIGHT_NOISE_REVIEW,Not in core gym/calisthenics strength families; review before default search exposure.
gvs_b9b1d61538abc715,Bodyweight Lateral Walk,,하체,reps,other,BODYWEIGHT_NOISE_REVIEW,Not in core gym/calisthenics strength families; review before default search exposure.
gvs_bac6442a8f211758,Bodyweight Low Split Squat,,하체,reps,squat,BODYWEIGHT_DEFAULT_SEARCH_CANDIDATE,Recognized gym/calisthenics strength family with no home-context/noise markers.
gvs_b751e7e16be09e99,Bodyweight Lying Alternate Legs Curl,,하체,reps,other,BODYWEIGHT_NOISE_REVIEW,Not in core gym/calisthenics strength families; review before default search exposure.
gvs_5f9588d539de24b1,Bodyweight Lying Legs Curl,,하체,reps,other,BODYWEIGHT_NOISE_REVIEW,Not in core gym/calisthenics strength families; review before default search exposure.
gvs_13f2a20129ef03dd,Bodyweight Lying Oblique V Up,,코어,reps,core_crunch,BODYWEIGHT_DEFAULT_SEARCH_CANDIDATE,Recognized gym/calisthenics strength family with no home-context/noise markers.
gvs_fe8e3941eb598e3d,Bodyweight Lying Prone Ys,,등,reps,other,BODYWEIGHT_NOISE_REVIEW,Not in core gym/calisthenics strength families; review before default search exposure.
gvs_81cc086d41bbc1fd,Bodyweight Lying Svend Press,,가슴,reps,other,BODYWEIGHT_NOISE_REVIEW,Not in core gym/calisthenics strength families; review before default search exposure.
gvs_56e46db49873585e,Bodyweight Muscle Up,,등,reps,pull_chin_muscleup,BODYWEIGHT_DEFAULT_SEARCH_CANDIDATE,Recognized gym/calisthenics strength family with no home-context/noise markers.
gvs_2d02fdee45e5ecb8,Bodyweight Narrow Squat,,하체,reps,squat,BODYWEIGHT_DEFAULT_SEARCH_CANDIDATE,Recognized gym/calisthenics strength family with no home-context/noise markers.
gvs_d948fffb993f078b,Bodyweight Overhead Squat,,하체,reps,squat,BODYWEIGHT_DEFAULT_SEARCH_CANDIDATE,Recognized gym/calisthenics strength family with no home-context/noise markers.
gvs_ae212875a0d4f7f5,Bodyweight Overhead Triceps Extension,,팔,reps,other,BODYWEIGHT_NOISE_REVIEW,Not in core gym/calisthenics strength families; review before default search exposure.
gvs_9b2dfd65e195b1c1,Bodyweight Patrick Step,,하체,reps,other,BODYWEIGHT_NOISE_REVIEW,Not in core gym/calisthenics strength families; review before default search exposure.
gvs_48d8aeeb7c70072b,Bodyweight Patrick Step From Stepbox,,하체,reps,other,BODYWEIGHT_NOISE_REVIEW,Not in core gym/calisthenics strength families; review before default search exposure.
gvs_2675b691cd37caed,Bodyweight Paused Goblet Squat,,하체,reps,squat,BODYWEIGHT_DEFAULT_SEARCH_CANDIDATE,Recognized gym/calisthenics strength family with no home-context/noise markers.
gvs_c8ee9c4a227383e4,Bodyweight Peterson Step From Stepbox,,하체,reps,other,BODYWEIGHT_NOISE_REVIEW,Not in core gym/calisthenics strength families; review before default search exposure.
gvs_28cb3d870fa1c7a7,Bodyweight Poliquin Step,,하체,reps,other,BODYWEIGHT_NOISE_REVIEW,Not in core gym/calisthenics strength families; review before default search exposure.
gvs_1d359e4e27876a20,Bodyweight Poliquin Step From Stepbox,,하체,reps,other,BODYWEIGHT_NOISE_REVIEW,Not in core gym/calisthenics strength families; review before default search exposure.
gvs_353e9733a1ae7f13,Bodyweight Pulse Forward Lunge,,하체,reps,lunge_split,BODYWEIGHT_EXTENDED_VARIANT_REVIEW,Recognized strength family but compound/complex variant; not a default-search decision yet.
gvs_0eff2b24805937a6,Bodyweight Pulse Squat,,하체,reps,squat,BODYWEIGHT_EXTENDED_VARIANT_REVIEW,Recognized strength family but compound/complex variant; not a default-search decision yet.
gvs_04f00271e549b8e9,Bodyweight Pulsing Triceps Kickback,,팔,reps,other,BODYWEIGHT_NOISE_REVIEW,Not in core gym/calisthenics strength families; review before default search exposure.
gvs_82358c137a8d62d3,Bodyweight Rainbow Leg Raise,,코어,reps,core_raise,BODYWEIGHT_DEFAULT_SEARCH_CANDIDATE,Recognized gym/calisthenics strength family with no home-context/noise markers.
gvs_1e7fcf3182fd87b9,Bodyweight Rear Delt And Back Raise,,어깨,reps,other,BODYWEIGHT_NOISE_REVIEW,Not in core gym/calisthenics strength families; review before default search exposure.
gvs_546cfd9dc1d1c705,Bodyweight Rear Delt Circle,,어깨,reps,other,BODYWEIGHT_NOISE_REVIEW,Not in core gym/calisthenics strength families; review before default search exposure.
gvs_86e84047d4353707,Bodyweight Rear Delt Raise,,어깨,reps,other,BODYWEIGHT_NOISE_REVIEW,Not in core gym/calisthenics strength families; review before default search exposure.
gvs_14975f457390029d,Bodyweight Reverse Lunge,,하체,reps,lunge_split,BODYWEIGHT_DEFAULT_SEARCH_CANDIDATE,Recognized gym/calisthenics strength family with no home-context/noise markers.
gvs_23df1a4587ba0225,Bodyweight Reverse Lunge,,하체,reps,lunge_split,BODYWEIGHT_DEFAULT_SEARCH_CANDIDATE,Recognized gym/calisthenics strength family with no home-context/noise markers.
gvs_a54f65e8980dee3a,Bodyweight Reverse Lunge Front Raise,,하체,reps,lunge_split,BODYWEIGHT_DEFAULT_SEARCH_CANDIDATE,Recognized gym/calisthenics strength family with no home-context/noise markers.
gvs_89ce4209d65d29e1,Bodyweight Reverse Lunge High Knee,,하체,reps,lunge_split,BODYWEIGHT_DEFAULT_SEARCH_CANDIDATE,Recognized gym/calisthenics strength family with no home-context/noise markers.
gvs_a8c665108ed572aa,Bodyweight Reverse Lunge Twist,,하체,reps,lunge_split,BODYWEIGHT_EXTENDED_VARIANT_REVIEW,Recognized strength family but compound/complex variant; not a default-search decision yet.
gvs_5bdc35cad2e763d8,Bodyweight Row Door Handle,,등,reps,row,BODYWEIGHT_CONTEXT_VARIANT_REVIEW,Recognized strength family but contains home/context prop wording.
gvs_31bf6763a62a1c0b,Bodyweight Row In Doorway,,등,reps,row,BODYWEIGHT_CONTEXT_VARIANT_REVIEW,Recognized strength family but contains home/context prop wording.
gvs_fac61b8cb12bbc12,Bodyweight Seated Alternating Shrug,,등,reps,other,BODYWEIGHT_NOISE_REVIEW,Not in core gym/calisthenics strength families; review before default search exposure.
gvs_c1fabfd0ca2e355a,Bodyweight Seated Single Arm Concentration Curl,,팔,reps,other,BODYWEIGHT_NOISE_REVIEW,Not in core gym/calisthenics strength families; review before default search exposure.
gvs_e0ab07df1daf028f,Bodyweight Side Lying Biceps Curl,,팔,reps,other,BODYWEIGHT_NOISE_REVIEW,Not in core gym/calisthenics strength families; review before default search exposure.
gvs_516721b9f0717c05,Bodyweight Side Lying Leg Adduction,,하체,reps,other,BODYWEIGHT_NOISE_REVIEW,Not in core gym/calisthenics strength families; review before default search exposure.
gvs_c457b7a08cf2d512,Bodyweight Side Squat Step,,하체,reps,squat,BODYWEIGHT_DEFAULT_SEARCH_CANDIDATE,Recognized gym/calisthenics strength family with no home-context/noise markers.
gvs_0a8ec20457b9a026,Bodyweight Side Squat With Towel,,하체,reps,squat,BODYWEIGHT_CONTEXT_VARIANT_REVIEW,Recognized strength family but contains home/context prop wording.
gvs_9e5f4e16e6dda388,Bodyweight Single Arm Lateral Raise,,어깨,reps,other,BODYWEIGHT_NOISE_REVIEW,Not in core gym/calisthenics strength families; review before default search exposure.
gvs_71e6cd34a2cb25ee,Bodyweight Single Leg Deadlift,,하체,reps,other,BODYWEIGHT_NOISE_REVIEW,Not in core gym/calisthenics strength families; review before default search exposure.
gvs_2e2cb69ba0fb094b,Bodyweight Single Leg RDL,,하체,reps,other,BODYWEIGHT_NOISE_REVIEW,Not in core gym/calisthenics strength families; review before default search exposure.
gvs_70d5ed403a1d0ca6,Bodyweight Single Leg Squat,,하체,reps,squat,BODYWEIGHT_DEFAULT_SEARCH_CANDIDATE,Recognized gym/calisthenics strength family with no home-context/noise markers.
gvs_84a7111db2fd5f69,Bodyweight Single Leg Squat With Support,,하체,reps,squat,BODYWEIGHT_DEFAULT_SEARCH_CANDIDATE,Recognized gym/calisthenics strength family with no home-context/noise markers.
gvs_5b758f23e591db6b,Bodyweight Skullcrusher,,팔,reps,other,BODYWEIGHT_NOISE_REVIEW,Not in core gym/calisthenics strength families; review before default search exposure.
gvs_c7cc9198491bf10a,Bodyweight Slow To Explosive Squats,,하체,reps,other,BODYWEIGHT_NOISE_REVIEW,Not in core gym/calisthenics strength families; review before default search exposure.
gvs_36f5c72197134d4d,Bodyweight Split Squat Front Foot Elevated,,하체,reps,squat,BODYWEIGHT_DEFAULT_SEARCH_CANDIDATE,Recognized gym/calisthenics strength family with no home-context/noise markers.
gvs_62dd515d19ea7ca5,Bodyweight Squat,,하체,reps,squat,BODYWEIGHT_DEFAULT_SEARCH_CANDIDATE,Recognized gym/calisthenics strength family with no home-context/noise markers.
gvs_154e81e7405de3bf,Bodyweight Squat On Slackline,,하체,reps,squat,BODYWEIGHT_DEFAULT_SEARCH_CANDIDATE,Recognized gym/calisthenics strength family with no home-context/noise markers.
gvs_d66873a9c7e26cad,Bodyweight Squat Overhead Press,,하체,reps,squat,BODYWEIGHT_DEFAULT_SEARCH_CANDIDATE,Recognized gym/calisthenics strength family with no home-context/noise markers.
gvs_611aabcbb8ffd843,Bodyweight Standing Alternate Chest Fly,,가슴,reps,other,BODYWEIGHT_NOISE_REVIEW,Not in core gym/calisthenics strength families; review before default search exposure.
gvs_8fde960ea17c7540,Bodyweight Standing Arnold Press,,어깨,reps,other,BODYWEIGHT_NOISE_REVIEW,Not in core gym/calisthenics strength families; review before default search exposure.
gvs_80c34fcaf7423490,Bodyweight Standing Around The World,,어깨,reps,other,BODYWEIGHT_NOISE_REVIEW,Not in core gym/calisthenics strength families; review before default search exposure.
gvs_d9b024248322007a,Bodyweight Standing Around World Wall Supported,,어깨,reps,other,BODYWEIGHT_NOISE_REVIEW,Not in core gym/calisthenics strength families; review before default search exposure.
gvs_7be343947309382a,Bodyweight Standing Calf Raise,,하체,reps,calf,BODYWEIGHT_DEFAULT_SEARCH_CANDIDATE,Recognized gym/calisthenics strength family with no home-context/noise markers.
gvs_a82aff18886da556,Bodyweight Standing Close Grip Single Arm Row,,등,reps,row,BODYWEIGHT_EXTENDED_VARIANT_REVIEW,Recognized strength family but compound/complex variant; not a default-search decision yet.
gvs_a206971f5b39d3df,Bodyweight Standing Fly,,가슴,reps,other,BODYWEIGHT_NOISE_REVIEW,Not in core gym/calisthenics strength families; review before default search exposure.
gvs_cfab53070e45d107,Bodyweight Standing Hip Extension,,하체,reps,other,BODYWEIGHT_NOISE_REVIEW,Not in core gym/calisthenics strength families; review before default search exposure.
gvs_3f26fcf80e97bd2e,Bodyweight Standing Military Press,,어깨,reps,other,BODYWEIGHT_NOISE_REVIEW,Not in core gym/calisthenics strength families; review before default search exposure.
gvs_814afd67669afe17,Bodyweight Standing Military Press Wall Supported,,어깨,reps,other,BODYWEIGHT_NOISE_REVIEW,Not in core gym/calisthenics strength families; review before default search exposure.
gvs_a4a87f684784ecc6,Bodyweight Standing Outer Push,,어깨,reps,other,BODYWEIGHT_NOISE_REVIEW,Not in core gym/calisthenics strength families; review before default search exposure.
gvs_4e9d24c79e306a7f,Bodyweight Standing Pec Dec,,가슴,reps,other,BODYWEIGHT_NOISE_REVIEW,Not in core gym/calisthenics strength families; review before default search exposure.
gvs_f5ffba335d83b503,Bodyweight Standing Romanian Deadlift,,하체,reps,other,BODYWEIGHT_NOISE_REVIEW,Not in core gym/calisthenics strength families; review before default search exposure.
gvs_f4fbc4d87d7355fa,Bodyweight Standing Scapula Row,,등,reps,row,BODYWEIGHT_DEFAULT_SEARCH_CANDIDATE,Recognized gym/calisthenics strength family with no home-context/noise markers.
gvs_6d94664710de45af,Bodyweight Standing Shrug,,등,reps,other,BODYWEIGHT_NOISE_REVIEW,Not in core gym/calisthenics strength families; review before default search exposure.
gvs_b3dba1078bd5535f,Bodyweight Standing T Spine Press,,등,reps,other,BODYWEIGHT_NOISE_REVIEW,Not in core gym/calisthenics strength families; review before default search exposure.
gvs_cd051b61be75c2a9,Bodyweight Standing Triangle Fly,,가슴,reps,other,BODYWEIGHT_NOISE_REVIEW,Not in core gym/calisthenics strength families; review before default search exposure.
gvs_288b5dbd6808138d,Bodyweight Standing W Pose,,어깨,reps,other,BODYWEIGHT_NOISE_REVIEW,Not in core gym/calisthenics strength families; review before default search exposure.
gvs_6e46bcee9d2a3a18,Bodyweight Step Up,,하체,reps,other,BODYWEIGHT_NOISE_REVIEW,Not in core gym/calisthenics strength families; review before default search exposure.
gvs_a99ffcbd2592764d,Bodyweight Step Up On Stepbox,,하체,reps,other,BODYWEIGHT_NOISE_REVIEW,Not in core gym/calisthenics strength families; review before default search exposure.
gvs_e57be2420f2b1118,Bodyweight Supported Squat,,하체,reps,squat,BODYWEIGHT_DEFAULT_SEARCH_CANDIDATE,Recognized gym/calisthenics strength family with no home-context/noise markers.
gvs_215b2ef9b4fdb449,Bodyweight Svend Press,,가슴,reps,other,BODYWEIGHT_NOISE_REVIEW,Not in core gym/calisthenics strength families; review before default search exposure.
gvs_1b03806b5badf1a3,Bodyweight Swing,,하체,reps,other,BODYWEIGHT_NOISE_REVIEW,Not in core gym/calisthenics strength families; review before default search exposure.
gvs_2171a2248401391a,Bodyweight Thruster,,하체,reps,other,BODYWEIGHT_NOISE_REVIEW,Not in core gym/calisthenics strength families; review before default search exposure.
gvs_6880a5f7f1921697,Bodyweight Walking Calf Raise,,하체,reps,calf,BODYWEIGHT_DEFAULT_SEARCH_CANDIDATE,Recognized gym/calisthenics strength family with no home-context/noise markers.
gvs_442e116d17afcc71,Bodyweight Wall Squat,,하체,reps,squat,BODYWEIGHT_CONTEXT_VARIANT_REVIEW,Recognized strength family but contains home/context prop wording.
gvs_6c4ab7054846355d,Bodyweight Wide Squat Hands Together,,하체,reps,squat,BODYWEIGHT_DEFAULT_SEARCH_CANDIDATE,Recognized gym/calisthenics strength family with no home-context/noise markers.
gvs_ea3603e6970c9a54,Bodyweight Windmill,,코어,reps,other,BODYWEIGHT_NOISE_REVIEW,Not in core gym/calisthenics strength families; review before default search exposure.
gvs_33726d6904e81215,Bodyweight Windmill Cut,,코어,reps,other,BODYWEIGHT_NOISE_REVIEW,Not in core gym/calisthenics strength families; review before default search exposure.
gvs_d8d0a1330ef3b0b3,Bodyweight Wood Chop Squat,,코어,reps,squat,BODYWEIGHT_DEFAULT_SEARCH_CANDIDATE,Recognized gym/calisthenics strength family with no home-context/noise markers.
gvs_06d18f8123d14bad,Bosu Ball Alternate Heel Touch Side Kick Squat,,하체,reps,squat,BODYWEIGHT_EXTENDED_VARIANT_REVIEW,Recognized strength family but compound/complex variant; not a default-search decision yet.
gvs_1b588fa5f38e4445,Bosu Ball Goblet Squat,,하체,reps,squat,BODYWEIGHT_DEFAULT_SEARCH_CANDIDATE,Recognized gym/calisthenics strength family with no home-context/noise markers.
gvs_9b8bfa4e74ff4724,Bosu Ball Single Leg Good Morning,,하체,reps,other,BODYWEIGHT_NOISE_REVIEW,Not in core gym/calisthenics strength families; review before default search exposure.
gvs_0e609490fcd2268e,Bosu Ball Squat,,하체,reps,squat,BODYWEIGHT_DEFAULT_SEARCH_CANDIDATE,Recognized gym/calisthenics strength family with no home-context/noise markers.
gvs_b79d5ce096a496be,Bottoms Up,,코어,reps,other,BODYWEIGHT_NOISE_REVIEW,Not in core gym/calisthenics strength families; review before default search exposure.
gvs_4b197a156f155e41,Bridge Alternate Leg Lift,,하체,reps,other,BODYWEIGHT_NOISE_REVIEW,Not in core gym/calisthenics strength families; review before default search exposure.
gvs_234ebe17584175ff,Bridge Hip Abduction,,하체,reps,other,BODYWEIGHT_NOISE_REVIEW,Not in core gym/calisthenics strength families; review before default search exposure.
gvs_08cbbf58c4c088d2,Bridge Straight Leg Raise,,하체,reps,core_raise,BODYWEIGHT_DEFAULT_SEARCH_CANDIDATE,Recognized gym/calisthenics strength family with no home-context/noise markers.
gvs_bc7171aac600f4cc,Bridge Walk,,하체,reps,other,BODYWEIGHT_NOISE_REVIEW,Not in core gym/calisthenics strength families; review before default search exposure.
gvs_9cb98551b6746625,Bridge Walk Leg Raise,,하체,reps,core_raise,BODYWEIGHT_EXTENDED_VARIANT_REVIEW,Recognized strength family but compound/complex variant; not a default-search decision yet.
gvs_2a36a78b6e2fe3bb,Bulgarian Split Squat,불가리안 스플릿 스쿼트,하체,reps,squat,BODYWEIGHT_DEFAULT_SEARCH_CANDIDATE,Recognized gym/calisthenics strength family with no home-context/noise markers.
gvs_6f455baff64f06a7,Bulgarian Split Squat With Chair,,하체,reps,squat,BODYWEIGHT_CONTEXT_VARIANT_REVIEW,Recognized strength family but contains home/context prop wording.
gvs_8892ffac9f2473c6,Butterfly Pull Up,,등,reps,pull_chin_muscleup,BODYWEIGHT_DEFAULT_SEARCH_CANDIDATE,Recognized gym/calisthenics strength family with no home-context/noise markers.
gvs_d4e67ac2bc0ba7ec,Butterfly Twist,,코어,reps,other,BODYWEIGHT_NOISE_REVIEW,Not in core gym/calisthenics strength families; review before default search exposure.
gvs_9fd99d079b102e97,Butterfly Yoga Flaps,,하체,reps,other,BODYWEIGHT_NOISE_REVIEW,Not in core gym/calisthenics strength families; review before default search exposure.
gvs_947d2391afd8eea1,Bycicle Twisting Crunch,,코어,reps,core_crunch,BODYWEIGHT_DEFAULT_SEARCH_CANDIDATE,Recognized gym/calisthenics strength family with no home-context/noise markers.
gvs_98e9a214416b81dc,Calf Raise From Deficit With Chair Supported,,하체,reps,calf,BODYWEIGHT_CONTEXT_VARIANT_REVIEW,Recognized strength family but contains home/context prop wording.
gvs_4b36afa4be096e32,Calf Raise With Wall Support,,하체,reps,calf,BODYWEIGHT_CONTEXT_VARIANT_REVIEW,Recognized strength family but contains home/context prop wording.
gvs_77ea31446d9a17ce,Cambered Bar Lying Row,,등,reps,row,BODYWEIGHT_DEFAULT_SEARCH_CANDIDATE,Recognized gym/calisthenics strength family with no home-context/noise markers.
gvs_5fa686a943f22505,Captains Chair Leg Raise,,코어,reps,core_raise,BODYWEIGHT_CONTEXT_VARIANT_REVIEW,Recognized strength family but contains home/context prop wording.
gvs_eb471f21a27da715,Captains Chair Straight Leg Raise,,코어,reps,core_raise,BODYWEIGHT_CONTEXT_VARIANT_REVIEW,Recognized strength family but contains home/context prop wording.
gvs_75e775e7ab412017,Celebratory Hip Thrust,,하체,reps,glute_hip,BODYWEIGHT_DEFAULT_SEARCH_CANDIDATE,Recognized gym/calisthenics strength family with no home-context/noise markers.
gvs_073c2ba7b4d0fd8f,Chair Squat Calf Rock,,하체,reps,squat,BODYWEIGHT_CONTEXT_VARIANT_REVIEW,Recognized strength family but contains home/context prop wording.
gvs_cc06d5853e4b88a1,Chair Squat To Toe Stand,,하체,reps,squat,BODYWEIGHT_CONTEXT_VARIANT_REVIEW,Recognized strength family but contains home/context prop wording.
gvs_65ef0d7bf239be63,Cheat Curl,,팔,reps,other,BODYWEIGHT_NOISE_REVIEW,Not in core gym/calisthenics strength families; review before default search exposure.
gvs_63efbb7c4b7e598a,Cheerleader Clap Backhand Swing,,어깨,reps,other,BODYWEIGHT_NOISE_REVIEW,Not in core gym/calisthenics strength families; review before default search exposure.
gvs_805b93b317ac716b,Chest Dip,,가슴,reps,dip,BODYWEIGHT_DEFAULT_SEARCH_CANDIDATE,Recognized gym/calisthenics strength family with no home-context/noise markers.
gvs_d4a066a5cca87205,Chest Dip (On Dip Pull Up Cage),,가슴,reps,pull_chin_muscleup,BODYWEIGHT_DEFAULT_SEARCH_CANDIDATE,Recognized gym/calisthenics strength family with no home-context/noise markers.
gvs_afd96fb85ee29e96,Chest Dip On Bench,,가슴,reps,dip,BODYWEIGHT_DEFAULT_SEARCH_CANDIDATE,Recognized gym/calisthenics strength family with no home-context/noise markers.
gvs_5a3ec6f6cc2c1d90,Chest Fly And Press Up,,가슴,reps,other,BODYWEIGHT_NOISE_REVIEW,Not in core gym/calisthenics strength families; review before default search exposure.
gvs_6300360b0e0b148b,Chest Fly Plyo Squat,,하체,reps,squat,BODYWEIGHT_DEFAULT_SEARCH_CANDIDATE,Recognized gym/calisthenics strength family with no home-context/noise markers.
gvs_c3c0b08b98f52593,Chest Pressdown,,가슴,reps,other,BODYWEIGHT_NOISE_REVIEW,Not in core gym/calisthenics strength families; review before default search exposure.
gvs_46cf9e735ca2cf6b,Chest Pull Back,,등,reps,other,BODYWEIGHT_NOISE_REVIEW,Not in core gym/calisthenics strength families; review before default search exposure.
gvs_b2cf09748b672a7a,Chest Raise And Rotate,,어깨,reps,other,BODYWEIGHT_NOISE_REVIEW,Not in core gym/calisthenics strength families; review before default search exposure.
gvs_a13ca34573f709c5,Chin Up,친업,등,reps,pull_chin_muscleup,BODYWEIGHT_DEFAULT_SEARCH_CANDIDATE,Recognized gym/calisthenics strength family with no home-context/noise markers.
gvs_c5e0ca363c288000,Chin Up (Izometric And Negative),,등,reps,pull_chin_muscleup,BODYWEIGHT_EXTENDED_VARIANT_REVIEW,Recognized strength family but compound/complex variant; not a default-search decision yet.
gvs_f7fb08c1779b85d1,Chin Ups (Narrow Parallel Grip),,등,reps,other,BODYWEIGHT_NOISE_REVIEW,Not in core gym/calisthenics strength families; review before default search exposure.
gvs_cf31f4b2ee5e5310,Chinese Plank,,코어,duration,plank,BODYWEIGHT_DEFAULT_SEARCH_CANDIDATE,Recognized gym/calisthenics strength family with no home-context/noise markers.
gvs_90a46e6d0c2596f5,Circles Arm,,어깨,reps,other,BODYWEIGHT_NOISE_REVIEW,Not in core gym/calisthenics strength families; review before default search exposure.
gvs_343202a3a007b1fb,Circles Elbow Arm,,어깨,reps,other,BODYWEIGHT_NOISE_REVIEW,Not in core gym/calisthenics strength families; review before default search exposure.
gvs_d10adc0cf5f29082,Clamshell Sit Against Wall,,하체,reps,other,BODYWEIGHT_NOISE_REVIEW,Not in core gym/calisthenics strength families; review before default search exposure.
gvs_d2b6a9364c8a6c70,Clap Curtsey Squat,,하체,reps,squat,BODYWEIGHT_DEFAULT_SEARCH_CANDIDATE,Recognized gym/calisthenics strength family with no home-context/noise markers.
gvs_99cf466a54f05b70,Clap Push Up Plyometrics,,가슴,reps,push_up,BODYWEIGHT_EXTENDED_VARIANT_REVIEW,Recognized strength family but compound/complex variant; not a default-search decision yet.
gvs_e6117173580915ab,Clock Push Up,,가슴,reps,push_up,BODYWEIGHT_DEFAULT_SEARCH_CANDIDATE,Recognized gym/calisthenics strength family with no home-context/noise markers.
gvs_c2ea2d4ed252455c,Close Grip Chin Up,클로즈 그립 친업,등,reps,pull_chin_muscleup,BODYWEIGHT_EXTENDED_VARIANT_REVIEW,Recognized strength family but compound/complex variant; not a default-search decision yet.
gvs_18a4abe897190da6,Close Grip Pull Up,클로즈 그립 풀업,등,reps,pull_chin_muscleup,BODYWEIGHT_EXTENDED_VARIANT_REVIEW,Recognized strength family but compound/complex variant; not a default-search decision yet.
gvs_674405784ee3ebee,Close Grip Push Up,클로즈 그립 푸시업,팔,reps,push_up,BODYWEIGHT_EXTENDED_VARIANT_REVIEW,Recognized strength family but compound/complex variant; not a default-search decision yet.
gvs_5184c8022b86b6c8,Close Grip Push Up (On Knees),,팔,reps,push_up,BODYWEIGHT_EXTENDED_VARIANT_REVIEW,Recognized strength family but compound/complex variant; not a default-search decision yet.
gvs_fd53224c47928b1a,Close Grip Push Up Against The Wall,,팔,reps,push_up,BODYWEIGHT_CONTEXT_VARIANT_REVIEW,Recognized strength family but contains home/context prop wording.
gvs_cacec9fd13a2f1c9,Close Stance Squat,,하체,reps,squat,BODYWEIGHT_EXTENDED_VARIANT_REVIEW,Recognized strength family but compound/complex variant; not a default-search decision yet.
gvs_c0c27b8fa30ce91f,Cobra Push Up,,가슴,reps,push_up,BODYWEIGHT_DEFAULT_SEARCH_CANDIDATE,Recognized gym/calisthenics strength family with no home-context/noise markers.
gvs_ba467d76cab46634,Cocoons,,코어,reps,other,BODYWEIGHT_NOISE_REVIEW,Not in core gym/calisthenics strength families; review before default search exposure.
gvs_5461a2502fcd4b5a,Commando Pull Up,,등,reps,pull_chin_muscleup,BODYWEIGHT_DEFAULT_SEARCH_CANDIDATE,Recognized gym/calisthenics strength family with no home-context/noise markers.
gvs_ff4f2e869e4c1d64,Corn Cob (Side To Side) Pull Up,,등,reps,pull_chin_muscleup,BODYWEIGHT_EXTENDED_VARIANT_REVIEW,Recognized strength family but compound/complex variant; not a default-search decision yet.
gvs_5ff76c5c1abcc988,Cossack Squats,,하체,reps,other,BODYWEIGHT_NOISE_REVIEW,Not in core gym/calisthenics strength families; review before default search exposure.
gvs_4e98cc6d636f74dd,Counterbalanced Skater Squat,,하체,reps,squat,BODYWEIGHT_DEFAULT_SEARCH_CANDIDATE,Recognized gym/calisthenics strength family with no home-context/noise markers.
gvs_e0e0e7a8cd2a574e,Crab Knee To Elbow,,코어,reps,other,BODYWEIGHT_NOISE_REVIEW,Not in core gym/calisthenics strength families; review before default search exposure.
gvs_79c69c369bdff760,Crab Twist Toe Touch,,코어,reps,core_crunch,BODYWEIGHT_EXTENDED_VARIANT_REVIEW,Recognized strength family but compound/complex variant; not a default-search decision yet.
gvs_a4f0bb3ebce74868,Crawl Switch,,코어,reps,other,BODYWEIGHT_NOISE_REVIEW,Not in core gym/calisthenics strength families; review before default search exposure.
gvs_aa667c0100e2d299,Criss Cross Arms Lift,,가슴,reps,other,BODYWEIGHT_NOISE_REVIEW,Not in core gym/calisthenics strength families; review before default search exposure.
gvs_ba2b2113bff215e3,Criss Cross Arms Prayer Push,,가슴,reps,other,BODYWEIGHT_NOISE_REVIEW,Not in core gym/calisthenics strength families; review before default search exposure.
gvs_94bf78b7d39d02a7,Criss Cross Knee Tuck,,코어,reps,other,BODYWEIGHT_NOISE_REVIEW,Not in core gym/calisthenics strength families; review before default search exposure.
gvs_75cae994c1514aae,Criss Cross Leg Raises,,하체,reps,other,BODYWEIGHT_NOISE_REVIEW,Not in core gym/calisthenics strength families; review before default search exposure.
gvs_1cba1d262aa38330,Criss Cross Upper Chest Raise,,가슴,reps,other,BODYWEIGHT_NOISE_REVIEW,Not in core gym/calisthenics strength families; review before default search exposure.
gvs_866df4f8df0dd89e,Cross Arms Triceps Extension,,팔,reps,other,BODYWEIGHT_NOISE_REVIEW,Not in core gym/calisthenics strength families; review before default search exposure.
gvs_bfdb54952baa9005,Cross Body Twisting Crunch,,코어,reps,core_crunch,BODYWEIGHT_DEFAULT_SEARCH_CANDIDATE,Recognized gym/calisthenics strength family with no home-context/noise markers.
gvs_b2b107b239512c90,Cross Standing Crunch,,코어,reps,core_crunch,BODYWEIGHT_DEFAULT_SEARCH_CANDIDATE,Recognized gym/calisthenics strength family with no home-context/noise markers.
gvs_c66b5315246042f5,Crossed Body Twist Sit Up,,코어,reps,core_crunch,BODYWEIGHT_EXTENDED_VARIANT_REVIEW,Recognized strength family but compound/complex variant; not a default-search decision yet.
gvs_d2c4080c79e287ca,Crunch (Arms Straight),,코어,reps,core_crunch,BODYWEIGHT_DEFAULT_SEARCH_CANDIDATE,Recognized gym/calisthenics strength family with no home-context/noise markers.
gvs_ff79af56b3d7c248,Crunch (Hands Overhead),,코어,reps,core_crunch,BODYWEIGHT_DEFAULT_SEARCH_CANDIDATE,Recognized gym/calisthenics strength family with no home-context/noise markers.
gvs_a81d9c4b7781f443,Crunch (Leg Raise),크런치 레그 레이즈,코어,reps,core_raise,BODYWEIGHT_DEFAULT_SEARCH_CANDIDATE,Recognized gym/calisthenics strength family with no home-context/noise markers.
gvs_db63a9e110b0f091,Crunch (On Bench),,코어,reps,core_crunch,BODYWEIGHT_DEFAULT_SEARCH_CANDIDATE,Recognized gym/calisthenics strength family with no home-context/noise markers.
gvs_e64f531043a297ba,Crunch (On Bosu Ball),,코어,reps,core_crunch,BODYWEIGHT_DEFAULT_SEARCH_CANDIDATE,Recognized gym/calisthenics strength family with no home-context/noise markers.
gvs_f9095dae6aa6a72c,Crunch (Straight Leg Up),,코어,reps,core_crunch,BODYWEIGHT_DEFAULT_SEARCH_CANDIDATE,Recognized gym/calisthenics strength family with no home-context/noise markers.
gvs_5a7fa7bddfdaaa05,Crunch Against Wall,,코어,reps,core_crunch,BODYWEIGHT_CONTEXT_VARIANT_REVIEW,Recognized strength family but contains home/context prop wording.
gvs_6b13264197dfb451,Crunch Bent Knee Against Wall,,코어,reps,core_crunch,BODYWEIGHT_CONTEXT_VARIANT_REVIEW,Recognized strength family but contains home/context prop wording.
gvs_9c34eeedd01e1a85,Crunch Floor,,코어,reps,core_crunch,BODYWEIGHT_DEFAULT_SEARCH_CANDIDATE,Recognized gym/calisthenics strength family with no home-context/noise markers.
gvs_80fe0dbe0debb64c,Crunch On A Bench,,코어,reps,core_crunch,BODYWEIGHT_DEFAULT_SEARCH_CANDIDATE,Recognized gym/calisthenics strength family with no home-context/noise markers.
gvs_ccb9f2f8430ef15e,Crunchy Frog On Floor,,코어,reps,other,BODYWEIGHT_NOISE_REVIEW,Not in core gym/calisthenics strength families; review before default search exposure.
gvs_da71a7a650be7134,Curtsey Squat,,하체,reps,squat,BODYWEIGHT_DEFAULT_SEARCH_CANDIDATE,Recognized gym/calisthenics strength family with no home-context/noise markers.
gvs_321322e8102ad1f6,Curtsy Lunge Slide With Towel,,하체,reps,lunge_split,BODYWEIGHT_CONTEXT_VARIANT_REVIEW,Recognized strength family but contains home/context prop wording.
gvs_bf8f0779e90318d5,Dead Bug,,코어,reps,other,BODYWEIGHT_NOISE_REVIEW,Not in core gym/calisthenics strength families; review before default search exposure.
gvs_2029016e07c8a67c,Decline Bent Leg Reverse Crunch,,코어,reps,core_crunch,BODYWEIGHT_DEFAULT_SEARCH_CANDIDATE,Recognized gym/calisthenics strength family with no home-context/noise markers.
gvs_8d1faf86c27be0fc,Decline Crunch,디클라인 크런치,코어,reps,core_crunch,BODYWEIGHT_DEFAULT_SEARCH_CANDIDATE,Recognized gym/calisthenics strength family with no home-context/noise markers.
gvs_149903b5ff33c57d,Decline Diamond Pike Push Up,,어깨,reps,push_up,BODYWEIGHT_DEFAULT_SEARCH_CANDIDATE,Recognized gym/calisthenics strength family with no home-context/noise markers.
gvs_ca2c68050b7001f1,Decline Diamond Push Up,,가슴,reps,push_up,BODYWEIGHT_DEFAULT_SEARCH_CANDIDATE,Recognized gym/calisthenics strength family with no home-context/noise markers.
gvs_58c7d612162ee580,Decline Knee Raise,디클라인 니 레이즈,코어,reps,core_raise,BODYWEIGHT_DEFAULT_SEARCH_CANDIDATE,Recognized gym/calisthenics strength family with no home-context/noise markers.
gvs_982be4465c3f783c,Decline Kneeling Push Up On Box,,가슴,reps,push_up,BODYWEIGHT_DEFAULT_SEARCH_CANDIDATE,Recognized gym/calisthenics strength family with no home-context/noise markers.
gvs_7f3c0673a6813d6b,Decline Leg Hip Raise,,코어,reps,other,BODYWEIGHT_NOISE_REVIEW,Not in core gym/calisthenics strength families; review before default search exposure.
gvs_652f96e8823cbec6,Decline Push Up,디클라인 푸시업,가슴,reps,push_up,BODYWEIGHT_DEFAULT_SEARCH_CANDIDATE,Recognized gym/calisthenics strength family with no home-context/noise markers.
gvs_373f73007a2699a8,Decline Push Up (Kneeling),디클라인 푸시업 닐링,가슴,reps,push_up,BODYWEIGHT_DEFAULT_SEARCH_CANDIDATE,Recognized gym/calisthenics strength family with no home-context/noise markers.
gvs_4257341f0ab02ccf,Decline Push Up Against Wall,,가슴,reps,push_up,BODYWEIGHT_CONTEXT_VARIANT_REVIEW,Recognized strength family but contains home/context prop wording.
gvs_d129d236e91e4600,Decline Push Up With Chair,,가슴,reps,push_up,BODYWEIGHT_CONTEXT_VARIANT_REVIEW,Recognized strength family but contains home/context prop wording.
gvs_dc5c27f99c596209,Decline Shoulder Tap,,가슴,reps,other,BODYWEIGHT_NOISE_REVIEW,Not in core gym/calisthenics strength families; review before default search exposure.
gvs_d04153e52c13e10d,Decline Sit Up,디클라인 싯업,,reps,core_crunch,BODYWEIGHT_DEFAULT_SEARCH_CANDIDATE,Recognized gym/calisthenics strength family with no home-context/noise markers.
gvs_9df8fc20425ebc1e,Deep Breathe Flaps Plyo Squat,,하체,reps,squat,BODYWEIGHT_DEFAULT_SEARCH_CANDIDATE,Recognized gym/calisthenics strength family with no home-context/noise markers.
gvs_46238b6e738427fc,Deep Frog Squat,,하체,reps,squat,BODYWEIGHT_DEFAULT_SEARCH_CANDIDATE,Recognized gym/calisthenics strength family with no home-context/noise markers.
gvs_40c6996cb3e0c4b2,Deep Knee Bend,,하체,reps,other,BODYWEIGHT_NOISE_REVIEW,Not in core gym/calisthenics strength families; review before default search exposure.
gvs_518745dfe804633f,Deep Lunge Circle,,하체,reps,lunge_split,BODYWEIGHT_EXTENDED_VARIANT_REVIEW,Recognized strength family but compound/complex variant; not a default-search decision yet.
gvs_20a6b485e49efba9,Deep Prisoner Squat,,하체,reps,squat,BODYWEIGHT_DEFAULT_SEARCH_CANDIDATE,Recognized gym/calisthenics strength family with no home-context/noise markers.
gvs_9d2d376a7c04c5c4,Deep Push Up,,가슴,reps,push_up,BODYWEIGHT_DEFAULT_SEARCH_CANDIDATE,Recognized gym/calisthenics strength family with no home-context/noise markers.
gvs_3024b83bc4844003,Deep Push Up Hold,,가슴,duration,push_up,BODYWEIGHT_DEFAULT_SEARCH_CANDIDATE,Recognized gym/calisthenics strength family with no home-context/noise markers.
gvs_a0fc471bf340323b,Deep Push Up On Parallel Bars,,가슴,reps,push_up,BODYWEIGHT_DEFAULT_SEARCH_CANDIDATE,Recognized gym/calisthenics strength family with no home-context/noise markers.
gvs_5782fdd577882ab1,Deep Sumo Squat Hold,,하체,duration,squat,BODYWEIGHT_DEFAULT_SEARCH_CANDIDATE,Recognized gym/calisthenics strength family with no home-context/noise markers.
gvs_0ca4bb9a7fbfce80,Diagonal Front Scoop Raise,,가슴,reps,other,BODYWEIGHT_NOISE_REVIEW,Not in core gym/calisthenics strength families; review before default search exposure.
gvs_2e1cb1374482e6af,Diagonal In Out On Chair,,코어,reps,other,BODYWEIGHT_NOISE_REVIEW,Not in core gym/calisthenics strength families; review before default search exposure.
gvs_113fbc0357cb018b,Diagonal Opens,,가슴,reps,other,BODYWEIGHT_NOISE_REVIEW,Not in core gym/calisthenics strength families; review before default search exposure.
gvs_2c8ae9c747f594ff,Diagonal Pick And Carry (Woodchop),,코어,reps,other,BODYWEIGHT_NOISE_REVIEW,Not in core gym/calisthenics strength families; review before default search exposure.
gvs_d6efc1956315115d,Diagonal Reach On Chair,,코어,reps,other,BODYWEIGHT_NOISE_REVIEW,Not in core gym/calisthenics strength families; review before default search exposure.
gvs_aa6386538db3b2eb,Diamond Press,,등,reps,other,BODYWEIGHT_NOISE_REVIEW,Not in core gym/calisthenics strength families; review before default search exposure.
gvs_91c5d612e9dbd170,Diamond Push Up,,팔,reps,push_up,BODYWEIGHT_DEFAULT_SEARCH_CANDIDATE,Recognized gym/calisthenics strength family with no home-context/noise markers.
gvs_8d928a4cc41bad92,Diamond Push Up (On Knees),,팔,reps,push_up,BODYWEIGHT_DEFAULT_SEARCH_CANDIDATE,Recognized gym/calisthenics strength family with no home-context/noise markers.
gvs_01b1cf13b1708f83,Diamond Push Up Against Wall,,팔,reps,push_up,BODYWEIGHT_CONTEXT_VARIANT_REVIEW,Recognized strength family but contains home/context prop wording.
gvs_d347e9601a1e64aa,Dip Bent Knees With Chair,,팔,reps,dip,BODYWEIGHT_CONTEXT_VARIANT_REVIEW,Recognized strength family but contains home/context prop wording.
gvs_92df371f078980cf,Dip On Floor With Chair,,가슴,reps,dip,BODYWEIGHT_CONTEXT_VARIANT_REVIEW,Recognized strength family but contains home/context prop wording.
gvs_ee4421abf5ed8563,Dips Between Chairs,,가슴,reps,other,BODYWEIGHT_NOISE_REVIEW,Not in core gym/calisthenics strength families; review before default search exposure.
gvs_1b6e884a6d9159cc,Donkey Calf Raise,,하체,reps,calf,BODYWEIGHT_DEFAULT_SEARCH_CANDIDATE,Recognized gym/calisthenics strength family with no home-context/noise markers.
gvs_67f477756406acb1,Donkey Kick Glute Curl,,하체,reps,other,BODYWEIGHT_NOISE_REVIEW,Not in core gym/calisthenics strength families; review before default search exposure.
gvs_81a20ae76e9fc4bf,Donkey Kickback,,하체,reps,other,BODYWEIGHT_NOISE_REVIEW,Not in core gym/calisthenics strength families; review before default search exposure.
gvs_8c188820565b5e82,Doorway Biceps Curl,,팔,reps,other,BODYWEIGHT_NOISE_REVIEW,Not in core gym/calisthenics strength families; review before default search exposure.
gvs_45610ecd606c6979,Double Heel Lift Sit Against Wall,,하체,reps,other,BODYWEIGHT_NOISE_REVIEW,Not in core gym/calisthenics strength families; review before default search exposure.
gvs_117a926e175ff070,Double Jump Squat,,하체,reps,squat,BODYWEIGHT_EXTENDED_VARIANT_REVIEW,Recognized strength family but compound/complex variant; not a default-search decision yet.
gvs_b6279011e8184d55,Double Palm Tap Russian Twist,,코어,reps,other,BODYWEIGHT_NOISE_REVIEW,Not in core gym/calisthenics strength families; review before default search exposure.
gvs_2d6c9547514d6747,Double Pulse Elbow Fly,,가슴,reps,other,BODYWEIGHT_NOISE_REVIEW,Not in core gym/calisthenics strength families; review before default search exposure.
gvs_61c97838f7ca9762,Double Woodchopper,,코어,reps,other,BODYWEIGHT_NOISE_REVIEW,Not in core gym/calisthenics strength families; review before default search exposure.
gvs_5880907d54e63bb5,Down To Upward Dog,,코어,reps,other,BODYWEIGHT_NOISE_REVIEW,Not in core gym/calisthenics strength families; review before default search exposure.
gvs_0795160ad38c11e8,Downward Dog Crunch,,코어,reps,core_crunch,BODYWEIGHT_DEFAULT_SEARCH_CANDIDATE,Recognized gym/calisthenics strength family with no home-context/noise markers.
gvs_5b6f078f0fae8897,Downward Punch,,어깨,reps,other,BODYWEIGHT_NOISE_REVIEW,Not in core gym/calisthenics strength families; review before default search exposure.
gvs_c2c72beb500314ab,Dumbbel Seated Arnold Press,,어깨,reps,other,BODYWEIGHT_NOISE_REVIEW,Not in core gym/calisthenics strength families; review before default search exposure.
gvs_8d2f673bce5e8aa3,Dumbell Single Arm Side Lying Bench Press,,가슴,reps,other,BODYWEIGHT_NOISE_REVIEW,Not in core gym/calisthenics strength families; review before default search exposure.
gvs_1cbe827dcfd8d3e9,Dynamic Bird Dog,,코어,reps,other,BODYWEIGHT_NOISE_REVIEW,Not in core gym/calisthenics strength families; review before default search exposure.
gvs_9b28e17a41cd4fc4,Dynamic Leg Swing,,하체,reps,other,BODYWEIGHT_NOISE_REVIEW,Not in core gym/calisthenics strength families; review before default search exposure.
gvs_65d4048e20b43b08,Dynamic Single Leg Stand,,하체,reps,other,BODYWEIGHT_NOISE_REVIEW,Not in core gym/calisthenics strength families; review before default search exposure.
gvs_1513729dcca55701,Ear To Knee Side Bend,,코어,reps,other,BODYWEIGHT_NOISE_REVIEW,Not in core gym/calisthenics strength families; review before default search exposure.
gvs_3fea172b810771eb,Elbow Closed Arms Pulse,,가슴,reps,other,BODYWEIGHT_NOISE_REVIEW,Not in core gym/calisthenics strength families; review before default search exposure.
gvs_df65a083879939b3,Elbow Fly And Palm Press,,가슴,reps,other,BODYWEIGHT_NOISE_REVIEW,Not in core gym/calisthenics strength families; review before default search exposure.
gvs_b31748f861a5f996,Elbow Lift Reverse Push Up,,등,reps,push_up,BODYWEIGHT_DEFAULT_SEARCH_CANDIDATE,Recognized gym/calisthenics strength family with no home-context/noise markers.
gvs_cf92e5edab1472f9,Elbow Lift To Prayer Push,,어깨,reps,other,BODYWEIGHT_NOISE_REVIEW,Not in core gym/calisthenics strength families; review before default search exposure.
gvs_62b0680460c9e24e,Elbow Prayer Push Circle Draw,,가슴,reps,other,BODYWEIGHT_NOISE_REVIEW,Not in core gym/calisthenics strength families; review before default search exposure.
gvs_dc7a5aaebd5a12f0,Elbow Push Up,,코어,reps,push_up,BODYWEIGHT_DEFAULT_SEARCH_CANDIDATE,Recognized gym/calisthenics strength family with no home-context/noise markers.
gvs_9a46cc0e4b751a34,Elbow To Elbow,,가슴,reps,other,BODYWEIGHT_NOISE_REVIEW,Not in core gym/calisthenics strength families; review before default search exposure.
gvs_93c8de108e37fcda,Elbow To Knee,,코어,reps,other,BODYWEIGHT_NOISE_REVIEW,Not in core gym/calisthenics strength families; review before default search exposure.
gvs_16136913552b062b,Elbow To Knee Decline Side Plank,,코어,duration,plank,BODYWEIGHT_EXTENDED_VARIANT_REVIEW,Recognized strength family but compound/complex variant; not a default-search decision yet.
gvs_9f64a1e1072f5029,Elbow To Knee Side Plank Crunch,,코어,reps,core_crunch,BODYWEIGHT_EXTENDED_VARIANT_REVIEW,Recognized strength family but compound/complex variant; not a default-search decision yet.
gvs_6562631f8cc615d7,Elbow To Knee Side Plank Crunch (Left),,코어,reps,core_crunch,BODYWEIGHT_EXTENDED_VARIANT_REVIEW,Recognized strength family but compound/complex variant; not a default-search decision yet.
gvs_51ab6b13a259e75b,Elbow To Knee Sit Up,,코어,reps,core_crunch,BODYWEIGHT_EXTENDED_VARIANT_REVIEW,Recognized strength family but compound/complex variant; not a default-search decision yet.
gvs_405890a46468302a,Elbow Touch And Lift,,어깨,reps,other,BODYWEIGHT_NOISE_REVIEW,Not in core gym/calisthenics strength families; review before default search exposure.
gvs_2e886f07dbdfec1f,Elbow Touch And Press Up,,어깨,reps,other,BODYWEIGHT_NOISE_REVIEW,Not in core gym/calisthenics strength families; review before default search exposure.
gvs_62d57b80b6a4896a,Elbow Touch To Outer Throw,,가슴,reps,other,BODYWEIGHT_NOISE_REVIEW,Not in core gym/calisthenics strength families; review before default search exposure.
gvs_9045febc5fec70a6,Elevated Cycling,,코어,reps,other,BODYWEIGHT_NOISE_REVIEW,Not in core gym/calisthenics strength families; review before default search exposure.
gvs_a0d090b98ec241dd,Elevated Goblet Squat,,하체,reps,squat,BODYWEIGHT_DEFAULT_SEARCH_CANDIDATE,Recognized gym/calisthenics strength family with no home-context/noise markers.
gvs_9b18b097cd696e9f,Elevated Knee Tuck V Tuck,,코어,reps,other,BODYWEIGHT_NOISE_REVIEW,Not in core gym/calisthenics strength families; review before default search exposure.
gvs_e23cc787ec536c6f,Elevated Legs Hip Thrust,,하체,reps,glute_hip,BODYWEIGHT_DEFAULT_SEARCH_CANDIDATE,Recognized gym/calisthenics strength family with no home-context/noise markers.
gvs_f25be79bbb91a0ab,Elevated Plank Walkout With A Chair,,코어,duration,plank,BODYWEIGHT_CONTEXT_VARIANT_REVIEW,Recognized strength family but contains home/context prop wording.
gvs_ff01ec5a7ac6ddcc,Elevated Push Up,,가슴,reps,push_up,BODYWEIGHT_DEFAULT_SEARCH_CANDIDATE,Recognized gym/calisthenics strength family with no home-context/noise markers.
gvs_7d89543a7f5392a4,Elevated Single Leg Hip Thrust,,하체,reps,glute_hip,BODYWEIGHT_DEFAULT_SEARCH_CANDIDATE,Recognized gym/calisthenics strength family with no home-context/noise markers.
gvs_92e91001a4433ce1,Elevated Split Squat,,하체,reps,squat,BODYWEIGHT_DEFAULT_SEARCH_CANDIDATE,Recognized gym/calisthenics strength family with no home-context/noise markers.
gvs_cc9c0e64b22febfe,Elevated Staggered Leg Hip Thrust,,하체,reps,glute_hip,BODYWEIGHT_DEFAULT_SEARCH_CANDIDATE,Recognized gym/calisthenics strength family with no home-context/noise markers.
gvs_691308f1fdec33b9,Elevated Standing Calf Raise,,하체,reps,calf,BODYWEIGHT_DEFAULT_SEARCH_CANDIDATE,Recognized gym/calisthenics strength family with no home-context/noise markers.
gvs_0618a0268d1f4b4c,Elevated Two Legs Hip Thrust,,하체,reps,glute_hip,BODYWEIGHT_DEFAULT_SEARCH_CANDIDATE,Recognized gym/calisthenics strength family with no home-context/noise markers.
gvs_d9a754899b119b35,Explosive Dynamic Plank,,코어,duration,plank,BODYWEIGHT_DEFAULT_SEARCH_CANDIDATE,Recognized gym/calisthenics strength family with no home-context/noise markers.
gvs_6afe84bc5928136e,Explosive Kneeling Push Up,,가슴,reps,push_up,BODYWEIGHT_DEFAULT_SEARCH_CANDIDATE,Recognized gym/calisthenics strength family with no home-context/noise markers.
gvs_f689b99294b6ada8,Explosive Push Up,,가슴,reps,push_up,BODYWEIGHT_DEFAULT_SEARCH_CANDIDATE,Recognized gym/calisthenics strength family with no home-context/noise markers.
gvs_768ca15996f86165,Far Leg Hip Thrust,,하체,reps,glute_hip,BODYWEIGHT_DEFAULT_SEARCH_CANDIDATE,Recognized gym/calisthenics strength family with no home-context/noise markers.
gvs_6375d6d3b3e809f3,Fast Sit Up Slow Down,,코어,reps,core_crunch,BODYWEIGHT_DEFAULT_SEARCH_CANDIDATE,Recognized gym/calisthenics strength family with no home-context/noise markers.
gvs_ed549e9fea56dbdf,Finger Claps,,팔,reps,other,BODYWEIGHT_NOISE_REVIEW,Not in core gym/calisthenics strength families; review before default search exposure.
gvs_07ecf020b9cad0ba,Finger Push Up,,가슴,reps,push_up,BODYWEIGHT_DEFAULT_SEARCH_CANDIDATE,Recognized gym/calisthenics strength family with no home-context/noise markers.
gvs_32a5b2bb0a16856b,Finger Raises Plank,,팔,duration,plank,BODYWEIGHT_DEFAULT_SEARCH_CANDIDATE,Recognized gym/calisthenics strength family with no home-context/noise markers.
gvs_7a652de39562febb,Fist Push Up,,가슴,reps,push_up,BODYWEIGHT_DEFAULT_SEARCH_CANDIDATE,Recognized gym/calisthenics strength family with no home-context/noise markers.
gvs_291669b368a96b63,Fixed Feet Sit Up Stand,,코어,reps,core_crunch,BODYWEIGHT_DEFAULT_SEARCH_CANDIDATE,Recognized gym/calisthenics strength family with no home-context/noise markers.
gvs_023596cc1ceac9f2,Flag,,코어,reps,other,BODYWEIGHT_NOISE_REVIEW,Not in core gym/calisthenics strength families; review before default search exposure.
gvs_d3f37d63699748f3,Flexion Leg Sit Up (Straight Arm),,코어,reps,core_crunch,BODYWEIGHT_DEFAULT_SEARCH_CANDIDATE,Recognized gym/calisthenics strength family with no home-context/noise markers.
gvs_a37b70baddddb878,Floor Crunch Feet On Bench,,코어,reps,core_crunch,BODYWEIGHT_DEFAULT_SEARCH_CANDIDATE,Recognized gym/calisthenics strength family with no home-context/noise markers.
gvs_f1aea61f7563d87f,Floor T Raise,,,reps,other,BODYWEIGHT_NOISE_REVIEW,Not in core gym/calisthenics strength families; review before default search exposure.
gvs_3f4053f88ce74b72,Flutter Kicks,,하체,reps,other,BODYWEIGHT_NOISE_REVIEW,Not in core gym/calisthenics strength families; review before default search exposure.
gvs_2a6229aa0a77c548,Foam Roll Serratus Wall Slide,,등,reps,other,BODYWEIGHT_NOISE_REVIEW,Not in core gym/calisthenics strength families; review before default search exposure.
gvs_a590700d3a9c6411,Forearm Push Forward,,어깨,reps,other,BODYWEIGHT_NOISE_REVIEW,Not in core gym/calisthenics strength families; review before default search exposure.
gvs_88f8f3137f9b8173,Forearms To Wide Grip Wall Push Up,,가슴,reps,push_up,BODYWEIGHT_CONTEXT_VARIANT_REVIEW,Recognized strength family but contains home/context prop wording.
gvs_a76c53da0d838f18,Forward And Top Wall Push,,가슴,reps,other,BODYWEIGHT_NOISE_REVIEW,Not in core gym/calisthenics strength families; review before default search exposure.
gvs_20c2306e60ff8764,Forward Arms Plank,,코어,duration,plank,BODYWEIGHT_DEFAULT_SEARCH_CANDIDATE,Recognized gym/calisthenics strength family with no home-context/noise markers.
gvs_a452e0b368d50ebb,Forward Backward Duck Walk,,하체,reps,other,BODYWEIGHT_NOISE_REVIEW,Not in core gym/calisthenics strength families; review before default search exposure.
gvs_8db8526a64060ae4,Forward Lunge,포워드 런지,하체,reps,lunge_split,BODYWEIGHT_DEFAULT_SEARCH_CANDIDATE,Recognized gym/calisthenics strength family with no home-context/noise markers.
gvs_fe39b0a44e62750a,Forward Lunge Punch,,하체,reps,lunge_split,BODYWEIGHT_EXTENDED_VARIANT_REVIEW,Recognized strength family but compound/complex variant; not a default-search decision yet.
gvs_c3d7d680142c1626,Forward Pulse Lunge With Hands Overhead,,하체,reps,lunge_split,BODYWEIGHT_EXTENDED_VARIANT_REVIEW,Recognized strength family but compound/complex variant; not a default-search decision yet.
gvs_e943e18a6d9bc5ac,Forward Side Top Presses,,어깨,reps,other,BODYWEIGHT_NOISE_REVIEW,Not in core gym/calisthenics strength families; review before default search exposure.
gvs_45d7bfc4efdc26b6,Forward Step Front Plank,,하체,reps,plank,BODYWEIGHT_DEFAULT_SEARCH_CANDIDATE,Recognized gym/calisthenics strength family with no home-context/noise markers.
gvs_63bb3a29b8f844fd,Frog Crunch,,코어,reps,core_crunch,BODYWEIGHT_DEFAULT_SEARCH_CANDIDATE,Recognized gym/calisthenics strength family with no home-context/noise markers.
gvs_18056968583997b2,Frog Crunch Feet Together,,코어,reps,core_crunch,BODYWEIGHT_DEFAULT_SEARCH_CANDIDATE,Recognized gym/calisthenics strength family with no home-context/noise markers.
gvs_449c1958db2266ae,Frog Crunch Hold,,코어,duration,core_crunch,BODYWEIGHT_DEFAULT_SEARCH_CANDIDATE,Recognized gym/calisthenics strength family with no home-context/noise markers.
gvs_8f1dcc51e5954df1,Frog Glute Bridge,,하체,reps,glute_hip,BODYWEIGHT_DEFAULT_SEARCH_CANDIDATE,Recognized gym/calisthenics strength family with no home-context/noise markers.
gvs_fc818b9f91c591e7,Frog Hip Thrust,,하체,reps,glute_hip,BODYWEIGHT_DEFAULT_SEARCH_CANDIDATE,Recognized gym/calisthenics strength family with no home-context/noise markers.
gvs_78cc9a70bdb534f2,Frog Planche,,코어,reps,other,BODYWEIGHT_NOISE_REVIEW,Not in core gym/calisthenics strength families; review before default search exposure.
gvs_40d9da2a3e409d0c,Frog Reverse Hyperextension Tap On Floor,,하체,reps,back_extension,BODYWEIGHT_EXTENDED_VARIANT_REVIEW,Recognized strength family but compound/complex variant; not a default-search decision yet.
gvs_5791c5016877044d,Frog Squat,,하체,reps,squat,BODYWEIGHT_DEFAULT_SEARCH_CANDIDATE,Recognized gym/calisthenics strength family with no home-context/noise markers.
gvs_4f757d0f8ecd4be7,Frogger,,코어,reps,other,BODYWEIGHT_NOISE_REVIEW,Not in core gym/calisthenics strength families; review before default search exposure.
gvs_826ac174215a451e,Front And Back Arms Rotation,,어깨,reps,other,BODYWEIGHT_NOISE_REVIEW,Not in core gym/calisthenics strength families; review before default search exposure.
gvs_f6dfea06126f16e4,Front Elbow Plank,,코어,duration,plank,BODYWEIGHT_DEFAULT_SEARCH_CANDIDATE,Recognized gym/calisthenics strength family with no home-context/noise markers.
gvs_8659c72eaffc0740,Front Plank,프론트 플랭크,코어,duration,plank,BODYWEIGHT_DEFAULT_SEARCH_CANDIDATE,Recognized gym/calisthenics strength family with no home-context/noise markers.
gvs_eae51c33680a85a3,Front Plank Against Wall,,코어,duration,plank,BODYWEIGHT_CONTEXT_VARIANT_REVIEW,Recognized strength family but contains home/context prop wording.
gvs_5122a04b64328373,Front Plank On Elbow Toe Tap,,하체,reps,plank,BODYWEIGHT_EXTENDED_VARIANT_REVIEW,Recognized strength family but compound/complex variant; not a default-search decision yet.
gvs_7fe13b067d4c3488,Front Plank Open And Close,,코어,duration,plank,BODYWEIGHT_EXTENDED_VARIANT_REVIEW,Recognized strength family but compound/complex variant; not a default-search decision yet.
gvs_5b92d9a8b8c611f6,Front Plank To Side Plank,,코어,duration,plank,BODYWEIGHT_EXTENDED_VARIANT_REVIEW,Recognized strength family but compound/complex variant; not a default-search decision yet.
gvs_3b3d6bfcbc9d68ae,Front Plank To Toe Tap,,하체,reps,plank,BODYWEIGHT_EXTENDED_VARIANT_REVIEW,Recognized strength family but compound/complex variant; not a default-search decision yet.
gvs_abd195933774b12b,Front Plank Toe Tap,,,reps,plank,BODYWEIGHT_EXTENDED_VARIANT_REVIEW,Recognized strength family but compound/complex variant; not a default-search decision yet.
gvs_041a762d09b9c9a5,Front Plank Walkout,,코어,duration,plank,BODYWEIGHT_DEFAULT_SEARCH_CANDIDATE,Recognized gym/calisthenics strength family with no home-context/noise markers.
gvs_69fd809300806353,Front Plank With Arm And Leg Lift,,코어,duration,plank,BODYWEIGHT_EXTENDED_VARIANT_REVIEW,Recognized strength family but compound/complex variant; not a default-search decision yet.
gvs_2d149b01ffdfaf81,Front Plank With Arm Lift,,코어,duration,plank,BODYWEIGHT_DEFAULT_SEARCH_CANDIDATE,Recognized gym/calisthenics strength family with no home-context/noise markers.
gvs_9db7447e0d90d7cc,Front Plank With Leg Lift,,하체,duration,plank,BODYWEIGHT_DEFAULT_SEARCH_CANDIDATE,Recognized gym/calisthenics strength family with no home-context/noise markers.
gvs_6be30b8967ca8e49,Front Plank With Twist,,코어,reps,plank,BODYWEIGHT_EXTENDED_VARIANT_REVIEW,Recognized strength family but compound/complex variant; not a default-search decision yet.
gvs_50870c9439560b12,Front Scoops,,어깨,reps,other,BODYWEIGHT_NOISE_REVIEW,Not in core gym/calisthenics strength families; review before default search exposure.
gvs_6b163cb248720ab4,Full Arm Rotation,,어깨,reps,other,BODYWEIGHT_NOISE_REVIEW,Not in core gym/calisthenics strength families; review before default search exposure.
gvs_165486800302fbfa,Full Planche,,코어,reps,other,BODYWEIGHT_NOISE_REVIEW,Not in core gym/calisthenics strength families; review before default search exposure.
gvs_b18823a8f3065e22,Glute Bridge Abduction Against Wall,,하체,reps,glute_hip,BODYWEIGHT_CONTEXT_VARIANT_REVIEW,Recognized strength family but contains home/context prop wording.
gvs_004337c8597d65ba,Glute Bridge Alternating Tip Toe,,하체,reps,glute_hip,BODYWEIGHT_DEFAULT_SEARCH_CANDIDATE,Recognized gym/calisthenics strength family with no home-context/noise markers.
gvs_04864f92434fdff0,Glute Bridge And Double Open Up,,하체,reps,glute_hip,BODYWEIGHT_EXTENDED_VARIANT_REVIEW,Recognized strength family but compound/complex variant; not a default-search decision yet.
gvs_a88dc39425bf2dd6,Glute Bridge And Open Up,,하체,reps,glute_hip,BODYWEIGHT_EXTENDED_VARIANT_REVIEW,Recognized strength family but compound/complex variant; not a default-search decision yet.
gvs_951329f676bcfff0,Glute Bridge From Bench,,하체,reps,glute_hip,BODYWEIGHT_DEFAULT_SEARCH_CANDIDATE,Recognized gym/calisthenics strength family with no home-context/noise markers.
gvs_ecd76cfc076afb2a,Glute Bridge Hip Abduction,글루트 브리지 힙 어브덕션,하체,reps,glute_hip,BODYWEIGHT_DEFAULT_SEARCH_CANDIDATE,Recognized gym/calisthenics strength family with no home-context/noise markers.
gvs_8725f7af9c318f8f,Glute Bridge Hip Side Raise,,하체,reps,glute_hip,BODYWEIGHT_DEFAULT_SEARCH_CANDIDATE,Recognized gym/calisthenics strength family with no home-context/noise markers.
gvs_93a45891af5f2019,Glute Bridge Hold With Kick,,하체,reps,glute_hip,BODYWEIGHT_EXTENDED_VARIANT_REVIEW,Recognized strength family but compound/complex variant; not a default-search decision yet.
gvs_2a45e1461d6b79d4,Glute Bridge March,,하체,reps,glute_hip,BODYWEIGHT_EXTENDED_VARIANT_REVIEW,Recognized strength family but compound/complex variant; not a default-search decision yet.
gvs_19bf88a161ee4841,Glute Bridge Roll,,하체,reps,glute_hip,BODYWEIGHT_EXTENDED_VARIANT_REVIEW,Recognized strength family but compound/complex variant; not a default-search decision yet.
gvs_e4b9ba7851794ab2,Glute Bridge Single Leg On Bench,,하체,reps,glute_hip,BODYWEIGHT_DEFAULT_SEARCH_CANDIDATE,Recognized gym/calisthenics strength family with no home-context/noise markers.
gvs_6593542ab779e9d4,Glute Bridge Single Leg With Chair,,하체,reps,glute_hip,BODYWEIGHT_CONTEXT_VARIANT_REVIEW,Recognized strength family but contains home/context prop wording.
gvs_9bb8bdc40aa12902,Glute Bridge Two Legs On Bench,,하체,reps,glute_hip,BODYWEIGHT_DEFAULT_SEARCH_CANDIDATE,Recognized gym/calisthenics strength family with no home-context/noise markers.
gvs_83783088c57873b6,Glute Bridge Two Legs On Floor,,하체,reps,glute_hip,BODYWEIGHT_DEFAULT_SEARCH_CANDIDATE,Recognized gym/calisthenics strength family with no home-context/noise markers.
gvs_71b4c290c779b3be,Glute Bridge Two Legs With Chair,,하체,reps,glute_hip,BODYWEIGHT_CONTEXT_VARIANT_REVIEW,Recognized strength family but contains home/context prop wording.
gvs_13e3aa5e310182fc,Glute Bridge Walk,,하체,reps,glute_hip,BODYWEIGHT_EXTENDED_VARIANT_REVIEW,Recognized strength family but compound/complex variant; not a default-search decision yet.
gvs_6b9b0c5c709397aa,Glute Ham Developer Crunch,,코어,reps,core_crunch,BODYWEIGHT_DEFAULT_SEARCH_CANDIDATE,Recognized gym/calisthenics strength family with no home-context/noise markers.
gvs_82cdd25626afb604,Glute Ham Developer Hip Extension,,하체,reps,other,BODYWEIGHT_NOISE_REVIEW,Not in core gym/calisthenics strength families; review before default search exposure.
gvs_3c90735d95fad585,Glute Ham Raise,,하체,reps,other,BODYWEIGHT_NOISE_REVIEW,Not in core gym/calisthenics strength families; review before default search exposure.
gvs_e42202ea7cd084a4,Glute Ham Sit Up,,코어,reps,core_crunch,BODYWEIGHT_DEFAULT_SEARCH_CANDIDATE,Recognized gym/calisthenics strength family with no home-context/noise markers.
gvs_1d7711dd243dcce5,Glute Ham Twist,,코어,reps,other,BODYWEIGHT_NOISE_REVIEW,Not in core gym/calisthenics strength families; review before default search exposure.
gvs_78298709d6691b69,Glute March,,하체,reps,other,BODYWEIGHT_NOISE_REVIEW,Not in core gym/calisthenics strength families; review before default search exposure.
gvs_ee0250b9b6d68f55,Glute Single Leg Bridge From Bench,,하체,reps,other,BODYWEIGHT_NOISE_REVIEW,Not in core gym/calisthenics strength families; review before default search exposure.
gvs_10c235396dcb96bd,Good Morning Side Leg Lift,,하체,reps,other,BODYWEIGHT_NOISE_REVIEW,Not in core gym/calisthenics strength families; review before default search exposure.
gvs_0ec4c1f17a3956e1,Good Morning Squat,굿모닝 스쿼트,하체,reps,squat,BODYWEIGHT_DEFAULT_SEARCH_CANDIDATE,Recognized gym/calisthenics strength family with no home-context/noise markers.
gvs_5eef43a9aaefbfa9,Grasshopper Push Up,,등,reps,push_up,BODYWEIGHT_DEFAULT_SEARCH_CANDIDATE,Recognized gym/calisthenics strength family with no home-context/noise markers.
gvs_ac607553df428c1b,Groin Crunch,,코어,reps,core_crunch,BODYWEIGHT_DEFAULT_SEARCH_CANDIDATE,Recognized gym/calisthenics strength family with no home-context/noise markers.
gvs_7b11f703f37e684b,Hack Calf Raise,,하체,reps,calf,BODYWEIGHT_DEFAULT_SEARCH_CANDIDATE,Recognized gym/calisthenics strength family with no home-context/noise markers.
gvs_00da0baea02b5350,Half Chest Fly,,가슴,reps,other,BODYWEIGHT_NOISE_REVIEW,Not in core gym/calisthenics strength families; review before default search exposure.
gvs_6786db6c14d9cc2e,Half Circle Draw Chair Supported,,하체,reps,other,BODYWEIGHT_NOISE_REVIEW,Not in core gym/calisthenics strength families; review before default search exposure.
gvs_54303bde2f723758,Half Jackknife,,코어,reps,other,BODYWEIGHT_NOISE_REVIEW,Not in core gym/calisthenics strength families; review before default search exposure.
gvs_07495ff2cf2f3460,Half Plyo Squat Core Shift,,하체,reps,squat,BODYWEIGHT_DEFAULT_SEARCH_CANDIDATE,Recognized gym/calisthenics strength family with no home-context/noise markers.
gvs_4ce7eadb5a9f254b,Half Plyo Squat Twist,,코어,reps,squat,BODYWEIGHT_EXTENDED_VARIANT_REVIEW,Recognized strength family but compound/complex variant; not a default-search decision yet.
gvs_7f1f1b1ea1d1fa54,Half Push Up Max Rep,,가슴,reps,push_up,BODYWEIGHT_DEFAULT_SEARCH_CANDIDATE,Recognized gym/calisthenics strength family with no home-context/noise markers.
gvs_472b5e185e50be8a,Half Seated Leg Circle,,하체,reps,other,BODYWEIGHT_NOISE_REVIEW,Not in core gym/calisthenics strength families; review before default search exposure.
gvs_b49ac6e73986f6af,Half Sit Up,,코어,reps,core_crunch,BODYWEIGHT_DEFAULT_SEARCH_CANDIDATE,Recognized gym/calisthenics strength family with no home-context/noise markers.
gvs_e6ba74db932341e3,Half Squat Side Bend,,코어,reps,squat,BODYWEIGHT_DEFAULT_SEARCH_CANDIDATE,Recognized gym/calisthenics strength family with no home-context/noise markers.
gvs_a1efbda81aa6aada,Half Squat Side Lunge,,하체,reps,squat,BODYWEIGHT_DEFAULT_SEARCH_CANDIDATE,Recognized gym/calisthenics strength family with no home-context/noise markers.
gvs_261e7c1e73fe4668,Half Squat Side Reach,,코어,reps,squat,BODYWEIGHT_EXTENDED_VARIANT_REVIEW,Recognized strength family but compound/complex variant; not a default-search decision yet.
gvs_c5580b50fc5f76e6,Half Squat Torso Punches,,코어,reps,squat,BODYWEIGHT_DEFAULT_SEARCH_CANDIDATE,Recognized gym/calisthenics strength family with no home-context/noise markers.
gvs_d7bc1860b1030806,Half Squat Wall Tip Toe,,하체,reps,squat,BODYWEIGHT_CONTEXT_VARIANT_REVIEW,Recognized strength family but contains home/context prop wording.
gvs_9edeb3329415d5a0,Half Wipers (Bent Leg),,코어,reps,other,BODYWEIGHT_NOISE_REVIEW,Not in core gym/calisthenics strength families; review before default search exposure.
gvs_f01c56c62604d794,Hammer Grip Pull Up On Dip Cage,,등,reps,pull_chin_muscleup,BODYWEIGHT_DEFAULT_SEARCH_CANDIDATE,Recognized gym/calisthenics strength family with no home-context/noise markers.
gvs_39ffaf55a4972d4d,Hamstring Bridge,,하체,reps,other,BODYWEIGHT_NOISE_REVIEW,Not in core gym/calisthenics strength families; review before default search exposure.
gvs_af1a7f5dc49690d5,Hamstring Bridge March,,하체,reps,other,BODYWEIGHT_NOISE_REVIEW,Not in core gym/calisthenics strength families; review before default search exposure.
gvs_12530b8805792bfe,Hands Behind Double Superman Pulse,,하체,reps,back_extension,BODYWEIGHT_EXTENDED_VARIANT_REVIEW,Recognized strength family but compound/complex variant; not a default-search decision yet.
gvs_981d7beedd21b1e4,Hands Behind Head Chest Squeeze,,가슴,reps,other,BODYWEIGHT_NOISE_REVIEW,Not in core gym/calisthenics strength families; review before default search exposure.
gvs_d53eaa55b6146ae1,Hands Behind Head Side Leg Raise,,코어,reps,core_raise,BODYWEIGHT_DEFAULT_SEARCH_CANDIDATE,Recognized gym/calisthenics strength family with no home-context/noise markers.
gvs_f399490a395c5d28,Hands Release Push Up,,가슴,reps,push_up,BODYWEIGHT_DEFAULT_SEARCH_CANDIDATE,Recognized gym/calisthenics strength family with no home-context/noise markers.
gvs_35c7fddd3f07f841,Handstand,,팔,reps,other,BODYWEIGHT_NOISE_REVIEW,Not in core gym/calisthenics strength families; review before default search exposure.
gvs_50e2158e4b7d5000,Handstand Against The Wall,,어깨,reps,other,BODYWEIGHT_NOISE_REVIEW,Not in core gym/calisthenics strength families; review before default search exposure.
gvs_70a10380215d0472,Handstand Hold On Wall,,어깨,duration,other,BODYWEIGHT_NOISE_REVIEW,Not in core gym/calisthenics strength families; review before default search exposure.
gvs_7a5b90ce8f4d6a02,Handstand Push Up,,,reps,push_up,BODYWEIGHT_DEFAULT_SEARCH_CANDIDATE,Recognized gym/calisthenics strength family with no home-context/noise markers.
gvs_9f0c63c9eb3cb7a9,Handstand Push Up Against The Wall,,어깨,reps,push_up,BODYWEIGHT_CONTEXT_VARIANT_REVIEW,Recognized strength family but contains home/context prop wording.
gvs_5ef5ff39b0a16905,Handstand Shoulder Tap Against The Wall,,어깨,reps,other,BODYWEIGHT_NOISE_REVIEW,Not in core gym/calisthenics strength families; review before default search exposure.
gvs_acef61d64b39a544,Handstand Walk,,어깨,reps,other,BODYWEIGHT_NOISE_REVIEW,Not in core gym/calisthenics strength families; review before default search exposure.
gvs_c2d85102f4988008,Hanging Deadbug,,하체,reps,other,BODYWEIGHT_NOISE_REVIEW,Not in core gym/calisthenics strength families; review before default search exposure.
gvs_bd65619f0a7d7907,Hanging Flutter Kick,,하체,reps,other,BODYWEIGHT_NOISE_REVIEW,Not in core gym/calisthenics strength families; review before default search exposure.
gvs_a1f324b776df668f,Hanging Half Windmill,,코어,reps,other,BODYWEIGHT_NOISE_REVIEW,Not in core gym/calisthenics strength families; review before default search exposure.
gvs_7a3771010ea99df9,Hanging Hollow Hold,,코어,duration,other,BODYWEIGHT_NOISE_REVIEW,Not in core gym/calisthenics strength families; review before default search exposure.
gvs_63e0effa89b1f904,Hanging Knees To Elbows,,코어,reps,other,BODYWEIGHT_NOISE_REVIEW,Not in core gym/calisthenics strength families; review before default search exposure.
gvs_885213e7cd3c43a7,Hanging Leg Hip Raise,,코어,reps,core_raise,BODYWEIGHT_DEFAULT_SEARCH_CANDIDATE,Recognized gym/calisthenics strength family with no home-context/noise markers.
gvs_03650ce3c13ff50b,Hanging Leg Tuck,,코어,reps,core_raise,BODYWEIGHT_DEFAULT_SEARCH_CANDIDATE,Recognized gym/calisthenics strength family with no home-context/noise markers.
gvs_9a03767e5ee6f2c4,Hanging Oblique Knee Raise,,코어,reps,core_raise,BODYWEIGHT_DEFAULT_SEARCH_CANDIDATE,Recognized gym/calisthenics strength family with no home-context/noise markers.
gvs_2d7a245304c5a0a3,Hanging Oblique Knee Raise On Parallel Bars,,코어,reps,core_raise,BODYWEIGHT_DEFAULT_SEARCH_CANDIDATE,Recognized gym/calisthenics strength family with no home-context/noise markers.
gvs_18c3caee48580900,Hanging Pike,,코어,reps,other,BODYWEIGHT_NOISE_REVIEW,Not in core gym/calisthenics strength families; review before default search exposure.
gvs_94e898ffce4dd1ff,Hanging Side Lean,,코어,reps,other,BODYWEIGHT_NOISE_REVIEW,Not in core gym/calisthenics strength families; review before default search exposure.
gvs_761672e6087ac6ac,Hanging Straight Leg Hip Raise,,코어,reps,other,BODYWEIGHT_NOISE_REVIEW,Not in core gym/calisthenics strength families; review before default search exposure.
gvs_ff5d467cd8f52f5e,Hanging Straight Leg Raise,,코어,reps,core_raise,BODYWEIGHT_DEFAULT_SEARCH_CANDIDATE,Recognized gym/calisthenics strength family with no home-context/noise markers.
gvs_d72790950a133011,Hanging Toes To Bar,,코어,reps,other,BODYWEIGHT_NOISE_REVIEW,Not in core gym/calisthenics strength families; review before default search exposure.
gvs_da526945d638eef9,Heel Glute Bridge,,하체,reps,glute_hip,BODYWEIGHT_DEFAULT_SEARCH_CANDIDATE,Recognized gym/calisthenics strength family with no home-context/noise markers.
gvs_07f40464655a3622,Heel Together Slight Squat,,하체,reps,squat,BODYWEIGHT_DEFAULT_SEARCH_CANDIDATE,Recognized gym/calisthenics strength family with no home-context/noise markers.
gvs_b654fb18519d22f6,Heels Squat Slide Wall,,하체,reps,squat,BODYWEIGHT_CONTEXT_VARIANT_REVIEW,Recognized strength family but contains home/context prop wording.
gvs_fd65e6c1185240b9,High Bar Incline Push Up,,가슴,reps,push_up,BODYWEIGHT_DEFAULT_SEARCH_CANDIDATE,Recognized gym/calisthenics strength family with no home-context/noise markers.
gvs_d8ee1246c3b2c7d4,High Plank Hip Tap,,코어,reps,plank,BODYWEIGHT_EXTENDED_VARIANT_REVIEW,Recognized strength family but compound/complex variant; not a default-search decision yet.
gvs_9024c6dec65aa54c,High Plank Knee Drop,,코어,duration,plank,BODYWEIGHT_DEFAULT_SEARCH_CANDIDATE,Recognized gym/calisthenics strength family with no home-context/noise markers.
gvs_0248edf5b8e819b1,High Plank Shoulder Tap,,코어,reps,plank,BODYWEIGHT_EXTENDED_VARIANT_REVIEW,Recognized strength family but compound/complex variant; not a default-search decision yet.
gvs_74b515c317f984fb,Hindu Squat,,하체,reps,squat,BODYWEIGHT_DEFAULT_SEARCH_CANDIDATE,Recognized gym/calisthenics strength family with no home-context/noise markers.
gvs_95a6e92b664b42eb,Hip Circle Rotation,,하체,reps,other,BODYWEIGHT_NOISE_REVIEW,Not in core gym/calisthenics strength families; review before default search exposure.
gvs_3c8c3a176a8de697,Hip Circle With Hula Hoop,,코어,reps,other,BODYWEIGHT_NOISE_REVIEW,Not in core gym/calisthenics strength families; review before default search exposure.
gvs_f483f98319ed92db,Hip Clam,,하체,reps,other,BODYWEIGHT_NOISE_REVIEW,Not in core gym/calisthenics strength families; review before default search exposure.
gvs_7362e2697e12bda9,Hip Clam Shell,,하체,reps,other,BODYWEIGHT_NOISE_REVIEW,Not in core gym/calisthenics strength families; review before default search exposure.
gvs_764b4b530a57aa33,Hip Crunch,,코어,reps,core_crunch,BODYWEIGHT_DEFAULT_SEARCH_CANDIDATE,Recognized gym/calisthenics strength family with no home-context/noise markers.
gvs_640ff33e36ee74a0,Hip Lunge,,하체,reps,lunge_split,BODYWEIGHT_DEFAULT_SEARCH_CANDIDATE,Recognized gym/calisthenics strength family with no home-context/noise markers.
gvs_95c07cce1466e02e,Hip Raise (Bent Knee),,코어,reps,other,BODYWEIGHT_NOISE_REVIEW,Not in core gym/calisthenics strength families; review before default search exposure.
gvs_12d08c4af3cf2ecc,Hip Raise Bridge,,코어,reps,other,BODYWEIGHT_NOISE_REVIEW,Not in core gym/calisthenics strength families; review before default search exposure.
gvs_8a27702499e28dca,Hip Roll Plank,,코어,duration,plank,BODYWEIGHT_EXTENDED_VARIANT_REVIEW,Recognized strength family but compound/complex variant; not a default-search decision yet.
gvs_e5fc19ca572d6d60,Hip Squat,,하체,reps,squat,BODYWEIGHT_DEFAULT_SEARCH_CANDIDATE,Recognized gym/calisthenics strength family with no home-context/noise markers.
gvs_242a89ded54c74ec,Hip Swirls,,하체,reps,other,BODYWEIGHT_NOISE_REVIEW,Not in core gym/calisthenics strength families; review before default search exposure.
gvs_90d34eaeb57030ec,Hip Thrust Side Step,,하체,reps,glute_hip,BODYWEIGHT_DEFAULT_SEARCH_CANDIDATE,Recognized gym/calisthenics strength family with no home-context/noise markers.
gvs_d8d65e14b87ee9c2,Hip Thrusts,,하체,reps,other,BODYWEIGHT_NOISE_REVIEW,Not in core gym/calisthenics strength families; review before default search exposure.
gvs_bddaa636cad0314c,Holding Squat,,하체,reps,squat,BODYWEIGHT_DEFAULT_SEARCH_CANDIDATE,Recognized gym/calisthenics strength family with no home-context/noise markers.
gvs_2ca718f34f41d343,Hollow Body 45 Degree,,코어,reps,other,BODYWEIGHT_NOISE_REVIEW,Not in core gym/calisthenics strength families; review before default search exposure.
gvs_e3252650bc54ca0e,Hollow Body Hover,,코어,reps,other,BODYWEIGHT_NOISE_REVIEW,Not in core gym/calisthenics strength families; review before default search exposure.
gvs_5b64130baf76081b,Hollow Body Tuck,,코어,reps,other,BODYWEIGHT_NOISE_REVIEW,Not in core gym/calisthenics strength families; review before default search exposure.
gvs_1f407a81bfcc1035,Hollow Hold,,코어,duration,other,BODYWEIGHT_NOISE_REVIEW,Not in core gym/calisthenics strength families; review before default search exposure.
gvs_e0451ad0dae2098a,Hollow Rock,,코어,reps,other,BODYWEIGHT_NOISE_REVIEW,Not in core gym/calisthenics strength families; review before default search exposure.
gvs_f66a15fec39d7c98,Horse Stance Squat,,하체,reps,squat,BODYWEIGHT_DEFAULT_SEARCH_CANDIDATE,Recognized gym/calisthenics strength family with no home-context/noise markers.
gvs_35c5a69b1bcb0903,Hyperextension,하이퍼익스텐션,하체,reps,back_extension,BODYWEIGHT_DEFAULT_SEARCH_CANDIDATE,Recognized gym/calisthenics strength family with no home-context/noise markers.
gvs_119e406ee1e8b836,Inchworm,,코어,reps,other,BODYWEIGHT_NOISE_REVIEW,Not in core gym/calisthenics strength families; review before default search exposure.
gvs_b15473a48dc4160a,Inchworm To Cobra,,코어,reps,other,BODYWEIGHT_NOISE_REVIEW,Not in core gym/calisthenics strength families; review before default search exposure.
gvs_58519a5919d40ac1,Incline Close Grip Push Up,인클라인 클로즈 그립 푸시업,팔,reps,push_up,BODYWEIGHT_EXTENDED_VARIANT_REVIEW,Recognized strength family but compound/complex variant; not a default-search decision yet.
gvs_6ed1d2f9d0a83e89,Incline Close Grip Push Up With Chair,,팔,reps,push_up,BODYWEIGHT_CONTEXT_VARIANT_REVIEW,Recognized strength family but contains home/context prop wording.
gvs_30940d47f63d24b7,Incline Elbow Plank,,코어,duration,plank,BODYWEIGHT_DEFAULT_SEARCH_CANDIDATE,Recognized gym/calisthenics strength family with no home-context/noise markers.
gvs_07292d964fed2eac,Incline Finger Press,,팔,reps,other,BODYWEIGHT_NOISE_REVIEW,Not in core gym/calisthenics strength families; review before default search exposure.
gvs_c0f5e3138b5296b3,Incline Hip Raise,,코어,reps,other,BODYWEIGHT_NOISE_REVIEW,Not in core gym/calisthenics strength families; review before default search exposure.
gvs_cf96bd6e4f05d3d4,Incline Leg Hip Raise (Leg Straight),,코어,reps,other,BODYWEIGHT_NOISE_REVIEW,Not in core gym/calisthenics strength families; review before default search exposure.
gvs_65b2c38d3eb4ad49,Incline Plyo Push Up,,가슴,reps,push_up,BODYWEIGHT_DEFAULT_SEARCH_CANDIDATE,Recognized gym/calisthenics strength family with no home-context/noise markers.
gvs_73b46e33fc1a9033,Incline Push Press,인클라인 푸시 프레스,가슴,reps,other,BODYWEIGHT_NOISE_REVIEW,Not in core gym/calisthenics strength families; review before default search exposure.
gvs_66ed6eabf9234f23,Incline Push Up,인클라인 푸시업,가슴,reps,push_up,BODYWEIGHT_DEFAULT_SEARCH_CANDIDATE,Recognized gym/calisthenics strength family with no home-context/noise markers.
gvs_5a259bb2bba95ea0,Incline Push Up With Chair,,가슴,reps,push_up,BODYWEIGHT_CONTEXT_VARIANT_REVIEW,Recognized strength family but contains home/context prop wording.
gvs_4127008d861b71dd,Incline Reverse Hyperextension,인클라인 리버스 하이퍼익스텐션,하체,reps,back_extension,BODYWEIGHT_DEFAULT_SEARCH_CANDIDATE,Recognized gym/calisthenics strength family with no home-context/noise markers.
gvs_02710af981589bb1,Incline Reverse Push Up,인클라인 리버스 푸시업,팔,reps,push_up,BODYWEIGHT_DEFAULT_SEARCH_CANDIDATE,Recognized gym/calisthenics strength family with no home-context/noise markers.
gvs_98f3730e1fbbcbcc,Incline Svend Press,,팔,reps,other,BODYWEIGHT_NOISE_REVIEW,Not in core gym/calisthenics strength families; review before default search exposure.
gvs_4b7d0df7f142674f,Incline Twisting Sit Up,,코어,reps,core_crunch,BODYWEIGHT_DEFAULT_SEARCH_CANDIDATE,Recognized gym/calisthenics strength family with no home-context/noise markers.
gvs_64fbd763f01c6f43,Inner Thighs Pulse,,하체,reps,other,BODYWEIGHT_NOISE_REVIEW,Not in core gym/calisthenics strength families; review before default search exposure.
gvs_a0c417ea925dd944,Inner Wrist Curl,,팔,reps,other,BODYWEIGHT_NOISE_REVIEW,Not in core gym/calisthenics strength families; review before default search exposure.
gvs_7b596e1a1e4725c8,Interlock Fist Circle Draw,,어깨,reps,other,BODYWEIGHT_NOISE_REVIEW,Not in core gym/calisthenics strength families; review before default search exposure.
gvs_9076cc4631e797d0,Inverse Leg Curl With Bench Pads,,하체,reps,hamstring,BODYWEIGHT_DEFAULT_SEARCH_CANDIDATE,Recognized gym/calisthenics strength family with no home-context/noise markers.
gvs_a481a730f37f0e16,Inverted Chin Curl With Bent Knee Between Chairs,,팔,reps,other,BODYWEIGHT_NOISE_REVIEW,Not in core gym/calisthenics strength families; review before default search exposure.
gvs_464d0029f19b3f61,Inverted Row,,등,reps,row,BODYWEIGHT_DEFAULT_SEARCH_CANDIDATE,Recognized gym/calisthenics strength family with no home-context/noise markers.
gvs_a3a3858e6cbd0ec8,Inverted Row Bent Knees,,등,reps,row,BODYWEIGHT_DEFAULT_SEARCH_CANDIDATE,Recognized gym/calisthenics strength family with no home-context/noise markers.
gvs_7f7e2eab3cc78f73,Inverted Row Between Chairs,,등,reps,row,BODYWEIGHT_DEFAULT_SEARCH_CANDIDATE,Recognized gym/calisthenics strength family with no home-context/noise markers.
gvs_41a7d2e11649f109,Inverted Row On Bench,,등,reps,row,BODYWEIGHT_DEFAULT_SEARCH_CANDIDATE,Recognized gym/calisthenics strength family with no home-context/noise markers.
gvs_61024df0ea3fa356,Inverted Row Under Table,,등,reps,row,BODYWEIGHT_CONTEXT_VARIANT_REVIEW,Recognized strength family but contains home/context prop wording.
gvs_df3cafbfe04285cf,Inverted Row With Bent Knee Between Chairs,,등,reps,row,BODYWEIGHT_DEFAULT_SEARCH_CANDIDATE,Recognized gym/calisthenics strength family with no home-context/noise markers.
gvs_8f3dc7b222f8b66c,Inverted Row With Straps,,등,reps,row,BODYWEIGHT_DEFAULT_SEARCH_CANDIDATE,Recognized gym/calisthenics strength family with no home-context/noise markers.
gvs_0edf55fe68ef5ed4,Invisible Chair Pose,,하체,reps,other,BODYWEIGHT_NOISE_REVIEW,Not in core gym/calisthenics strength families; review before default search exposure.
gvs_6842df4ef00eadb4,Isometric Hold Close Grip Chin Up,,등,duration,pull_chin_muscleup,BODYWEIGHT_EXTENDED_VARIANT_REVIEW,Recognized strength family but compound/complex variant; not a default-search decision yet.
gvs_25ed31caab808428,Isometric Hold Push Up,,가슴,duration,push_up,BODYWEIGHT_DEFAULT_SEARCH_CANDIDATE,Recognized gym/calisthenics strength family with no home-context/noise markers.
gvs_abd3f77938a82ee5,Isometric Hold Wide Hand Push Up,,가슴,duration,push_up,BODYWEIGHT_DEFAULT_SEARCH_CANDIDATE,Recognized gym/calisthenics strength family with no home-context/noise markers.
gvs_68ce031b271a33e3,Isometric Mid Thighs Pull,,하체,reps,other,BODYWEIGHT_NOISE_REVIEW,Not in core gym/calisthenics strength families; review before default search exposure.
gvs_33e8ade11c7d9411,Isometric Wipers,,가슴,reps,other,BODYWEIGHT_NOISE_REVIEW,Not in core gym/calisthenics strength families; review before default search exposure.
gvs_8b09a9f1a9de1a85,Jack Knife Floor,,코어,reps,other,BODYWEIGHT_NOISE_REVIEW,Not in core gym/calisthenics strength families; review before default search exposure.
gvs_da820f5afb7e9594,Jack Split Crunches,,코어,reps,other,BODYWEIGHT_NOISE_REVIEW,Not in core gym/calisthenics strength families; review before default search exposure.
gvs_9d4415bc4c2c8ae6,Jackknife (Donkey) Squat,,하체,reps,squat,BODYWEIGHT_DEFAULT_SEARCH_CANDIDATE,Recognized gym/calisthenics strength family with no home-context/noise markers.
gvs_3ff38dfe54b9a0f8,Janda Sit Up,,코어,reps,core_crunch,BODYWEIGHT_DEFAULT_SEARCH_CANDIDATE,Recognized gym/calisthenics strength family with no home-context/noise markers.
gvs_cb136fc4735983d2,Jump Shrug,,하체,reps,other,BODYWEIGHT_NOISE_REVIEW,Not in core gym/calisthenics strength families; review before default search exposure.
gvs_ebb38632edfc59bc,Jump Squat,,하체,reps,squat,BODYWEIGHT_EXTENDED_VARIANT_REVIEW,Recognized strength family but compound/complex variant; not a default-search decision yet.
gvs_3474b68c160c8a16,Jump Squat Ii,,하체,reps,squat,BODYWEIGHT_EXTENDED_VARIANT_REVIEW,Recognized strength family but compound/complex variant; not a default-search decision yet.
gvs_6e86e6b7b1195517,Jumping Pull Up,,등,reps,pull_chin_muscleup,BODYWEIGHT_DEFAULT_SEARCH_CANDIDATE,Recognized gym/calisthenics strength family with no home-context/noise markers.
gvs_62cca6c94e275415,Kicks Leg Bent,,하체,reps,other,BODYWEIGHT_NOISE_REVIEW,Not in core gym/calisthenics strength families; review before default search exposure.
gvs_f66c2d79abbb6ba5,Kipping Handstand Push Up,,어깨,reps,push_up,BODYWEIGHT_DEFAULT_SEARCH_CANDIDATE,Recognized gym/calisthenics strength family with no home-context/noise markers.
gvs_02971da6b24c0544,Knee Articulations Extension,,하체,reps,other,BODYWEIGHT_NOISE_REVIEW,Not in core gym/calisthenics strength families; review before default search exposure.
gvs_180d722539cf869d,Knee In And Out Crunch,,코어,reps,core_crunch,BODYWEIGHT_EXTENDED_VARIANT_REVIEW,Recognized strength family but compound/complex variant; not a default-search decision yet.
gvs_19d0b50c4ad9eece,Knee Push Up Chest Pullback,,가슴,reps,push_up,BODYWEIGHT_DEFAULT_SEARCH_CANDIDATE,Recognized gym/calisthenics strength family with no home-context/noise markers.
gvs_e17f6f3e4a58f328,Knee Raise,니 레이즈,코어,reps,core_raise,BODYWEIGHT_DEFAULT_SEARCH_CANDIDATE,Recognized gym/calisthenics strength family with no home-context/noise markers.
gvs_5d6201eccc8b8b36,Knee To Elbow Touch Front Plank,,코어,duration,plank,BODYWEIGHT_EXTENDED_VARIANT_REVIEW,Recognized strength family but compound/complex variant; not a default-search decision yet.
gvs_e8887c0e0640fd48,Knee Touch Crunch,,코어,reps,core_crunch,BODYWEIGHT_DEFAULT_SEARCH_CANDIDATE,Recognized gym/calisthenics strength family with no home-context/noise markers.
gvs_e46e23aec99d99bc,Knee Tuck Oblique Crunch,,코어,reps,core_crunch,BODYWEIGHT_DEFAULT_SEARCH_CANDIDATE,Recognized gym/calisthenics strength family with no home-context/noise markers.
gvs_9735d15f6589035f,Knee Tuck Push Up,,코어,reps,push_up,BODYWEIGHT_DEFAULT_SEARCH_CANDIDATE,Recognized gym/calisthenics strength family with no home-context/noise markers.
gvs_512286a399e363eb,Kneeling Abdominal Draw In,,코어,reps,other,BODYWEIGHT_NOISE_REVIEW,Not in core gym/calisthenics strength families; review before default search exposure.
gvs_0ab3e6807a90e49e,Kneeling Back And Side Leg Lift,,하체,reps,other,BODYWEIGHT_NOISE_REVIEW,Not in core gym/calisthenics strength families; review before default search exposure.
gvs_e0d102ecd32188de,Kneeling Back Leg Lift,,하체,reps,other,BODYWEIGHT_NOISE_REVIEW,Not in core gym/calisthenics strength families; review before default search exposure.
gvs_4909f8a2eb56caa0,Kneeling Back Leg Lift Curl,,하체,reps,other,BODYWEIGHT_NOISE_REVIEW,Not in core gym/calisthenics strength families; review before default search exposure.
gvs_598413241d15804a,Kneeling Back Rotation,,등,reps,other,BODYWEIGHT_NOISE_REVIEW,Not in core gym/calisthenics strength families; review before default search exposure.
gvs_23b4c46257150fcc,Kneeling Backward Hip Circles,,하체,reps,other,BODYWEIGHT_NOISE_REVIEW,Not in core gym/calisthenics strength families; review before default search exposure.
gvs_56ddb5b342aba52b,Kneeling Clock Push Up,,가슴,reps,push_up,BODYWEIGHT_DEFAULT_SEARCH_CANDIDATE,Recognized gym/calisthenics strength family with no home-context/noise markers.
gvs_7048b45acb075ca8,Kneeling Cobra Push Up,,가슴,reps,push_up,BODYWEIGHT_DEFAULT_SEARCH_CANDIDATE,Recognized gym/calisthenics strength family with no home-context/noise markers.
gvs_4ed830c728df7b8f,Kneeling Dynamic Plank,,코어,duration,plank,BODYWEIGHT_DEFAULT_SEARCH_CANDIDATE,Recognized gym/calisthenics strength family with no home-context/noise markers.
gvs_52355f88cdae8e46,Kneeling Elbow Mobilisation,,등,reps,other,BODYWEIGHT_NOISE_REVIEW,Not in core gym/calisthenics strength families; review before default search exposure.
gvs_f8ae75746be26242,Kneeling External Rotation,,하체,reps,other,BODYWEIGHT_NOISE_REVIEW,Not in core gym/calisthenics strength families; review before default search exposure.
gvs_65e42ebfba1a3987,Kneeling Finger Press,,팔,reps,other,BODYWEIGHT_NOISE_REVIEW,Not in core gym/calisthenics strength families; review before default search exposure.
gvs_acb01bb43166762a,Kneeling Finger Push Up,,가슴,reps,push_up,BODYWEIGHT_DEFAULT_SEARCH_CANDIDATE,Recognized gym/calisthenics strength family with no home-context/noise markers.
gvs_44c6dfd08e7a9b5a,Kneeling Fire Hydrant Cross Knee Tap,,하체,reps,other,BODYWEIGHT_NOISE_REVIEW,Not in core gym/calisthenics strength families; review before default search exposure.
gvs_7520ab4c0efe6136,Kneeling Fist Push Up,,가슴,reps,push_up,BODYWEIGHT_DEFAULT_SEARCH_CANDIDATE,Recognized gym/calisthenics strength family with no home-context/noise markers.
gvs_d4ea99e38d536b1b,Kneeling Fist Roll,,팔,reps,other,BODYWEIGHT_NOISE_REVIEW,Not in core gym/calisthenics strength families; review before default search exposure.
gvs_354d599cd6f29a42,Kneeling Fist To Palm Switch,,팔,reps,other,BODYWEIGHT_NOISE_REVIEW,Not in core gym/calisthenics strength families; review before default search exposure.
gvs_9b187b30e24068c6,Kneeling Forward Hip Circles,,하체,reps,other,BODYWEIGHT_NOISE_REVIEW,Not in core gym/calisthenics strength families; review before default search exposure.
gvs_9b0c042d21a60b05,Kneeling Forward Palm Nudges,,팔,reps,other,BODYWEIGHT_NOISE_REVIEW,Not in core gym/calisthenics strength families; review before default search exposure.
gvs_b857739af7715bb4,Kneeling Glute Press,,하체,reps,other,BODYWEIGHT_NOISE_REVIEW,Not in core gym/calisthenics strength families; review before default search exposure.
gvs_b0ece0dbb42b01e3,Kneeling Hip Flexor,,하체,reps,other,BODYWEIGHT_NOISE_REVIEW,Not in core gym/calisthenics strength families; review before default search exposure.
gvs_d70ea991209ceb95,Kneeling Hip Flexor Frontal,,하체,reps,other,BODYWEIGHT_NOISE_REVIEW,Not in core gym/calisthenics strength families; review before default search exposure.
gvs_d97c8b40a88833aa,Kneeling Hip Flexor Lift,,하체,reps,other,BODYWEIGHT_NOISE_REVIEW,Not in core gym/calisthenics strength families; review before default search exposure.
gvs_414a042e80d23aac,Kneeling Hip Flexor Sagital,,하체,reps,other,BODYWEIGHT_NOISE_REVIEW,Not in core gym/calisthenics strength families; review before default search exposure.
gvs_9c76699caeb0886e,Kneeling Hip Flexor Transverse,,하체,reps,other,BODYWEIGHT_NOISE_REVIEW,Not in core gym/calisthenics strength families; review before default search exposure.
gvs_ab82902756e9f4f7,Kneeling Hip Thrust,닐링 힙 쓰러스트,하체,reps,glute_hip,BODYWEIGHT_DEFAULT_SEARCH_CANDIDATE,Recognized gym/calisthenics strength family with no home-context/noise markers.
gvs_8996135e7cba48b8,Kneeling Hold To Stand,,하체,reps,other,BODYWEIGHT_NOISE_REVIEW,Not in core gym/calisthenics strength families; review before default search exposure.
gvs_3cd93b7381daeb43,Kneeling Incline Finger Press,,팔,reps,other,BODYWEIGHT_NOISE_REVIEW,Not in core gym/calisthenics strength families; review before default search exposure.
gvs_5684762c28a545a2,Kneeling Knuckle Push Up,,가슴,reps,push_up,BODYWEIGHT_DEFAULT_SEARCH_CANDIDATE,Recognized gym/calisthenics strength family with no home-context/noise markers.
gvs_3d97597152c70571,Kneeling Leg Circle,,하체,reps,other,BODYWEIGHT_NOISE_REVIEW,Not in core gym/calisthenics strength families; review before default search exposure.
gvs_d7f48b6ae1f20d88,Kneeling Leg External Rotation,,하체,reps,other,BODYWEIGHT_NOISE_REVIEW,Not in core gym/calisthenics strength families; review before default search exposure.
gvs_7cd55fb5ec40014d,Kneeling Leg Half Circle,,하체,reps,other,BODYWEIGHT_NOISE_REVIEW,Not in core gym/calisthenics strength families; review before default search exposure.
gvs_cc7bf392ef093108,Kneeling Leg Half Circle On Bench,,하체,reps,other,BODYWEIGHT_NOISE_REVIEW,Not in core gym/calisthenics strength families; review before default search exposure.
gvs_57b2cac0c4e9f5b6,Kneeling Leg Raise,닐링 레그 레이즈,하체,reps,core_raise,BODYWEIGHT_DEFAULT_SEARCH_CANDIDATE,Recognized gym/calisthenics strength family with no home-context/noise markers.
gvs_84c78b1984d8c6f9,Kneeling Modified Hindu Push Up,,코어,reps,push_up,BODYWEIGHT_DEFAULT_SEARCH_CANDIDATE,Recognized gym/calisthenics strength family with no home-context/noise markers.
gvs_04f3180a981a1b1c,Kneeling One Side Archer Push Up,,가슴,reps,push_up,BODYWEIGHT_DEFAULT_SEARCH_CANDIDATE,Recognized gym/calisthenics strength family with no home-context/noise markers.
gvs_31665477c837963f,Kneeling Pike Push Up (On Bench),,어깨,reps,push_up,BODYWEIGHT_DEFAULT_SEARCH_CANDIDATE,Recognized gym/calisthenics strength family with no home-context/noise markers.
gvs_7c10f5870b3f5587,Kneeling Plank,닐링 플랭크,코어,duration,plank,BODYWEIGHT_DEFAULT_SEARCH_CANDIDATE,Recognized gym/calisthenics strength family with no home-context/noise markers.
gvs_ee81d14faa4f5eb7,Kneeling Pulse,,하체,reps,other,BODYWEIGHT_NOISE_REVIEW,Not in core gym/calisthenics strength families; review before default search exposure.
gvs_be04b11f7d0b4597,Kneeling Push Up,닐링 푸시업,가슴,reps,push_up,BODYWEIGHT_DEFAULT_SEARCH_CANDIDATE,Recognized gym/calisthenics strength family with no home-context/noise markers.
gvs_c19af6b5f89eec39,Kneeling Push Up Jump,,가슴,reps,push_up,BODYWEIGHT_EXTENDED_VARIANT_REVIEW,Recognized strength family but compound/complex variant; not a default-search decision yet.
gvs_d550a2e88cbc6e36,Kneeling Push Up To Child Pose,,가슴,reps,push_up,BODYWEIGHT_EXTENDED_VARIANT_REVIEW,Recognized strength family but compound/complex variant; not a default-search decision yet.
gvs_cedb48005ab950f6,Kneeling Push Up To Hovering Table Top,,가슴,reps,push_up,BODYWEIGHT_CONTEXT_VARIANT_REVIEW,Recognized strength family but contains home/context prop wording.
gvs_fbac6df87fd79136,Kneeling Reverse Palm Nudges,,팔,reps,other,BODYWEIGHT_NOISE_REVIEW,Not in core gym/calisthenics strength families; review before default search exposure.
gvs_f1296937d301c84f,Kneeling Rotational Push Up,,가슴,reps,push_up,BODYWEIGHT_DEFAULT_SEARCH_CANDIDATE,Recognized gym/calisthenics strength family with no home-context/noise markers.
gvs_4630a29eb76a0e70,Kneeling Scapular Push Up,,등,reps,push_up,BODYWEIGHT_DEFAULT_SEARCH_CANDIDATE,Recognized gym/calisthenics strength family with no home-context/noise markers.
gvs_56bf4a6a2226e794,Kneeling Shoulder Tap,,,reps,other,BODYWEIGHT_NOISE_REVIEW,Not in core gym/calisthenics strength families; review before default search exposure.
gvs_049bc0742f38891e,Kneeling Side Leg Circle,,하체,reps,other,BODYWEIGHT_NOISE_REVIEW,Not in core gym/calisthenics strength families; review before default search exposure.
gvs_6d878693fa98195b,Kneeling Side Leg To Kick,,하체,reps,other,BODYWEIGHT_NOISE_REVIEW,Not in core gym/calisthenics strength families; review before default search exposure.
gvs_db2867f13e23cb2d,Kneeling Side Plank Raise,,코어,reps,plank,BODYWEIGHT_DEFAULT_SEARCH_CANDIDATE,Recognized gym/calisthenics strength family with no home-context/noise markers.
gvs_8b347c2adf0735f0,Kneeling Side Plank Twist,,코어,reps,plank,BODYWEIGHT_EXTENDED_VARIANT_REVIEW,Recognized strength family but compound/complex variant; not a default-search decision yet.
gvs_97856ea600b2035c,Kneeling Single Hamstring Curl,,하체,reps,hamstring,BODYWEIGHT_DEFAULT_SEARCH_CANDIDATE,Recognized gym/calisthenics strength family with no home-context/noise markers.
gvs_ba3c7c5060891e16,Kneeling Single Kickback,,하체,reps,other,BODYWEIGHT_NOISE_REVIEW,Not in core gym/calisthenics strength families; review before default search exposure.
gvs_fb767f14b14c91a6,Kneeling Single Kickback Fire Hydrant,,하체,reps,other,BODYWEIGHT_NOISE_REVIEW,Not in core gym/calisthenics strength families; review before default search exposure.
gvs_f32f72dc1b370212,Kneeling Single Slow Kickback,,하체,reps,other,BODYWEIGHT_NOISE_REVIEW,Not in core gym/calisthenics strength families; review before default search exposure.
gvs_4e4acc7ffbad5337,Kneeling Staggered Push Up,,가슴,reps,push_up,BODYWEIGHT_DEFAULT_SEARCH_CANDIDATE,Recognized gym/calisthenics strength family with no home-context/noise markers.
gvs_ee7e27aed6b51b74,Kneeling Straight Leg Circle,,하체,reps,other,BODYWEIGHT_NOISE_REVIEW,Not in core gym/calisthenics strength families; review before default search exposure.
gvs_e1147d9366f87fb3,Kneeling Straight Leg Side Kick,,하체,reps,other,BODYWEIGHT_NOISE_REVIEW,Not in core gym/calisthenics strength families; review before default search exposure.
gvs_bacd708a4f8e3d5c,Kneeling To Standing Squat,,하체,reps,squat,BODYWEIGHT_EXTENDED_VARIANT_REVIEW,Recognized strength family but compound/complex variant; not a default-search decision yet.
gvs_7e8525818b71b7b1,Kneeling Upper Back Rotation,,등,reps,other,BODYWEIGHT_NOISE_REVIEW,Not in core gym/calisthenics strength families; review before default search exposure.
gvs_6a0a6ec9fd577d39,Kneeling Wrist Sinkers,,팔,reps,other,BODYWEIGHT_NOISE_REVIEW,Not in core gym/calisthenics strength families; review before default search exposure.
gvs_96a675f4474c580a,Knees And Toes Point In Squat Slide Wall,,하체,reps,squat,BODYWEIGHT_CONTEXT_VARIANT_REVIEW,Recognized strength family but contains home/context prop wording.
gvs_1a76beaed1e49c5c,Knuckle Push Up Against Wall,,가슴,reps,push_up,BODYWEIGHT_CONTEXT_VARIANT_REVIEW,Recognized strength family but contains home/context prop wording.
gvs_2865694e2d187034,L Pull Up Back,,등,reps,pull_chin_muscleup,BODYWEIGHT_DEFAULT_SEARCH_CANDIDATE,Recognized gym/calisthenics strength family with no home-context/noise markers.
gvs_ce86931b580cabeb,L Sit,,코어,reps,other,BODYWEIGHT_NOISE_REVIEW,Not in core gym/calisthenics strength families; review before default search exposure.
gvs_1650e1a7fa574777,L Sit Chin Up,,등,reps,pull_chin_muscleup,BODYWEIGHT_DEFAULT_SEARCH_CANDIDATE,Recognized gym/calisthenics strength family with no home-context/noise markers.
gvs_560040e3b4356313,L Sit Kick Out,,코어,reps,other,BODYWEIGHT_NOISE_REVIEW,Not in core gym/calisthenics strength families; review before default search exposure.
gvs_aac2d0d0f7d0a652,L Sit On Chair,,코어,reps,other,BODYWEIGHT_NOISE_REVIEW,Not in core gym/calisthenics strength families; review before default search exposure.
gvs_deff348f9af4f25f,L Sit On Floor,,코어,reps,other,BODYWEIGHT_NOISE_REVIEW,Not in core gym/calisthenics strength families; review before default search exposure.
gvs_365f1abce31b4872,L Sit Pull Up,,등,reps,pull_chin_muscleup,BODYWEIGHT_DEFAULT_SEARCH_CANDIDATE,Recognized gym/calisthenics strength family with no home-context/noise markers.
gvs_dc4756086e92577e,Lateral Elbow Plank Walk,,코어,reps,plank,BODYWEIGHT_EXTENDED_VARIANT_REVIEW,Recognized strength family but compound/complex variant; not a default-search decision yet.
gvs_3cd9b3b8573cb386,Lateral Raise (Bent Arms),,어깨,reps,other,BODYWEIGHT_NOISE_REVIEW,Not in core gym/calisthenics strength families; review before default search exposure.
gvs_b44d1e6a36c8f910,Lateral Raise With Towel,,어깨,reps,other,BODYWEIGHT_NOISE_REVIEW,Not in core gym/calisthenics strength families; review before default search exposure.
gvs_3c6c3c019a11d31d,Lateral Step Up,,하체,reps,other,BODYWEIGHT_NOISE_REVIEW,Not in core gym/calisthenics strength families; review before default search exposure.
gvs_9d6f70d842c8f2ee,Lateral Step Up With Knee Drive,,하체,reps,other,BODYWEIGHT_NOISE_REVIEW,Not in core gym/calisthenics strength families; review before default search exposure.
gvs_7dc0ebebf68d4ad3,Lay Down Push Up,,가슴,reps,push_up,BODYWEIGHT_DEFAULT_SEARCH_CANDIDATE,Recognized gym/calisthenics strength family with no home-context/noise markers.
gvs_4684f2c1793eccf9,Lean Back Heel Tap,,코어,reps,other,BODYWEIGHT_NOISE_REVIEW,Not in core gym/calisthenics strength families; review before default search exposure.
gvs_cbb96c041e3bfd56,Lean Back Tap Ankle Tap,,코어,reps,other,BODYWEIGHT_NOISE_REVIEW,Not in core gym/calisthenics strength families; review before default search exposure.
gvs_74b29b388cfd490e,Leaning Forward Side Lunge,,하체,reps,lunge_split,BODYWEIGHT_DEFAULT_SEARCH_CANDIDATE,Recognized gym/calisthenics strength family with no home-context/noise markers.
gvs_48dd907a2059d4b4,Leg Climb Crunch,,코어,reps,core_crunch,BODYWEIGHT_DEFAULT_SEARCH_CANDIDATE,Recognized gym/calisthenics strength family with no home-context/noise markers.
gvs_20f214ec1953ffaa,Leg Drop Pulse,,코어,reps,other,BODYWEIGHT_NOISE_REVIEW,Not in core gym/calisthenics strength families; review before default search exposure.
gvs_14f02d27d2975ce7,Leg Extension Glute Bridge,레그 익스텐션 글루트 브리지,하체,reps,glute_hip,BODYWEIGHT_DEFAULT_SEARCH_CANDIDATE,Recognized gym/calisthenics strength family with no home-context/noise markers.
gvs_c78ff533db2873ab,Leg Extension Plank,레그 익스텐션 플랭크,코어,reps,plank,BODYWEIGHT_DEFAULT_SEARCH_CANDIDATE,Recognized gym/calisthenics strength family with no home-context/noise markers.
gvs_0c5a1bfd93493ee9,Leg Extension Star Crunch,,코어,reps,core_crunch,BODYWEIGHT_DEFAULT_SEARCH_CANDIDATE,Recognized gym/calisthenics strength family with no home-context/noise markers.
gvs_03378bf8b852f47e,Leg Front Kick,,코어,reps,other,BODYWEIGHT_NOISE_REVIEW,Not in core gym/calisthenics strength families; review before default search exposure.
gvs_91cd750f2099f7f7,Leg Over Knee Glute Bridge,,하체,reps,glute_hip,BODYWEIGHT_DEFAULT_SEARCH_CANDIDATE,Recognized gym/calisthenics strength family with no home-context/noise markers.
gvs_f3d73461eb6cfadd,Leg Over Knee Glute Bridge (Left),,하체,reps,glute_hip,BODYWEIGHT_DEFAULT_SEARCH_CANDIDATE,Recognized gym/calisthenics strength family with no home-context/noise markers.
gvs_9e690d90cdde894a,Leg Raise Dragon Flag,,코어,reps,core_raise,BODYWEIGHT_DEFAULT_SEARCH_CANDIDATE,Recognized gym/calisthenics strength family with no home-context/noise markers.
gvs_fe02862314885a5b,Leg Raise Hip Lift,,코어,reps,core_raise,BODYWEIGHT_DEFAULT_SEARCH_CANDIDATE,Recognized gym/calisthenics strength family with no home-context/noise markers.
gvs_248618bb840b3433,Leg Raise Hip Lift With Head Up,,코어,reps,core_raise,BODYWEIGHT_DEFAULT_SEARCH_CANDIDATE,Recognized gym/calisthenics strength family with no home-context/noise markers.
gvs_2aa6d41b1e173863,Leg Raise Oblique Crunch,,코어,reps,core_raise,BODYWEIGHT_DEFAULT_SEARCH_CANDIDATE,Recognized gym/calisthenics strength family with no home-context/noise markers.
gvs_7186b208a97bf6ae,Leg Raises Hold On Chair,,코어,duration,other,BODYWEIGHT_NOISE_REVIEW,Not in core gym/calisthenics strength families; review before default search exposure.
gvs_398ca736f146b370,Leg Up Crunch Bottle Pass,,코어,reps,core_crunch,BODYWEIGHT_DEFAULT_SEARCH_CANDIDATE,Recognized gym/calisthenics strength family with no home-context/noise markers.
gvs_d33d6c70e7f5a2ca,Long Arm Crunch,,코어,reps,core_crunch,BODYWEIGHT_DEFAULT_SEARCH_CANDIDATE,Recognized gym/calisthenics strength family with no home-context/noise markers.
gvs_c69003863b544318,Long Plank Against Wall,,코어,duration,plank,BODYWEIGHT_CONTEXT_VARIANT_REVIEW,Recognized strength family but contains home/context prop wording.
gvs_ca0e027dc4adac55,Low Plank Leg Raise,로우 플랭크 레그 레이즈,코어,reps,core_raise,BODYWEIGHT_DEFAULT_SEARCH_CANDIDATE,Recognized gym/calisthenics strength family with no home-context/noise markers.
gvs_93d917adce374311,Lower Ab Swipe,,코어,reps,other,BODYWEIGHT_NOISE_REVIEW,Not in core gym/calisthenics strength families; review before default search exposure.
gvs_dabc5ebcbc6ab292,Lunge,런지,하체,reps,lunge_split,BODYWEIGHT_DEFAULT_SEARCH_CANDIDATE,Recognized gym/calisthenics strength family with no home-context/noise markers.
gvs_f1f9169c6b3342a6,Lunge Twist,,하체,reps,lunge_split,BODYWEIGHT_EXTENDED_VARIANT_REVIEW,Recognized strength family but compound/complex variant; not a default-search decision yet.
gvs_bc72b2c6dd8e2d64,Lunge With Jump,,하체,reps,lunge_split,BODYWEIGHT_EXTENDED_VARIANT_REVIEW,Recognized strength family but compound/complex variant; not a default-search decision yet.
gvs_7c5ff1a848b73b02,Lunge With Twist Thighs,,코어,reps,lunge_split,BODYWEIGHT_EXTENDED_VARIANT_REVIEW,Recognized strength family but compound/complex variant; not a default-search decision yet.
gvs_5f715a1572a03da1,Lyine Prone Shoulder Extension,,어깨,reps,other,BODYWEIGHT_NOISE_REVIEW,Not in core gym/calisthenics strength families; review before default search exposure.
gvs_2f11ea1cd3e01d16,Lyine Prone T Raise,,등,reps,other,BODYWEIGHT_NOISE_REVIEW,Not in core gym/calisthenics strength families; review before default search exposure.
gvs_d6002fdae4a9578c,Lyine Prone W Raise,,등,reps,other,BODYWEIGHT_NOISE_REVIEW,Not in core gym/calisthenics strength families; review before default search exposure.
gvs_0402a87c77596ed6,Lyine Prone Y Raise,,등,reps,other,BODYWEIGHT_NOISE_REVIEW,Not in core gym/calisthenics strength families; review before default search exposure.
gvs_d362a121c7cf2ad1,Lying 90 Degree Alternate Leg Extension,,하체,reps,other,BODYWEIGHT_NOISE_REVIEW,Not in core gym/calisthenics strength families; review before default search exposure.
gvs_07d7aff3a58e76cb,Lying 90 Degrees Leg Tap Crunch,,코어,reps,core_crunch,BODYWEIGHT_EXTENDED_VARIANT_REVIEW,Recognized strength family but compound/complex variant; not a default-search decision yet.
gvs_c0f4098c2988389a,Lying Ab Hold,,코어,duration,other,BODYWEIGHT_NOISE_REVIEW,Not in core gym/calisthenics strength families; review before default search exposure.
gvs_2070493d280f1489,Lying Abduction Adduction,,하체,reps,other,BODYWEIGHT_NOISE_REVIEW,Not in core gym/calisthenics strength families; review before default search exposure.
gvs_00681157f9657f7f,Lying Air Punch,,가슴,reps,other,BODYWEIGHT_NOISE_REVIEW,Not in core gym/calisthenics strength families; review before default search exposure.
gvs_99f28635c44b3d69,Lying Alternate Back Raise,,등,reps,other,BODYWEIGHT_NOISE_REVIEW,Not in core gym/calisthenics strength families; review before default search exposure.
gvs_ab99543869c24b0e,Lying Alternate Bent Leg Circle,,하체,reps,other,BODYWEIGHT_NOISE_REVIEW,Not in core gym/calisthenics strength families; review before default search exposure.
gvs_f799732f48007337,Lying Alternate Bent Leg Raise,,코어,reps,core_raise,BODYWEIGHT_DEFAULT_SEARCH_CANDIDATE,Recognized gym/calisthenics strength family with no home-context/noise markers.
gvs_965944ee15c9c7dc,Lying Alternate Butterfly (Abduction),,하체,reps,other,BODYWEIGHT_NOISE_REVIEW,Not in core gym/calisthenics strength families; review before default search exposure.
gvs_40a21faa90320aac,Lying Alternate Feet Open And Close,,하체,reps,other,BODYWEIGHT_NOISE_REVIEW,Not in core gym/calisthenics strength families; review before default search exposure.
gvs_c2581eb17dfcb4e5,Lying Alternate Flutter Kick,,하체,reps,other,BODYWEIGHT_NOISE_REVIEW,Not in core gym/calisthenics strength families; review before default search exposure.
gvs_8bc0526224256944,Lying Alternate Frog Kick,,하체,reps,other,BODYWEIGHT_NOISE_REVIEW,Not in core gym/calisthenics strength families; review before default search exposure.
gvs_bb01cb6ec51c4f4c,Lying Alternate Hip Extension,,하체,reps,other,BODYWEIGHT_NOISE_REVIEW,Not in core gym/calisthenics strength families; review before default search exposure.
gvs_04fc6a3e1f6dac6c,Lying Alternate Knee Flexion,,하체,reps,other,BODYWEIGHT_NOISE_REVIEW,Not in core gym/calisthenics strength families; review before default search exposure.
gvs_cfcba8445efa9af6,Lying Alternate Sole Kick,,하체,reps,other,BODYWEIGHT_NOISE_REVIEW,Not in core gym/calisthenics strength families; review before default search exposure.
gvs_53a2dadf394289f7,Lying Alternate Straight Leg Circle,,하체,reps,other,BODYWEIGHT_NOISE_REVIEW,Not in core gym/calisthenics strength families; review before default search exposure.
gvs_47fc964bb1adc08b,Lying Alternate Straight Leg Lift,,하체,reps,other,BODYWEIGHT_NOISE_REVIEW,Not in core gym/calisthenics strength families; review before default search exposure.
gvs_fd25db7a882bf334,Lying Alternate Toe Tap,,하체,reps,other,BODYWEIGHT_NOISE_REVIEW,Not in core gym/calisthenics strength families; review before default search exposure.
gvs_5d8995a87349ce92,Lying Alternate Toe Touch,,코어,reps,core_crunch,BODYWEIGHT_DEFAULT_SEARCH_CANDIDATE,Recognized gym/calisthenics strength family with no home-context/noise markers.
gvs_cb6433c7f5818fc7,Lying Alternate Toe Touch Floor,,하체,reps,core_crunch,BODYWEIGHT_DEFAULT_SEARCH_CANDIDATE,Recognized gym/calisthenics strength family with no home-context/noise markers.
gvs_ed9284f1f5309dd5,Lying Alternating Knee Tuck,,,reps,other,BODYWEIGHT_NOISE_REVIEW,Not in core gym/calisthenics strength families; review before default search exposure.
gvs_ce6c51b8360a04f0,Lying Alternating Legs Extension,,하체,reps,other,BODYWEIGHT_NOISE_REVIEW,Not in core gym/calisthenics strength families; review before default search exposure.
gvs_dd42c57db63369bd,Lying Anterior Pelvic Shift,,하체,reps,other,BODYWEIGHT_NOISE_REVIEW,Not in core gym/calisthenics strength families; review before default search exposure.
gvs_76914eaaf886add4,Lying Arm Crossover,,가슴,reps,other,BODYWEIGHT_NOISE_REVIEW,Not in core gym/calisthenics strength families; review before default search exposure.
gvs_54adc7646c2cd68e,Lying Arms Curl With Pillow,,팔,reps,other,BODYWEIGHT_NOISE_REVIEW,Not in core gym/calisthenics strength families; review before default search exposure.
gvs_157da374964bdcfe,Lying Arms Forward Circle,,어깨,reps,other,BODYWEIGHT_NOISE_REVIEW,Not in core gym/calisthenics strength families; review before default search exposure.
gvs_fa2740ca79b593d0,Lying Arms Slide,,어깨,reps,other,BODYWEIGHT_NOISE_REVIEW,Not in core gym/calisthenics strength families; review before default search exposure.
gvs_0815d507d2852eaf,Lying Around The World,,,reps,other,BODYWEIGHT_NOISE_REVIEW,Not in core gym/calisthenics strength families; review before default search exposure.
gvs_b73ccd84dfac4a52,Lying Back Contraction,,등,reps,other,BODYWEIGHT_NOISE_REVIEW,Not in core gym/calisthenics strength families; review before default search exposure.
gvs_2b17273e680e5704,Lying Back Extension,,하체,reps,back_extension,BODYWEIGHT_DEFAULT_SEARCH_CANDIDATE,Recognized gym/calisthenics strength family with no home-context/noise markers.
gvs_948d2c1978af18f1,Lying Bent Knee Figure,,하체,reps,other,BODYWEIGHT_NOISE_REVIEW,Not in core gym/calisthenics strength families; review before default search exposure.
gvs_a2d60eb5a8b493a1,Lying Bent Knee Raise And Extend,,코어,reps,core_raise,BODYWEIGHT_EXTENDED_VARIANT_REVIEW,Recognized strength family but compound/complex variant; not a default-search decision yet.
gvs_abea0101a306bea9,Lying Bent Knee Side Roll,,코어,reps,other,BODYWEIGHT_NOISE_REVIEW,Not in core gym/calisthenics strength families; review before default search exposure.
gvs_9ce1c72fbd5860f7,Lying Bent Leg Tuck,,코어,reps,other,BODYWEIGHT_NOISE_REVIEW,Not in core gym/calisthenics strength families; review before default search exposure.
gvs_3f12f61de72ed6a9,Lying Bent Legs Raise,,코어,reps,other,BODYWEIGHT_NOISE_REVIEW,Not in core gym/calisthenics strength families; review before default search exposure.
gvs_daf7951f3b0f25af,Lying Bicep Curl,,팔,reps,other,BODYWEIGHT_NOISE_REVIEW,Not in core gym/calisthenics strength families; review before default search exposure.
gvs_8243a29febdcd14f,Lying Biceps Curl With Towel,,팔,reps,other,BODYWEIGHT_NOISE_REVIEW,Not in core gym/calisthenics strength families; review before default search exposure.
gvs_e0c4660a04b5c0c8,Lying Bicycle Crunch,,코어,reps,core_crunch,BODYWEIGHT_DEFAULT_SEARCH_CANDIDATE,Recognized gym/calisthenics strength family with no home-context/noise markers.
gvs_d34bd205248c84fd,Lying Butt Curl,,하체,reps,other,BODYWEIGHT_NOISE_REVIEW,Not in core gym/calisthenics strength families; review before default search exposure.
gvs_aeb8a2bae33fd9c8,Lying Butterfly (Abduction),,하체,reps,other,BODYWEIGHT_NOISE_REVIEW,Not in core gym/calisthenics strength families; review before default search exposure.
gvs_0b1dae41a3176ed1,Lying Butterfly Crunch,,코어,reps,core_crunch,BODYWEIGHT_DEFAULT_SEARCH_CANDIDATE,Recognized gym/calisthenics strength family with no home-context/noise markers.
gvs_17770eb225104630,Lying Butterfly Leg Raise,,코어,reps,core_raise,BODYWEIGHT_DEFAULT_SEARCH_CANDIDATE,Recognized gym/calisthenics strength family with no home-context/noise markers.
gvs_d83cade94dcf5a7d,Lying Criss Cross Legs,,하체,reps,other,BODYWEIGHT_NOISE_REVIEW,Not in core gym/calisthenics strength families; review before default search exposure.
gvs_8c696d707fba9b16,Lying Cross Ankle Tap,,코어,reps,other,BODYWEIGHT_NOISE_REVIEW,Not in core gym/calisthenics strength families; review before default search exposure.
gvs_c5bde27ffb74093f,Lying Crossed Legs Pelvic Twist,,하체,reps,other,BODYWEIGHT_NOISE_REVIEW,Not in core gym/calisthenics strength families; review before default search exposure.
gvs_b01cfb2c9d9ec66a,Lying Crossed Legs Twist,,코어,reps,other,BODYWEIGHT_NOISE_REVIEW,Not in core gym/calisthenics strength families; review before default search exposure.
gvs_99574b27eae5b05f,Lying Crunch (Straight Legs),,코어,reps,core_crunch,BODYWEIGHT_DEFAULT_SEARCH_CANDIDATE,Recognized gym/calisthenics strength family with no home-context/noise markers.
gvs_1914fc0d0c8d0241,Lying Crunch Through Legs Abduction,,코어,reps,core_crunch,BODYWEIGHT_DEFAULT_SEARCH_CANDIDATE,Recognized gym/calisthenics strength family with no home-context/noise markers.
gvs_c6e770e917bc067d,Lying Cycle,,코어,reps,other,BODYWEIGHT_NOISE_REVIEW,Not in core gym/calisthenics strength families; review before default search exposure.
gvs_164bf898af2301e2,Lying Cycle Punches,,코어,reps,other,BODYWEIGHT_NOISE_REVIEW,Not in core gym/calisthenics strength families; review before default search exposure.
gvs_9eca4d3ee91700f8,Lying Double Glute Lift,,하체,reps,other,BODYWEIGHT_NOISE_REVIEW,Not in core gym/calisthenics strength families; review before default search exposure.
gvs_49e889eabc7eb908,Lying Double Glute Lift Heel Tap,,하체,reps,other,BODYWEIGHT_NOISE_REVIEW,Not in core gym/calisthenics strength families; review before default search exposure.
gvs_0f1f4e18952e6542,Lying Double Legs Biceps Curl With Towel,,팔,reps,other,BODYWEIGHT_NOISE_REVIEW,Not in core gym/calisthenics strength families; review before default search exposure.
gvs_eff2c90b81481083,Lying Double Legs Hammer Curl With Towel,,팔,reps,other,BODYWEIGHT_NOISE_REVIEW,Not in core gym/calisthenics strength families; review before default search exposure.
gvs_a3b13e5911bbbac1,Lying Elbow Swipes,,등,reps,other,BODYWEIGHT_NOISE_REVIEW,Not in core gym/calisthenics strength families; review before default search exposure.
gvs_49bfd88f4c0312cf,Lying Elbow To Knee,,코어,reps,other,BODYWEIGHT_NOISE_REVIEW,Not in core gym/calisthenics strength families; review before default search exposure.
gvs_b59f6d11882acc65,Lying Elbow Touch,,가슴,reps,other,BODYWEIGHT_NOISE_REVIEW,Not in core gym/calisthenics strength families; review before default search exposure.
gvs_ba7de8cccd91ddae,Lying Flat Hip Raise,,코어,reps,other,BODYWEIGHT_NOISE_REVIEW,Not in core gym/calisthenics strength families; review before default search exposure.
gvs_795ee4d69938e980,Lying Floor 6 Inch Hold,,코어,duration,other,BODYWEIGHT_NOISE_REVIEW,Not in core gym/calisthenics strength families; review before default search exposure.
gvs_eded5f177695cf97,Lying Floor Abduction Adduction,,하체,reps,other,BODYWEIGHT_NOISE_REVIEW,Not in core gym/calisthenics strength families; review before default search exposure.
gvs_afb1873586580c55,Lying Floor Fly,,가슴,reps,other,BODYWEIGHT_NOISE_REVIEW,Not in core gym/calisthenics strength families; review before default search exposure.
gvs_fd00ccacaf24e9be,Lying Floor Horizontal Flutter Kick,,하체,reps,other,BODYWEIGHT_NOISE_REVIEW,Not in core gym/calisthenics strength families; review before default search exposure.
gvs_cd21ef4419208f6a,Lying Floor Hyperextension,,하체,reps,back_extension,BODYWEIGHT_DEFAULT_SEARCH_CANDIDATE,Recognized gym/calisthenics strength family with no home-context/noise markers.
gvs_603f959aaebd13ec,Lying Floor Hyperextension With Towel,,하체,reps,back_extension,BODYWEIGHT_CONTEXT_VARIANT_REVIEW,Recognized strength family but contains home/context prop wording.
gvs_6cf78efc0d46bf16,Lying Floor Negative Dragon Flag,,코어,reps,other,BODYWEIGHT_NOISE_REVIEW,Not in core gym/calisthenics strength families; review before default search exposure.
gvs_d0b5d47557e76c95,Lying Floor Negative Half Dragon Flag,,코어,reps,other,BODYWEIGHT_NOISE_REVIEW,Not in core gym/calisthenics strength families; review before default search exposure.
gvs_34f5108d82cb69c9,Lying Floor Quarter Twisting Crunch,,코어,reps,core_crunch,BODYWEIGHT_DEFAULT_SEARCH_CANDIDATE,Recognized gym/calisthenics strength family with no home-context/noise markers.
gvs_85c944a86ab039aa,Lying Floor Row Hold With Bent Knee,,등,duration,row,BODYWEIGHT_DEFAULT_SEARCH_CANDIDATE,Recognized gym/calisthenics strength family with no home-context/noise markers.
gvs_5f5a7b0817dabda2,Lying Floor Row With Bent Knee,,등,reps,row,BODYWEIGHT_DEFAULT_SEARCH_CANDIDATE,Recognized gym/calisthenics strength family with no home-context/noise markers.
gvs_35abb7786da8a16e,Lying Floor Single Leg Negative Dragon Flag,,코어,reps,other,BODYWEIGHT_NOISE_REVIEW,Not in core gym/calisthenics strength families; review before default search exposure.
gvs_cd6b3dfa6940639c,Lying Floor Slide,,등,reps,other,BODYWEIGHT_NOISE_REVIEW,Not in core gym/calisthenics strength families; review before default search exposure.
gvs_5f64bc2c9130810e,Lying Frog Crunch,,코어,reps,core_crunch,BODYWEIGHT_DEFAULT_SEARCH_CANDIDATE,Recognized gym/calisthenics strength family with no home-context/noise markers.
gvs_abc8f8381007d7c2,Lying Frog Crunch Feet Together,,코어,reps,core_crunch,BODYWEIGHT_DEFAULT_SEARCH_CANDIDATE,Recognized gym/calisthenics strength family with no home-context/noise markers.
gvs_93fc45ca6d275630,Lying Frog Kick,,하체,reps,other,BODYWEIGHT_NOISE_REVIEW,Not in core gym/calisthenics strength families; review before default search exposure.
gvs_95e4df2abcc01e88,Lying Frog Pulse,,하체,reps,other,BODYWEIGHT_NOISE_REVIEW,Not in core gym/calisthenics strength families; review before default search exposure.
gvs_e6f3add51dd43fd5,Lying Frog Push,,하체,reps,other,BODYWEIGHT_NOISE_REVIEW,Not in core gym/calisthenics strength families; review before default search exposure.
gvs_140e2cc8e4d634fe,Lying Front Raise,라잉 프론트 레이즈,어깨,reps,other,BODYWEIGHT_NOISE_REVIEW,Not in core gym/calisthenics strength families; review before default search exposure.
gvs_4fce05a3cfb62e93,Lying Full Leg Raise,,코어,reps,core_raise,BODYWEIGHT_DEFAULT_SEARCH_CANDIDATE,Recognized gym/calisthenics strength family with no home-context/noise markers.
gvs_c770c5bef8e4fedc,Lying Half Butterfly Raise,,하체,reps,other,BODYWEIGHT_NOISE_REVIEW,Not in core gym/calisthenics strength families; review before default search exposure.
gvs_2a9563dfeed002c7,Lying Hands On Side Upper Body Raise,,하체,reps,other,BODYWEIGHT_NOISE_REVIEW,Not in core gym/calisthenics strength families; review before default search exposure.
gvs_aa5191ff1c02188f,Lying Heel To Heel Dragback,,하체,reps,other,BODYWEIGHT_NOISE_REVIEW,Not in core gym/calisthenics strength families; review before default search exposure.
gvs_1bf3d72a336509e4,Lying High Criss Cross Legs,,하체,reps,other,BODYWEIGHT_NOISE_REVIEW,Not in core gym/calisthenics strength families; review before default search exposure.
gvs_b620a97e259a30c8,Lying Hip Abduction Knee Bent,,하체,reps,other,BODYWEIGHT_NOISE_REVIEW,Not in core gym/calisthenics strength families; review before default search exposure.
gvs_bec4cbaddac06131,Lying Hip Adduction,라잉 힙 어덕션,하체,reps,other,BODYWEIGHT_NOISE_REVIEW,Not in core gym/calisthenics strength families; review before default search exposure.
gvs_38b1cb12e0808d58,Lying Hip Circle,,하체,reps,other,BODYWEIGHT_NOISE_REVIEW,Not in core gym/calisthenics strength families; review before default search exposure.
gvs_c0bdc9df4723f3c7,Lying Hip Flexion With Knee Bent,,하체,reps,other,BODYWEIGHT_NOISE_REVIEW,Not in core gym/calisthenics strength families; review before default search exposure.
gvs_0f82f8c1ecfb8cc1,Lying Hip Knee Raise,,코어,reps,core_raise,BODYWEIGHT_DEFAULT_SEARCH_CANDIDATE,Recognized gym/calisthenics strength family with no home-context/noise markers.
gvs_2fff3aee5f279564,Lying Hip Rotation,,하체,reps,other,BODYWEIGHT_NOISE_REVIEW,Not in core gym/calisthenics strength families; review before default search exposure.
gvs_434647948b256062,Lying Hip Straight Leg Raise,,코어,reps,core_raise,BODYWEIGHT_DEFAULT_SEARCH_CANDIDATE,Recognized gym/calisthenics strength family with no home-context/noise markers.
gvs_7883528e0b85b9d8,Lying Hover Leg Clap (Abduction),,하체,reps,other,BODYWEIGHT_NOISE_REVIEW,Not in core gym/calisthenics strength families; review before default search exposure.
gvs_4bdea9a3001fe33b,Lying Hyperextension Hold,,하체,duration,back_extension,BODYWEIGHT_DEFAULT_SEARCH_CANDIDATE,Recognized gym/calisthenics strength family with no home-context/noise markers.
gvs_ee6ac96e7d7ad0e0,Lying Knee Hugs Circle,,하체,reps,other,BODYWEIGHT_NOISE_REVIEW,Not in core gym/calisthenics strength families; review before default search exposure.
gvs_dc73f5cdfada8de9,Lying Knee Raise,라잉 니 레이즈,코어,reps,core_raise,BODYWEIGHT_DEFAULT_SEARCH_CANDIDATE,Recognized gym/calisthenics strength family with no home-context/noise markers.
gvs_a02341ea9ff5cca0,Lying Knee Tuck,,코어,reps,other,BODYWEIGHT_NOISE_REVIEW,Not in core gym/calisthenics strength families; review before default search exposure.
gvs_0f48d71779e229a7,Lying Lat Pulldown,라잉 랫 풀다운,등,reps,other,BODYWEIGHT_NOISE_REVIEW,Not in core gym/calisthenics strength families; review before default search exposure.
gvs_9603b8c807293c5e,Lying Lat Row,,등,reps,row,BODYWEIGHT_DEFAULT_SEARCH_CANDIDATE,Recognized gym/calisthenics strength family with no home-context/noise markers.
gvs_5d2030d0218e9822,Lying Leg Abduction,,하체,reps,other,BODYWEIGHT_NOISE_REVIEW,Not in core gym/calisthenics strength families; review before default search exposure.
gvs_f9b6019b93645033,Lying Leg Circle Hip Raise,,코어,reps,other,BODYWEIGHT_NOISE_REVIEW,Not in core gym/calisthenics strength families; review before default search exposure.
gvs_ba6dedbf9a234437,Lying Leg Cross,,코어,reps,other,BODYWEIGHT_NOISE_REVIEW,Not in core gym/calisthenics strength families; review before default search exposure.
gvs_f14d082ba47de62b,Lying Leg Crossover,,하체,reps,other,BODYWEIGHT_NOISE_REVIEW,Not in core gym/calisthenics strength families; review before default search exposure.
gvs_a475c0990f5da185,Lying Leg Extension,라잉 레그 익스텐션,코어,reps,other,BODYWEIGHT_NOISE_REVIEW,Not in core gym/calisthenics strength families; review before default search exposure.
gvs_decd1d8ea2e94f7c,Lying Leg Hip Raise,,코어,reps,other,BODYWEIGHT_NOISE_REVIEW,Not in core gym/calisthenics strength families; review before default search exposure.
gvs_e0bc831caeabd84c,Lying Leg Hip Raise On Floor,,코어,reps,other,BODYWEIGHT_NOISE_REVIEW,Not in core gym/calisthenics strength families; review before default search exposure.
gvs_8c5324f33061fcdb,Lying Leg Lift,,코어,reps,other,BODYWEIGHT_NOISE_REVIEW,Not in core gym/calisthenics strength families; review before default search exposure.
gvs_62c96d8cb4cb3aae,Lying Leg Raise,라잉 레그 레이즈,,reps,core_raise,BODYWEIGHT_DEFAULT_SEARCH_CANDIDATE,Recognized gym/calisthenics strength family with no home-context/noise markers.
gvs_1d4761b368e4dcdb,Lying Leg Raise (Modified),,코어,reps,core_raise,BODYWEIGHT_DEFAULT_SEARCH_CANDIDATE,Recognized gym/calisthenics strength family with no home-context/noise markers.
gvs_6abdefc98b9a794d,Lying Leg Raise And Hold,,코어,duration,core_raise,BODYWEIGHT_EXTENDED_VARIANT_REVIEW,Recognized strength family but compound/complex variant; not a default-search decision yet.
gvs_c00be5403ea9318a,Lying Leg Raise Flat Bench,,코어,reps,core_raise,BODYWEIGHT_DEFAULT_SEARCH_CANDIDATE,Recognized gym/calisthenics strength family with no home-context/noise markers.
gvs_fa772470116460ce,Lying Leg Raise To Side,,코어,reps,core_raise,BODYWEIGHT_EXTENDED_VARIANT_REVIEW,Recognized strength family but compound/complex variant; not a default-search decision yet.
gvs_02de5cb991741ce1,Lying Legs Extension Abduction,,하체,reps,other,BODYWEIGHT_NOISE_REVIEW,Not in core gym/calisthenics strength families; review before default search exposure.
gvs_4742e376139c3f14,Lying Legs Extension Toes Flexion,,하체,reps,other,BODYWEIGHT_NOISE_REVIEW,Not in core gym/calisthenics strength families; review before default search exposure.
gvs_eaf4bb091ee56f41,Lying Legs Triangle Drop,,하체,reps,other,BODYWEIGHT_NOISE_REVIEW,Not in core gym/calisthenics strength families; review before default search exposure.
gvs_24ffc6c1d515ccad,Lying Obliques Crunch,,코어,reps,core_crunch,BODYWEIGHT_DEFAULT_SEARCH_CANDIDATE,Recognized gym/calisthenics strength family with no home-context/noise markers.
gvs_08d4c1c9a826ddc1,Lying Obliques Scissors,,하체,reps,other,BODYWEIGHT_NOISE_REVIEW,Not in core gym/calisthenics strength families; review before default search exposure.
gvs_7d4b922f043863d7,Lying Overhead Arm Extension,,팔,reps,other,BODYWEIGHT_NOISE_REVIEW,Not in core gym/calisthenics strength families; review before default search exposure.
gvs_ed3a86cab41fc9e0,Lying Prone A,,등,reps,other,BODYWEIGHT_NOISE_REVIEW,Not in core gym/calisthenics strength families; review before default search exposure.
gvs_2c7300f9b0deefc9,Lying Prone T,,등,reps,other,BODYWEIGHT_NOISE_REVIEW,Not in core gym/calisthenics strength families; review before default search exposure.
gvs_9e4365c7f9209ebf,Lying Prone V Lift,,등,reps,other,BODYWEIGHT_NOISE_REVIEW,Not in core gym/calisthenics strength families; review before default search exposure.
gvs_da71945aff85cb4c,Lying Prone W,,등,reps,other,BODYWEIGHT_NOISE_REVIEW,Not in core gym/calisthenics strength families; review before default search exposure.
gvs_c63828a17ceb5aed,Lying Prone W To T,,등,reps,other,BODYWEIGHT_NOISE_REVIEW,Not in core gym/calisthenics strength families; review before default search exposure.
gvs_74a2a156569e2930,Lying Prone W To Y,,등,reps,other,BODYWEIGHT_NOISE_REVIEW,Not in core gym/calisthenics strength families; review before default search exposure.
gvs_2fa746c22046ed4c,Lying Prone Y Raise,,등,reps,other,BODYWEIGHT_NOISE_REVIEW,Not in core gym/calisthenics strength families; review before default search exposure.
gvs_2344768b73f89ee3,Lying Prone Y To T To W,,등,reps,other,BODYWEIGHT_NOISE_REVIEW,Not in core gym/calisthenics strength families; review before default search exposure.
gvs_b98adf3dea4f2409,Lying Punches,,가슴,reps,other,BODYWEIGHT_NOISE_REVIEW,Not in core gym/calisthenics strength families; review before default search exposure.
gvs_336addc84f84381e,Lying Quarter Hip Raise,,코어,reps,other,BODYWEIGHT_NOISE_REVIEW,Not in core gym/calisthenics strength families; review before default search exposure.
gvs_8ac3aba7659e1727,Lying Raised Heel Tap,,하체,reps,other,BODYWEIGHT_NOISE_REVIEW,Not in core gym/calisthenics strength families; review before default search exposure.
gvs_610896c1e856f441,Lying Raised Shoulders Windshield Wiper,,코어,reps,other,BODYWEIGHT_NOISE_REVIEW,Not in core gym/calisthenics strength families; review before default search exposure.
gvs_2e3f01506039276a,Lying Rear Lateral Raise,라잉 리어 레터럴 레이즈,어깨,reps,other,BODYWEIGHT_NOISE_REVIEW,Not in core gym/calisthenics strength families; review before default search exposure.
gvs_e0958092f2f02a78,Lying Reverse Abdominal Press,,코어,reps,other,BODYWEIGHT_NOISE_REVIEW,Not in core gym/calisthenics strength families; review before default search exposure.
gvs_ed9fbb23ffd3709b,Lying Reverse Frog Crunch,,코어,reps,core_crunch,BODYWEIGHT_DEFAULT_SEARCH_CANDIDATE,Recognized gym/calisthenics strength family with no home-context/noise markers.
gvs_eae0bdba71704fc8,Lying Reverse Leg Extension,라잉 리버스 레그 익스텐션,하체,reps,other,BODYWEIGHT_NOISE_REVIEW,Not in core gym/calisthenics strength families; review before default search exposure.
gvs_eafdf65765b01327,Lying Reverse Push Up,라잉 리버스 푸시업,등,reps,push_up,BODYWEIGHT_DEFAULT_SEARCH_CANDIDATE,Recognized gym/calisthenics strength family with no home-context/noise markers.
gvs_e325c94f72d719b7,Lying Rotator Cuff Rotation,,등,reps,other,BODYWEIGHT_NOISE_REVIEW,Not in core gym/calisthenics strength families; review before default search exposure.
gvs_50b3b00081c283f6,Lying Russian Twist,라잉 러시안 트위스트,코어,reps,other,BODYWEIGHT_NOISE_REVIEW,Not in core gym/calisthenics strength families; review before default search exposure.
gvs_8c9f115020215032,Lying Scissor Crunch,,코어,reps,core_crunch,BODYWEIGHT_DEFAULT_SEARCH_CANDIDATE,Recognized gym/calisthenics strength family with no home-context/noise markers.
gvs_fd00ae74668f39c2,Lying Scissor Kick,,하체,reps,other,BODYWEIGHT_NOISE_REVIEW,Not in core gym/calisthenics strength families; review before default search exposure.
gvs_419b3351f7338791,Lying Scissors Cross,,하체,reps,other,BODYWEIGHT_NOISE_REVIEW,Not in core gym/calisthenics strength families; review before default search exposure.
gvs_bbcfe466000c8394,Lying Side Reverse Crunch,라잉 사이드 리버스 크런치,코어,reps,core_crunch,BODYWEIGHT_DEFAULT_SEARCH_CANDIDATE,Recognized gym/calisthenics strength family with no home-context/noise markers.
gvs_65e4f3abf8ce0203,Lying Side To Side Knee,,하체,reps,other,BODYWEIGHT_NOISE_REVIEW,Not in core gym/calisthenics strength families; review before default search exposure.
gvs_9887f7fd941f0081,Lying Single Glute Lift,,하체,reps,other,BODYWEIGHT_NOISE_REVIEW,Not in core gym/calisthenics strength families; review before default search exposure.
gvs_8be81217cca60607,Lying Single Leg Abduction,,하체,reps,other,BODYWEIGHT_NOISE_REVIEW,Not in core gym/calisthenics strength families; review before default search exposure.
gvs_39ab10a2710868d4,Lying Single Leg Butterfly,,하체,reps,other,BODYWEIGHT_NOISE_REVIEW,Not in core gym/calisthenics strength families; review before default search exposure.
gvs_071e9ef557ea7e81,Lying Single Leg Extension,,하체,reps,other,BODYWEIGHT_NOISE_REVIEW,Not in core gym/calisthenics strength families; review before default search exposure.
gvs_967710ac12efd60e,Lying Single Leg Lift,,코어,reps,other,BODYWEIGHT_NOISE_REVIEW,Not in core gym/calisthenics strength families; review before default search exposure.
gvs_22aa485b7403495b,Lying Single Leg Raise,,,reps,core_raise,BODYWEIGHT_DEFAULT_SEARCH_CANDIDATE,Recognized gym/calisthenics strength family with no home-context/noise markers.
gvs_30cab280b80f55c2,Lying Single Legs Reverse Biceps Curl With Towel,,팔,reps,other,BODYWEIGHT_NOISE_REVIEW,Not in core gym/calisthenics strength families; review before default search exposure.
gvs_7567862a5388b96c,Lying Single To Double Leg Raise,,코어,reps,core_raise,BODYWEIGHT_EXTENDED_VARIANT_REVIEW,Recognized strength family but compound/complex variant; not a default-search decision yet.
gvs_72f63b3652dd8f08,Lying Single To Double Toe Tap,,코어,reps,other,BODYWEIGHT_NOISE_REVIEW,Not in core gym/calisthenics strength families; review before default search exposure.
gvs_46a5700f796246ff,Lying Single Toe Pointing,,하체,reps,other,BODYWEIGHT_NOISE_REVIEW,Not in core gym/calisthenics strength families; review before default search exposure.
gvs_742302a20955dbb4,Lying Spiderman Crawl,,코어,reps,other,BODYWEIGHT_NOISE_REVIEW,Not in core gym/calisthenics strength families; review before default search exposure.
gvs_d31f36c1a4b05145,Lying Split Abductor,,하체,reps,other,BODYWEIGHT_NOISE_REVIEW,Not in core gym/calisthenics strength families; review before default search exposure.
gvs_c7558f2ce241ab76,Lying Straight Leg Marches,,코어,reps,other,BODYWEIGHT_NOISE_REVIEW,Not in core gym/calisthenics strength families; review before default search exposure.
gvs_7bd8ad54df3c464e,Lying Straight Leg Reverse Crunch,,코어,reps,core_crunch,BODYWEIGHT_DEFAULT_SEARCH_CANDIDATE,Recognized gym/calisthenics strength family with no home-context/noise markers.
gvs_d0ac7c8c46c44b2a,Lying Superman Soar,,등,reps,back_extension,BODYWEIGHT_DEFAULT_SEARCH_CANDIDATE,Recognized gym/calisthenics strength family with no home-context/noise markers.
gvs_79894d1223793cd8,Lying Swimming Legs,,하체,reps,other,BODYWEIGHT_NOISE_REVIEW,Not in core gym/calisthenics strength families; review before default search exposure.
gvs_c942862f3607e74f,Lying T Raise,,등,reps,other,BODYWEIGHT_NOISE_REVIEW,Not in core gym/calisthenics strength families; review before default search exposure.
gvs_2b2cebefe289dd1f,Lying Tip Toe,,하체,reps,other,BODYWEIGHT_NOISE_REVIEW,Not in core gym/calisthenics strength families; review before default search exposure.
gvs_9610ef0ed2de6bbc,Lying Toe Tap,,하체,reps,other,BODYWEIGHT_NOISE_REVIEW,Not in core gym/calisthenics strength families; review before default search exposure.
gvs_dafd636b379bb543,Lying Toe Touch,,코어,reps,core_crunch,BODYWEIGHT_DEFAULT_SEARCH_CANDIDATE,Recognized gym/calisthenics strength family with no home-context/noise markers.
gvs_d5b9ffbeddfb2548,Lying Top Grab Front Grab,,가슴,reps,other,BODYWEIGHT_NOISE_REVIEW,Not in core gym/calisthenics strength families; review before default search exposure.
gvs_07c752fdfbf195f1,Lying Triceps Extension With Pillow,,팔,reps,other,BODYWEIGHT_NOISE_REVIEW,Not in core gym/calisthenics strength families; review before default search exposure.
gvs_8436109ceb7b98e6,Lying Tuck Crunch,,코어,reps,core_crunch,BODYWEIGHT_DEFAULT_SEARCH_CANDIDATE,Recognized gym/calisthenics strength family with no home-context/noise markers.
gvs_1ad01b252c55de71,Lying Tuck Up,,코어,reps,other,BODYWEIGHT_NOISE_REVIEW,Not in core gym/calisthenics strength families; review before default search exposure.
gvs_e2ef046ecc12b554,Lying Tuck Up Knee Tap,,코어,reps,other,BODYWEIGHT_NOISE_REVIEW,Not in core gym/calisthenics strength families; review before default search exposure.
gvs_b1237a564d0e1ed4,Lying Twist Toe Touch,,코어,reps,core_crunch,BODYWEIGHT_EXTENDED_VARIANT_REVIEW,Recognized strength family but compound/complex variant; not a default-search decision yet.
gvs_cf3a97adfdee9ca5,Lying Twist Toe Touch Against Wall,,코어,reps,core_crunch,BODYWEIGHT_CONTEXT_VARIANT_REVIEW,Recognized strength family but contains home/context prop wording.
gvs_2cc4f090191780be,Lying Upper Body Superman Row,,등,reps,row,BODYWEIGHT_DEFAULT_SEARCH_CANDIDATE,Recognized gym/calisthenics strength family with no home-context/noise markers.
gvs_24fb3dccc0131406,Lying Upper Body T Raise,,등,reps,other,BODYWEIGHT_NOISE_REVIEW,Not in core gym/calisthenics strength families; review before default search exposure.
gvs_a9e10233c5d5bb2b,Lying Upper Trapezius Press,,등,reps,other,BODYWEIGHT_NOISE_REVIEW,Not in core gym/calisthenics strength families; review before default search exposure.
gvs_46305e84086ad6ce,Lying Vertical Scissors On Floor,,하체,reps,other,BODYWEIGHT_NOISE_REVIEW,Not in core gym/calisthenics strength families; review before default search exposure.
gvs_355edd5c8c5700f6,Lying Windshield Wiper,,코어,reps,other,BODYWEIGHT_NOISE_REVIEW,Not in core gym/calisthenics strength families; review before default search exposure.
gvs_2a8515b41af135fc,Mid Air Lateral Raises With Switching Palms,,어깨,reps,other,BODYWEIGHT_NOISE_REVIEW,Not in core gym/calisthenics strength families; review before default search exposure.
gvs_a915e0718c30de99,Mid Back Elbow Squeez,,등,reps,other,BODYWEIGHT_NOISE_REVIEW,Not in core gym/calisthenics strength families; review before default search exposure.
gvs_625bdff6bee493c0,Mini Squat With A Chair,,하체,reps,squat,BODYWEIGHT_CONTEXT_VARIANT_REVIEW,Recognized strength family but contains home/context prop wording.
gvs_aa82b0a1f81f892d,Mixed Grip Chin Up,,등,reps,pull_chin_muscleup,BODYWEIGHT_DEFAULT_SEARCH_CANDIDATE,Recognized gym/calisthenics strength family with no home-context/noise markers.
gvs_0e599f2a17b6572c,Muscle Up,,등,reps,pull_chin_muscleup,BODYWEIGHT_DEFAULT_SEARCH_CANDIDATE,Recognized gym/calisthenics strength family with no home-context/noise markers.
gvs_fb3adfca0d72ae54,Narrow Lunge With Wall Supported,,하체,reps,lunge_split,BODYWEIGHT_CONTEXT_VARIANT_REVIEW,Recognized strength family but contains home/context prop wording.
gvs_9c914fad3fb3fac9,Narrow Squat From Deficit,,하체,reps,squat,BODYWEIGHT_DEFAULT_SEARCH_CANDIDATE,Recognized gym/calisthenics strength family with no home-context/noise markers.
gvs_4c04b2bdd7ba883d,Narrow To Normal Squat,,하체,reps,squat,BODYWEIGHT_EXTENDED_VARIANT_REVIEW,Recognized strength family but compound/complex variant; not a default-search decision yet.
gvs_6e3b4a454c8fde79,Negative Biceps Leg Concentration Curl,,팔,reps,other,BODYWEIGHT_NOISE_REVIEW,Not in core gym/calisthenics strength families; review before default search exposure.
gvs_1d05ad131b2664a3,Negative Crunch,,코어,reps,core_crunch,BODYWEIGHT_DEFAULT_SEARCH_CANDIDATE,Recognized gym/calisthenics strength family with no home-context/noise markers.
gvs_51f8e654b0de0b4a,Negative Dragon Flag,,코어,reps,other,BODYWEIGHT_NOISE_REVIEW,Not in core gym/calisthenics strength families; review before default search exposure.
gvs_c919e7eeace20380,Negative Push Up,,등,reps,push_up,BODYWEIGHT_DEFAULT_SEARCH_CANDIDATE,Recognized gym/calisthenics strength family with no home-context/noise markers.
gvs_2e24d4dde7dc5d51,Neutral Grip Chin Up,뉴트럴 그립 친업,등,reps,pull_chin_muscleup,BODYWEIGHT_DEFAULT_SEARCH_CANDIDATE,Recognized gym/calisthenics strength family with no home-context/noise markers.
gvs_b9f0dec836b107ea,Neutral Wrist Roller,,팔,reps,other,BODYWEIGHT_NOISE_REVIEW,Not in core gym/calisthenics strength families; review before default search exposure.
gvs_9719782b62080b9b,Nordic Hamstring Curl,,하체,reps,hamstring,BODYWEIGHT_DEFAULT_SEARCH_CANDIDATE,Recognized gym/calisthenics strength family with no home-context/noise markers.
gvs_23379158cb3cb24e,Oblique Crunch,,코어,reps,core_crunch,BODYWEIGHT_DEFAULT_SEARCH_CANDIDATE,Recognized gym/calisthenics strength family with no home-context/noise markers.
gvs_ab8c475210d3b15c,Oblique Crunches Floor,,코어,reps,other,BODYWEIGHT_NOISE_REVIEW,Not in core gym/calisthenics strength families; review before default search exposure.
gvs_017eb8e21b0d9e34,Oblique Crunches With Straight Leg Lift,,코어,reps,other,BODYWEIGHT_NOISE_REVIEW,Not in core gym/calisthenics strength families; review before default search exposure.
gvs_0a07989165980a9d,Oblique V Up On Floor,,코어,reps,core_crunch,BODYWEIGHT_DEFAULT_SEARCH_CANDIDATE,Recognized gym/calisthenics strength family with no home-context/noise markers.
gvs_b50d87a770e223b7,Offset Leg Push Up,,가슴,reps,push_up,BODYWEIGHT_DEFAULT_SEARCH_CANDIDATE,Recognized gym/calisthenics strength family with no home-context/noise markers.
gvs_6710e217f4219e6f,Old School Reverse Extensions,,팔,reps,other,BODYWEIGHT_NOISE_REVIEW,Not in core gym/calisthenics strength families; review before default search exposure.
gvs_67681e9870491c42,One Side Archer Push Up,,가슴,reps,push_up,BODYWEIGHT_DEFAULT_SEARCH_CANDIDATE,Recognized gym/calisthenics strength family with no home-context/noise markers.
gvs_0d0a1c03fa9f80b3,Open Pulsing Glute Bridge,,하체,reps,glute_hip,BODYWEIGHT_EXTENDED_VARIANT_REVIEW,Recognized strength family but compound/complex variant; not a default-search decision yet.
gvs_b4d5046da2dd538d,Opposite Arm And Leg Raise Against Wall,,하체,reps,core_raise,BODYWEIGHT_CONTEXT_VARIANT_REVIEW,Recognized strength family but contains home/context prop wording.
gvs_747878a9c35f4991,Opposite Arm Raise Against Wall,,하체,reps,other,BODYWEIGHT_NOISE_REVIEW,Not in core gym/calisthenics strength families; review before default search exposure.
gvs_282f0146f7ff1b24,Opposite Crunch,,코어,reps,core_crunch,BODYWEIGHT_DEFAULT_SEARCH_CANDIDATE,Recognized gym/calisthenics strength family with no home-context/noise markers.
gvs_dcb59c45c8e02f9d,Opposite Leg Raise,,하체,reps,core_raise,BODYWEIGHT_DEFAULT_SEARCH_CANDIDATE,Recognized gym/calisthenics strength family with no home-context/noise markers.
gvs_210a1029513c8521,Otis Up,,코어,reps,other,BODYWEIGHT_NOISE_REVIEW,Not in core gym/calisthenics strength families; review before default search exposure.
gvs_dc7807ad40b7411d,Overhead Clap,,어깨,reps,other,BODYWEIGHT_NOISE_REVIEW,Not in core gym/calisthenics strength families; review before default search exposure.
gvs_57b01f0dbaddebe1,Overhead Sit Up With Legs On Bench,,코어,reps,core_crunch,BODYWEIGHT_DEFAULT_SEARCH_CANDIDATE,Recognized gym/calisthenics strength family with no home-context/noise markers.
gvs_f9c35859b8bd5105,Palm Press Back,,등,reps,other,BODYWEIGHT_NOISE_REVIEW,Not in core gym/calisthenics strength families; review before default search exposure.
gvs_7520debcf2787512,Palm Up Palm Down Rotation,,어깨,reps,other,BODYWEIGHT_NOISE_REVIEW,Not in core gym/calisthenics strength families; review before default search exposure.
gvs_be82a204a87d0eee,Palms Above Head Elbow Squeeze,,가슴,reps,other,BODYWEIGHT_NOISE_REVIEW,Not in core gym/calisthenics strength families; review before default search exposure.
gvs_ad3e5c998c5c4879,Palms To Head Chest Fly,,가슴,reps,other,BODYWEIGHT_NOISE_REVIEW,Not in core gym/calisthenics strength families; review before default search exposure.
gvs_3ea1ea6736ed1777,Parallel Bars Bent Knee Inverted Row,,등,reps,row,BODYWEIGHT_DEFAULT_SEARCH_CANDIDATE,Recognized gym/calisthenics strength family with no home-context/noise markers.
gvs_adfbbc529093e14c,Pass Through With Towel,,어깨,reps,other,BODYWEIGHT_NOISE_REVIEW,Not in core gym/calisthenics strength families; review before default search exposure.
gvs_f4b728cfc3cd7997,Pause Squat,,하체,reps,squat,BODYWEIGHT_DEFAULT_SEARCH_CANDIDATE,Recognized gym/calisthenics strength family with no home-context/noise markers.
gvs_1578ed94f6f0ee1a,Pelvic Tilt,,하체,reps,other,BODYWEIGHT_NOISE_REVIEW,Not in core gym/calisthenics strength families; review before default search exposure.
gvs_6166e05f8416456f,Pelvic Tilt Hold,,하체,duration,other,BODYWEIGHT_NOISE_REVIEW,Not in core gym/calisthenics strength families; review before default search exposure.
gvs_df5096e06ce8042a,Pelvic Tilt Into Bridge,,하체,reps,other,BODYWEIGHT_NOISE_REVIEW,Not in core gym/calisthenics strength families; review before default search exposure.
gvs_025c86568e6af3dc,Peterson Forward Side Step,,하체,reps,other,BODYWEIGHT_NOISE_REVIEW,Not in core gym/calisthenics strength families; review before default search exposure.
gvs_8148b2a2bfd115f0,Pigeon Delt Raise,,하체,reps,other,BODYWEIGHT_NOISE_REVIEW,Not in core gym/calisthenics strength families; review before default search exposure.
gvs_26af5eb1f821b10d,Pike Push Up,,가슴,reps,push_up,BODYWEIGHT_DEFAULT_SEARCH_CANDIDATE,Recognized gym/calisthenics strength family with no home-context/noise markers.
gvs_e7df2f1411e9090e,Pike Push Up (On Bench),,가슴,reps,push_up,BODYWEIGHT_DEFAULT_SEARCH_CANDIDATE,Recognized gym/calisthenics strength family with no home-context/noise markers.
gvs_6c960e3b71af1ec3,Pike Push Up From Deficit,,어깨,reps,push_up,BODYWEIGHT_DEFAULT_SEARCH_CANDIDATE,Recognized gym/calisthenics strength family with no home-context/noise markers.
gvs_2223bf3ab4792b28,Pike Push Up With Parallettes,,어깨,reps,push_up,BODYWEIGHT_DEFAULT_SEARCH_CANDIDATE,Recognized gym/calisthenics strength family with no home-context/noise markers.
gvs_dc92ee737ba860db,Pike To Cobra Push Up,,가슴,reps,push_up,BODYWEIGHT_EXTENDED_VARIANT_REVIEW,Recognized strength family but compound/complex variant; not a default-search decision yet.
gvs_6daac44d21644969,Pistol Squat To Box,,하체,reps,squat,BODYWEIGHT_EXTENDED_VARIANT_REVIEW,Recognized strength family but compound/complex variant; not a default-search decision yet.
gvs_0881209180d4d161,Pistol Squat With Chair,,하체,reps,squat,BODYWEIGHT_CONTEXT_VARIANT_REVIEW,Recognized strength family but contains home/context prop wording.
gvs_1d1f9437ceee77ff,Planche Dip On Parallel Bars,,코어,reps,dip,BODYWEIGHT_DEFAULT_SEARCH_CANDIDATE,Recognized gym/calisthenics strength family with no home-context/noise markers.
gvs_9f5ddaac8ce7e902,Plank Alternate Anti Gravity Pull Up,,코어,duration,pull_chin_muscleup,BODYWEIGHT_DEFAULT_SEARCH_CANDIDATE,Recognized gym/calisthenics strength family with no home-context/noise markers.
gvs_0bcc99b18518fcfd,Plank Alternate Knee Tuck,,코어,duration,plank,BODYWEIGHT_DEFAULT_SEARCH_CANDIDATE,Recognized gym/calisthenics strength family with no home-context/noise markers.
gvs_a4b94f187844677e,Plank Arm Lifts,,등,duration,plank,BODYWEIGHT_DEFAULT_SEARCH_CANDIDATE,Recognized gym/calisthenics strength family with no home-context/noise markers.
gvs_d8e1ccf3fa1f0583,Plank Feet Tap,,코어,reps,plank,BODYWEIGHT_EXTENDED_VARIANT_REVIEW,Recognized strength family but compound/complex variant; not a default-search decision yet.
gvs_4de2efa07142fb32,Plank From Knees,,코어,duration,plank,BODYWEIGHT_DEFAULT_SEARCH_CANDIDATE,Recognized gym/calisthenics strength family with no home-context/noise markers.
gvs_bfccf1df6a3f0d3f,Plank Hand Switch,,코어,duration,plank,BODYWEIGHT_EXTENDED_VARIANT_REVIEW,Recognized strength family but compound/complex variant; not a default-search decision yet.
gvs_1154d759e53fe9fd,Plank Hands Tap Feet Tap,,코어,reps,plank,BODYWEIGHT_EXTENDED_VARIANT_REVIEW,Recognized strength family but compound/complex variant; not a default-search decision yet.
gvs_eceaf9994c522b69,Plank Jack,,코어,reps,plank,BODYWEIGHT_DEFAULT_SEARCH_CANDIDATE,Recognized gym/calisthenics strength family with no home-context/noise markers.
gvs_256e2dabfe3359eb,Plank Jack Slide With Towel,,코어,reps,plank,BODYWEIGHT_CONTEXT_VARIANT_REVIEW,Recognized strength family but contains home/context prop wording.
gvs_248d4f1c898b4dde,Plank Lateral Raise,플랭크 레터럴 레이즈,코어,reps,plank,BODYWEIGHT_DEFAULT_SEARCH_CANDIDATE,Recognized gym/calisthenics strength family with no home-context/noise markers.
gvs_d00ac47959020549,Plank Leg Raises,,코어,duration,plank,BODYWEIGHT_DEFAULT_SEARCH_CANDIDATE,Recognized gym/calisthenics strength family with no home-context/noise markers.
gvs_a7f6402b6e3870b3,Plank On Hands,,코어,duration,plank,BODYWEIGHT_DEFAULT_SEARCH_CANDIDATE,Recognized gym/calisthenics strength family with no home-context/noise markers.
gvs_026570c140975bb5,Plank Pike Slide With Towel,,코어,duration,plank,BODYWEIGHT_CONTEXT_VARIANT_REVIEW,Recognized strength family but contains home/context prop wording.
gvs_eff81bfeaa1d7bac,Plank Pike To Climber,,코어,reps,plank,BODYWEIGHT_EXTENDED_VARIANT_REVIEW,Recognized strength family but compound/complex variant; not a default-search decision yet.
gvs_48c6a8125a174548,Plank Row,플랭크 로우,코어,reps,row,BODYWEIGHT_DEFAULT_SEARCH_CANDIDATE,Recognized gym/calisthenics strength family with no home-context/noise markers.
gvs_09568b4a243af38c,Plank Scapular Push Up,,등,reps,push_up,BODYWEIGHT_DEFAULT_SEARCH_CANDIDATE,Recognized gym/calisthenics strength family with no home-context/noise markers.
gvs_2694fa410c00b8f1,Plank Shoulder Tap,,코어,reps,plank,BODYWEIGHT_EXTENDED_VARIANT_REVIEW,Recognized strength family but compound/complex variant; not a default-search decision yet.
gvs_bc3cd8cb3ea02e43,Plank Side Kick Through,,코어,reps,plank,BODYWEIGHT_EXTENDED_VARIANT_REVIEW,Recognized strength family but compound/complex variant; not a default-search decision yet.
gvs_5b76e53740ae4eaf,Plank Side Walk,,코어,reps,plank,BODYWEIGHT_EXTENDED_VARIANT_REVIEW,Recognized strength family but compound/complex variant; not a default-search decision yet.
gvs_587ba705ff15ce25,Plank Thigh Tap,,코어,reps,plank,BODYWEIGHT_EXTENDED_VARIANT_REVIEW,Recognized strength family but compound/complex variant; not a default-search decision yet.
gvs_20306595e71bdda1,Plank To Pike,,코어,duration,plank,BODYWEIGHT_EXTENDED_VARIANT_REVIEW,Recognized strength family but compound/complex variant; not a default-search decision yet.
gvs_64f1eb22bbbefa6c,Plank Walk Up,,코어,reps,plank,BODYWEIGHT_EXTENDED_VARIANT_REVIEW,Recognized strength family but compound/complex variant; not a default-search decision yet.
gvs_a630f529e0943875,Planked Side Toe Tap,,코어,reps,other,BODYWEIGHT_NOISE_REVIEW,Not in core gym/calisthenics strength families; review before default search exposure.
gvs_c8714f233591c1bb,Plyo Push Up,,가슴,reps,push_up,BODYWEIGHT_DEFAULT_SEARCH_CANDIDATE,Recognized gym/calisthenics strength family with no home-context/noise markers.
gvs_9b1183f5dc62ad11,Plyo Sit Squat (Wall),,하체,reps,squat,BODYWEIGHT_CONTEXT_VARIANT_REVIEW,Recognized strength family but contains home/context prop wording.
gvs_cb159e7b886fa70b,Plyo Squat,,하체,reps,squat,BODYWEIGHT_DEFAULT_SEARCH_CANDIDATE,Recognized gym/calisthenics strength family with no home-context/noise markers.
gvs_b4045977a9bc1e6f,Plyo Squat Side Bend,,하체,reps,squat,BODYWEIGHT_DEFAULT_SEARCH_CANDIDATE,Recognized gym/calisthenics strength family with no home-context/noise markers.
gvs_34bba3f02672bcea,Potty Squat,,하체,reps,squat,BODYWEIGHT_DEFAULT_SEARCH_CANDIDATE,Recognized gym/calisthenics strength family with no home-context/noise markers.
gvs_32c33b254045c35d,Potty Squat With Support,,하체,reps,squat,BODYWEIGHT_DEFAULT_SEARCH_CANDIDATE,Recognized gym/calisthenics strength family with no home-context/noise markers.
gvs_490458496a1a8399,Power Point Plank,,코어,duration,plank,BODYWEIGHT_DEFAULT_SEARCH_CANDIDATE,Recognized gym/calisthenics strength family with no home-context/noise markers.
gvs_024cb154fb212b2e,Prayer Chest Squeeze,,가슴,reps,other,BODYWEIGHT_NOISE_REVIEW,Not in core gym/calisthenics strength families; review before default search exposure.
gvs_33e88942fc9f2ac6,Prayer Push,,어깨,reps,other,BODYWEIGHT_NOISE_REVIEW,Not in core gym/calisthenics strength families; review before default search exposure.
gvs_efca78d00236dfd6,Prayer Push Hold,,가슴,duration,other,BODYWEIGHT_NOISE_REVIEW,Not in core gym/calisthenics strength families; review before default search exposure.
gvs_fef1fd4c716bb8fe,Prisoner Get Up,,하체,reps,other,BODYWEIGHT_NOISE_REVIEW,Not in core gym/calisthenics strength families; review before default search exposure.
gvs_6485a0ca57641f78,Prone Hip Cars,,하체,reps,other,BODYWEIGHT_NOISE_REVIEW,Not in core gym/calisthenics strength families; review before default search exposure.
gvs_a22c6d7d7ba16cdd,Prone Y Raise,,등,reps,other,BODYWEIGHT_NOISE_REVIEW,Not in core gym/calisthenics strength families; review before default search exposure.
gvs_9f958c17c8bb94b7,Protraction Plank,,코어,duration,plank,BODYWEIGHT_DEFAULT_SEARCH_CANDIDATE,Recognized gym/calisthenics strength family with no home-context/noise markers.
gvs_610fc8b28c17643c,Protraction Plank Jack,,코어,reps,plank,BODYWEIGHT_DEFAULT_SEARCH_CANDIDATE,Recognized gym/calisthenics strength family with no home-context/noise markers.
gvs_ece41f53d87ed0d3,Pseudo Planche Push Up,,가슴,reps,push_up,BODYWEIGHT_DEFAULT_SEARCH_CANDIDATE,Recognized gym/calisthenics strength family with no home-context/noise markers.
gvs_b386c54004e89d3a,Pull Up,풀업,등,reps,pull_chin_muscleup,BODYWEIGHT_DEFAULT_SEARCH_CANDIDATE,Recognized gym/calisthenics strength family with no home-context/noise markers.
gvs_a5a436636eaf7933,Pull Up (Negative),,등,reps,pull_chin_muscleup,BODYWEIGHT_DEFAULT_SEARCH_CANDIDATE,Recognized gym/calisthenics strength family with no home-context/noise markers.
gvs_f90b1dd428661d3e,Pull Up (Neutral Grip),풀업 뉴트럴 그립,등,reps,pull_chin_muscleup,BODYWEIGHT_DEFAULT_SEARCH_CANDIDATE,Recognized gym/calisthenics strength family with no home-context/noise markers.
gvs_834fc1f214cabde4,Pull Up (Wide Grip),풀업 와이드 그립,등,reps,pull_chin_muscleup,BODYWEIGHT_DEFAULT_SEARCH_CANDIDATE,Recognized gym/calisthenics strength family with no home-context/noise markers.
gvs_b672755a64c9c6c0,Pull Up With Bent Knee Between Chairs,,등,reps,pull_chin_muscleup,BODYWEIGHT_DEFAULT_SEARCH_CANDIDATE,Recognized gym/calisthenics strength family with no home-context/noise markers.
gvs_f8a0b004a261241a,Pulse Row,,등,reps,row,BODYWEIGHT_EXTENDED_VARIANT_REVIEW,Recognized strength family but compound/complex variant; not a default-search decision yet.
gvs_393cc861fc951be5,Pulse Split Lunge,,하체,reps,lunge_split,BODYWEIGHT_EXTENDED_VARIANT_REVIEW,Recognized strength family but compound/complex variant; not a default-search decision yet.
gvs_189a0a31a9a3cbcd,Pulse Up,,코어,reps,other,BODYWEIGHT_NOISE_REVIEW,Not in core gym/calisthenics strength families; review before default search exposure.
gvs_4b9c2d4c9d6e3ff2,Pulsing Adduction And Abduction,,하체,reps,other,BODYWEIGHT_NOISE_REVIEW,Not in core gym/calisthenics strength families; review before default search exposure.
gvs_9ed12958e2073a26,Pulsing Chest Crossovers,,가슴,reps,other,BODYWEIGHT_NOISE_REVIEW,Not in core gym/calisthenics strength families; review before default search exposure.
gvs_8e1628b27ee36ad8,Pulsing Donkey Kickback,,하체,reps,other,BODYWEIGHT_NOISE_REVIEW,Not in core gym/calisthenics strength families; review before default search exposure.
gvs_fb16aae3ca2e45e3,Pulsing Glute Bridge,,하체,reps,glute_hip,BODYWEIGHT_DEFAULT_SEARCH_CANDIDATE,Recognized gym/calisthenics strength family with no home-context/noise markers.
gvs_a3f3ec7a69dc8340,Pulsing Prayer Push,,가슴,reps,other,BODYWEIGHT_NOISE_REVIEW,Not in core gym/calisthenics strength families; review before default search exposure.
gvs_0c0e97772bccc79f,Pulsing Side Lunge,,하체,reps,lunge_split,BODYWEIGHT_DEFAULT_SEARCH_CANDIDATE,Recognized gym/calisthenics strength family with no home-context/noise markers.
gvs_4d501ea491dc35e2,Pulsing Side Squat,,하체,reps,squat,BODYWEIGHT_DEFAULT_SEARCH_CANDIDATE,Recognized gym/calisthenics strength family with no home-context/noise markers.
gvs_99a3edae12cd7f88,Punches Side Lunge,,하체,reps,lunge_split,BODYWEIGHT_DEFAULT_SEARCH_CANDIDATE,Recognized gym/calisthenics strength family with no home-context/noise markers.
gvs_fddc50383c0e78ce,Push And Arms Crossover,,가슴,reps,other,BODYWEIGHT_NOISE_REVIEW,Not in core gym/calisthenics strength families; review before default search exposure.
gvs_cc4b6f01c0e83a5d,Push And Rotate,,가슴,reps,other,BODYWEIGHT_NOISE_REVIEW,Not in core gym/calisthenics strength families; review before default search exposure.
gvs_f0c2401f12aae1cf,Push Press,푸시 프레스,어깨,reps,other,BODYWEIGHT_NOISE_REVIEW,Not in core gym/calisthenics strength families; review before default search exposure.
gvs_4dbf0f0aaf116c8e,Push Up,푸시업,가슴,reps,push_up,BODYWEIGHT_DEFAULT_SEARCH_CANDIDATE,Recognized gym/calisthenics strength family with no home-context/noise markers.
gvs_33be8c6deed1deb9,Push Up (Bosu Ball),,가슴,reps,push_up,BODYWEIGHT_DEFAULT_SEARCH_CANDIDATE,Recognized gym/calisthenics strength family with no home-context/noise markers.
gvs_1ead0d8700f899c7,Push Up (On Knees),,가슴,reps,push_up,BODYWEIGHT_DEFAULT_SEARCH_CANDIDATE,Recognized gym/calisthenics strength family with no home-context/noise markers.
gvs_883b3098af69dcd0,Push Up (Wall) Ii,,가슴,reps,push_up,BODYWEIGHT_CONTEXT_VARIANT_REVIEW,Recognized strength family but contains home/context prop wording.
gvs_4c438a8c9fd3608a,Push Up Hand By Hand,,가슴,reps,push_up,BODYWEIGHT_DEFAULT_SEARCH_CANDIDATE,Recognized gym/calisthenics strength family with no home-context/noise markers.
gvs_fc3228aa2d0f2d4c,Push Up In Child Pose,,가슴,reps,push_up,BODYWEIGHT_DEFAULT_SEARCH_CANDIDATE,Recognized gym/calisthenics strength family with no home-context/noise markers.
gvs_16a20f8908035d6d,Push Up Jack,,가슴,reps,push_up,BODYWEIGHT_DEFAULT_SEARCH_CANDIDATE,Recognized gym/calisthenics strength family with no home-context/noise markers.
gvs_79e48ca510a64619,Push Up On Forearms,,팔,reps,push_up,BODYWEIGHT_DEFAULT_SEARCH_CANDIDATE,Recognized gym/calisthenics strength family with no home-context/noise markers.
gvs_44a3a2a427a85116,Push Up Plus,,가슴,reps,push_up,BODYWEIGHT_DEFAULT_SEARCH_CANDIDATE,Recognized gym/calisthenics strength family with no home-context/noise markers.
gvs_15c2dc998f6f7f11,Push Up Pull,,가슴,reps,push_up,BODYWEIGHT_DEFAULT_SEARCH_CANDIDATE,Recognized gym/calisthenics strength family with no home-context/noise markers.
gvs_4b90c393d000e653,Push Up Row,푸시업 로우,등,reps,push_up,BODYWEIGHT_DEFAULT_SEARCH_CANDIDATE,Recognized gym/calisthenics strength family with no home-context/noise markers.
gvs_ab1af491a6c6df51,Push Up To Side Plank,,가슴,reps,push_up,BODYWEIGHT_EXTENDED_VARIANT_REVIEW,Recognized strength family but compound/complex variant; not a default-search decision yet.
gvs_597f8bd20b75ee18,Push Up With Twist,,코어,reps,push_up,BODYWEIGHT_EXTENDED_VARIANT_REVIEW,Recognized strength family but compound/complex variant; not a default-search decision yet.
gvs_2c579fde73472600,Pvc External Rotation,,등,reps,other,BODYWEIGHT_NOISE_REVIEW,Not in core gym/calisthenics strength families; review before default search exposure.
gvs_1f36d2028ba0b884,Pvc Good Morning,,하체,reps,other,BODYWEIGHT_NOISE_REVIEW,Not in core gym/calisthenics strength families; review before default search exposure.
gvs_6c150a0c84785ac2,Pvc Hip Hinge,,하체,reps,other,BODYWEIGHT_NOISE_REVIEW,Not in core gym/calisthenics strength families; review before default search exposure.
gvs_b0be06dc9f5bec2a,Pvc Overhead Squat,,하체,reps,squat,BODYWEIGHT_DEFAULT_SEARCH_CANDIDATE,Recognized gym/calisthenics strength family with no home-context/noise markers.
gvs_767f37006a6859b2,Pvc Pass Through,,어깨,reps,other,BODYWEIGHT_NOISE_REVIEW,Not in core gym/calisthenics strength families; review before default search exposure.
gvs_80ca2fbf6715910f,Quadruped Hip Extension To Abduction,,하체,reps,other,BODYWEIGHT_NOISE_REVIEW,Not in core gym/calisthenics strength families; review before default search exposure.
gvs_6c3947e01d3645ea,Quadruped Leg Curl,,하체,reps,other,BODYWEIGHT_NOISE_REVIEW,Not in core gym/calisthenics strength families; review before default search exposure.
gvs_9dfc3426c4789d2c,Quarter Sit Up,,코어,reps,core_crunch,BODYWEIGHT_DEFAULT_SEARCH_CANDIDATE,Recognized gym/calisthenics strength family with no home-context/noise markers.
gvs_6f1057b177d45145,Quarter Sit Up With Pillow,,코어,reps,core_crunch,BODYWEIGHT_CONTEXT_VARIANT_REVIEW,Recognized strength family but contains home/context prop wording.
gvs_dd31a22c210deb42,Quick Sumo Squat,,하체,reps,squat,BODYWEIGHT_DEFAULT_SEARCH_CANDIDATE,Recognized gym/calisthenics strength family with no home-context/noise markers.
gvs_84a35c76fc0e4d24,Quickly Swing Arms In Place,,어깨,reps,other,BODYWEIGHT_NOISE_REVIEW,Not in core gym/calisthenics strength families; review before default search exposure.
gvs_c5df3c98d8e9912a,Raise Single Leg Push Up,,가슴,reps,push_up,BODYWEIGHT_DEFAULT_SEARCH_CANDIDATE,Recognized gym/calisthenics strength family with no home-context/noise markers.
gvs_a883c30f6aafc2df,Reach Front Reach Top Sumo Squat,,하체,reps,squat,BODYWEIGHT_EXTENDED_VARIANT_REVIEW,Recognized strength family but compound/complex variant; not a default-search decision yet.
gvs_3bd34ff7d0b99267,Rear Decline Bridge,,코어,reps,other,BODYWEIGHT_NOISE_REVIEW,Not in core gym/calisthenics strength families; review before default search exposure.
gvs_c356156d68470e41,Rear Pull Up,리어 풀업,등,reps,pull_chin_muscleup,BODYWEIGHT_DEFAULT_SEARCH_CANDIDATE,Recognized gym/calisthenics strength family with no home-context/noise markers.
gvs_df37b7032d46b93b,Reverse Air Cycling,,코어,reps,other,BODYWEIGHT_NOISE_REVIEW,Not in core gym/calisthenics strength families; review before default search exposure.
gvs_939a0771a41d2815,Reverse Crunch,리버스 크런치,코어,reps,core_crunch,BODYWEIGHT_DEFAULT_SEARCH_CANDIDATE,Recognized gym/calisthenics strength family with no home-context/noise markers.
gvs_54f977aad84a275c,Reverse Crunch Leg Drop,,코어,reps,core_crunch,BODYWEIGHT_DEFAULT_SEARCH_CANDIDATE,Recognized gym/calisthenics strength family with no home-context/noise markers.
gvs_98f2a8394aa24381,Reverse Crunch M,,코어,reps,core_crunch,BODYWEIGHT_DEFAULT_SEARCH_CANDIDATE,Recognized gym/calisthenics strength family with no home-context/noise markers.
gvs_a1bb7e83cbf9864b,Reverse Dip,리버스 딥스,팔,reps,dip,BODYWEIGHT_DEFAULT_SEARCH_CANDIDATE,Recognized gym/calisthenics strength family with no home-context/noise markers.
gvs_3d447f5f5e7a030f,Reverse Frog Crunch,,코어,reps,core_crunch,BODYWEIGHT_DEFAULT_SEARCH_CANDIDATE,Recognized gym/calisthenics strength family with no home-context/noise markers.
gvs_be324d354e91d7e5,Reverse Grip Pull Up,리버스 그립 풀업,등,reps,pull_chin_muscleup,BODYWEIGHT_DEFAULT_SEARCH_CANDIDATE,Recognized gym/calisthenics strength family with no home-context/noise markers.
gvs_3ad4705e493c8cb4,Reverse Hyper On Flat Bench,,하체,reps,other,BODYWEIGHT_NOISE_REVIEW,Not in core gym/calisthenics strength families; review before default search exposure.
gvs_bac07e9945e18651,Reverse Hyperextension On Bench,,하체,reps,back_extension,BODYWEIGHT_DEFAULT_SEARCH_CANDIDATE,Recognized gym/calisthenics strength family with no home-context/noise markers.
gvs_3cead932789f61c8,Reverse Lunge (Leg Kick),,하체,reps,lunge_split,BODYWEIGHT_EXTENDED_VARIANT_REVIEW,Recognized strength family but compound/complex variant; not a default-search decision yet.
gvs_3512a127fe4b0897,Reverse Lunge Forward Lunge,리버스 런지 포워드 런지,하체,reps,lunge_split,BODYWEIGHT_DEFAULT_SEARCH_CANDIDATE,Recognized gym/calisthenics strength family with no home-context/noise markers.
gvs_de5ce3f3cec8c07b,Reverse Lunge Front Kick,,하체,reps,lunge_split,BODYWEIGHT_EXTENDED_VARIANT_REVIEW,Recognized strength family but compound/complex variant; not a default-search decision yet.
gvs_3c2619975e363e3f,Reverse Lunge High Knee,,하체,reps,lunge_split,BODYWEIGHT_DEFAULT_SEARCH_CANDIDATE,Recognized gym/calisthenics strength family with no home-context/noise markers.
gvs_ec0d9793491f6e43,Reverse Lunge High Knee Forward Lunge,,하체,reps,lunge_split,BODYWEIGHT_DEFAULT_SEARCH_CANDIDATE,Recognized gym/calisthenics strength family with no home-context/noise markers.
gvs_47f17f86d7b0d00c,Reverse Lunge Kickback,리버스 런지 킥백,하체,reps,lunge_split,BODYWEIGHT_DEFAULT_SEARCH_CANDIDATE,Recognized gym/calisthenics strength family with no home-context/noise markers.
gvs_3319ce1141445b7d,Reverse Lunge Knee Drive,,하체,reps,lunge_split,BODYWEIGHT_DEFAULT_SEARCH_CANDIDATE,Recognized gym/calisthenics strength family with no home-context/noise markers.
gvs_6a77a211743c811d,Reverse Plank,리버스 플랭크,,duration,plank,BODYWEIGHT_DEFAULT_SEARCH_CANDIDATE,Recognized gym/calisthenics strength family with no home-context/noise markers.
gvs_223d64d76c002c4f,Reverse Plank March,,코어,duration,plank,BODYWEIGHT_EXTENDED_VARIANT_REVIEW,Recognized strength family but compound/complex variant; not a default-search decision yet.
gvs_075708f80120655e,Reverse Plank On Elbows,,코어,duration,plank,BODYWEIGHT_DEFAULT_SEARCH_CANDIDATE,Recognized gym/calisthenics strength family with no home-context/noise markers.
gvs_f4a7f42d62d6ac1d,Reverse Plank With Leg Lift,,하체,duration,plank,BODYWEIGHT_DEFAULT_SEARCH_CANDIDATE,Recognized gym/calisthenics strength family with no home-context/noise markers.
gvs_6e450afa2726cd68,Reverse Push Up,리버스 푸시업,팔,reps,push_up,BODYWEIGHT_DEFAULT_SEARCH_CANDIDATE,Recognized gym/calisthenics strength family with no home-context/noise markers.
gvs_825bf82aa79b102c,Reverse Wrist Curl,리버스 리스트 컬,팔,reps,other,BODYWEIGHT_NOISE_REVIEW,Not in core gym/calisthenics strength families; review before default search exposure.
gvs_f2516709a532d9ed,Rkc Plank,,코어,duration,plank,BODYWEIGHT_DEFAULT_SEARCH_CANDIDATE,Recognized gym/calisthenics strength family with no home-context/noise markers.
gvs_d0e78034553c6c7e,Rocky Pull Up Pulldown,,등,reps,pull_chin_muscleup,BODYWEIGHT_DEFAULT_SEARCH_CANDIDATE,Recognized gym/calisthenics strength family with no home-context/noise markers.
gvs_b3b18b9fc381a45f,Roll Around The World Lying On Floor,,등,reps,other,BODYWEIGHT_NOISE_REVIEW,Not in core gym/calisthenics strength families; review before default search exposure.
gvs_930ce9fc4055181a,Roll Ball Adductors,,하체,reps,other,BODYWEIGHT_NOISE_REVIEW,Not in core gym/calisthenics strength families; review before default search exposure.
gvs_effbfadc5aa2785a,Roll Ball Deltoid Posterior,,어깨,reps,other,BODYWEIGHT_NOISE_REVIEW,Not in core gym/calisthenics strength families; review before default search exposure.
gvs_211557195e510815,Roll Ball Gluteus Maximus,,하체,reps,other,BODYWEIGHT_NOISE_REVIEW,Not in core gym/calisthenics strength families; review before default search exposure.
gvs_4c61d57ead194ea4,Roll Ball Gluteus Medius,,하체,reps,other,BODYWEIGHT_NOISE_REVIEW,Not in core gym/calisthenics strength families; review before default search exposure.
gvs_69ccc3a83d999b22,Roll Ball Iliospsoas,,하체,reps,other,BODYWEIGHT_NOISE_REVIEW,Not in core gym/calisthenics strength families; review before default search exposure.
gvs_1e8d40ca083cc41c,Roll Ball Lower Back,,하체,reps,other,BODYWEIGHT_NOISE_REVIEW,Not in core gym/calisthenics strength families; review before default search exposure.
gvs_679340415509cfd9,Roll Ball Pectorial Release,,가슴,reps,other,BODYWEIGHT_NOISE_REVIEW,Not in core gym/calisthenics strength families; review before default search exposure.
gvs_07436ccb875398b3,Roll Ball Piriformis Release,,하체,reps,other,BODYWEIGHT_NOISE_REVIEW,Not in core gym/calisthenics strength families; review before default search exposure.
gvs_02d163fca6d64f52,Roll Ball Scapula Levator,,등,reps,other,BODYWEIGHT_NOISE_REVIEW,Not in core gym/calisthenics strength families; review before default search exposure.
gvs_d896fae038ae82de,Roll Ball Seated Hamstrings Active,,하체,reps,other,BODYWEIGHT_NOISE_REVIEW,Not in core gym/calisthenics strength families; review before default search exposure.
gvs_eee864ea118374ac,Roll Ball Side Lying Inner Thigh Active,,하체,reps,other,BODYWEIGHT_NOISE_REVIEW,Not in core gym/calisthenics strength families; review before default search exposure.
gvs_1eaac8b0408a1766,Roll Ball Tensor Fasciae Latae,,하체,reps,other,BODYWEIGHT_NOISE_REVIEW,Not in core gym/calisthenics strength families; review before default search exposure.
gvs_9159ccf76a4a1337,Roll Ball Upper Trapezius Release,,등,reps,other,BODYWEIGHT_NOISE_REVIEW,Not in core gym/calisthenics strength families; review before default search exposure.
gvs_109f90f49590273a,Roll Biceps Lying On Floor,,팔,reps,other,BODYWEIGHT_NOISE_REVIEW,Not in core gym/calisthenics strength families; review before default search exposure.
gvs_cdb173e7e8232e27,Roll Calves,,하체,reps,other,BODYWEIGHT_NOISE_REVIEW,Not in core gym/calisthenics strength families; review before default search exposure.
gvs_876e93e6fb01e4c8,Roll Calves (Single Leg),,하체,reps,other,BODYWEIGHT_NOISE_REVIEW,Not in core gym/calisthenics strength families; review before default search exposure.
gvs_a91b1a7fda00fd5f,Roll Chest Lying On Floor,,가슴,reps,other,BODYWEIGHT_NOISE_REVIEW,Not in core gym/calisthenics strength families; review before default search exposure.
gvs_cf25494b95b04333,Roll Chest Opener Lying On Floor,,가슴,reps,other,BODYWEIGHT_NOISE_REVIEW,Not in core gym/calisthenics strength families; review before default search exposure.
gvs_e405ebc4e70a255e,Roll Erector Spinae Lying On Floor,,하체,reps,other,BODYWEIGHT_NOISE_REVIEW,Not in core gym/calisthenics strength families; review before default search exposure.
gvs_905d3f51eabf1245,Roll Forearms Standing Against Wall,,팔,reps,other,BODYWEIGHT_NOISE_REVIEW,Not in core gym/calisthenics strength families; review before default search exposure.
gvs_79e47fb90825ca0d,Roll Front Shoulder And Chest Lying On Floor,,가슴,reps,other,BODYWEIGHT_NOISE_REVIEW,Not in core gym/calisthenics strength families; review before default search exposure.
gvs_ffaee92da74c4399,Roll Glute Twist Lying On Floor,,하체,reps,other,BODYWEIGHT_NOISE_REVIEW,Not in core gym/calisthenics strength families; review before default search exposure.
gvs_e005108bbf2abfab,Roll Glutes Seated On Floor,,하체,reps,other,BODYWEIGHT_NOISE_REVIEW,Not in core gym/calisthenics strength families; review before default search exposure.
gvs_a482acea8d7c1afc,Roll Hamstrings And Glute Seated On Floor,,하체,reps,other,BODYWEIGHT_NOISE_REVIEW,Not in core gym/calisthenics strength families; review before default search exposure.
gvs_11ab28b77dfd8fa7,Roll Hamstrings Seated On Floor,,하체,reps,other,BODYWEIGHT_NOISE_REVIEW,Not in core gym/calisthenics strength families; review before default search exposure.
gvs_a53a2349a1bd1249,Roll Hip Thrust,,하체,reps,glute_hip,BODYWEIGHT_EXTENDED_VARIANT_REVIEW,Recognized strength family but compound/complex variant; not a default-search decision yet.
gvs_12877d29821412d1,Roll Iliospsoas,,하체,reps,other,BODYWEIGHT_NOISE_REVIEW,Not in core gym/calisthenics strength families; review before default search exposure.
gvs_a96f6ddc6e08d236,Roll Kneeling Upper Back Rotation,,등,reps,other,BODYWEIGHT_NOISE_REVIEW,Not in core gym/calisthenics strength families; review before default search exposure.
gvs_24c3733ac43525f4,Roll Lat Foam Rolling,,등,reps,other,BODYWEIGHT_NOISE_REVIEW,Not in core gym/calisthenics strength families; review before default search exposure.
gvs_5a9711c44f6b9fc2,Roll Lower Back (Side) Lying On Floor,,등,reps,other,BODYWEIGHT_NOISE_REVIEW,Not in core gym/calisthenics strength families; review before default search exposure.
gvs_2693eb6e54196cdc,Roll Middle Back Lying On Floor,,등,reps,other,BODYWEIGHT_NOISE_REVIEW,Not in core gym/calisthenics strength families; review before default search exposure.
gvs_8dd8c65029a19126,Roll Pec Foam Rolling,,가슴,reps,other,BODYWEIGHT_NOISE_REVIEW,Not in core gym/calisthenics strength families; review before default search exposure.
gvs_3ae848e506dbc609,Roll Peroneal Side Lying On Floor,,하체,reps,other,BODYWEIGHT_NOISE_REVIEW,Not in core gym/calisthenics strength families; review before default search exposure.
gvs_e146895c35c9fda6,Roll Posterior Shoulder Lying On Floor,,어깨,reps,other,BODYWEIGHT_NOISE_REVIEW,Not in core gym/calisthenics strength families; review before default search exposure.
gvs_f01fdf5955e3bd59,Roll Press Plank,,코어,reps,plank,BODYWEIGHT_EXTENDED_VARIANT_REVIEW,Recognized strength family but compound/complex variant; not a default-search decision yet.
gvs_6b60918b372eda03,Roll Pull And Bend On Stabilitity Ball,,코어,reps,other,BODYWEIGHT_NOISE_REVIEW,Not in core gym/calisthenics strength families; review before default search exposure.
gvs_39558e44283ad6ae,Roll Rectus Femoris,,하체,reps,other,BODYWEIGHT_NOISE_REVIEW,Not in core gym/calisthenics strength families; review before default search exposure.
gvs_fbf2933b88b9dedb,Roll Reverse Crunch,,코어,reps,core_crunch,BODYWEIGHT_EXTENDED_VARIANT_REVIEW,Recognized strength family but compound/complex variant; not a default-search decision yet.
gvs_a656807d5eb87605,Roll Rhomboids,,등,reps,other,BODYWEIGHT_NOISE_REVIEW,Not in core gym/calisthenics strength families; review before default search exposure.
gvs_3429b31ad01c2ca4,Roll Shoulder Back Rotation Lying On Floor,,어깨,reps,other,BODYWEIGHT_NOISE_REVIEW,Not in core gym/calisthenics strength families; review before default search exposure.
gvs_dce1904992a87641,Roll Shoulder Blade Reach Lying On Floor,,등,reps,other,BODYWEIGHT_NOISE_REVIEW,Not in core gym/calisthenics strength families; review before default search exposure.
gvs_3760fbb4e9bbb7a6,Roll Tensor Fasciae Latae,,하체,reps,other,BODYWEIGHT_NOISE_REVIEW,Not in core gym/calisthenics strength families; review before default search exposure.
gvs_be9a653688c22bfc,Roll Thoracic Spine Lying On Floor,,등,reps,other,BODYWEIGHT_NOISE_REVIEW,Not in core gym/calisthenics strength families; review before default search exposure.
gvs_ca7bd1450ac36641,Roll Tibialis Anterior,,하체,reps,other,BODYWEIGHT_NOISE_REVIEW,Not in core gym/calisthenics strength families; review before default search exposure.
gvs_0e2b5b8eb9413f80,Roll Triceps Side Lying On Floor,,팔,reps,other,BODYWEIGHT_NOISE_REVIEW,Not in core gym/calisthenics strength families; review before default search exposure.
gvs_869843d5c09bb5c9,Rolling Bridge,,코어,reps,other,BODYWEIGHT_NOISE_REVIEW,Not in core gym/calisthenics strength families; review before default search exposure.
gvs_959aad22a7151df8,Rolling Plank,,코어,duration,plank,BODYWEIGHT_DEFAULT_SEARCH_CANDIDATE,Recognized gym/calisthenics strength family with no home-context/noise markers.
gvs_844ba8f473fee7e2,Roman Chair Sit Up,,코어,reps,core_crunch,BODYWEIGHT_CONTEXT_VARIANT_REVIEW,Recognized strength family but contains home/context prop wording.
gvs_223282f739f8b16f,Romanian Deadlift Twist,,하체,reps,other,BODYWEIGHT_NOISE_REVIEW,Not in core gym/calisthenics strength families; review before default search exposure.
gvs_ca5ac78040b1e862,Rotate And Leg Lift Crunch,,코어,reps,core_crunch,BODYWEIGHT_EXTENDED_VARIANT_REVIEW,Recognized strength family but compound/complex variant; not a default-search decision yet.
gvs_647f9044061829c2,Rotate Push Up,,코어,reps,push_up,BODYWEIGHT_DEFAULT_SEARCH_CANDIDATE,Recognized gym/calisthenics strength family with no home-context/noise markers.
gvs_3dac19b3bc2b0a13,Rotating Push Up,,가슴,reps,push_up,BODYWEIGHT_DEFAULT_SEARCH_CANDIDATE,Recognized gym/calisthenics strength family with no home-context/noise markers.
gvs_d99ed6941a33dfa2,Rotation Back Swing,,코어,reps,other,BODYWEIGHT_NOISE_REVIEW,Not in core gym/calisthenics strength families; review before default search exposure.
gvs_281207c0e74c958e,Rotational Push Up,,가슴,reps,push_up,BODYWEIGHT_DEFAULT_SEARCH_CANDIDATE,Recognized gym/calisthenics strength family with no home-context/noise markers.
gvs_26d3892f0b5e6cc7,Rotational Push Up Knee Tap,,가슴,reps,push_up,BODYWEIGHT_EXTENDED_VARIANT_REVIEW,Recognized strength family but compound/complex variant; not a default-search decision yet.
gvs_a259db49fdb20725,Rotator Cuff Warm Up,,등,reps,other,BODYWEIGHT_NOISE_REVIEW,Not in core gym/calisthenics strength families; review before default search exposure.
gvs_2b33d2be4e98d224,Rounded Back Extension,,하체,reps,back_extension,BODYWEIGHT_DEFAULT_SEARCH_CANDIDATE,Recognized gym/calisthenics strength family with no home-context/noise markers.
gvs_bed2af9591774f31,Russian Twist,러시안 트위스트,코어,reps,other,BODYWEIGHT_NOISE_REVIEW,Not in core gym/calisthenics strength families; review before default search exposure.
gvs_172b39b70454a04f,Russian Twist (Beginner Level),,코어,reps,other,BODYWEIGHT_NOISE_REVIEW,Not in core gym/calisthenics strength families; review before default search exposure.
gvs_288f7745626d7501,Russian Twist Chop,,코어,reps,other,BODYWEIGHT_NOISE_REVIEW,Not in core gym/calisthenics strength families; review before default search exposure.
gvs_b5bb9a142286758e,Russian Twist Plus,,코어,reps,other,BODYWEIGHT_NOISE_REVIEW,Not in core gym/calisthenics strength families; review before default search exposure.
gvs_e267aeedebf52bc5,Russian Twist Punch,,코어,reps,other,BODYWEIGHT_NOISE_REVIEW,Not in core gym/calisthenics strength families; review before default search exposure.
gvs_305ec50580096259,Russian Twist With Hands On Chest,,코어,reps,other,BODYWEIGHT_NOISE_REVIEW,Not in core gym/calisthenics strength families; review before default search exposure.
gvs_5c90a2237dea190b,Safety Bar Front Squat,,하체,reps,squat,BODYWEIGHT_DEFAULT_SEARCH_CANDIDATE,Recognized gym/calisthenics strength family with no home-context/noise markers.
gvs_42d8092d55bbbd9d,Safety Bar Good Morning,,하체,reps,other,BODYWEIGHT_NOISE_REVIEW,Not in core gym/calisthenics strength families; review before default search exposure.
gvs_0490e193d6955263,Scapula Dips,,등,reps,other,BODYWEIGHT_NOISE_REVIEW,Not in core gym/calisthenics strength families; review before default search exposure.
gvs_9c29814d0c1a7e5d,Scapula Push Up,,가슴,reps,push_up,BODYWEIGHT_DEFAULT_SEARCH_CANDIDATE,Recognized gym/calisthenics strength family with no home-context/noise markers.
gvs_67390c4b7b1e9cc3,Scapular Pull Up,,등,reps,pull_chin_muscleup,BODYWEIGHT_DEFAULT_SEARCH_CANDIDATE,Recognized gym/calisthenics strength family with no home-context/noise markers.
gvs_0ac6a6b6bbb4daa8,Scapular Slide Back To Wall,,등,reps,other,BODYWEIGHT_NOISE_REVIEW,Not in core gym/calisthenics strength families; review before default search exposure.
gvs_876df61d01dfdead,Scissors (Advanced),,코어,reps,other,BODYWEIGHT_NOISE_REVIEW,Not in core gym/calisthenics strength families; review before default search exposure.
gvs_44a40631e1c47309,Seal Push Up,,등,reps,push_up,BODYWEIGHT_DEFAULT_SEARCH_CANDIDATE,Recognized gym/calisthenics strength family with no home-context/noise markers.
gvs_fbabb0d585c62bfd,Seated 8 Leg Crunch,,코어,reps,core_crunch,BODYWEIGHT_DEFAULT_SEARCH_CANDIDATE,Recognized gym/calisthenics strength family with no home-context/noise markers.
gvs_472574c94c85569d,Seated 8 Leg Crunch With Chair,,코어,reps,core_crunch,BODYWEIGHT_CONTEXT_VARIANT_REVIEW,Recognized strength family but contains home/context prop wording.
gvs_e1095fdf0339d047,Seated Alternate Butterfly Knee Raise,,코어,reps,core_raise,BODYWEIGHT_DEFAULT_SEARCH_CANDIDATE,Recognized gym/calisthenics strength family with no home-context/noise markers.
gvs_79a7009ba4eebaab,Seated Alternate In Out Leg Raise On Floor,,코어,reps,core_raise,BODYWEIGHT_DEFAULT_SEARCH_CANDIDATE,Recognized gym/calisthenics strength family with no home-context/noise markers.
gvs_a83c99661e987fd0,Seated Alternate In Out Leg Raise Over Bench,,코어,reps,core_raise,BODYWEIGHT_DEFAULT_SEARCH_CANDIDATE,Recognized gym/calisthenics strength family with no home-context/noise markers.
gvs_fd669c4eaa4f37f0,Seated Alternate Knee Extension On Chair,,하체,reps,other,BODYWEIGHT_NOISE_REVIEW,Not in core gym/calisthenics strength families; review before default search exposure.
gvs_bc69648fdb31203f,Seated Alternate Knee To Elbow Twist,,코어,reps,other,BODYWEIGHT_NOISE_REVIEW,Not in core gym/calisthenics strength families; review before default search exposure.
gvs_22a70ab9f73faeb9,Seated Alternate Knee Tuck,,하체,reps,other,BODYWEIGHT_NOISE_REVIEW,Not in core gym/calisthenics strength families; review before default search exposure.
gvs_50ed92686c552526,Seated Alternate Shoulders Circle,,어깨,reps,other,BODYWEIGHT_NOISE_REVIEW,Not in core gym/calisthenics strength families; review before default search exposure.
gvs_6d78b30cc61323e6,Seated Alternate Wide Side Adduction,,하체,reps,other,BODYWEIGHT_NOISE_REVIEW,Not in core gym/calisthenics strength families; review before default search exposure.
gvs_98cdcbfae429c08c,Seated Back Press,,등,reps,other,BODYWEIGHT_NOISE_REVIEW,Not in core gym/calisthenics strength families; review before default search exposure.
gvs_9c5531903536b14a,Seated Back Shift,,코어,reps,other,BODYWEIGHT_NOISE_REVIEW,Not in core gym/calisthenics strength families; review before default search exposure.
gvs_32ac61d2112147ec,Seated Back Squeeze,,등,reps,other,BODYWEIGHT_NOISE_REVIEW,Not in core gym/calisthenics strength families; review before default search exposure.
gvs_b47b8eaad5c40cbc,Seated Back Twist,,코어,reps,other,BODYWEIGHT_NOISE_REVIEW,Not in core gym/calisthenics strength families; review before default search exposure.
gvs_f38386627dece284,Seated Ballerina,,어깨,reps,other,BODYWEIGHT_NOISE_REVIEW,Not in core gym/calisthenics strength families; review before default search exposure.
gvs_7f85e0d4974304ee,Seated Behind Back Raise,,등,reps,other,BODYWEIGHT_NOISE_REVIEW,Not in core gym/calisthenics strength families; review before default search exposure.
gvs_d9d72315654995a9,Seated Chin Up,시티드 친업,등,reps,pull_chin_muscleup,BODYWEIGHT_DEFAULT_SEARCH_CANDIDATE,Recognized gym/calisthenics strength family with no home-context/noise markers.
gvs_fd8212c2a6443ec0,Seated Chin Up (Legs Elevated),,등,reps,pull_chin_muscleup,BODYWEIGHT_DEFAULT_SEARCH_CANDIDATE,Recognized gym/calisthenics strength family with no home-context/noise markers.
gvs_19b12b624fd0be7c,Seated Circle Leg Crunch,,코어,reps,core_crunch,BODYWEIGHT_EXTENDED_VARIANT_REVIEW,Recognized strength family but compound/complex variant; not a default-search decision yet.
gvs_2a5968674babd287,Seated Core Tight Rotation,,코어,reps,other,BODYWEIGHT_NOISE_REVIEW,Not in core gym/calisthenics strength families; review before default search exposure.
gvs_c66e9e5bfdad9063,Seated Diagonal Knee Raise On Bench,,코어,reps,core_raise,BODYWEIGHT_DEFAULT_SEARCH_CANDIDATE,Recognized gym/calisthenics strength family with no home-context/noise markers.
gvs_b7dcc6c7c72cd3a7,Seated Finger Clap,,팔,reps,other,BODYWEIGHT_NOISE_REVIEW,Not in core gym/calisthenics strength families; review before default search exposure.
gvs_e5c6a9d88c644ac2,Seated Fist Pulse,,팔,reps,other,BODYWEIGHT_NOISE_REVIEW,Not in core gym/calisthenics strength families; review before default search exposure.
gvs_6f2b28fbb0c2d32b,Seated Floor Alternating Toe Touch,,코어,reps,core_crunch,BODYWEIGHT_DEFAULT_SEARCH_CANDIDATE,Recognized gym/calisthenics strength family with no home-context/noise markers.
gvs_c7b41313839a843b,Seated Floor Diagonal Knee Raise,,코어,reps,core_raise,BODYWEIGHT_DEFAULT_SEARCH_CANDIDATE,Recognized gym/calisthenics strength family with no home-context/noise markers.
gvs_78efce2fdc191a1f,Seated Frog Half To Full Sit Up,,코어,reps,core_crunch,BODYWEIGHT_EXTENDED_VARIANT_REVIEW,Recognized strength family but compound/complex variant; not a default-search decision yet.
gvs_429c57dda0c4b79d,Seated Heel Slide On Chair,,하체,reps,other,BODYWEIGHT_NOISE_REVIEW,Not in core gym/calisthenics strength families; review before default search exposure.
gvs_d0c0a7d8d2a3d48a,Seated Hip External Rotation,,하체,reps,other,BODYWEIGHT_NOISE_REVIEW,Not in core gym/calisthenics strength families; review before default search exposure.
gvs_999e283de72d8b59,Seated In Out Leg Raise On Floor,,코어,reps,core_raise,BODYWEIGHT_DEFAULT_SEARCH_CANDIDATE,Recognized gym/calisthenics strength family with no home-context/noise markers.
gvs_54bacdec9a7d962a,Seated In Out Leg Raise Over Bench,,코어,reps,core_raise,BODYWEIGHT_DEFAULT_SEARCH_CANDIDATE,Recognized gym/calisthenics strength family with no home-context/noise markers.
gvs_67b56dbdd2ecf5c9,Seated In Out Leg Raise With Chair,,코어,reps,core_raise,BODYWEIGHT_CONTEXT_VARIANT_REVIEW,Recognized strength family but contains home/context prop wording.
gvs_cea0e3785d314712,Seated Isometric Hold Pull Up,,등,duration,pull_chin_muscleup,BODYWEIGHT_DEFAULT_SEARCH_CANDIDATE,Recognized gym/calisthenics strength family with no home-context/noise markers.
gvs_e22e1a551c590889,Seated Leg Lift,,하체,reps,other,BODYWEIGHT_NOISE_REVIEW,Not in core gym/calisthenics strength families; review before default search exposure.
gvs_10e9f83bcea4c77b,Seated Leg Raise,시티드 레그 레이즈,코어,reps,core_raise,BODYWEIGHT_DEFAULT_SEARCH_CANDIDATE,Recognized gym/calisthenics strength family with no home-context/noise markers.
gvs_9bda39f2545f32f0,Seated Legs Circle Over Bench,,코어,reps,other,BODYWEIGHT_NOISE_REVIEW,Not in core gym/calisthenics strength families; review before default search exposure.
gvs_aa1e8425e762f939,Seated Lotus Pose Hand Behind Side Bend,,코어,reps,other,BODYWEIGHT_NOISE_REVIEW,Not in core gym/calisthenics strength families; review before default search exposure.
gvs_8c1cac7be1c5f803,Seated Lotus Pose Hip Horizontal Rotation,,하체,reps,other,BODYWEIGHT_NOISE_REVIEW,Not in core gym/calisthenics strength families; review before default search exposure.
gvs_b8a643b51d723939,Seated Lotus Pose Twist,,코어,reps,other,BODYWEIGHT_NOISE_REVIEW,Not in core gym/calisthenics strength families; review before default search exposure.
gvs_ec66e32fe999655f,Seated Lotus Pose Woodchoper,,코어,reps,other,BODYWEIGHT_NOISE_REVIEW,Not in core gym/calisthenics strength families; review before default search exposure.
gvs_c18779e5478b3fe1,Seated Neck Tap,,팔,reps,other,BODYWEIGHT_NOISE_REVIEW,Not in core gym/calisthenics strength families; review before default search exposure.
gvs_b252c68551c3bb7d,Seated Open Wings,,등,reps,other,BODYWEIGHT_NOISE_REVIEW,Not in core gym/calisthenics strength families; review before default search exposure.
gvs_b1d8394d26231e35,Seated Opposite Tap,,코어,reps,other,BODYWEIGHT_NOISE_REVIEW,Not in core gym/calisthenics strength families; review before default search exposure.
gvs_a06c1bb46d8ec4a2,Seated Overhead Reach Press,,등,reps,other,BODYWEIGHT_NOISE_REVIEW,Not in core gym/calisthenics strength families; review before default search exposure.
gvs_211f491c5750471a,Seated Overhead Triceps Extension,시티드 오버헤드 트라이셉 익스텐션,팔,reps,other,BODYWEIGHT_NOISE_REVIEW,Not in core gym/calisthenics strength families; review before default search exposure.
gvs_8fd7a27a7629e6b4,Seated Pull Up,시티드 풀업,등,reps,pull_chin_muscleup,BODYWEIGHT_DEFAULT_SEARCH_CANDIDATE,Recognized gym/calisthenics strength family with no home-context/noise markers.
gvs_d9109b5803dc45c6,Seated Pull Up (Legs Elevated),,등,reps,pull_chin_muscleup,BODYWEIGHT_DEFAULT_SEARCH_CANDIDATE,Recognized gym/calisthenics strength family with no home-context/noise markers.
gvs_686aea65c189390d,Seated Pulse Back Squeeze,,등,reps,other,BODYWEIGHT_NOISE_REVIEW,Not in core gym/calisthenics strength families; review before default search exposure.
gvs_41f2488d946f9271,Seated Row With Towel,,등,reps,row,BODYWEIGHT_CONTEXT_VARIANT_REVIEW,Recognized strength family but contains home/context prop wording.
gvs_f779a7f2a31cdf4e,Seated Scapular Adduction,,등,reps,other,BODYWEIGHT_NOISE_REVIEW,Not in core gym/calisthenics strength families; review before default search exposure.
gvs_dcd41288c30b8c4e,Seated Scapular Rotation,,등,reps,other,BODYWEIGHT_NOISE_REVIEW,Not in core gym/calisthenics strength families; review before default search exposure.
gvs_6b5a4501f1e92d05,Seated Shoulder 90 Degrees Internal Rotation,,등,reps,other,BODYWEIGHT_NOISE_REVIEW,Not in core gym/calisthenics strength families; review before default search exposure.
gvs_ee8a18afc140ef17,Seated Shoulder Anti Clockwise Circle,,등,reps,other,BODYWEIGHT_NOISE_REVIEW,Not in core gym/calisthenics strength families; review before default search exposure.
gvs_7bbb8a4fc004f32f,Seated Shoulder Circle,,등,reps,other,BODYWEIGHT_NOISE_REVIEW,Not in core gym/calisthenics strength families; review before default search exposure.
gvs_e081e08b954f7c9b,Seated Shoulder Waves,,어깨,reps,other,BODYWEIGHT_NOISE_REVIEW,Not in core gym/calisthenics strength families; review before default search exposure.
gvs_bf25b3f8e5bdbf9a,Seated Shoulders Tap,,팔,reps,other,BODYWEIGHT_NOISE_REVIEW,Not in core gym/calisthenics strength families; review before default search exposure.
gvs_18f4cbf2d9a33cfc,Seated Side Bend Elbow To Floor Tap,,코어,reps,other,BODYWEIGHT_NOISE_REVIEW,Not in core gym/calisthenics strength families; review before default search exposure.
gvs_bba2c1281abd4c12,Seated Side Crunch,시티드 사이드 크런치,코어,reps,core_crunch,BODYWEIGHT_DEFAULT_SEARCH_CANDIDATE,Recognized gym/calisthenics strength family with no home-context/noise markers.
gvs_cf52d238e7851636,Seated Side Crunch (Wall),,코어,reps,core_crunch,BODYWEIGHT_CONTEXT_VARIANT_REVIEW,Recognized strength family but contains home/context prop wording.
gvs_cccf8eb6023e9b44,Seated Side To Side Leg Raise Crunch On Floor,,코어,reps,core_raise,BODYWEIGHT_EXTENDED_VARIANT_REVIEW,Recognized strength family but compound/complex variant; not a default-search decision yet.
gvs_8aecff4df0f6a045,Seated Single Leg Raise,,코어,reps,core_raise,BODYWEIGHT_DEFAULT_SEARCH_CANDIDATE,Recognized gym/calisthenics strength family with no home-context/noise markers.
gvs_3f30299ccf0fdc32,Seated Single Leg Raise On Chair,,코어,reps,core_raise,BODYWEIGHT_CONTEXT_VARIANT_REVIEW,Recognized strength family but contains home/context prop wording.
gvs_c0af4823fcb606c3,Seated Sky Gaze,,코어,reps,other,BODYWEIGHT_NOISE_REVIEW,Not in core gym/calisthenics strength families; review before default search exposure.
gvs_33fed30c097a2dce,Seated Tibialis Anterior Press,,하체,reps,other,BODYWEIGHT_NOISE_REVIEW,Not in core gym/calisthenics strength families; review before default search exposure.
gvs_51edf08c8518376a,Seated Toe Touch,,코어,reps,core_crunch,BODYWEIGHT_DEFAULT_SEARCH_CANDIDATE,Recognized gym/calisthenics strength family with no home-context/noise markers.
gvs_b31ef82c1c570af2,Seated Twist (Straight Arm),,코어,reps,other,BODYWEIGHT_NOISE_REVIEW,Not in core gym/calisthenics strength families; review before default search exposure.
gvs_0e7c96de8cf37ecc,Seated Wide Angle Pose Sequence,,하체,reps,other,BODYWEIGHT_NOISE_REVIEW,Not in core gym/calisthenics strength families; review before default search exposure.
gvs_eca7367b69b01b6b,Seated Windmill On Chair,,코어,reps,other,BODYWEIGHT_NOISE_REVIEW,Not in core gym/calisthenics strength families; review before default search exposure.
gvs_0e97c8ec308fe4ca,Seated Windshield Wipers,,코어,reps,other,BODYWEIGHT_NOISE_REVIEW,Not in core gym/calisthenics strength families; review before default search exposure.
gvs_e9498b9fef9d657f,Serratus Wall Slide,,등,reps,other,BODYWEIGHT_NOISE_REVIEW,Not in core gym/calisthenics strength families; review before default search exposure.
gvs_9417805a9c1ca510,Shoulder Grip Pull Up,,등,reps,pull_chin_muscleup,BODYWEIGHT_DEFAULT_SEARCH_CANDIDATE,Recognized gym/calisthenics strength family with no home-context/noise markers.
gvs_6406ce56e03e227c,Shoulder Tap,,코어,reps,other,BODYWEIGHT_NOISE_REVIEW,Not in core gym/calisthenics strength families; review before default search exposure.
gvs_89582d7e4898ad20,Shrimp Squat,,하체,reps,squat,BODYWEIGHT_DEFAULT_SEARCH_CANDIDATE,Recognized gym/calisthenics strength family with no home-context/noise markers.
gvs_fbbadfc16aa4dbd9,Shuffle Hops,,하체,reps,other,BODYWEIGHT_NOISE_REVIEW,Not in core gym/calisthenics strength families; review before default search exposure.
gvs_fd52ad4bd4162bf3,Sicilian Roll Up,,코어,reps,other,BODYWEIGHT_NOISE_REVIEW,Not in core gym/calisthenics strength families; review before default search exposure.
gvs_d971b8a9d335a549,Side And Front In Out,,코어,reps,other,BODYWEIGHT_NOISE_REVIEW,Not in core gym/calisthenics strength families; review before default search exposure.
gvs_b20ff0183656918a,Side Bend Arms Above,,코어,reps,other,BODYWEIGHT_NOISE_REVIEW,Not in core gym/calisthenics strength families; review before default search exposure.
gvs_d54ec5f49718f57e,Side Bend Plank,,코어,duration,plank,BODYWEIGHT_DEFAULT_SEARCH_CANDIDATE,Recognized gym/calisthenics strength family with no home-context/noise markers.
gvs_8e5fb76ebdfe7eb4,Side Bridge,,코어,reps,other,BODYWEIGHT_NOISE_REVIEW,Not in core gym/calisthenics strength families; review before default search exposure.
gvs_97ffdfc7f8fb4357,Side Bridge (Bent Knee),,하체,reps,other,BODYWEIGHT_NOISE_REVIEW,Not in core gym/calisthenics strength families; review before default search exposure.
gvs_4bacf9d470b02b36,Side Bridge Hip Abduction,,하체,reps,other,BODYWEIGHT_NOISE_REVIEW,Not in core gym/calisthenics strength families; review before default search exposure.
gvs_0951b3b7b3536c07,Side Bridge Hip Abduction (Star),,하체,reps,other,BODYWEIGHT_NOISE_REVIEW,Not in core gym/calisthenics strength families; review before default search exposure.
gvs_de89e9a18edeedb9,Side Bridge With Bent Leg,,하체,reps,other,BODYWEIGHT_NOISE_REVIEW,Not in core gym/calisthenics strength families; review before default search exposure.
gvs_e47f45e412bbabce,Side Clamp,,하체,reps,other,BODYWEIGHT_NOISE_REVIEW,Not in core gym/calisthenics strength families; review before default search exposure.
gvs_f48e39227efc0a40,Side Crawl,,코어,reps,other,BODYWEIGHT_NOISE_REVIEW,Not in core gym/calisthenics strength families; review before default search exposure.
gvs_949cd796ce450542,Side Crunch,사이드 크런치,코어,reps,core_crunch,BODYWEIGHT_DEFAULT_SEARCH_CANDIDATE,Recognized gym/calisthenics strength family with no home-context/noise markers.
gvs_826b7c0471561946,Side Crunch Against Wall,,코어,reps,core_crunch,BODYWEIGHT_CONTEXT_VARIANT_REVIEW,Recognized strength family but contains home/context prop wording.
gvs_e1986f39f2fa2d61,Side Floor Tap Plank,,코어,reps,plank,BODYWEIGHT_EXTENDED_VARIANT_REVIEW,Recognized strength family but compound/complex variant; not a default-search decision yet.
gvs_f132f43b0bd8992b,Side Glute Raise Chair Supported,,하체,reps,other,BODYWEIGHT_NOISE_REVIEW,Not in core gym/calisthenics strength families; review before default search exposure.
gvs_1a30210f35ee1d47,Side Hip (On Parallel Bars),,코어,reps,other,BODYWEIGHT_NOISE_REVIEW,Not in core gym/calisthenics strength families; review before default search exposure.
gvs_86f0b24247597c44,Side Hip Abduction,사이드 힙 어브덕션,하체,reps,other,BODYWEIGHT_NOISE_REVIEW,Not in core gym/calisthenics strength families; review before default search exposure.
gvs_051fe98e341a70b4,Side Kick Through,,코어,reps,other,BODYWEIGHT_NOISE_REVIEW,Not in core gym/calisthenics strength families; review before default search exposure.
gvs_2b12179a0a79bb58,Side Kneeling Push Up,사이드 닐링 푸시업,가슴,reps,push_up,BODYWEIGHT_DEFAULT_SEARCH_CANDIDATE,Recognized gym/calisthenics strength family with no home-context/noise markers.
gvs_351f650b7ea30453,Side Lunge,사이드 런지,하체,reps,lunge_split,BODYWEIGHT_DEFAULT_SEARCH_CANDIDATE,Recognized gym/calisthenics strength family with no home-context/noise markers.
gvs_d13ec2cee5e98bb8,Side Lunge Rock (Advanced),,하체,reps,lunge_split,BODYWEIGHT_DEFAULT_SEARCH_CANDIDATE,Recognized gym/calisthenics strength family with no home-context/noise markers.
gvs_f00b14750ef0be61,Side Lunge Rock (Beginner),,하체,reps,lunge_split,BODYWEIGHT_EXTENDED_VARIANT_REVIEW,Recognized strength family but compound/complex variant; not a default-search decision yet.
gvs_83aa962f89ffa5bf,Side Lunge With Hip Rotation,,하체,reps,lunge_split,BODYWEIGHT_DEFAULT_SEARCH_CANDIDATE,Recognized gym/calisthenics strength family with no home-context/noise markers.
gvs_237d3df44f99e772,Side Lying 90 Degrees Hip Clam,,하체,reps,other,BODYWEIGHT_NOISE_REVIEW,Not in core gym/calisthenics strength families; review before default search exposure.
gvs_b2ed3bfcee1af4f2,Side Lying Abdominal Press Against Arm,,코어,reps,other,BODYWEIGHT_NOISE_REVIEW,Not in core gym/calisthenics strength families; review before default search exposure.
gvs_e12e5d88b8a97336,Side Lying Clam,,하체,reps,other,BODYWEIGHT_NOISE_REVIEW,Not in core gym/calisthenics strength families; review before default search exposure.
gvs_63a8645dcba0ebc1,Side Lying Clam And Kick,,하체,reps,other,BODYWEIGHT_NOISE_REVIEW,Not in core gym/calisthenics strength families; review before default search exposure.
gvs_440b04a5665335e1,Side Lying Cycle Oblique Tuck,,코어,reps,other,BODYWEIGHT_NOISE_REVIEW,Not in core gym/calisthenics strength families; review before default search exposure.
gvs_98bd67e805594e1a,Side Lying Diagonal Backward Leg Raise,,하체,reps,core_raise,BODYWEIGHT_DEFAULT_SEARCH_CANDIDATE,Recognized gym/calisthenics strength family with no home-context/noise markers.
gvs_e957ef915aa8f291,Side Lying Heel And Knee Taps,,하체,reps,other,BODYWEIGHT_NOISE_REVIEW,Not in core gym/calisthenics strength families; review before default search exposure.
gvs_debbe7bad291512c,Side Lying Heel Reaches,,하체,reps,other,BODYWEIGHT_NOISE_REVIEW,Not in core gym/calisthenics strength families; review before default search exposure.
gvs_c6b27406890c2ce0,Side Lying Hip Adduction,사이드 라잉 힙 어덕션,하체,reps,other,BODYWEIGHT_NOISE_REVIEW,Not in core gym/calisthenics strength families; review before default search exposure.
gvs_b9fbab5a18f63234,Side Lying Hip Adduction (Left),,하체,reps,other,BODYWEIGHT_NOISE_REVIEW,Not in core gym/calisthenics strength families; review before default search exposure.
gvs_dc674b3ecbffb620,Side Lying Hip Circle,,하체,reps,other,BODYWEIGHT_NOISE_REVIEW,Not in core gym/calisthenics strength families; review before default search exposure.
gvs_97725a5389181f43,Side Lying Internal Rotation,,어깨,reps,other,BODYWEIGHT_NOISE_REVIEW,Not in core gym/calisthenics strength families; review before default search exposure.
gvs_916e306818d5e716,Side Lying Kickout,,하체,reps,other,BODYWEIGHT_NOISE_REVIEW,Not in core gym/calisthenics strength families; review before default search exposure.
gvs_78d9ea9daebd485d,Side Lying Knee Circle Kick,,하체,reps,other,BODYWEIGHT_NOISE_REVIEW,Not in core gym/calisthenics strength families; review before default search exposure.
gvs_3175aebcb9764d02,Side Lying Leg Circle,,하체,reps,other,BODYWEIGHT_NOISE_REVIEW,Not in core gym/calisthenics strength families; review before default search exposure.
gvs_91ced054992458ce,Side Lying Legs Lift,,하체,reps,other,BODYWEIGHT_NOISE_REVIEW,Not in core gym/calisthenics strength families; review before default search exposure.
gvs_b502edcc3ee3d70e,Side Lying Outward Knee Kick,,하체,reps,other,BODYWEIGHT_NOISE_REVIEW,Not in core gym/calisthenics strength families; review before default search exposure.
gvs_d3c1c0f1bbe6caad,Side Lying Reverse Clamshell,,하체,reps,other,BODYWEIGHT_NOISE_REVIEW,Not in core gym/calisthenics strength families; review before default search exposure.
gvs_499fc8d65cb79754,Side Lying Scissors,,하체,reps,other,BODYWEIGHT_NOISE_REVIEW,Not in core gym/calisthenics strength families; review before default search exposure.
gvs_bdb2e643fe6ef193,Side Lying Side Crunch,사이드 라잉 사이드 크런치,코어,reps,core_crunch,BODYWEIGHT_DEFAULT_SEARCH_CANDIDATE,Recognized gym/calisthenics strength family with no home-context/noise markers.
gvs_4bb52c720a1b74e0,Side Lying Side Thigh Push,,하체,reps,other,BODYWEIGHT_NOISE_REVIEW,Not in core gym/calisthenics strength families; review before default search exposure.
gvs_1615368c6f18eb22,Side Lying Single Arm Triceps Push Up,,팔,reps,push_up,BODYWEIGHT_DEFAULT_SEARCH_CANDIDATE,Recognized gym/calisthenics strength family with no home-context/noise markers.
gvs_7c6b592b5c45a463,Side Lying Single Leg Kick ),,하체,reps,other,BODYWEIGHT_NOISE_REVIEW,Not in core gym/calisthenics strength families; review before default search exposure.
gvs_22974836b688cd68,Side Lying T Thigh Raise,,하체,reps,other,BODYWEIGHT_NOISE_REVIEW,Not in core gym/calisthenics strength families; review before default search exposure.
gvs_e8d942d2f3264a30,Side Lying T Thigh Raise Hold,,하체,duration,other,BODYWEIGHT_NOISE_REVIEW,Not in core gym/calisthenics strength families; review before default search exposure.
gvs_30299b7b6fc6952b,Side Plank,사이드 플랭크,코어,duration,plank,BODYWEIGHT_DEFAULT_SEARCH_CANDIDATE,Recognized gym/calisthenics strength family with no home-context/noise markers.
gvs_436aad7369d8e6e3,Side Plank (Beginner),,코어,duration,plank,BODYWEIGHT_EXTENDED_VARIANT_REVIEW,Recognized strength family but compound/complex variant; not a default-search decision yet.
gvs_722e6ab9541b50f1,Side Plank Bent Leg Lift,,코어,duration,plank,BODYWEIGHT_DEFAULT_SEARCH_CANDIDATE,Recognized gym/calisthenics strength family with no home-context/noise markers.
gvs_5a54fef787de29ff,Side Plank Glute Raise,,코어,reps,plank,BODYWEIGHT_DEFAULT_SEARCH_CANDIDATE,Recognized gym/calisthenics strength family with no home-context/noise markers.
gvs_f24c144fc4bf220f,Side Plank Hip Adduction,사이드 플랭크 힙 어덕션,하체,reps,plank,BODYWEIGHT_DEFAULT_SEARCH_CANDIDATE,Recognized gym/calisthenics strength family with no home-context/noise markers.
gvs_f7cc824fcef359cf,Side Plank Hip Adduction (Bent Knee),,하체,reps,plank,BODYWEIGHT_DEFAULT_SEARCH_CANDIDATE,Recognized gym/calisthenics strength family with no home-context/noise markers.
gvs_2ca300da050fd188,Side Plank Knee Tuck,,코어,duration,plank,BODYWEIGHT_DEFAULT_SEARCH_CANDIDATE,Recognized gym/calisthenics strength family with no home-context/noise markers.
gvs_a50f061624e12fc0,Side Plank Leg Lift,,코어,duration,plank,BODYWEIGHT_DEFAULT_SEARCH_CANDIDATE,Recognized gym/calisthenics strength family with no home-context/noise markers.
gvs_3897682f476bb15f,Side Plank Leg Lift (Left),,코어,duration,plank,BODYWEIGHT_DEFAULT_SEARCH_CANDIDATE,Recognized gym/calisthenics strength family with no home-context/noise markers.
gvs_839d056b1b9bcc2b,Side Plank Leg Raise,사이드 플랭크 레그 레이즈,하체,reps,core_raise,BODYWEIGHT_DEFAULT_SEARCH_CANDIDATE,Recognized gym/calisthenics strength family with no home-context/noise markers.
gvs_421e2f739c95cf43,Side Plank Lift Against Wall,,코어,duration,plank,BODYWEIGHT_CONTEXT_VARIANT_REVIEW,Recognized strength family but contains home/context prop wording.
gvs_e78d468ce93e1a76,Side Plank March,,코어,duration,plank,BODYWEIGHT_EXTENDED_VARIANT_REVIEW,Recognized strength family but compound/complex variant; not a default-search decision yet.
gvs_c30466f37fa47abb,Side Plank Plus,,코어,duration,plank,BODYWEIGHT_DEFAULT_SEARCH_CANDIDATE,Recognized gym/calisthenics strength family with no home-context/noise markers.
gvs_00a94775a473c495,Side Plank Pull,,코어,duration,plank,BODYWEIGHT_DEFAULT_SEARCH_CANDIDATE,Recognized gym/calisthenics strength family with no home-context/noise markers.
gvs_7bcf31c4d8afa75e,Side Plank Raise,,코어,reps,plank,BODYWEIGHT_DEFAULT_SEARCH_CANDIDATE,Recognized gym/calisthenics strength family with no home-context/noise markers.
gvs_b63a30308ca13322,Side Plank Raise And Crunch,,코어,reps,core_crunch,BODYWEIGHT_EXTENDED_VARIANT_REVIEW,Recognized strength family but compound/complex variant; not a default-search decision yet.
gvs_2e436eb76401c78f,Side Plank Rotation,,코어,reps,plank,BODYWEIGHT_DEFAULT_SEARCH_CANDIDATE,Recognized gym/calisthenics strength family with no home-context/noise markers.
gvs_6595e5847404b51a,Side Plank Scissors,,코어,duration,plank,BODYWEIGHT_DEFAULT_SEARCH_CANDIDATE,Recognized gym/calisthenics strength family with no home-context/noise markers.
gvs_6cdb582701abf0af,Side Plank Side Crunch,사이드 플랭크 사이드 크런치,코어,reps,core_crunch,BODYWEIGHT_DEFAULT_SEARCH_CANDIDATE,Recognized gym/calisthenics strength family with no home-context/noise markers.
gvs_d03b8508c3653d9a,Side Plank Single Knee Drive,,코어,reps,plank,BODYWEIGHT_DEFAULT_SEARCH_CANDIDATE,Recognized gym/calisthenics strength family with no home-context/noise markers.
gvs_dd625f6e15c15f18,Side Plank Supported Wall,,코어,duration,plank,BODYWEIGHT_CONTEXT_VARIANT_REVIEW,Recognized strength family but contains home/context prop wording.
gvs_68467fa60ebad3f8,Side Plank Twist,,코어,reps,plank,BODYWEIGHT_EXTENDED_VARIANT_REVIEW,Recognized strength family but compound/complex variant; not a default-search decision yet.
gvs_a11b8b140f1312f6,Side Plank Twist Arm Delt Raise,,코어,reps,plank,BODYWEIGHT_EXTENDED_VARIANT_REVIEW,Recognized strength family but compound/complex variant; not a default-search decision yet.
gvs_d2f06c3d221330b5,Side Plank With Raised Leg,,코어,duration,plank,BODYWEIGHT_DEFAULT_SEARCH_CANDIDATE,Recognized gym/calisthenics strength family with no home-context/noise markers.
gvs_ac391ef76ce9b6b7,Side Push Up,사이드 푸시업,팔,reps,push_up,BODYWEIGHT_DEFAULT_SEARCH_CANDIDATE,Recognized gym/calisthenics strength family with no home-context/noise markers.
gvs_556199ca3a95e744,Side Seated Inner Thigh Tap,,하체,reps,other,BODYWEIGHT_NOISE_REVIEW,Not in core gym/calisthenics strength families; review before default search exposure.
gvs_3ecac58257c40d78,Side Slide,,코어,reps,other,BODYWEIGHT_NOISE_REVIEW,Not in core gym/calisthenics strength families; review before default search exposure.
gvs_bcdeff88626bc6ea,Side Squat,사이드 스쿼트,하체,reps,squat,BODYWEIGHT_DEFAULT_SEARCH_CANDIDATE,Recognized gym/calisthenics strength family with no home-context/noise markers.
gvs_2af2c2e74582a817,Side Step Front Plank,,하체,reps,plank,BODYWEIGHT_DEFAULT_SEARCH_CANDIDATE,Recognized gym/calisthenics strength family with no home-context/noise markers.
gvs_8538a5f6342e54d0,Side Step Squat,,하체,reps,squat,BODYWEIGHT_DEFAULT_SEARCH_CANDIDATE,Recognized gym/calisthenics strength family with no home-context/noise markers.
gvs_01ab201ee6b1a228,Side Swim Arms,,어깨,reps,other,BODYWEIGHT_NOISE_REVIEW,Not in core gym/calisthenics strength families; review before default search exposure.
gvs_a58fa1fefada58ac,Side To Side Knee Tuck,,코어,reps,other,BODYWEIGHT_NOISE_REVIEW,Not in core gym/calisthenics strength families; review before default search exposure.
gvs_50a66ac5fc24b0ed,Side To Side Leg Swings,,하체,reps,other,BODYWEIGHT_NOISE_REVIEW,Not in core gym/calisthenics strength families; review before default search exposure.
gvs_8999f37d2279f4bd,Side To Side Push Up,,가슴,reps,push_up,BODYWEIGHT_EXTENDED_VARIANT_REVIEW,Recognized strength family but compound/complex variant; not a default-search decision yet.
gvs_b38ff48e5d8404f0,Side To Side Squat,,하체,reps,squat,BODYWEIGHT_EXTENDED_VARIANT_REVIEW,Recognized strength family but compound/complex variant; not a default-search decision yet.
gvs_d52cd9bb33a81f73,Side Wall Plank,,코어,duration,plank,BODYWEIGHT_CONTEXT_VARIANT_REVIEW,Recognized strength family but contains home/context prop wording.
gvs_97865cb87e1ecf0a,Sideway Leg Lift With A Chair,,하체,reps,other,BODYWEIGHT_NOISE_REVIEW,Not in core gym/calisthenics strength families; review before default search exposure.
gvs_bbf1cdb5268273f5,Sideway Turn,,코어,reps,other,BODYWEIGHT_NOISE_REVIEW,Not in core gym/calisthenics strength families; review before default search exposure.
gvs_bdb88605f393cb1d,Sideways Lifts Vertical Turn (Straight Legs),,코어,reps,other,BODYWEIGHT_NOISE_REVIEW,Not in core gym/calisthenics strength families; review before default search exposure.
gvs_44961a09f4fc7831,Single Arm Front Plank,원암 프론트 플랭크,코어,duration,plank,BODYWEIGHT_DEFAULT_SEARCH_CANDIDATE,Recognized gym/calisthenics strength family with no home-context/noise markers.
gvs_cf7b33f71a3d96ef,Single Arm Pull Up,원암 풀업,등,reps,pull_chin_muscleup,BODYWEIGHT_DEFAULT_SEARCH_CANDIDATE,Recognized gym/calisthenics strength family with no home-context/noise markers.
gvs_38706f179438798f,Single Arm Push Up,원암 푸시업,가슴,reps,push_up,BODYWEIGHT_DEFAULT_SEARCH_CANDIDATE,Recognized gym/calisthenics strength family with no home-context/noise markers.
gvs_4f6ff6d697903b70,Single Arm Push Up (On Knees),,가슴,reps,push_up,BODYWEIGHT_DEFAULT_SEARCH_CANDIDATE,Recognized gym/calisthenics strength family with no home-context/noise markers.
gvs_31770afb1ac0d933,Single Arm Push Up Supported Wall,,가슴,reps,push_up,BODYWEIGHT_CONTEXT_VARIANT_REVIEW,Recognized strength family but contains home/context prop wording.
gvs_3d6371df714229c7,Single Arm Side Straight Arm Lat Pulldown,원암 사이드 스트레이트 암 랫 풀다운,등,reps,other,BODYWEIGHT_NOISE_REVIEW,Not in core gym/calisthenics strength families; review before default search exposure.
gvs_2f8b0d3089e4c67e,Single Curtsy Lunge,,하체,reps,lunge_split,BODYWEIGHT_DEFAULT_SEARCH_CANDIDATE,Recognized gym/calisthenics strength family with no home-context/noise markers.
gvs_e9a1e87cbb2a36de,Single Dead Bug,,코어,reps,other,BODYWEIGHT_NOISE_REVIEW,Not in core gym/calisthenics strength families; review before default search exposure.
gvs_23fa0d1c0383bd8a,Single Leg Bodyweight Deadlift With Arm And Leg Extended,,하체,reps,other,BODYWEIGHT_NOISE_REVIEW,Not in core gym/calisthenics strength families; review before default search exposure.
gvs_6220fa0a4cb488a8,Single Leg Bridge,,하체,reps,other,BODYWEIGHT_NOISE_REVIEW,Not in core gym/calisthenics strength families; review before default search exposure.
gvs_d73402d1db173ed9,Single Leg Bridge With Outstretched Leg,,하체,reps,other,BODYWEIGHT_NOISE_REVIEW,Not in core gym/calisthenics strength families; review before default search exposure.
gvs_2b4faa52e432d224,Single Leg Calf Raise Off Step,,하체,reps,calf,BODYWEIGHT_DEFAULT_SEARCH_CANDIDATE,Recognized gym/calisthenics strength family with no home-context/noise markers.
gvs_085c8f5259f28648,Single Leg Deadlift Lunge,싱글 레그 데드리프트 런지,하체,reps,lunge_split,BODYWEIGHT_DEFAULT_SEARCH_CANDIDATE,Recognized gym/calisthenics strength family with no home-context/noise markers.
gvs_bfd8b59f3d480e3f,Single Leg Deadlift With Knee Lift,,하체,reps,other,BODYWEIGHT_NOISE_REVIEW,Not in core gym/calisthenics strength families; review before default search exposure.
gvs_1792cdeaea71b8f8,Single Leg Dip On Floor,,팔,reps,dip,BODYWEIGHT_DEFAULT_SEARCH_CANDIDATE,Recognized gym/calisthenics strength family with no home-context/noise markers.
gvs_dad9e40fba10cef7,Single Leg Donkey Calf Raise,,하체,reps,calf,BODYWEIGHT_DEFAULT_SEARCH_CANDIDATE,Recognized gym/calisthenics strength family with no home-context/noise markers.
gvs_c8f506ed3d947379,Single Leg Extension Crunch,,코어,reps,core_crunch,BODYWEIGHT_DEFAULT_SEARCH_CANDIDATE,Recognized gym/calisthenics strength family with no home-context/noise markers.
gvs_fcbc7210727228ce,Single Leg Floor Calf Raise,,하체,reps,calf,BODYWEIGHT_DEFAULT_SEARCH_CANDIDATE,Recognized gym/calisthenics strength family with no home-context/noise markers.
gvs_2c6d21eede930710,Single Leg Glute Bridge With External Rotation,,하체,reps,glute_hip,BODYWEIGHT_DEFAULT_SEARCH_CANDIDATE,Recognized gym/calisthenics strength family with no home-context/noise markers.
gvs_806bbcacd79ababe,Single Leg Glute Bridge With Knee To Chest,,하체,reps,glute_hip,BODYWEIGHT_EXTENDED_VARIANT_REVIEW,Recognized strength family but compound/complex variant; not a default-search decision yet.
gvs_58b121764793ef2c,Single Leg Hamstring Bridge,,하체,reps,other,BODYWEIGHT_NOISE_REVIEW,Not in core gym/calisthenics strength families; review before default search exposure.
gvs_12d05c43a176598b,Single Leg Heel Touch Squat,,하체,reps,squat,BODYWEIGHT_DEFAULT_SEARCH_CANDIDATE,Recognized gym/calisthenics strength family with no home-context/noise markers.
gvs_88385f27ec3e359f,Single Leg Hip Thrusts,,하체,reps,other,BODYWEIGHT_NOISE_REVIEW,Not in core gym/calisthenics strength families; review before default search exposure.
gvs_8a8f88d7d8598937,Single Leg Low Box Squat,,하체,reps,squat,BODYWEIGHT_DEFAULT_SEARCH_CANDIDATE,Recognized gym/calisthenics strength family with no home-context/noise markers.
gvs_444d7ed0a8e94736,Single Leg Push Off,,하체,reps,other,BODYWEIGHT_NOISE_REVIEW,Not in core gym/calisthenics strength families; review before default search exposure.
gvs_63374217063d1047,Single Leg Quarter Squat,,하체,reps,squat,BODYWEIGHT_DEFAULT_SEARCH_CANDIDATE,Recognized gym/calisthenics strength family with no home-context/noise markers.
gvs_7527e8267cae6f62,Single Leg Sliding Floor Bridge Curl On Towel,,하체,reps,other,BODYWEIGHT_NOISE_REVIEW,Not in core gym/calisthenics strength families; review before default search exposure.
gvs_a6d22fe8ccc94322,Single Leg Squat,싱글 레그 스쿼트,하체,reps,squat,BODYWEIGHT_DEFAULT_SEARCH_CANDIDATE,Recognized gym/calisthenics strength family with no home-context/noise markers.
gvs_bbe3bab7201b5c17,Single Leg Squat (Pistol),,하체,reps,squat,BODYWEIGHT_DEFAULT_SEARCH_CANDIDATE,Recognized gym/calisthenics strength family with no home-context/noise markers.
gvs_d9da2de94245787d,Single Leg Squat With Support (Pistol),,하체,reps,squat,BODYWEIGHT_DEFAULT_SEARCH_CANDIDATE,Recognized gym/calisthenics strength family with no home-context/noise markers.
gvs_3ab7db4955a3af71,Single Leg Squat With Wall Support (Pistol),,하체,reps,squat,BODYWEIGHT_CONTEXT_VARIANT_REVIEW,Recognized strength family but contains home/context prop wording.
gvs_2c9fad73167a9893,Single Starfish Crunch,,코어,reps,core_crunch,BODYWEIGHT_DEFAULT_SEARCH_CANDIDATE,Recognized gym/calisthenics strength family with no home-context/noise markers.
gvs_7098511f3a10952f,Single Straight Leg Glute Bridge Hold,,하체,duration,glute_hip,BODYWEIGHT_DEFAULT_SEARCH_CANDIDATE,Recognized gym/calisthenics strength family with no home-context/noise markers.
gvs_d034ed30fbd2c6f2,Sissy Squat Bodyweight,,하체,reps,squat,BODYWEIGHT_DEFAULT_SEARCH_CANDIDATE,Recognized gym/calisthenics strength family with no home-context/noise markers.
gvs_d6a42c65b25dbe09,Sit (Wall),,하체,reps,other,BODYWEIGHT_NOISE_REVIEW,Not in core gym/calisthenics strength families; review before default search exposure.
gvs_c4b3f8b8d360ca7e,Sit Up,싯업,코어,reps,core_crunch,BODYWEIGHT_DEFAULT_SEARCH_CANDIDATE,Recognized gym/calisthenics strength family with no home-context/noise markers.
gvs_85c6bd6638eea7f8,Sit Up Punches,,코어,reps,core_crunch,BODYWEIGHT_DEFAULT_SEARCH_CANDIDATE,Recognized gym/calisthenics strength family with no home-context/noise markers.
gvs_b166886fa3de570f,Sit Up Stand Up,,코어,reps,core_crunch,BODYWEIGHT_DEFAULT_SEARCH_CANDIDATE,Recognized gym/calisthenics strength family with no home-context/noise markers.
gvs_4e7f537e87bc6fe0,Sit Up With Arms On Chest,,코어,reps,core_crunch,BODYWEIGHT_DEFAULT_SEARCH_CANDIDATE,Recognized gym/calisthenics strength family with no home-context/noise markers.
gvs_7f9b0bb38715e5fb,Siting Floor Leg Raise,,코어,reps,core_raise,BODYWEIGHT_DEFAULT_SEARCH_CANDIDATE,Recognized gym/calisthenics strength family with no home-context/noise markers.
gvs_cc4e0af3bbeb3003,Sky Punch,,어깨,reps,other,BODYWEIGHT_NOISE_REVIEW,Not in core gym/calisthenics strength families; review before default search exposure.
gvs_27c5f6a694576010,Sliding Floor Bridge Curl On Towel,,하체,reps,other,BODYWEIGHT_NOISE_REVIEW,Not in core gym/calisthenics strength families; review before default search exposure.
gvs_143aa7de678ac928,Sliding Floor Pulldown On Towel,,등,reps,other,BODYWEIGHT_NOISE_REVIEW,Not in core gym/calisthenics strength families; review before default search exposure.
gvs_611f520545717249,Sliding Leg Bird Dog,,등,reps,other,BODYWEIGHT_NOISE_REVIEW,Not in core gym/calisthenics strength families; review before default search exposure.
gvs_4faabe503384b7ba,Sliding Leg Curl On Floor With Towel,,하체,reps,other,BODYWEIGHT_NOISE_REVIEW,Not in core gym/calisthenics strength families; review before default search exposure.
gvs_1da3cc032abc9ae3,Slight Bend Elbow Touch,,가슴,reps,other,BODYWEIGHT_NOISE_REVIEW,Not in core gym/calisthenics strength families; review before default search exposure.
gvs_089a2bda18b72c28,Slight Lean Step Out,,코어,reps,other,BODYWEIGHT_NOISE_REVIEW,Not in core gym/calisthenics strength families; review before default search exposure.
gvs_4b3676c097c131c6,Slight Squat Front Raise,,하체,reps,squat,BODYWEIGHT_DEFAULT_SEARCH_CANDIDATE,Recognized gym/calisthenics strength family with no home-context/noise markers.
gvs_6ff5c9f91113b32d,Slight Squat Torso Twist,,코어,reps,squat,BODYWEIGHT_EXTENDED_VARIANT_REVIEW,Recognized strength family but compound/complex variant; not a default-search decision yet.
gvs_e3d151c16e721fcd,Somersault Stand Up,,코어,reps,other,BODYWEIGHT_NOISE_REVIEW,Not in core gym/calisthenics strength families; review before default search exposure.
gvs_caf06af15c508e2d,Spell Caster,,코어,reps,other,BODYWEIGHT_NOISE_REVIEW,Not in core gym/calisthenics strength families; review before default search exposure.
gvs_b721af3df4050799,Sphinx,,등,reps,other,BODYWEIGHT_NOISE_REVIEW,Not in core gym/calisthenics strength families; review before default search exposure.
gvs_d17d17b4645aaab6,Spider Crawl Push Up,,하체,reps,push_up,BODYWEIGHT_DEFAULT_SEARCH_CANDIDATE,Recognized gym/calisthenics strength family with no home-context/noise markers.
gvs_31356bc0fc03a2e2,Spider Plank,,하체,duration,plank,BODYWEIGHT_DEFAULT_SEARCH_CANDIDATE,Recognized gym/calisthenics strength family with no home-context/noise markers.
gvs_af2de33d93d64685,Spiderman Plank,,코어,duration,plank,BODYWEIGHT_DEFAULT_SEARCH_CANDIDATE,Recognized gym/calisthenics strength family with no home-context/noise markers.
gvs_7829ba0f23a0f98f,Spine (Lumbar) Flexion,,코어,reps,other,BODYWEIGHT_NOISE_REVIEW,Not in core gym/calisthenics strength families; review before default search exposure.
gvs_1889c34d1e7568bd,Spine Rolling,,코어,reps,other,BODYWEIGHT_NOISE_REVIEW,Not in core gym/calisthenics strength families; review before default search exposure.
gvs_f58c78f0e3d3ee7a,Spine Twist,,코어,reps,other,BODYWEIGHT_NOISE_REVIEW,Not in core gym/calisthenics strength families; review before default search exposure.
gvs_6704bf67f8780fdf,Split Lateral Squat With Roll,,하체,reps,squat,BODYWEIGHT_EXTENDED_VARIANT_REVIEW,Recognized strength family but compound/complex variant; not a default-search decision yet.
gvs_33ef266b34e50f7b,Split Sprinter Low Lunge,,하체,reps,lunge_split,BODYWEIGHT_DEFAULT_SEARCH_CANDIDATE,Recognized gym/calisthenics strength family with no home-context/noise markers.
gvs_943c5a9623377c30,Split Squat Against Wall,,하체,reps,squat,BODYWEIGHT_CONTEXT_VARIANT_REVIEW,Recognized strength family but contains home/context prop wording.
gvs_86ab0410cc30548a,Split Squat Heel Raise,,하체,reps,squat,BODYWEIGHT_DEFAULT_SEARCH_CANDIDATE,Recognized gym/calisthenics strength family with no home-context/noise markers.
gvs_1e5ce3320743dce8,Split Squat With Low Box,,하체,reps,squat,BODYWEIGHT_DEFAULT_SEARCH_CANDIDATE,Recognized gym/calisthenics strength family with no home-context/noise markers.
gvs_3270a18b1a47ce2b,Split Squats,,하체,reps,other,BODYWEIGHT_NOISE_REVIEW,Not in core gym/calisthenics strength families; review before default search exposure.
gvs_b980919d4d5f88e5,Squat,스쿼트,하체,reps,squat,BODYWEIGHT_DEFAULT_SEARCH_CANDIDATE,Recognized gym/calisthenics strength family with no home-context/noise markers.
gvs_62b2c586bad6a638,Squat Alternating Lunge,스쿼트 얼터네이팅 런지,하체,reps,squat,BODYWEIGHT_DEFAULT_SEARCH_CANDIDATE,Recognized gym/calisthenics strength family with no home-context/noise markers.
gvs_eafa04b7c0bec4bf,Squat And 5 Bounces,,하체,reps,squat,BODYWEIGHT_EXTENDED_VARIANT_REVIEW,Recognized strength family but compound/complex variant; not a default-search decision yet.
gvs_8bb16ef7a7b3ac1f,Squat And Alternating Hip Extension,,하체,reps,squat,BODYWEIGHT_EXTENDED_VARIANT_REVIEW,Recognized strength family but compound/complex variant; not a default-search decision yet.
gvs_8da4cb2744d308ff,Squat And Tip Toes,,하체,reps,squat,BODYWEIGHT_EXTENDED_VARIANT_REVIEW,Recognized strength family but compound/complex variant; not a default-search decision yet.
gvs_6c9d0cffe494956f,Squat On Bosu Ball,,하체,reps,squat,BODYWEIGHT_DEFAULT_SEARCH_CANDIDATE,Recognized gym/calisthenics strength family with no home-context/noise markers.
gvs_e08b5d7a4a0d1ad0,Squat Press Up,,하체,reps,squat,BODYWEIGHT_DEFAULT_SEARCH_CANDIDATE,Recognized gym/calisthenics strength family with no home-context/noise markers.
gvs_5ec874058852a9d9,Squat Side Kick,,하체,reps,squat,BODYWEIGHT_EXTENDED_VARIANT_REVIEW,Recognized strength family but compound/complex variant; not a default-search decision yet.
gvs_2421c0d3ffca084b,Squat Tip Toe,,하체,reps,squat,BODYWEIGHT_DEFAULT_SEARCH_CANDIDATE,Recognized gym/calisthenics strength family with no home-context/noise markers.
gvs_2800383668376148,Squat To Leg Extension,,하체,reps,squat,BODYWEIGHT_EXTENDED_VARIANT_REVIEW,Recognized strength family but compound/complex variant; not a default-search decision yet.
gvs_3162d618ae1cceaa,Squat To Leg Extension And Torso Twist,,하체,reps,squat,BODYWEIGHT_EXTENDED_VARIANT_REVIEW,Recognized strength family but compound/complex variant; not a default-search decision yet.
gvs_7668d5fc1b8f5f12,Squat Twist,,하체,reps,squat,BODYWEIGHT_EXTENDED_VARIANT_REVIEW,Recognized strength family but compound/complex variant; not a default-search decision yet.
gvs_a437bcdb0029e463,Staggered Leg Glute Bridge,,하체,reps,glute_hip,BODYWEIGHT_DEFAULT_SEARCH_CANDIDATE,Recognized gym/calisthenics strength family with no home-context/noise markers.
gvs_f4cf2e1bd14acb7b,Stair Up,,하체,reps,other,BODYWEIGHT_NOISE_REVIEW,Not in core gym/calisthenics strength families; review before default search exposure.
gvs_987071df96b77447,Standing Ab Twist,,코어,reps,other,BODYWEIGHT_NOISE_REVIEW,Not in core gym/calisthenics strength families; review before default search exposure.
gvs_1acde7e108bb62a9,Standing Ab Twist Wall Touch,,코어,reps,other,BODYWEIGHT_NOISE_REVIEW,Not in core gym/calisthenics strength families; review before default search exposure.
gvs_63a46e7841fbf7d2,Standing Abdominal Vacuum,,코어,reps,other,BODYWEIGHT_NOISE_REVIEW,Not in core gym/calisthenics strength families; review before default search exposure.
gvs_b5317c95ba7e1341,Standing Air Bike,,코어,reps,other,BODYWEIGHT_NOISE_REVIEW,Not in core gym/calisthenics strength families; review before default search exposure.
gvs_c41e621db1dcf179,Standing Alternate Arms Circling,,어깨,reps,other,BODYWEIGHT_NOISE_REVIEW,Not in core gym/calisthenics strength families; review before default search exposure.
gvs_7707ec79718c1a9d,Standing Alternate Glute Kickback,,하체,reps,other,BODYWEIGHT_NOISE_REVIEW,Not in core gym/calisthenics strength families; review before default search exposure.
gvs_02444aa1e90406bd,Standing Alternating Elbows Nudge,,가슴,reps,other,BODYWEIGHT_NOISE_REVIEW,Not in core gym/calisthenics strength families; review before default search exposure.
gvs_0542688d5e5fd635,Standing Alternating Palm To Elbow,,가슴,reps,other,BODYWEIGHT_NOISE_REVIEW,Not in core gym/calisthenics strength families; review before default search exposure.
gvs_128ffbec4c3387e2,Standing Angel Wall Supported,,어깨,reps,other,BODYWEIGHT_NOISE_REVIEW,Not in core gym/calisthenics strength families; review before default search exposure.
gvs_8bf271f747f25eff,Standing Ankle Circles,,하체,reps,other,BODYWEIGHT_NOISE_REVIEW,Not in core gym/calisthenics strength families; review before default search exposure.
gvs_bcf97784ef14c06e,Standing Archer Alternate Arm Row,,등,reps,row,BODYWEIGHT_DEFAULT_SEARCH_CANDIDATE,Recognized gym/calisthenics strength family with no home-context/noise markers.
gvs_6499866d54d5881d,Standing Arm Crossover Behind The Back,,등,reps,other,BODYWEIGHT_NOISE_REVIEW,Not in core gym/calisthenics strength families; review before default search exposure.
gvs_c824076b93e118e3,Standing Arm Rotation,,등,reps,other,BODYWEIGHT_NOISE_REVIEW,Not in core gym/calisthenics strength families; review before default search exposure.
gvs_6b9439591aff38a9,Standing Arms Circling,,어깨,reps,other,BODYWEIGHT_NOISE_REVIEW,Not in core gym/calisthenics strength families; review before default search exposure.
gvs_f882dccc918ed4de,Standing Arms Flinging,,어깨,reps,other,BODYWEIGHT_NOISE_REVIEW,Not in core gym/calisthenics strength families; review before default search exposure.
gvs_0ac70811fbfef4d5,Standing Arms Out Twist,,코어,reps,other,BODYWEIGHT_NOISE_REVIEW,Not in core gym/calisthenics strength families; review before default search exposure.
gvs_6133b3c786df3d9f,Standing Back Pulsing Raise,,등,reps,other,BODYWEIGHT_NOISE_REVIEW,Not in core gym/calisthenics strength families; review before default search exposure.
gvs_cb059a06f08a530c,Standing Back Rotation Squeeze,,어깨,reps,other,BODYWEIGHT_NOISE_REVIEW,Not in core gym/calisthenics strength families; review before default search exposure.
gvs_c4e0db83e58365ab,Standing Back Squeeze,,등,reps,other,BODYWEIGHT_NOISE_REVIEW,Not in core gym/calisthenics strength families; review before default search exposure.
gvs_80061af90fcc09fd,Standing Back Squeeze Pulse,,등,reps,other,BODYWEIGHT_NOISE_REVIEW,Not in core gym/calisthenics strength families; review before default search exposure.
gvs_866d7ede16d6cf58,Standing Backhand And Forehand Push,,가슴,reps,other,BODYWEIGHT_NOISE_REVIEW,Not in core gym/calisthenics strength families; review before default search exposure.
gvs_32afd984baf3226e,Standing Balance Ankle Rotation,,하체,reps,other,BODYWEIGHT_NOISE_REVIEW,Not in core gym/calisthenics strength families; review before default search exposure.
gvs_2aa65820f2388fe6,Standing Balance Hip Abduction,,하체,reps,other,BODYWEIGHT_NOISE_REVIEW,Not in core gym/calisthenics strength families; review before default search exposure.
gvs_1973c1352ad79b4d,Standing Balance Hip Abduction Pulse,,하체,reps,other,BODYWEIGHT_NOISE_REVIEW,Not in core gym/calisthenics strength families; review before default search exposure.
gvs_3e7ea521fe44b305,Standing Balance Hip Flexion,,하체,reps,other,BODYWEIGHT_NOISE_REVIEW,Not in core gym/calisthenics strength families; review before default search exposure.
gvs_402217a3b713861b,Standing Balance Hip Flexion Pulse,,하체,reps,other,BODYWEIGHT_NOISE_REVIEW,Not in core gym/calisthenics strength families; review before default search exposure.
gvs_fea8e2e351d24c6b,Standing Balance Hip Rotation,,하체,reps,other,BODYWEIGHT_NOISE_REVIEW,Not in core gym/calisthenics strength families; review before default search exposure.
gvs_637955ec17bd2c9a,Standing Balance Single Leg Lifts,,하체,reps,other,BODYWEIGHT_NOISE_REVIEW,Not in core gym/calisthenics strength families; review before default search exposure.
gvs_a92d7ee81913378e,Standing Behind Neck Press,,어깨,reps,other,BODYWEIGHT_NOISE_REVIEW,Not in core gym/calisthenics strength families; review before default search exposure.
gvs_3ca5d9c4ed30f392,Standing Behind Sky Reach,,코어,reps,other,BODYWEIGHT_NOISE_REVIEW,Not in core gym/calisthenics strength families; review before default search exposure.
gvs_696241ded43f0744,Standing Bent Knee Figure,,하체,reps,other,BODYWEIGHT_NOISE_REVIEW,Not in core gym/calisthenics strength families; review before default search exposure.
gvs_1f305bd891342116,Standing Biceps Curl (With Leg),,팔,reps,other,BODYWEIGHT_NOISE_REVIEW,Not in core gym/calisthenics strength families; review before default search exposure.
gvs_fa404aeb1f0bc9fb,Standing Biceps Curl Door Frame,,팔,reps,other,BODYWEIGHT_NOISE_REVIEW,Not in core gym/calisthenics strength families; review before default search exposure.
gvs_4118300f0edeb897,Standing Boat Row,,코어,reps,row,BODYWEIGHT_DEFAULT_SEARCH_CANDIDATE,Recognized gym/calisthenics strength family with no home-context/noise markers.
gvs_09b09f4dc523bed9,Standing Calf Raise,스탠딩 카프 레이즈,하체,reps,calf,BODYWEIGHT_DEFAULT_SEARCH_CANDIDATE,Recognized gym/calisthenics strength family with no home-context/noise markers.
gvs_2593973f5c8e0d0f,Standing Calf Raise (On A Staircase),,하체,reps,calf,BODYWEIGHT_CONTEXT_VARIANT_REVIEW,Recognized strength family but contains home/context prop wording.
gvs_4a6644898d1f10ed,Standing Calf Raise With Arms Circle,,하체,reps,calf,BODYWEIGHT_EXTENDED_VARIANT_REVIEW,Recognized strength family but compound/complex variant; not a default-search decision yet.
gvs_aaaff59b589a782b,Standing Calf Raise With Support,,하체,reps,calf,BODYWEIGHT_DEFAULT_SEARCH_CANDIDATE,Recognized gym/calisthenics strength family with no home-context/noise markers.
gvs_181c5259a7124fcd,Standing Core Twist,,코어,reps,other,BODYWEIGHT_NOISE_REVIEW,Not in core gym/calisthenics strength families; review before default search exposure.
gvs_bf9a5d89808d27dd,Standing Deep Breathe And Prayer Pull,,어깨,reps,other,BODYWEIGHT_NOISE_REVIEW,Not in core gym/calisthenics strength families; review before default search exposure.
gvs_01ae08517051586d,Standing Diagonal Grab,,가슴,reps,other,BODYWEIGHT_NOISE_REVIEW,Not in core gym/calisthenics strength families; review before default search exposure.
gvs_dffc67c1b52edc65,Standing Diagonal Reach And Chest Lift,,가슴,reps,other,BODYWEIGHT_NOISE_REVIEW,Not in core gym/calisthenics strength families; review before default search exposure.
gvs_02f8c7f462194f7e,Standing Double Prayer Push,,가슴,reps,other,BODYWEIGHT_NOISE_REVIEW,Not in core gym/calisthenics strength families; review before default search exposure.
gvs_33bfd568ef770b16,Standing Eagle Up And Left,,가슴,reps,other,BODYWEIGHT_NOISE_REVIEW,Not in core gym/calisthenics strength families; review before default search exposure.
gvs_d91a71a469c94742,Standing Elbow Clap,,가슴,reps,other,BODYWEIGHT_NOISE_REVIEW,Not in core gym/calisthenics strength families; review before default search exposure.
gvs_dd9b8ad574336815,Standing Elbow Crossover Raise,,어깨,reps,other,BODYWEIGHT_NOISE_REVIEW,Not in core gym/calisthenics strength families; review before default search exposure.
gvs_a2515f41e837b199,Standing Elbow Push Up And Elbow Fly,,가슴,reps,push_up,BODYWEIGHT_EXTENDED_VARIANT_REVIEW,Recognized strength family but compound/complex variant; not a default-search decision yet.
gvs_39b262bd7afaa239,Standing Elbow Raise And Squeeze,,어깨,reps,other,BODYWEIGHT_NOISE_REVIEW,Not in core gym/calisthenics strength families; review before default search exposure.
gvs_7f143e0e10aff8e0,Standing Elbow Together Scoop,,팔,reps,other,BODYWEIGHT_NOISE_REVIEW,Not in core gym/calisthenics strength families; review before default search exposure.
gvs_a145fd34fa909a0a,Standing Elbow Touch,,가슴,reps,other,BODYWEIGHT_NOISE_REVIEW,Not in core gym/calisthenics strength families; review before default search exposure.
gvs_dc4faaa2bbbce3d8,Standing Elbows Tucked Open And Close,,등,reps,other,BODYWEIGHT_NOISE_REVIEW,Not in core gym/calisthenics strength families; review before default search exposure.
gvs_d194a79c205f2dd2,Standing Forward Bend Back Squeeze,,등,reps,other,BODYWEIGHT_NOISE_REVIEW,Not in core gym/calisthenics strength families; review before default search exposure.
gvs_7ab0b2ec66e479de,Standing Forward Double Tap And Open,,가슴,reps,other,BODYWEIGHT_NOISE_REVIEW,Not in core gym/calisthenics strength families; review before default search exposure.
gvs_7581137ec722c478,Standing Front Clap Back Clap,,어깨,reps,other,BODYWEIGHT_NOISE_REVIEW,Not in core gym/calisthenics strength families; review before default search exposure.
gvs_04fdd676a615bca4,Standing Front Shoulder Tap,,팔,reps,other,BODYWEIGHT_NOISE_REVIEW,Not in core gym/calisthenics strength families; review before default search exposure.
gvs_9d77d12407aa9bd2,Standing Glute Back Lift Against Wall,,하체,reps,other,BODYWEIGHT_NOISE_REVIEW,Not in core gym/calisthenics strength families; review before default search exposure.
gvs_30a305da53179960,Standing Hand Behind Side Bend,,코어,reps,other,BODYWEIGHT_NOISE_REVIEW,Not in core gym/calisthenics strength families; review before default search exposure.
gvs_db9cdb038c096c3b,Standing Hip Abduction,스탠딩 힙 어브덕션,하체,reps,other,BODYWEIGHT_NOISE_REVIEW,Not in core gym/calisthenics strength families; review before default search exposure.
gvs_76576d7c8efc669e,Standing Hip Adduction,스탠딩 힙 어덕션,하체,reps,other,BODYWEIGHT_NOISE_REVIEW,Not in core gym/calisthenics strength families; review before default search exposure.
gvs_a72690bb72d1eb43,Standing Hip Circle,,하체,reps,other,BODYWEIGHT_NOISE_REVIEW,Not in core gym/calisthenics strength families; review before default search exposure.
gvs_2fb2dfad61a5b0fd,Standing Hip Extension (Bent Knee),,하체,reps,other,BODYWEIGHT_NOISE_REVIEW,Not in core gym/calisthenics strength families; review before default search exposure.
gvs_09adf66d11580839,Standing Hip Extension To Leg Lift,,하체,reps,other,BODYWEIGHT_NOISE_REVIEW,Not in core gym/calisthenics strength families; review before default search exposure.
gvs_0b123e4a8bd13404,Standing Hip Horizontal Rotation,,하체,reps,other,BODYWEIGHT_NOISE_REVIEW,Not in core gym/calisthenics strength families; review before default search exposure.
gvs_67354c5baaf347d3,Standing Inverted Row,,등,reps,row,BODYWEIGHT_DEFAULT_SEARCH_CANDIDATE,Recognized gym/calisthenics strength family with no home-context/noise markers.
gvs_6ee97819fd114aad,Standing Iron Eagle,,어깨,reps,other,BODYWEIGHT_NOISE_REVIEW,Not in core gym/calisthenics strength families; review before default search exposure.
gvs_ba8c50d4d7590876,Standing Isometric Hold Calf Raise,,하체,duration,calf,BODYWEIGHT_DEFAULT_SEARCH_CANDIDATE,Recognized gym/calisthenics strength family with no home-context/noise markers.
gvs_185631c584483091,Standing Lat Pulldown,스탠딩 랫 풀다운,등,reps,other,BODYWEIGHT_NOISE_REVIEW,Not in core gym/calisthenics strength families; review before default search exposure.
gvs_6c036a4cfb2fd242,Standing Lateral Leg Circle With A Chair,,하체,reps,other,BODYWEIGHT_NOISE_REVIEW,Not in core gym/calisthenics strength families; review before default search exposure.
gvs_fa9362b32c168363,Standing Lateral Raise (Bent Arms),,어깨,reps,other,BODYWEIGHT_NOISE_REVIEW,Not in core gym/calisthenics strength families; review before default search exposure.
gvs_92ba278c1363b95e,Standing Leg Curl,스탠딩 레그 컬,하체,reps,other,BODYWEIGHT_NOISE_REVIEW,Not in core gym/calisthenics strength families; review before default search exposure.
gvs_51422b93ffe6318b,Standing Leg Half Circle Against Wall,,하체,reps,other,BODYWEIGHT_NOISE_REVIEW,Not in core gym/calisthenics strength families; review before default search exposure.
gvs_8be826f8d7f2a1ea,Standing Mid Air Finger Bounces,,팔,reps,other,BODYWEIGHT_NOISE_REVIEW,Not in core gym/calisthenics strength families; review before default search exposure.
gvs_73d340a70d61f7f7,Standing Obliques Rotation,,코어,reps,other,BODYWEIGHT_NOISE_REVIEW,Not in core gym/calisthenics strength families; review before default search exposure.
gvs_9486e8dac9702d9c,Standing Obliques Slides,,코어,reps,other,BODYWEIGHT_NOISE_REVIEW,Not in core gym/calisthenics strength families; review before default search exposure.
gvs_dced99869c71bd9c,Standing Overhead Claps,,어깨,reps,other,BODYWEIGHT_NOISE_REVIEW,Not in core gym/calisthenics strength families; review before default search exposure.
gvs_56449eeb7b855edb,Standing Palm Slices,,팔,reps,other,BODYWEIGHT_NOISE_REVIEW,Not in core gym/calisthenics strength families; review before default search exposure.
gvs_c81592e36ce7e6a3,Standing Pelvic Stabilizers Mobilization,,하체,reps,other,BODYWEIGHT_NOISE_REVIEW,Not in core gym/calisthenics strength families; review before default search exposure.
gvs_56fa833ad077394c,Standing Pelvic Tilt,,등,reps,other,BODYWEIGHT_NOISE_REVIEW,Not in core gym/calisthenics strength families; review before default search exposure.
gvs_f7748fdaffdd41c4,Standing Pelvic Tilt Against Wall,,하체,reps,other,BODYWEIGHT_NOISE_REVIEW,Not in core gym/calisthenics strength families; review before default search exposure.
gvs_6110a79aed1d64c4,Standing Pulsing Elbow Lift,,가슴,reps,other,BODYWEIGHT_NOISE_REVIEW,Not in core gym/calisthenics strength families; review before default search exposure.
gvs_4d33d6f6dc3a3938,Standing Row Switching Palms,,등,reps,row,BODYWEIGHT_DEFAULT_SEARCH_CANDIDATE,Recognized gym/calisthenics strength family with no home-context/noise markers.
gvs_6e70509651dd464c,Standing Scapular Press,,등,reps,other,BODYWEIGHT_NOISE_REVIEW,Not in core gym/calisthenics strength families; review before default search exposure.
gvs_f31d986817e4d0be,Standing Scapular Rotation,,,reps,other,BODYWEIGHT_NOISE_REVIEW,Not in core gym/calisthenics strength families; review before default search exposure.
gvs_28217d693854d7e1,Standing Serratus Training On The Wall,,가슴,reps,other,BODYWEIGHT_NOISE_REVIEW,Not in core gym/calisthenics strength families; review before default search exposure.
gvs_46b5c6976417c3cf,Standing Shoulders Full Flexion,,어깨,reps,other,BODYWEIGHT_NOISE_REVIEW,Not in core gym/calisthenics strength families; review before default search exposure.
gvs_84b70d5ccc0a4462,Standing Side And Front Leg Raise,,하체,reps,core_raise,BODYWEIGHT_EXTENDED_VARIANT_REVIEW,Recognized strength family but compound/complex variant; not a default-search decision yet.
gvs_e7f47adc9e1f6c04,Standing Side Bend,,코어,reps,other,BODYWEIGHT_NOISE_REVIEW,Not in core gym/calisthenics strength families; review before default search exposure.
gvs_624b4c70a9a09fda,Standing Side Bend (Bent Arm),,코어,reps,other,BODYWEIGHT_NOISE_REVIEW,Not in core gym/calisthenics strength families; review before default search exposure.
gvs_b3b1cb32b4bc4d20,Standing Side Circle Draw,,등,reps,other,BODYWEIGHT_NOISE_REVIEW,Not in core gym/calisthenics strength families; review before default search exposure.
gvs_431fd3cf05e65b6f,Standing Side Crunch,스탠딩 사이드 크런치,코어,reps,core_crunch,BODYWEIGHT_DEFAULT_SEARCH_CANDIDATE,Recognized gym/calisthenics strength family with no home-context/noise markers.
gvs_13c172b7b575dc6f,Standing Side Crunch Elbow To Knee,,코어,reps,core_crunch,BODYWEIGHT_EXTENDED_VARIANT_REVIEW,Recognized strength family but compound/complex variant; not a default-search decision yet.
gvs_a2af427f88b97b0f,Standing Side Glute Raise Against Wall,,하체,reps,other,BODYWEIGHT_NOISE_REVIEW,Not in core gym/calisthenics strength families; review before default search exposure.
gvs_f6a56fdea22c83c4,Standing Side Leg Raise,스탠딩 사이드 레그 레이즈,하체,reps,core_raise,BODYWEIGHT_DEFAULT_SEARCH_CANDIDATE,Recognized gym/calisthenics strength family with no home-context/noise markers.
gvs_6bb687ed60165681,Standing Single Arm Circle On A Wall,,등,reps,other,BODYWEIGHT_NOISE_REVIEW,Not in core gym/calisthenics strength families; review before default search exposure.
gvs_54e5de862b9a50ac,Standing Single Arm Circling,,어깨,reps,other,BODYWEIGHT_NOISE_REVIEW,Not in core gym/calisthenics strength families; review before default search exposure.
gvs_cf93c4af80659f5f,Standing Single Leg Curl,,하체,reps,other,BODYWEIGHT_NOISE_REVIEW,Not in core gym/calisthenics strength families; review before default search exposure.
gvs_4139d30e6238ac54,Standing Single Leg High Knee To Butt Kick With Support,,하체,reps,other,BODYWEIGHT_NOISE_REVIEW,Not in core gym/calisthenics strength families; review before default search exposure.
gvs_e2a451eed9ff0384,Standing Stacked Arm Chest Squeez,,가슴,reps,other,BODYWEIGHT_NOISE_REVIEW,Not in core gym/calisthenics strength families; review before default search exposure.
gvs_132ec991ef4e5e7d,Standing Stacked Arms Lift,,가슴,reps,other,BODYWEIGHT_NOISE_REVIEW,Not in core gym/calisthenics strength families; review before default search exposure.
gvs_5c9cf95d797fd485,Standing Supinated Face Pull (With Towels),,어깨,reps,other,BODYWEIGHT_NOISE_REVIEW,Not in core gym/calisthenics strength families; review before default search exposure.
gvs_f4ed46c55fa1c76d,Standing Swimmer,,어깨,reps,other,BODYWEIGHT_NOISE_REVIEW,Not in core gym/calisthenics strength families; review before default search exposure.
gvs_2e5e33aaba18c448,Standing Switching Palm Squeezes,,팔,reps,other,BODYWEIGHT_NOISE_REVIEW,Not in core gym/calisthenics strength families; review before default search exposure.
gvs_1786df11ec37fd09,Standing Top Clap And Prayer Push,,가슴,reps,other,BODYWEIGHT_NOISE_REVIEW,Not in core gym/calisthenics strength families; review before default search exposure.
gvs_81e6cd0b2eea0e0b,Standing Top Grab Front Grab,,가슴,reps,other,BODYWEIGHT_NOISE_REVIEW,Not in core gym/calisthenics strength families; review before default search exposure.
gvs_ac80fb56bb9f1280,Standing Top To Forward Punches,,가슴,reps,other,BODYWEIGHT_NOISE_REVIEW,Not in core gym/calisthenics strength families; review before default search exposure.
gvs_6df74e2d33bed245,Standing Torso Twist,,코어,reps,other,BODYWEIGHT_NOISE_REVIEW,Not in core gym/calisthenics strength families; review before default search exposure.
gvs_3abde7e8b3aa9972,Standing Torso Twist Arms Swing,,코어,reps,other,BODYWEIGHT_NOISE_REVIEW,Not in core gym/calisthenics strength families; review before default search exposure.
gvs_0bece37e1d4be2b0,Standing Triple Arm Cross,,가슴,reps,other,BODYWEIGHT_NOISE_REVIEW,Not in core gym/calisthenics strength families; review before default search exposure.
gvs_f747de5b7929084b,Standing Triple Yin Yang Circle,,어깨,reps,other,BODYWEIGHT_NOISE_REVIEW,Not in core gym/calisthenics strength families; review before default search exposure.
gvs_2e4ef66892595a76,Standing Two Side Bend,,코어,reps,other,BODYWEIGHT_NOISE_REVIEW,Not in core gym/calisthenics strength families; review before default search exposure.
gvs_ef9e424936806535,Standing Two Side Bend (Bent Arm),,코어,reps,other,BODYWEIGHT_NOISE_REVIEW,Not in core gym/calisthenics strength families; review before default search exposure.
gvs_7d000f1abee677a4,Standing Underhand Crossover Raise,,어깨,reps,other,BODYWEIGHT_NOISE_REVIEW,Not in core gym/calisthenics strength families; review before default search exposure.
gvs_a4544ca9b717636d,Standing Up Raise Side Open Arms,,어깨,reps,other,BODYWEIGHT_NOISE_REVIEW,Not in core gym/calisthenics strength families; review before default search exposure.
gvs_c089650e16c1aa48,Standing Upright Palms Back Squeeze,,등,reps,other,BODYWEIGHT_NOISE_REVIEW,Not in core gym/calisthenics strength families; review before default search exposure.
gvs_f3b6266ed1bc7b80,Standing Wall Slide Squat,,하체,reps,squat,BODYWEIGHT_CONTEXT_VARIANT_REVIEW,Recognized strength family but contains home/context prop wording.
gvs_36802d57c4c0b1c7,Standing Wide Stance Punch,,가슴,reps,other,BODYWEIGHT_NOISE_REVIEW,Not in core gym/calisthenics strength families; review before default search exposure.
gvs_ee144736684585dc,Standing Wrist Rotation,,팔,reps,other,BODYWEIGHT_NOISE_REVIEW,Not in core gym/calisthenics strength families; review before default search exposure.
gvs_8b96e76de37aa765,Standing Y Up,,어깨,reps,other,BODYWEIGHT_NOISE_REVIEW,Not in core gym/calisthenics strength families; review before default search exposure.
gvs_e30e0269d7d920e5,Standing Yin Yang Circles (Femele),,어깨,reps,other,BODYWEIGHT_NOISE_REVIEW,Not in core gym/calisthenics strength families; review before default search exposure.
gvs_63a51f9a41d4ca30,Star Plank,,코어,duration,plank,BODYWEIGHT_DEFAULT_SEARCH_CANDIDATE,Recognized gym/calisthenics strength family with no home-context/noise markers.
gvs_dc7d82a047951e62,Star Squat,,하체,reps,squat,BODYWEIGHT_DEFAULT_SEARCH_CANDIDATE,Recognized gym/calisthenics strength family with no home-context/noise markers.
gvs_1b8ba421c3ae9869,Starfish Crunch (Beginner),,코어,reps,core_crunch,BODYWEIGHT_EXTENDED_VARIANT_REVIEW,Recognized strength family but compound/complex variant; not a default-search decision yet.
gvs_8e5b1cfa9379198c,Starfish Crunch (Beginner) Without Mat,,코어,reps,core_crunch,BODYWEIGHT_EXTENDED_VARIANT_REVIEW,Recognized strength family but compound/complex variant; not a default-search decision yet.
gvs_a0d9b11529495411,Static Lunge,,하체,reps,lunge_split,BODYWEIGHT_DEFAULT_SEARCH_CANDIDATE,Recognized gym/calisthenics strength family with no home-context/noise markers.
gvs_1c494fce64cb0bc8,Stationary Arms Throw,,등,reps,other,BODYWEIGHT_NOISE_REVIEW,Not in core gym/calisthenics strength families; review before default search exposure.
gvs_d462a48b30965c23,Step Out From Squat,,하체,reps,squat,BODYWEIGHT_DEFAULT_SEARCH_CANDIDATE,Recognized gym/calisthenics strength family with no home-context/noise markers.
gvs_89a9a4d39cee8103,Step Up,스텝업,하체,reps,other,BODYWEIGHT_NOISE_REVIEW,Not in core gym/calisthenics strength families; review before default search exposure.
gvs_3a92d5fa4d5f38c8,Step Up On Box,,하체,reps,other,BODYWEIGHT_NOISE_REVIEW,Not in core gym/calisthenics strength families; review before default search exposure.
gvs_09243dd29f566fae,Step Up On Chair,,하체,reps,other,BODYWEIGHT_NOISE_REVIEW,Not in core gym/calisthenics strength families; review before default search exposure.
gvs_466d85be086f8130,Stick Bent Over Pronated Grip Row,,등,reps,row,BODYWEIGHT_DEFAULT_SEARCH_CANDIDATE,Recognized gym/calisthenics strength family with no home-context/noise markers.
gvs_3aa067e13d4b45b1,Stick Deadlift,,하체,reps,other,BODYWEIGHT_NOISE_REVIEW,Not in core gym/calisthenics strength families; review before default search exposure.
gvs_3335977808891e72,Stick Shoulder Mobilization In Abduction,,어깨,reps,other,BODYWEIGHT_NOISE_REVIEW,Not in core gym/calisthenics strength families; review before default search exposure.
gvs_56675c8f4455742f,Stick Side Lunge,,하체,reps,lunge_split,BODYWEIGHT_DEFAULT_SEARCH_CANDIDATE,Recognized gym/calisthenics strength family with no home-context/noise markers.
gvs_d036ebfd75ffc169,Stick Standing Behind Neck Press,,어깨,reps,other,BODYWEIGHT_NOISE_REVIEW,Not in core gym/calisthenics strength families; review before default search exposure.
gvs_1c4265ac7ad6fd9e,Stick Standing Front Raise,,어깨,reps,other,BODYWEIGHT_NOISE_REVIEW,Not in core gym/calisthenics strength families; review before default search exposure.
gvs_4f7d735bdb1ae1e3,Stick Standing Rear Delt Raise,,어깨,reps,other,BODYWEIGHT_NOISE_REVIEW,Not in core gym/calisthenics strength families; review before default search exposure.
gvs_61588c80bbcfd38a,Stick Standing Shoulder Press,,어깨,reps,other,BODYWEIGHT_NOISE_REVIEW,Not in core gym/calisthenics strength families; review before default search exposure.
gvs_5849bdfc35201402,Stick Standing Torso Twist,,코어,reps,other,BODYWEIGHT_NOISE_REVIEW,Not in core gym/calisthenics strength families; review before default search exposure.
gvs_86835c1995eb4a85,Stick Standing Upright Row,,어깨,reps,row,BODYWEIGHT_DEFAULT_SEARCH_CANDIDATE,Recognized gym/calisthenics strength family with no home-context/noise markers.
gvs_e3a11f667eaa3704,Straight Arm Side Plank,스트레이트 암 사이드 플랭크,코어,duration,plank,BODYWEIGHT_DEFAULT_SEARCH_CANDIDATE,Recognized gym/calisthenics strength family with no home-context/noise markers.
gvs_918fa8b772ba8b7f,Straight Leg Crossed Arms Sit Up,,코어,reps,core_crunch,BODYWEIGHT_DEFAULT_SEARCH_CANDIDATE,Recognized gym/calisthenics strength family with no home-context/noise markers.
gvs_2d2a0e2288fd0724,Straight Leg Glute Bridge,,하체,reps,glute_hip,BODYWEIGHT_DEFAULT_SEARCH_CANDIDATE,Recognized gym/calisthenics strength family with no home-context/noise markers.
gvs_8f1f5c2b6069c233,Straight Leg Kickback (Kneeling),,하체,reps,other,BODYWEIGHT_NOISE_REVIEW,Not in core gym/calisthenics strength families; review before default search exposure.
gvs_598e193a21c80064,Straight Leg Opposite Sit Up,,코어,reps,core_crunch,BODYWEIGHT_DEFAULT_SEARCH_CANDIDATE,Recognized gym/calisthenics strength family with no home-context/noise markers.
gvs_e904a30b919c6b8b,Straight Leg Sit Up,,코어,reps,core_crunch,BODYWEIGHT_DEFAULT_SEARCH_CANDIDATE,Recognized gym/calisthenics strength family with no home-context/noise markers.
gvs_743f27ab49eee1cb,Straight Legs Sit Up Toe Tap,,코어,reps,core_crunch,BODYWEIGHT_EXTENDED_VARIANT_REVIEW,Recognized strength family but compound/complex variant; not a default-search decision yet.
gvs_68f4668b4fae0cfb,String Pull,,팔,reps,other,BODYWEIGHT_NOISE_REVIEW,Not in core gym/calisthenics strength families; review before default search exposure.
gvs_016fc169f64a9ca5,Sumo Crab Walk,,하체,reps,other,BODYWEIGHT_NOISE_REVIEW,Not in core gym/calisthenics strength families; review before default search exposure.
gvs_39a8ee936a08d273,Sumo Deadlift High Pull Thighs,,어깨,reps,other,BODYWEIGHT_NOISE_REVIEW,Not in core gym/calisthenics strength families; review before default search exposure.
gvs_6f58eb565016bc1c,Sumo Squat,스모 스쿼트,하체,reps,squat,BODYWEIGHT_DEFAULT_SEARCH_CANDIDATE,Recognized gym/calisthenics strength family with no home-context/noise markers.
gvs_44d0275dd8124941,Sumo Squat Floor Tap,,하체,reps,squat,BODYWEIGHT_EXTENDED_VARIANT_REVIEW,Recognized strength family but compound/complex variant; not a default-search decision yet.
gvs_b4a410bbd3f7c4e3,Sumo Squat Floor Touch,,하체,reps,squat,BODYWEIGHT_DEFAULT_SEARCH_CANDIDATE,Recognized gym/calisthenics strength family with no home-context/noise markers.
gvs_d926946c002ef5c6,Sumo Squat Side Lunge,스모 스쿼트 사이드 런지,하체,reps,squat,BODYWEIGHT_DEFAULT_SEARCH_CANDIDATE,Recognized gym/calisthenics strength family with no home-context/noise markers.
gvs_f37ed69f98b105a7,Sumo Squat With Heel Raise,,하체,reps,squat,BODYWEIGHT_DEFAULT_SEARCH_CANDIDATE,Recognized gym/calisthenics strength family with no home-context/noise markers.
gvs_44309ee881e3dd2e,Sumo Stance Side Lunges,,하체,reps,other,BODYWEIGHT_NOISE_REVIEW,Not in core gym/calisthenics strength families; review before default search exposure.
gvs_def4ec147b200baa,Superman,,코어,reps,back_extension,BODYWEIGHT_DEFAULT_SEARCH_CANDIDATE,Recognized gym/calisthenics strength family with no home-context/noise markers.
gvs_db2c38dea257af4c,Superman Back Raise,,등,reps,back_extension,BODYWEIGHT_DEFAULT_SEARCH_CANDIDATE,Recognized gym/calisthenics strength family with no home-context/noise markers.
gvs_92e82b8bb00b54bb,Superman Hold,,하체,duration,back_extension,BODYWEIGHT_DEFAULT_SEARCH_CANDIDATE,Recognized gym/calisthenics strength family with no home-context/noise markers.
gvs_3d3af35f4a766267,Superman Lift And Lat Pulldown,,하체,reps,back_extension,BODYWEIGHT_EXTENDED_VARIANT_REVIEW,Recognized strength family but compound/complex variant; not a default-search decision yet.
gvs_a2cf07c8a551f1ba,Superman Push Up,,가슴,reps,push_up,BODYWEIGHT_DEFAULT_SEARCH_CANDIDATE,Recognized gym/calisthenics strength family with no home-context/noise markers.
gvs_824d9f1d5fc511a9,Superman Row,,등,reps,row,BODYWEIGHT_DEFAULT_SEARCH_CANDIDATE,Recognized gym/calisthenics strength family with no home-context/noise markers.
gvs_cd99240e1e477040,Superman Row With Towel,,등,reps,row,BODYWEIGHT_CONTEXT_VARIANT_REVIEW,Recognized strength family but contains home/context prop wording.
gvs_1b15257aa97fb2f0,Superman W,,하체,reps,back_extension,BODYWEIGHT_DEFAULT_SEARCH_CANDIDATE,Recognized gym/calisthenics strength family with no home-context/noise markers.
gvs_441247d943d81e11,Superman W To Y,,하체,reps,back_extension,BODYWEIGHT_EXTENDED_VARIANT_REVIEW,Recognized strength family but compound/complex variant; not a default-search decision yet.
gvs_d5f39f3b18299353,Supine Windshield Wipers,,하체,reps,other,BODYWEIGHT_NOISE_REVIEW,Not in core gym/calisthenics strength families; review before default search exposure.
gvs_22f1799f607f9f67,Supported Squat,,하체,reps,squat,BODYWEIGHT_DEFAULT_SEARCH_CANDIDATE,Recognized gym/calisthenics strength family with no home-context/noise markers.
gvs_bf6ec614db562dee,Surrender Side Bend,,코어,reps,other,BODYWEIGHT_NOISE_REVIEW,Not in core gym/calisthenics strength families; review before default search exposure.
gvs_0c2acfa16a9efbd9,Suspended Abdominal Fallout,,코어,reps,other,BODYWEIGHT_NOISE_REVIEW,Not in core gym/calisthenics strength families; review before default search exposure.
gvs_b34f4bb99a377109,Suspended Push Up,,가슴,reps,push_up,BODYWEIGHT_DEFAULT_SEARCH_CANDIDATE,Recognized gym/calisthenics strength family with no home-context/noise markers.
gvs_f92041e77d386c2f,Suspended Row,,등,reps,row,BODYWEIGHT_DEFAULT_SEARCH_CANDIDATE,Recognized gym/calisthenics strength family with no home-context/noise markers.
gvs_ec85359d3a87634d,Suspended Split Squat,,하체,reps,squat,BODYWEIGHT_DEFAULT_SEARCH_CANDIDATE,Recognized gym/calisthenics strength family with no home-context/noise markers.
gvs_49481be632164f30,Svend Bench Press,,팔,reps,other,BODYWEIGHT_NOISE_REVIEW,Not in core gym/calisthenics strength families; review before default search exposure.
gvs_ebf910d2f24406ba,Swimmer Kicks,,하체,reps,other,BODYWEIGHT_NOISE_REVIEW,Not in core gym/calisthenics strength families; review before default search exposure.
gvs_35e9302b727719d3,Swing Back,,하체,reps,other,BODYWEIGHT_NOISE_REVIEW,Not in core gym/calisthenics strength families; review before default search exposure.
gvs_0d6d4b03fca4fe9b,Table Top Bridge,,하체,reps,other,BODYWEIGHT_NOISE_REVIEW,Not in core gym/calisthenics strength families; review before default search exposure.
gvs_3c15c724785da31e,Table Top Bridge Pulse,,하체,reps,other,BODYWEIGHT_NOISE_REVIEW,Not in core gym/calisthenics strength families; review before default search exposure.
gvs_b52be6a42d7319a6,Tabletop Plank Raise And Reach,,코어,reps,plank,BODYWEIGHT_EXTENDED_VARIANT_REVIEW,Recognized strength family but compound/complex variant; not a default-search decision yet.
gvs_4325427d54fdefe5,Tabletop Reach And Crunch,,코어,reps,core_crunch,BODYWEIGHT_EXTENDED_VARIANT_REVIEW,Recognized strength family but compound/complex variant; not a default-search decision yet.
gvs_a15b829c44acfd22,Tight Fist Lift,,팔,reps,other,BODYWEIGHT_NOISE_REVIEW,Not in core gym/calisthenics strength families; review before default search exposure.
gvs_b7293cbff0b578df,Tight Fist Rotation,,팔,reps,other,BODYWEIGHT_NOISE_REVIEW,Not in core gym/calisthenics strength families; review before default search exposure.
gvs_f0b5d5ed6bb2b169,Tilt And Extend,,코어,reps,other,BODYWEIGHT_NOISE_REVIEW,Not in core gym/calisthenics strength families; review before default search exposure.
gvs_8b0892097347f9a5,Tip Toe Glute Bridge,,하체,reps,glute_hip,BODYWEIGHT_DEFAULT_SEARCH_CANDIDATE,Recognized gym/calisthenics strength family with no home-context/noise markers.
gvs_a1f52c147fd72d32,Tip Toe Glute Bridge Abduction,,하체,reps,glute_hip,BODYWEIGHT_DEFAULT_SEARCH_CANDIDATE,Recognized gym/calisthenics strength family with no home-context/noise markers.
gvs_083af60d4acdbe65,Tip Toe Glute Bridge Pulse,,하체,reps,glute_hip,BODYWEIGHT_EXTENDED_VARIANT_REVIEW,Recognized strength family but compound/complex variant; not a default-search decision yet.
gvs_1556d91e7dcf3c2c,Tip Toes,,하체,reps,other,BODYWEIGHT_NOISE_REVIEW,Not in core gym/calisthenics strength families; review before default search exposure.
gvs_a905eb4df7289b6d,Toe Walk,,하체,reps,other,BODYWEIGHT_NOISE_REVIEW,Not in core gym/calisthenics strength families; review before default search exposure.
gvs_328094db89ec730b,Torque Tank Push,,하체,reps,other,BODYWEIGHT_NOISE_REVIEW,Not in core gym/calisthenics strength families; review before default search exposure.
gvs_dd94fe9a01ed0804,Triceps Dip,,팔,reps,dip,BODYWEIGHT_DEFAULT_SEARCH_CANDIDATE,Recognized gym/calisthenics strength family with no home-context/noise markers.
gvs_14770456a87ff2ac,Triceps Dip (Bench Leg),,팔,reps,dip,BODYWEIGHT_DEFAULT_SEARCH_CANDIDATE,Recognized gym/calisthenics strength family with no home-context/noise markers.
gvs_ec977fed5d635c85,Triceps Dip Floor,,팔,reps,dip,BODYWEIGHT_DEFAULT_SEARCH_CANDIDATE,Recognized gym/calisthenics strength family with no home-context/noise markers.
gvs_fcaf21bfb13b9867,Triceps Dip On High Parallel Bars,,팔,reps,dip,BODYWEIGHT_DEFAULT_SEARCH_CANDIDATE,Recognized gym/calisthenics strength family with no home-context/noise markers.
gvs_d5d235659e573315,Triceps Dips Floor,,팔,reps,other,BODYWEIGHT_NOISE_REVIEW,Not in core gym/calisthenics strength families; review before default search exposure.
gvs_63c2005c52b1908a,Triceps Press,,팔,reps,other,BODYWEIGHT_NOISE_REVIEW,Not in core gym/calisthenics strength families; review before default search exposure.
gvs_51c69f10853fb552,Triceps Press (Head Below Bench),,팔,reps,other,BODYWEIGHT_NOISE_REVIEW,Not in core gym/calisthenics strength families; review before default search exposure.
gvs_3664334a9022970c,Triceps Press (Low Bar Position),,팔,reps,other,BODYWEIGHT_NOISE_REVIEW,Not in core gym/calisthenics strength families; review before default search exposure.
gvs_b418353e5cab7b70,Tuck Crunch,,코어,reps,core_crunch,BODYWEIGHT_DEFAULT_SEARCH_CANDIDATE,Recognized gym/calisthenics strength family with no home-context/noise markers.
gvs_910000f59725b4f9,Twist Crunch Legs Up,,코어,reps,core_crunch,BODYWEIGHT_EXTENDED_VARIANT_REVIEW,Recognized strength family but compound/complex variant; not a default-search decision yet.
gvs_b805e5a5d146c2a5,Twist Hip Lift,,하체,reps,other,BODYWEIGHT_NOISE_REVIEW,Not in core gym/calisthenics strength families; review before default search exposure.
gvs_df8ea89f9ef40967,Twist Push Up,,가슴,reps,push_up,BODYWEIGHT_EXTENDED_VARIANT_REVIEW,Recognized strength family but compound/complex variant; not a default-search decision yet.
gvs_c7e8a666169d9d24,Twist Sit Up,,코어,reps,core_crunch,BODYWEIGHT_EXTENDED_VARIANT_REVIEW,Recognized strength family but compound/complex variant; not a default-search decision yet.
gvs_a387e519a93ef625,Twist Squat,,하체,reps,squat,BODYWEIGHT_EXTENDED_VARIANT_REVIEW,Recognized strength family but compound/complex variant; not a default-search decision yet.
gvs_f54ea693be2c904b,Twist Superman,,하체,reps,back_extension,BODYWEIGHT_EXTENDED_VARIANT_REVIEW,Recognized strength family but compound/complex variant; not a default-search decision yet.
gvs_12be5543fa34edcb,Twist Turn Lift,,코어,reps,other,BODYWEIGHT_NOISE_REVIEW,Not in core gym/calisthenics strength families; review before default search exposure.
gvs_22b975096dae1195,Twisted Leg Raise,,코어,reps,core_raise,BODYWEIGHT_DEFAULT_SEARCH_CANDIDATE,Recognized gym/calisthenics strength family with no home-context/noise markers.
gvs_e76eb6350b573f1d,Twisting Crunch,,코어,reps,core_crunch,BODYWEIGHT_DEFAULT_SEARCH_CANDIDATE,Recognized gym/calisthenics strength family with no home-context/noise markers.
gvs_998db24d45a21371,Twisting Crunch (Arms Straight),,코어,reps,core_crunch,BODYWEIGHT_DEFAULT_SEARCH_CANDIDATE,Recognized gym/calisthenics strength family with no home-context/noise markers.
gvs_fb9f22b45b0ddc4e,Underhand Circle Draw,,어깨,reps,other,BODYWEIGHT_NOISE_REVIEW,Not in core gym/calisthenics strength families; review before default search exposure.
gvs_d4f50e883806721e,Underhand Grip Inverted Back Row,,등,reps,row,BODYWEIGHT_DEFAULT_SEARCH_CANDIDATE,Recognized gym/calisthenics strength family with no home-context/noise markers.
gvs_ec821675ba43f7a5,Uneven Pull Up,,등,reps,pull_chin_muscleup,BODYWEIGHT_DEFAULT_SEARCH_CANDIDATE,Recognized gym/calisthenics strength family with no home-context/noise markers.
gvs_d5f4e3a9c14beab5,Up And Down,,어깨,reps,other,BODYWEIGHT_NOISE_REVIEW,Not in core gym/calisthenics strength families; review before default search exposure.
gvs_aeb2844707203317,Upper Body Rotation In Squat Position,,코어,reps,squat,BODYWEIGHT_DEFAULT_SEARCH_CANDIDATE,Recognized gym/calisthenics strength family with no home-context/noise markers.
gvs_92d7e2fa298ecc80,V Flutter Kick,,코어,reps,other,BODYWEIGHT_NOISE_REVIEW,Not in core gym/calisthenics strength families; review before default search exposure.
gvs_36cf9035b5c7c20d,V Hold (Beginner Level),,코어,duration,other,BODYWEIGHT_NOISE_REVIEW,Not in core gym/calisthenics strength families; review before default search exposure.
gvs_bd3c0642f290f0b4,V Leg Raise,,코어,reps,core_raise,BODYWEIGHT_DEFAULT_SEARCH_CANDIDATE,Recognized gym/calisthenics strength family with no home-context/noise markers.
gvs_089920ccadf7a67e,V Sit Against Wall,,코어,reps,other,BODYWEIGHT_NOISE_REVIEW,Not in core gym/calisthenics strength families; review before default search exposure.
gvs_0463c4dfe1397c67,V Sit Cross Punch,,코어,reps,other,BODYWEIGHT_NOISE_REVIEW,Not in core gym/calisthenics strength families; review before default search exposure.
gvs_b58df136529f41e8,V Sit On Floor,,코어,reps,other,BODYWEIGHT_NOISE_REVIEW,Not in core gym/calisthenics strength families; review before default search exposure.
gvs_6ff56c1d67fd136d,V Sit Toe Tap,,코어,reps,other,BODYWEIGHT_NOISE_REVIEW,Not in core gym/calisthenics strength families; review before default search exposure.
gvs_f43f7da1abec51d1,V Up,,코어,reps,core_crunch,BODYWEIGHT_DEFAULT_SEARCH_CANDIDATE,Recognized gym/calisthenics strength family with no home-context/noise markers.
gvs_ce0d802c6ebcdbd2,V Up Double Crunch,,코어,reps,core_crunch,BODYWEIGHT_DEFAULT_SEARCH_CANDIDATE,Recognized gym/calisthenics strength family with no home-context/noise markers.
gvs_dde9247f5db49fdf,V Up Hold,,코어,duration,core_crunch,BODYWEIGHT_DEFAULT_SEARCH_CANDIDATE,Recognized gym/calisthenics strength family with no home-context/noise markers.
gvs_2faca56f52fa56a7,V Up With Clap,,코어,reps,core_crunch,BODYWEIGHT_DEFAULT_SEARCH_CANDIDATE,Recognized gym/calisthenics strength family with no home-context/noise markers.
gvs_e092b3c639f2504e,Vertical Leg Raise (On Parallel Bars),,코어,reps,core_raise,BODYWEIGHT_DEFAULT_SEARCH_CANDIDATE,Recognized gym/calisthenics strength family with no home-context/noise markers.
gvs_66263dc2c85072d8,Vertical Sit Up,,코어,reps,core_crunch,BODYWEIGHT_DEFAULT_SEARCH_CANDIDATE,Recognized gym/calisthenics strength family with no home-context/noise markers.
gvs_d3d248c1d1d53dd1,W To Y Superman,,하체,reps,back_extension,BODYWEIGHT_EXTENDED_VARIANT_REVIEW,Recognized strength family but compound/complex variant; not a default-search decision yet.
gvs_be3dd1a4484b62a2,Walking Lunge,워킹 런지,하체,reps,lunge_split,BODYWEIGHT_DEFAULT_SEARCH_CANDIDATE,Recognized gym/calisthenics strength family with no home-context/noise markers.
gvs_cc013f7d9284fae1,Wall Plank,,코어,duration,plank,BODYWEIGHT_CONTEXT_VARIANT_REVIEW,Recognized strength family but contains home/context prop wording.
gvs_dae40b6f364193d7,Wall Press And Twist,,코어,reps,other,BODYWEIGHT_NOISE_REVIEW,Not in core gym/calisthenics strength families; review before default search exposure.
gvs_6a4d4a0f4f14b047,Wall Pulse,,팔,reps,other,BODYWEIGHT_NOISE_REVIEW,Not in core gym/calisthenics strength families; review before default search exposure.
gvs_e9dc4af5ca34495d,Wall Side Lunge Torso Rotation,,하체,reps,lunge_split,BODYWEIGHT_CONTEXT_VARIANT_REVIEW,Recognized strength family but contains home/context prop wording.
gvs_c5a86c2e9e04c7d0,Wall Sit (Narrow Stance),,하체,duration,other,BODYWEIGHT_NOISE_REVIEW,Not in core gym/calisthenics strength families; review before default search exposure.
gvs_306b6c45bd99b785,Wall Sit From Deficit,,하체,duration,other,BODYWEIGHT_NOISE_REVIEW,Not in core gym/calisthenics strength families; review before default search exposure.
gvs_47b8744b42215de3,Wall Supported Back Leg Lift,,하체,reps,other,BODYWEIGHT_NOISE_REVIEW,Not in core gym/calisthenics strength families; review before default search exposure.
gvs_b876c6eb940b918b,Wall Supported Front Leg Swing,,하체,reps,other,BODYWEIGHT_NOISE_REVIEW,Not in core gym/calisthenics strength families; review before default search exposure.
gvs_828ea3fab6000a70,Wall Supported Reverse Lunge,,하체,reps,lunge_split,BODYWEIGHT_CONTEXT_VARIANT_REVIEW,Recognized strength family but contains home/context prop wording.
gvs_1fd6a9328190386c,Wall Supported Side Leg Swing,,하체,reps,other,BODYWEIGHT_NOISE_REVIEW,Not in core gym/calisthenics strength families; review before default search exposure.
gvs_de39f75c12fc8466,Wall Walks,,가슴,reps,other,BODYWEIGHT_NOISE_REVIEW,Not in core gym/calisthenics strength families; review before default search exposure.
gvs_53b9f2b8953f5fc2,Wide Air Squat,,하체,reps,squat,BODYWEIGHT_DEFAULT_SEARCH_CANDIDATE,Recognized gym/calisthenics strength family with no home-context/noise markers.
gvs_df36ef541d66207e,Wide Bench Air Squat,,하체,reps,squat,BODYWEIGHT_DEFAULT_SEARCH_CANDIDATE,Recognized gym/calisthenics strength family with no home-context/noise markers.
gvs_edd9e951a33727e9,Wide Chin Up,,등,reps,pull_chin_muscleup,BODYWEIGHT_DEFAULT_SEARCH_CANDIDATE,Recognized gym/calisthenics strength family with no home-context/noise markers.
gvs_aba762b6fa4e01a4,Wide Front Elbow Plank,,코어,duration,plank,BODYWEIGHT_DEFAULT_SEARCH_CANDIDATE,Recognized gym/calisthenics strength family with no home-context/noise markers.
gvs_663133ede52153f5,Wide Glute Bridge,,하체,reps,glute_hip,BODYWEIGHT_DEFAULT_SEARCH_CANDIDATE,Recognized gym/calisthenics strength family with no home-context/noise markers.
gvs_4326e52667b0c6dc,Wide Glute Pulse Bridge,,하체,reps,other,BODYWEIGHT_NOISE_REVIEW,Not in core gym/calisthenics strength families; review before default search exposure.
gvs_ba713ee573d0f42d,Wide Grip Chest Dip On High Parallel Bars,,가슴,reps,dip,BODYWEIGHT_DEFAULT_SEARCH_CANDIDATE,Recognized gym/calisthenics strength family with no home-context/noise markers.
gvs_da487b2c7d876aca,Wide Grip Pull Up,와이드 그립 풀업,등,reps,pull_chin_muscleup,BODYWEIGHT_DEFAULT_SEARCH_CANDIDATE,Recognized gym/calisthenics strength family with no home-context/noise markers.
gvs_eb06e98617b09218,Wide Grip Rear Pull Up,와이드 그립 리어 풀업,등,reps,pull_chin_muscleup,BODYWEIGHT_DEFAULT_SEARCH_CANDIDATE,Recognized gym/calisthenics strength family with no home-context/noise markers.
gvs_acf955a8a1620aa6,Wide Hand Push Up,,가슴,reps,push_up,BODYWEIGHT_DEFAULT_SEARCH_CANDIDATE,Recognized gym/calisthenics strength family with no home-context/noise markers.
gvs_2f9f2ab0020cd01e,Wide Kneeling Hip Thrust,,하체,reps,glute_hip,BODYWEIGHT_DEFAULT_SEARCH_CANDIDATE,Recognized gym/calisthenics strength family with no home-context/noise markers.
gvs_43264db681f4104c,Wide Leg Sit Up,,코어,reps,core_crunch,BODYWEIGHT_DEFAULT_SEARCH_CANDIDATE,Recognized gym/calisthenics strength family with no home-context/noise markers.
gvs_c144fb9069efe842,Wide Plank Side Tap,,코어,reps,plank,BODYWEIGHT_EXTENDED_VARIANT_REVIEW,Recognized strength family but compound/complex variant; not a default-search decision yet.
gvs_7a14adc70432c347,Wide Push Up (Wall),,가슴,reps,push_up,BODYWEIGHT_CONTEXT_VARIANT_REVIEW,Recognized strength family but contains home/context prop wording.
gvs_32cbe89241deedc4,Wide Stance Jump Squat To Narrow Stance Jump Squat,,하체,reps,squat,BODYWEIGHT_EXTENDED_VARIANT_REVIEW,Recognized strength family but compound/complex variant; not a default-search decision yet.
gvs_56fcf0c318402d9b,Wide Stance Side Bend,,코어,reps,other,BODYWEIGHT_NOISE_REVIEW,Not in core gym/calisthenics strength families; review before default search exposure.
gvs_1c01210987ef61f9,Wide Stance Side Lunge Against Wall,,하체,reps,lunge_split,BODYWEIGHT_CONTEXT_VARIANT_REVIEW,Recognized strength family but contains home/context prop wording.
gvs_8b62da1ed9a0cbfc,Wide Stance Thoracic Rotation,,코어,reps,other,BODYWEIGHT_NOISE_REVIEW,Not in core gym/calisthenics strength families; review before default search exposure.
gvs_7600a13b1055791b,Wide To Small Step,,하체,reps,other,BODYWEIGHT_NOISE_REVIEW,Not in core gym/calisthenics strength families; review before default search exposure.
gvs_72e8159995c3b425,Windmill On Chair,,코어,reps,other,BODYWEIGHT_NOISE_REVIEW,Not in core gym/calisthenics strength families; review before default search exposure.
gvs_33742b97431da6f7,Wipers (Straight Leg),,코어,reps,other,BODYWEIGHT_NOISE_REVIEW,Not in core gym/calisthenics strength families; review before default search exposure.
gvs_f39bb914706efdbe,Woodchops,,코어,reps,other,BODYWEIGHT_NOISE_REVIEW,Not in core gym/calisthenics strength families; review before default search exposure.
gvs_46563846e79adfe4,Wrist Circles,,팔,reps,other,BODYWEIGHT_NOISE_REVIEW,Not in core gym/calisthenics strength families; review before default search exposure.
gvs_e4093810b6fa16ce,Wrist Full Push Up,,가슴,reps,push_up,BODYWEIGHT_DEFAULT_SEARCH_CANDIDATE,Recognized gym/calisthenics strength family with no home-context/noise markers.
gvs_a12d7a90cab21a82,Wrist Push Up,,팔,reps,push_up,BODYWEIGHT_DEFAULT_SEARCH_CANDIDATE,Recognized gym/calisthenics strength family with no home-context/noise markers.
gvs_43410f4fbe7f9d27,Wrist Roller,,팔,reps,other,BODYWEIGHT_NOISE_REVIEW,Not in core gym/calisthenics strength families; review before default search exposure.
gvs_7f768889c634adf1,Y Leg Squeeze And Curl,,하체,reps,other,BODYWEIGHT_NOISE_REVIEW,Not in core gym/calisthenics strength families; review before default search exposure.
