working_id,source_candidate_ids,source_name_variants,name_en_normalized,name_ko_draft,name_ko_status,vendor_body_tags,catalog_status,catalog_reason,equipment,equipment_confidence,body_part_ko,body_confidence,primary_muscles_ko,secondary_muscles_ko,muscle_confidence,recording_type,recording_confidence,source_recording_candidates,semantic_flags,source_media_count,male_source_count,female_source_count,qa_status
gvs_1ba775c4ea74cd6a,gvc_ba6829b0d2e7,Band Alternate Low Chest Fly,Resistance Band Alternate Low Chest Fly,밴드 얼터네이트 로우 체스트 플라이,AUTO_PHRASE_DRAFT,Chest,MVP_CANDIDATE,Resistance/strength candidate,Resistance Band,source,가슴,source,대흉근,삼두근 / 전면 삼각근,name_high,reps,apparatus_dynamic_policy,,,2,1,1,AUTO_DRAFT_COMPLETE
gvs_53cd98f6563ac3f0,gvc_d3b719f0999c,Band Alternating Biceps Curl,Resistance Band Alternating Biceps Curl,밴드 얼터네이팅 바이셉 컬,AUTO_PHRASE_DRAFT,Upper-Arms,MVP_CANDIDATE,Resistance/strength candidate,Resistance Band,source,팔,source,이두근,,name_high,reps,apparatus_dynamic_policy,,,1,1,0,AUTO_DRAFT_COMPLETE
gvs_8fa6822ab14b7b4c,gvc_5896dc36fc98,Band Assisted Chin Up (from Knee),Resistance Band Assisted Chin Up (From Knee),,MANUAL,Back,MVP_CANDIDATE,Resistance/strength candidate,Resistance Band,source,등,source,광배근,이두근 / 승모근,name_high,reps,apparatus_dynamic_policy,,,1,1,0,MANUAL_QA_REQUIRED
gvs_97ae3a0901b31e09,gvc_207b0af2687b,Band Assisted Dip,Resistance Band Assisted Dip,밴드 어시스트 딥스,AUTO_PHRASE_DRAFT,Back,MVP_CANDIDATE,Resistance/strength candidate,Resistance Band,source,등,source,,,unsupported,reps,apparatus_dynamic_policy,,,1,1,0,AUTO_DRAFT_COMPLETE
gvs_f220d79461d5a11a,gvc_808b04a5c40c,Resistance Band Assisted Neutral Grip Chin Up (mal,Resistance Band Assisted Neutral Grip Chin Up,밴드 어시스트 뉴트럴 그립 친업,AUTO_PHRASE_DRAFT,,MVP_CANDIDATE,Resistance/strength candidate,Resistance Band,source,등,name,광배근,이두근 / 승모근,name_high,reps,apparatus_dynamic_policy,,,1,1,0,AUTO_DRAFT_COMPLETE
gvs_4935c85a16011b84,gvc_1c12605753cb,Resistance Band Assisted Nordic Hamstring Curl,Resistance Band Assisted Nordic Hamstring Curl,,MANUAL,Thighs,MVP_CANDIDATE,Resistance/strength candidate,Resistance Band,source,하체,source,햄스트링,,name_high,reps,apparatus_dynamic_policy,,,1,1,0,MANUAL_QA_REQUIRED
gvs_ee87d1f7638ff317,gvc_5d5c6756797e,Band Assisted Pull Up (version 3),Resistance Band Assisted Pull Up,밴드 어시스트 풀업,AUTO_PHRASE_DRAFT,Back,MVP_CANDIDATE,Resistance/strength candidate,Resistance Band,source,등,source,광배근,이두근 / 승모근,name_high,reps,apparatus_dynamic_policy,,,2,1,1,AUTO_DRAFT_COMPLETE
gvs_1552f5129b7f9b3c,gvc_1d3744737cf7,Resistance Band Assisted Push Up,Resistance Band Assisted Push Up,밴드 어시스트 푸시업,AUTO_PHRASE_DRAFT,Chest,MVP_CANDIDATE,Resistance/strength candidate,Resistance Band,source,가슴,source,,,unsupported,reps,apparatus_dynamic_policy,reps,,1,1,0,AUTO_DRAFT_COMPLETE
gvs_9298433dad7e4ce9,gvc_999786e61acc,Band Behind Neck Shoulder Press,Resistance Band Behind Neck Shoulder Press,,MANUAL,Shoulders,MVP_CANDIDATE,Resistance/strength candidate,Resistance Band,source,어깨,source,삼각근,삼두근,name_high,reps,apparatus_dynamic_policy,,,1,1,0,MANUAL_QA_REQUIRED
gvs_281af0469608bde4,gvc_63fb5755c994,Band Bench Press,Resistance Band Bench Press,밴드 벤치프레스,AUTO_PHRASE_DRAFT,Chest,MVP_CANDIDATE,Resistance/strength candidate,Resistance Band,source,가슴,source,대흉근,삼두근 / 전면 삼각근,name_high,reps,apparatus_dynamic_policy,,,1,1,0,AUTO_DRAFT_COMPLETE
gvs_9265bd52f9f9f960,gvc_12edf0deb97c,Resistance Band Bent Leg Kickback (kneeling) (fema,Resistance Band Bent Leg Kickback (Kneeling),,MANUAL,,MVP_CANDIDATE,Resistance/strength candidate,Resistance Band,source,하체,name,,,unsupported,reps,apparatus_dynamic_policy,,,1,0,1,MANUAL_QA_REQUIRED
gvs_cf0fab5d7c28bddd,gvc_88f715ddc102,Resistance Band Bent Leg Side Kick (kneeling) (fem,Resistance Band Bent Leg Side Kick (Kneeling),,MANUAL,,MVP_CANDIDATE,Resistance/strength candidate,Resistance Band,source,하체,name,,,unsupported,reps,apparatus_dynamic_policy,,,1,0,1,MANUAL_QA_REQUIRED
gvs_9eb56879746c2bed,gvc_17099dac05f8,Band Bent Over Hip Extension,Resistance Band Bent Over Hip Extension,,MANUAL,Hips,MVP_CANDIDATE,Resistance/strength candidate,Resistance Band,source,하체,source,,,unsupported,reps,apparatus_dynamic_policy,,,2,1,1,MANUAL_QA_REQUIRED
gvs_956037a8e5ad4b0a,gvc_688a940e28f7,Band Bent Over Lat Pulldown,Resistance Band Bent Over Lat Pulldown,밴드 벤트오버 랫 풀다운,AUTO_PHRASE_DRAFT,Back,MVP_CANDIDATE,Resistance/strength candidate,Resistance Band,source,등,source,광배근,이두근 / 승모근,name_high,reps,apparatus_dynamic_policy,,,2,1,1,AUTO_DRAFT_COMPLETE
gvs_fece0f0bf652c84b,gvc_a73e7c853405,Band Bent Over Rear Deltoid Kickback,Resistance Band Bent Over Rear Deltoid Kickback,,MANUAL,Shoulders,MVP_CANDIDATE,Resistance/strength candidate,Resistance Band,source,어깨,source,,,unsupported,reps,apparatus_dynamic_policy,,,1,1,0,MANUAL_QA_REQUIRED
gvs_d89bb8a698021aec,gvc_2f8487bf4b7d,Band Bent Over Rear Lateral Raise,Resistance Band Bent Over Rear Lateral Raise,밴드 벤트오버 리어 레터럴 레이즈,AUTO_PHRASE_DRAFT,Shoulders,MVP_CANDIDATE,Resistance/strength candidate,Resistance Band,source,어깨,source,후면 삼각근,,name_high,reps,apparatus_dynamic_policy,,,2,1,1,AUTO_DRAFT_COMPLETE
gvs_e07f075a4306fcd4,gvc_417adb50c290,Band Bent Over Rear Lateral Raise (version,Resistance Band Bent Over Rear Lateral Raise,밴드 벤트오버 리어 레터럴 레이즈,AUTO_PHRASE_DRAFT,,MVP_CANDIDATE,Resistance/strength candidate,Resistance Band,source,어깨,name,후면 삼각근,,name_high,reps,apparatus_dynamic_policy,,,1,1,0,AUTO_DRAFT_COMPLETE
gvs_b170e06427197d96,gvc_533d4f765cc7,Resistance Band Bent Over Reverse Fly,Resistance Band Bent Over Reverse Fly,밴드 벤트오버 리버스 플라이,AUTO_PHRASE_DRAFT,Shoulders,MVP_CANDIDATE,Resistance/strength candidate,Resistance Band,source,어깨,source,후면 삼각근,,name_high,reps,apparatus_dynamic_policy,,,1,0,1,AUTO_DRAFT_COMPLETE
gvs_f8c4a9760be40734,gvc_d27a3059ce16,Band Bent Over Row,Resistance Band Bent Over Row,밴드 벤트오버 로우,AUTO_PHRASE_DRAFT,Back,MVP_CANDIDATE,Resistance/strength candidate,Resistance Band,source,등,source,등 상부 / 광배근,이두근,name_high,reps,apparatus_dynamic_policy,,,2,1,1,AUTO_DRAFT_COMPLETE
gvs_d972503a3f29cff0,gvc_1fc257ea45d5,Resistance Band Bent Over Row (version 2),Resistance Band Bent Over Row,밴드 벤트오버 로우,AUTO_PHRASE_DRAFT,,MVP_CANDIDATE,Resistance/strength candidate,Resistance Band,source,등,name,등 상부 / 광배근,이두근,name_high,reps,apparatus_dynamic_policy,,,1,0,1,AUTO_DRAFT_COMPLETE
gvs_df1742fd03cda3a5,gvc_ba096f4e32eb,Band Bent Over One Arm Kickback,Resistance Band Bent Over Single Arm Kickback,밴드 벤트오버 원암 킥백,AUTO_PHRASE_DRAFT,Upper-Arms,MVP_CANDIDATE,Resistance/strength candidate,Resistance Band,source,팔,source,,,unsupported,reps,apparatus_dynamic_policy,,,1,1,0,AUTO_DRAFT_COMPLETE
gvs_ceabbc0a500e22d0,gvc_ff92dea99bed,Resistance Band Bent Over Single Arm Triceps Kickb,Resistance Band Bent Over Single Arm Triceps Kickb,,MANUAL,,MVP_CANDIDATE,Resistance/strength candidate,Resistance Band,source,팔,name,,,unsupported,reps,apparatus_dynamic_policy,,,1,0,1,MANUAL_QA_REQUIRED
gvs_cd7d9af00fcf7cd4,gvc_47a89bc0819d;gvc_922c1c62bfe6,Band Biceps Curl | Resistance Band Biceps Curl,Resistance Band Biceps Curl,밴드 바이셉 컬,AUTO_PHRASE_DRAFT,Upper-Arms,MVP_CANDIDATE,Resistance/strength candidate,Resistance Band,source,팔,source,이두근,,name_high,reps,apparatus_dynamic_policy,,,2,1,1,AUTO_DRAFT_COMPLETE
gvs_3eb6ef2970f21d51,gvc_fdd5cb67ec44,Band Bicycle Crunch,Resistance Band Bicycle Crunch,,MANUAL,Waist,MVP_CANDIDATE,Resistance/strength candidate,Resistance Band,source,코어,source,복직근,,name_high,reps,apparatus_dynamic_policy,reps,,2,1,1,MANUAL_QA_REQUIRED
gvs_1d35c88b1bf8820b,gvc_70047295a7ed,Resistance Band Bird Dog,Resistance Band Bird Dog,,MANUAL,Hips,MVP_CANDIDATE,Resistance/strength candidate,Resistance Band,source,하체,source,,,unsupported,reps,apparatus_dynamic_policy,,,1,0,1,MANUAL_QA_REQUIRED
gvs_fb7df7484b214f26,gvc_43797c495a3e,Resistance Band Bulgarian Squat,Resistance Band Bulgarian Squat,,MANUAL,Thighs,MVP_CANDIDATE,Resistance/strength candidate,Resistance Band,source,하체,source,대퇴사두근,둔근,name_high,reps,apparatus_dynamic_policy,,,1,0,1,MANUAL_QA_REQUIRED
gvs_62db7ed44d110046,gvc_f728aabd7bc7,Resistance Band Calf Press Sitting On Chair,Resistance Band Calf Press Seated On Chair,,MANUAL,Calves,MVP_CANDIDATE,Resistance/strength candidate,Resistance Band,source,하체,source,종아리,,name_high,reps,apparatus_dynamic_policy,,,1,0,1,MANUAL_QA_REQUIRED
gvs_ed6af96cc44886aa,gvc_08ae19d5d5f0,Band Chest Fly,Resistance Band Chest Fly,밴드 체스트 플라이,AUTO_PHRASE_DRAFT,Chest,MVP_CANDIDATE,Resistance/strength candidate,Resistance Band,source,가슴,source,대흉근,삼두근 / 전면 삼각근,name_high,reps,apparatus_dynamic_policy,,,1,1,0,AUTO_DRAFT_COMPLETE
gvs_aee284c271f0eeec,gvc_725978543ac6,Resistance Band Clam,Resistance Band Clam,,MANUAL,Hips,MVP_CANDIDATE,Resistance/strength candidate,Resistance Band,source,하체,source,,,unsupported,reps,apparatus_dynamic_policy,,,2,1,1,MANUAL_QA_REQUIRED
gvs_9105b29a32bbceb0,gvc_854c533c50a8,Band Close Grip Biceps Curl,Resistance Band Close Grip Biceps Curl,밴드 클로즈 그립 바이셉 컬,AUTO_PHRASE_DRAFT,Upper-Arms,MVP_CANDIDATE,Resistance/strength candidate,Resistance Band,source,팔,source,이두근,,name_high,reps,apparatus_dynamic_policy,,,1,1,0,AUTO_DRAFT_COMPLETE
gvs_ca89f28460e0bc62,gvc_28ad87985268,Band Close Grip Row,Resistance Band Close Grip Row,밴드 클로즈 그립 로우,AUTO_PHRASE_DRAFT,Back,MVP_CANDIDATE,Resistance/strength candidate,Resistance Band,source,등,source,등 상부 / 광배근,이두근,name_high,reps,apparatus_dynamic_policy,,,2,1,1,AUTO_DRAFT_COMPLETE
gvs_42239084b819018a,gvc_1fb2b9a29b84,Band Concentration Curl,Resistance Band Concentration Curl,밴드 컨센트레이션 컬,AUTO_PHRASE_DRAFT,Upper-Arms,MVP_CANDIDATE,Resistance/strength candidate,Resistance Band,source,팔,source,이두근,,name_high,reps,apparatus_dynamic_policy,,,2,1,1,AUTO_DRAFT_COMPLETE
gvs_2db5fcc48e652eee,gvc_b0a3f56c1b54,Resistance Band Concentration Curl,Resistance Band Concentration Curl,밴드 컨센트레이션 컬,AUTO_PHRASE_DRAFT,Upper-Arms,MVP_CANDIDATE,Resistance/strength candidate,Resistance Band,source,팔,source,이두근,,name_high,reps,apparatus_dynamic_policy,,,1,0,1,AUTO_DRAFT_COMPLETE
gvs_305a77ee351d6718,gvc_47dc30aaefbd,Band Cross Abduction,Resistance Band Cross Abduction,,MANUAL,Hips,MVP_CANDIDATE,Resistance/strength candidate,Resistance Band,source,하체,source,,,unsupported,reps,apparatus_dynamic_policy,,,2,1,1,MANUAL_QA_REQUIRED
gvs_8a355e9f7e9e33e7,gvc_b7e67d0caf31,Band Cross Body One Arm Chest Press,Resistance Band Cross Body Single Arm Chest Press,,MANUAL,Chest,MVP_CANDIDATE,Resistance/strength candidate,Resistance Band,source,가슴,source,대흉근,삼두근 / 전면 삼각근,name_high,reps,apparatus_dynamic_policy,,,2,1,1,MANUAL_QA_REQUIRED
gvs_aa7bd9e4d5a93726,gvc_1376bedcee6a,Resistance Band Cross Body Single Straight Arm Supinated Pulldown,Resistance Band Cross Body Single Straight Arm Supinated Pulldown,,MANUAL,Back,MVP_CANDIDATE,Resistance/strength candidate,Resistance Band,source,등,source,,,unsupported,reps,apparatus_dynamic_policy,,,1,1,0,MANUAL_QA_REQUIRED
gvs_d203521f5c0da277,gvc_bc0cc1fe1009,Band Cross Chest Biceps Curl,Resistance Band Cross Chest Biceps Curl,,MANUAL,Upper-Arms,MVP_CANDIDATE,Resistance/strength candidate,Resistance Band,source,팔,source,이두근,,name_high,reps,apparatus_dynamic_policy,,,2,1,1,MANUAL_QA_REQUIRED
gvs_70acaa2028c10b9e,gvc_503a14020798,Band Deadlift,Resistance Band Deadlift,밴드 데드리프트,AUTO_PHRASE_DRAFT,Hips,MVP_CANDIDATE,Resistance/strength candidate,Resistance Band,source,하체,source,둔근 / 햄스트링,등 / 코어,name_high,reps,apparatus_dynamic_policy,,,2,1,1,AUTO_DRAFT_COMPLETE
gvs_ca28f3a67306fbf0,gvc_5a79d687225d,Band Decline Sit Up,Resistance Band Decline Sit Up,밴드 디클라인 싯업,AUTO_PHRASE_DRAFT,Hips,MVP_CANDIDATE,Resistance/strength candidate,Resistance Band,source,코어,source,복직근,장요근,semantic_rule_v2,reps,apparatus_dynamic_policy,reps,,2,1,1,AUTO_DRAFT_COMPLETE
gvs_d49b6d4f8139df97,gvc_e04358bfdc6e,Resistance Band Drag Curl,Resistance Band Drag Curl,,MANUAL,Upper-Arms,MVP_CANDIDATE,Resistance/strength candidate,Resistance Band,source,팔,source,,,unsupported,reps,apparatus_dynamic_policy,,,2,1,1,MANUAL_QA_REQUIRED
gvs_d8fe39ec0fa21aaa,gvc_688dc7161ec4,Resistance Band Duck Walk,Resistance Band Duck Walk,,MANUAL,Hips,MVP_CANDIDATE,Resistance/strength candidate,Resistance Band,source,하체,source,,,unsupported,reps,apparatus_dynamic_policy,,,1,0,1,MANUAL_QA_REQUIRED
gvs_11537693df5072e3,gvc_7e49d3ea8a8f,Resistance Band Elbow Plank With Single Arm Pulldo,Resistance Band Elbow Plank With Single Arm Pulldo,,MANUAL,,MVP_CANDIDATE,Resistance/strength candidate,Resistance Band,source,코어,name,코어,,name_high,duration,apparatus_static_policy,duration,,1,1,0,MANUAL_QA_REQUIRED
gvs_bb9fc814d112c306,gvc_97b12fb9569d,Band Face Pull,Resistance Band Face Pull,,MANUAL,Shoulders,MVP_CANDIDATE,Resistance/strength candidate,Resistance Band,source,어깨,source,,,unsupported,reps,apparatus_dynamic_policy,,,2,1,1,MANUAL_QA_REQUIRED
gvs_b57334633b7652d3,gvc_3e54fbcb4a6d,Band Fixed Back Underhand Pulldown,Resistance Band Fixed Back Underhand Pulldown,,MANUAL,Back,MVP_CANDIDATE,Resistance/strength candidate,Resistance Band,source,등,source,,,unsupported,reps,apparatus_dynamic_policy,,,1,1,0,MANUAL_QA_REQUIRED
gvs_8b36612f602bee07,gvc_6513c2cdb49c,Resistance Band Floor Hyperextension,Resistance Band Floor Hyperextension,,MANUAL,Back,MVP_CANDIDATE,Resistance/strength candidate,Resistance Band,source,등,source,,,unsupported,reps,apparatus_dynamic_policy,,,1,0,1,MANUAL_QA_REQUIRED
gvs_c6e032974162b2b7,gvc_c26d3be4d1b9,Band Front Lateral Raise,Resistance Band Front Lateral Raise,밴드 프론트 레터럴 레이즈,AUTO_PHRASE_DRAFT,Shoulders,MVP_CANDIDATE,Resistance/strength candidate,Resistance Band,source,어깨,source,측면 삼각근,,name_high,reps,apparatus_dynamic_policy,,,2,1,1,AUTO_DRAFT_COMPLETE
gvs_cc16b2e84233a4ca,gvc_4a5b8a4c240b,Band Front Raise,Resistance Band Front Raise,밴드 프론트 레이즈,AUTO_PHRASE_DRAFT,Shoulders,MVP_CANDIDATE,Resistance/strength candidate,Resistance Band,source,어깨,source,전면 삼각근,,name_high,reps,apparatus_dynamic_policy,,,1,1,0,AUTO_DRAFT_COMPLETE
gvs_dcc37ab871604a30,gvc_73152af5433d;gvc_8e91a9497b02,Resistance Band Glute Bridge | Resistance Band Glute Bridge (version 2),Resistance Band Glute Bridge,밴드 글루트 브리지,AUTO_PHRASE_DRAFT,Hips,MVP_CANDIDATE,Resistance/strength candidate,Resistance Band,source,하체,source,둔근,햄스트링,name_high,reps,apparatus_dynamic_policy,,,3,1,2,AUTO_DRAFT_COMPLETE
gvs_32169ed2f49f1258,gvc_190e7c8df670,Resistance Band Glute Bridge Abduction,Resistance Band Glute Bridge Abduction,,MANUAL,Hips,MVP_CANDIDATE,Resistance/strength candidate,Resistance Band,source,하체,source,둔근,햄스트링,name_high,reps,apparatus_dynamic_policy,,,1,0,1,MANUAL_QA_REQUIRED
gvs_dec02f4bb24a8a7b,gvc_573fad3ca385,Resistance Band Glute Bridge Side Tap,Resistance Band Glute Bridge Side Tap,,MANUAL,Hips,MVP_CANDIDATE,Resistance/strength candidate,Resistance Band,source,하체,source,둔근,햄스트링,name_high,reps,apparatus_dynamic_policy,,,1,0,1,MANUAL_QA_REQUIRED
gvs_de90b2e291fb9ed4,gvc_3f61a9d7a6a3,Band Good Morning,Resistance Band Good Morning,밴드 굿모닝,AUTO_PHRASE_DRAFT,Hips,MVP_CANDIDATE,Resistance/strength candidate,Resistance Band,source,하체,source,,,unsupported,reps,apparatus_dynamic_policy,,,1,1,0,AUTO_DRAFT_COMPLETE
gvs_4e807755181b60b1,gvc_8e55e00c463a,Band Half Kneeling Chop,Resistance Band Half Kneeling Chop,,MANUAL,Waist,MVP_CANDIDATE,Resistance/strength candidate,Resistance Band,source,코어,source,,,unsupported,reps,apparatus_dynamic_policy,,,1,1,0,MANUAL_QA_REQUIRED
gvs_9063935ec0da76c0,gvc_1b2b090311b7,Resistance Band Half Kneeling Face Pull,Resistance Band Half Kneeling Face Pull,,MANUAL,Shoulders,MVP_CANDIDATE,Resistance/strength candidate,Resistance Band,source,어깨,source,,,unsupported,reps,apparatus_dynamic_policy,,,1,1,0,MANUAL_QA_REQUIRED
gvs_6daca2efa6642547,gvc_512f1f3e590b,Resistance Band Hammer Curl,Resistance Band Hammer Curl,밴드 해머 컬,AUTO_PHRASE_DRAFT,Upper-Arms,MVP_CANDIDATE,Resistance/strength candidate,Resistance Band,source,팔,source,이두근,,name_high,reps,apparatus_dynamic_policy,,,1,0,1,AUTO_DRAFT_COMPLETE
gvs_2d62f861d9514f19,gvc_c7f02f4cbdc1,Band Hammer Grip Incline Bench Two Arm Row,Resistance Band Hammer Grip Incline Bench Two Arm Row,,MANUAL,Back,MVP_CANDIDATE,Resistance/strength candidate,Resistance Band,source,등,source,등 상부 / 광배근,이두근,name_high,reps,apparatus_dynamic_policy,,,1,1,0,MANUAL_QA_REQUIRED
gvs_a4e5fe2194df020d,gvc_aebed7346732,Band High Fly,Resistance Band High Fly,,MANUAL,Chest,MVP_CANDIDATE,Resistance/strength candidate,Resistance Band,source,가슴,source,,,unsupported,reps,apparatus_dynamic_policy,,,1,1,0,MANUAL_QA_REQUIRED
gvs_54b09dddbc51f161,gvc_b204736a488d,Band High Pulley Overhead Triceps Extension,Resistance Band High Pulley Overhead Triceps Extension,,MANUAL,Upper-Arms,MVP_CANDIDATE,Resistance/strength candidate,Cable,source,팔,source,삼두근,,name_high,weight_reps,equipment,weight_reps,,1,1,0,MANUAL_QA_REQUIRED
gvs_318d743d51a45b31,gvc_06044dd1fdec,Band Hip Abduction,Resistance Band Hip Abduction,밴드 힙 어브덕션,AUTO_PHRASE_DRAFT,Hips,MVP_CANDIDATE,Resistance/strength candidate,Resistance Band,source,하체,source,중둔근,,name_high,reps,apparatus_dynamic_policy,,,2,1,1,AUTO_DRAFT_COMPLETE
gvs_45f161db665e1f23,gvc_05ff054daf4b,Band Hip Adduction,Resistance Band Hip Adduction,밴드 힙 어덕션,AUTO_PHRASE_DRAFT,Hips,MVP_CANDIDATE,Resistance/strength candidate,Resistance Band,source,하체,source,내전근,,name_high,reps,apparatus_dynamic_policy,,,2,1,1,AUTO_DRAFT_COMPLETE
gvs_858e4f9491bbb552,gvc_c44ddfe19c5d,Band Hip Flexion,Resistance Band Hip Flexion,,MANUAL,Hips,MVP_CANDIDATE,Resistance/strength candidate,Resistance Band,source,하체,source,,,unsupported,reps,apparatus_dynamic_policy,,,1,1,0,MANUAL_QA_REQUIRED
gvs_fa1d135c5e727b2a,gvc_bb02a66de209;gvc_cf1adbb71650;gvc_e3f35b57bb9f,Resistance Band Hip Thrusts | Resistance Band Hip Thrust | Resistance Band Hip Thrust (version 2),Resistance Band Hip Thrusts,,MANUAL,Hips,MVP_CANDIDATE,Resistance/strength candidate,Resistance Band,source,하체,source,,,unsupported,reps,apparatus_dynamic_policy,,,3,1,2,MANUAL_QA_REQUIRED
gvs_f7a5174b642d37a3,gvc_8e24ab5d4d9a,Resistance Band Hip Thrusts On Knees,Resistance Band Hip Thrusts On Knees,,MANUAL,Hips,MVP_CANDIDATE,Resistance/strength candidate,Resistance Band,source,하체,source,,,unsupported,reps,apparatus_dynamic_policy,,,1,0,1,MANUAL_QA_REQUIRED
gvs_1f97ee2e72637d1c,gvc_aed98a2049a2,Band Horizontal Biceps Curl,Resistance Band Horizontal Biceps Curl,,MANUAL,Upper-Arms,MVP_CANDIDATE,Resistance/strength candidate,Resistance Band,source,팔,source,이두근,,name_high,reps,apparatus_dynamic_policy,,,2,1,1,MANUAL_QA_REQUIRED
gvs_bd31902dcae78f11,gvc_11a65c0ef1e7;gvc_3733f2c720da;gvc_7e7669b5755e,Band Horizontal Pallof Press | Resistance Band Horizontal Pallof Press | Resistance Band Horizontal Pallof Press W,Resistance Band Horizontal Pallof Press,,MANUAL,Waist,MVP_CANDIDATE,Resistance/strength candidate,Resistance Band,source,코어,source,,,unsupported,reps,apparatus_dynamic_policy,,,3,2,1,MANUAL_QA_REQUIRED
gvs_4b10be306d68605e,gvc_2513a00dd305,Band Incline Alternate Hammer Curl Upper Arms1,Resistance Band Incline Alternate Hammer Curl Upper Arms1,,MANUAL,,MVP_CANDIDATE,Resistance/strength candidate,Resistance Band,source,팔,name,이두근,,name_high,reps,apparatus_dynamic_policy,,,1,1,0,MANUAL_QA_REQUIRED
gvs_4976072d9bcf519d,gvc_290e35bcbb9e,Band Incline Bench Press,Resistance Band Incline Bench Press,밴드 인클라인 벤치프레스,AUTO_PHRASE_DRAFT,Chest,MVP_CANDIDATE,Resistance/strength candidate,Resistance Band,source,가슴,source,대흉근,삼두근 / 전면 삼각근,name_high,reps,apparatus_dynamic_policy,,,1,1,0,AUTO_DRAFT_COMPLETE
gvs_5fb86f387c77d096,gvc_51257b5096a1,Band Incline Biceps Curl,Resistance Band Incline Biceps Curl,밴드 인클라인 바이셉 컬,AUTO_PHRASE_DRAFT,Upper-Arms,MVP_CANDIDATE,Resistance/strength candidate,Resistance Band,source,팔,source,이두근,,name_high,reps,apparatus_dynamic_policy,,,1,1,0,AUTO_DRAFT_COMPLETE
gvs_7199b4422f29ac5c,gvc_52e21447ac53,Band Incline Chest Fly,Resistance Band Incline Chest Fly,밴드 인클라인 체스트 플라이,AUTO_PHRASE_DRAFT,Chest,MVP_CANDIDATE,Resistance/strength candidate,Resistance Band,source,가슴,source,대흉근,삼두근 / 전면 삼각근,name_high,reps,apparatus_dynamic_policy,,,1,1,0,AUTO_DRAFT_COMPLETE
gvs_63633a47716bd117,gvc_a96d15781d3b,Band Incline Chest Press,Resistance Band Incline Chest Press,밴드 인클라인 체스트 프레스,AUTO_PHRASE_DRAFT,Chest,MVP_CANDIDATE,Resistance/strength candidate,Resistance Band,source,가슴,source,대흉근,삼두근 / 전면 삼각근,name_high,reps,apparatus_dynamic_policy,,,1,1,0,AUTO_DRAFT_COMPLETE
gvs_046cb3a46d837482,gvc_9e95adc9a8f8,Band Incline Fly,Resistance Band Incline Fly,,MANUAL,Chest,MVP_CANDIDATE,Resistance/strength candidate,Resistance Band,source,가슴,source,,,unsupported,reps,apparatus_dynamic_policy,,,1,1,0,MANUAL_QA_REQUIRED
gvs_30fc1a432ad3f03b,gvc_2429e30332c3,Band Incline Hammer Curl,Resistance Band Incline Hammer Curl,밴드 인클라인 해머 컬,AUTO_PHRASE_DRAFT,Upper-Arms,MVP_CANDIDATE,Resistance/strength candidate,Resistance Band,source,팔,source,이두근,,name_high,reps,apparatus_dynamic_policy,,,1,1,0,AUTO_DRAFT_COMPLETE
gvs_0ae85a471ee06daf,gvc_c64914c7e8b5,Band Incline Hammer Press,Resistance Band Incline Hammer Press,,MANUAL,Chest,MVP_CANDIDATE,Resistance/strength candidate,Resistance Band,source,가슴,source,,,unsupported,reps,apparatus_dynamic_policy,,,1,1,0,MANUAL_QA_REQUIRED
gvs_0452082cbd4540a2,gvc_4e6d7c0b0fd7,Band Incline Palm In Press,Resistance Band Incline Palm In Press,,MANUAL,Chest,MVP_CANDIDATE,Resistance/strength candidate,Resistance Band,source,가슴,source,,,unsupported,reps,apparatus_dynamic_policy,,,1,1,0,MANUAL_QA_REQUIRED
gvs_ce9a585fcd6d030f,gvc_9cc1b2004353,Resistance Band Incline Reverse Hyperextension (ma,Resistance Band Incline Reverse Hyperextension,밴드 인클라인 리버스 하이퍼익스텐션,AUTO_PHRASE_DRAFT,,MVP_CANDIDATE,Resistance/strength candidate,Resistance Band,source,,unknown,,,unsupported,reps,apparatus_dynamic_policy,,,1,1,0,MANUAL_QA_REQUIRED
gvs_1d92584e3e6b5210,gvc_074293c9e477,Band Incline Row,Resistance Band Incline Row,밴드 인클라인 로우,AUTO_PHRASE_DRAFT,Back,MVP_CANDIDATE,Resistance/strength candidate,Resistance Band,source,등,source,등 상부 / 광배근,이두근,name_high,reps,apparatus_dynamic_policy,,,1,1,0,AUTO_DRAFT_COMPLETE
gvs_ca4f223bba3a52cb,gvc_65f9ddda3968,Band Incline T Raise,Resistance Band Incline T Raise,,MANUAL,Shoulders,MVP_CANDIDATE,Resistance/strength candidate,Resistance Band,source,어깨,source,,,unsupported,reps,apparatus_dynamic_policy,,,1,1,0,MANUAL_QA_REQUIRED
gvs_e78e738738ce7e87,gvc_1f2abbe292bc,Band Incline Triceps Extension,Resistance Band Incline Triceps Extension,밴드 인클라인 트라이셉 익스텐션,AUTO_PHRASE_DRAFT,Upper-Arms,MVP_CANDIDATE,Resistance/strength candidate,Resistance Band,source,팔,source,삼두근,,name_high,reps,apparatus_dynamic_policy,,,1,1,0,AUTO_DRAFT_COMPLETE
gvs_0f95931daa832b35,gvc_7ddcc7e3c16c,Resistance Band Incline Triceps Extension,Resistance Band Incline Triceps Extension,밴드 인클라인 트라이셉 익스텐션,AUTO_PHRASE_DRAFT,Upper-Arms,MVP_CANDIDATE,Resistance/strength candidate,Resistance Band,source,팔,source,삼두근,,name_high,reps,apparatus_dynamic_policy,,,1,1,0,AUTO_DRAFT_COMPLETE
gvs_84ee33ffb81ed84f,gvc_104191542068,Band Incline Y Raise,Resistance Band Incline Y Raise,,MANUAL,Shoulders,MVP_CANDIDATE,Resistance/strength candidate,Resistance Band,source,어깨,source,,,unsupported,reps,apparatus_dynamic_policy,,,1,1,0,MANUAL_QA_REQUIRED
gvs_a5334714663eb096,gvc_4863f3c585d3,Band Jackknife Sit Up,Resistance Band Jackknife Sit Up,,MANUAL,Waist,MVP_CANDIDATE,Resistance/strength candidate,Resistance Band,source,코어,source,복직근,,name_high,reps,apparatus_dynamic_policy,reps,,1,1,0,MANUAL_QA_REQUIRED
gvs_66639749ea7195f1,gvc_20d8a509c04a,Resistance Band Kneeling Back Kick,Resistance Band Kneeling Back Kick,,MANUAL,Hips,MVP_CANDIDATE,Resistance/strength candidate,Resistance Band,source,하체,source,,,unsupported,reps,apparatus_dynamic_policy,,,1,0,1,MANUAL_QA_REQUIRED
gvs_c6e87027d14cb79f,gvc_2bc875c31968,Resistance Band Kneeling Chest Press,Resistance Band Kneeling Chest Press,밴드 닐링 체스트 프레스,AUTO_PHRASE_DRAFT,Chest,MVP_CANDIDATE,Resistance/strength candidate,Resistance Band,source,가슴,source,대흉근,삼두근 / 전면 삼각근,name_high,reps,apparatus_dynamic_policy,,,1,1,0,AUTO_DRAFT_COMPLETE
gvs_a071b6e9b2b073f9,gvc_595a29f4c078,Resistance Band Kneeling Cross Body Lat Pulldown (,Resistance Band Kneeling Cross Body Lat Pulldown,,MANUAL,,MVP_CANDIDATE,Resistance/strength candidate,Resistance Band,source,등,name,광배근,이두근 / 승모근,name_high,reps,apparatus_dynamic_policy,,,1,1,0,MANUAL_QA_REQUIRED
gvs_bf9ca09be767173b,gvc_982585605739,Resistance Band Kneeling Cross Body Single Straight Arm Supinated Pulldown,Resistance Band Kneeling Cross Body Single Straight Arm Supinated Pulldown,,MANUAL,Back,MVP_CANDIDATE,Resistance/strength candidate,Resistance Band,source,등,source,,,unsupported,reps,apparatus_dynamic_policy,,,1,1,0,MANUAL_QA_REQUIRED
gvs_10eb76f0fe74bb32,gvc_c20141e58e99,Band Kneeling Crunch,Resistance Band Kneeling Crunch,밴드 닐링 크런치,AUTO_PHRASE_DRAFT,Waist,MVP_CANDIDATE,Resistance/strength candidate,Resistance Band,source,코어,source,복직근,,name_high,reps,apparatus_dynamic_policy,reps,,2,1,1,AUTO_DRAFT_COMPLETE
gvs_90aca66ef1edf278,gvc_72cb19c06805,Resistance Band Kneeling High Low Anti Rotation Ch,Resistance Band Kneeling High Low Anti Rotation Ch,,MANUAL,,MVP_CANDIDATE,Resistance/strength candidate,Resistance Band,source,,unknown,,,unsupported,reps,apparatus_dynamic_policy,,,1,1,0,MANUAL_QA_REQUIRED
gvs_c212a6ee2d15f8c8,gvc_d98c93ab7837,Resistance Band Kneeling Leg Half Circle,Resistance Band Kneeling Leg Half Circle,,MANUAL,,MVP_CANDIDATE,Resistance/strength candidate,Resistance Band,source,하체,name,,,unsupported,reps,apparatus_dynamic_policy,,,1,0,1,MANUAL_QA_REQUIRED
gvs_36df94effc4b3d8f,gvc_e0e99e24ec5a,Resistance Band Kneeling Leg Half Circle On Bench,Resistance Band Kneeling Leg Half Circle On Bench,,MANUAL,,MVP_CANDIDATE,Resistance/strength candidate,Resistance Band,source,하체,name,,,unsupported,reps,apparatus_dynamic_policy,,,1,0,1,MANUAL_QA_REQUIRED
gvs_6231f4a3a9842123,gvc_bce67a7df53d,Band Kneeling Preacher Curl,Resistance Band Kneeling Preacher Curl,밴드 닐링 프리처 컬,AUTO_PHRASE_DRAFT,Upper-Arms,MVP_CANDIDATE,Resistance/strength candidate,Resistance Band,source,팔,source,이두근,,name_high,reps,apparatus_dynamic_policy,,,2,1,1,AUTO_DRAFT_COMPLETE
gvs_8a966faeffe0a56c,gvc_0bb57e991ecd,Band Kneeling Rear Kick,Resistance Band Kneeling Rear Kick,,MANUAL,Hips,MVP_CANDIDATE,Resistance/strength candidate,Resistance Band,source,하체,source,,,unsupported,reps,apparatus_dynamic_policy,,,1,0,1,MANUAL_QA_REQUIRED
gvs_c604041ad342c62c,gvc_aeb245d2739d,Resistance Band Kneeling Shoulder Press,Resistance Band Kneeling Shoulder Press,밴드 닐링 숄더 프레스,AUTO_PHRASE_DRAFT,Shoulders,MVP_CANDIDATE,Resistance/strength candidate,Resistance Band,source,어깨,source,삼각근,삼두근,name_high,reps,apparatus_dynamic_policy,,,1,1,0,AUTO_DRAFT_COMPLETE
gvs_362e22db6baf033b,gvc_2db92315eb84,Band Kneeling One Arm Pulldown,Resistance Band Kneeling Single Arm Pulldown,밴드 닐링 원암 풀다운,AUTO_PHRASE_DRAFT,Back,MVP_CANDIDATE,Resistance/strength candidate,Resistance Band,source,등,source,,,unsupported,reps,apparatus_dynamic_policy,,,2,1,1,AUTO_DRAFT_COMPLETE
gvs_5f44a1fe5badca44,gvc_128120953139,Resistance Band Kneeling Wrist Flexion Curl (femal,Resistance Band Kneeling Wrist Flexion Curl,,MANUAL,,MVP_CANDIDATE,Resistance/strength candidate,Resistance Band,source,팔,name,,,unsupported,reps,apparatus_dynamic_policy,,,1,0,1,MANUAL_QA_REQUIRED
gvs_3375c7d39f78bacb,gvc_1f660ecfc856,Band Knelling Lat Pulldown,Resistance Band Knelling Lat Pulldown,,MANUAL,Back,MVP_CANDIDATE,Resistance/strength candidate,Resistance Band,source,등,source,광배근,이두근 / 승모근,name_high,reps,apparatus_dynamic_policy,,,1,1,0,MANUAL_QA_REQUIRED
gvs_137a7499cc30962d,gvc_2eff564c40c7;gvc_4e19ae262756,Band Lateral Raise | Band Lateral Raise (version 2),Resistance Band Lateral Raise,밴드 레터럴 레이즈,AUTO_PHRASE_DRAFT,Shoulders,MVP_CANDIDATE,Resistance/strength candidate,Resistance Band,source,어깨,source,측면 삼각근,,name_high,reps,apparatus_dynamic_policy,,,3,2,1,AUTO_DRAFT_COMPLETE
gvs_a8c40369ac367755,gvc_de253dad31de,Resistance Band Lateral Raise,Resistance Band Lateral Raise,밴드 레터럴 레이즈,AUTO_PHRASE_DRAFT,Shoulders,MVP_CANDIDATE,Resistance/strength candidate,Resistance Band,source,어깨,source,측면 삼각근,,name_high,reps,apparatus_dynamic_policy,,,1,0,1,AUTO_DRAFT_COMPLETE
gvs_2cc753f38268a2c3,gvc_be42319933d2,Resistance Band Lateral Step And Squat,Resistance Band Lateral Step And Squat,,MANUAL,Hips,MVP_CANDIDATE,Resistance/strength candidate,Resistance Band,source,하체,source,대퇴사두근,둔근,name_high,reps,apparatus_dynamic_policy,,,1,0,1,MANUAL_QA_REQUIRED
gvs_5ed8b6131a1da8d3,gvc_9f8c6feeff5d,Resistance Band Lateral Walk,Resistance Band Lateral Walk,,MANUAL,Hips,MVP_CANDIDATE,Resistance/strength candidate,Resistance Band,source,하체,source,,,unsupported,reps,apparatus_dynamic_policy,,,2,1,1,MANUAL_QA_REQUIRED
gvs_7a51ea69162e24ad,gvc_f073e3d0e96e,Resistance Band Leg Curl,Resistance Band Leg Curl,밴드 레그 컬,AUTO_PHRASE_DRAFT,Thighs,MVP_CANDIDATE,Resistance/strength candidate,Resistance Band,source,하체,source,햄스트링,,name_high,reps,apparatus_dynamic_policy,,,2,1,1,AUTO_DRAFT_COMPLETE
gvs_a6d0ca9ccce823e2,gvc_5825e69e4a13,Resistance Band Leg Kickback,Resistance Band Leg Kickback,,MANUAL,Hips,MVP_CANDIDATE,Resistance/strength candidate,Resistance Band,source,하체,source,,,unsupported,reps,apparatus_dynamic_policy,,,1,0,1,MANUAL_QA_REQUIRED
gvs_556290791641aa05,gvc_450eb8fce500,Band Low Alternate Chest Press,Resistance Band Low Alternate Chest Press,밴드 로우 얼터네이트 체스트 프레스,AUTO_PHRASE_DRAFT,Chest,MVP_CANDIDATE,Resistance/strength candidate,Resistance Band,source,가슴,source,대흉근,삼두근 / 전면 삼각근,name_high,reps,apparatus_dynamic_policy,,,2,1,1,AUTO_DRAFT_COMPLETE
gvs_a110cb957655aee5,gvc_9ea92d69b846,Band Low Chest Fly,Resistance Band Low Chest Fly,밴드 로우 체스트 플라이,AUTO_PHRASE_DRAFT,Chest,MVP_CANDIDATE,Resistance/strength candidate,Resistance Band,source,가슴,source,대흉근,삼두근 / 전면 삼각근,name_high,reps,apparatus_dynamic_policy,,,1,1,0,AUTO_DRAFT_COMPLETE
gvs_1abec7134d8bca63,gvc_0e772ac7fd47,Band Low Chest Press,Resistance Band Low Chest Press,밴드 로우 체스트 프레스,AUTO_PHRASE_DRAFT,Chest,MVP_CANDIDATE,Resistance/strength candidate,Resistance Band,source,가슴,source,대흉근,삼두근 / 전면 삼각근,name_high,reps,apparatus_dynamic_policy,,,2,1,1,AUTO_DRAFT_COMPLETE
gvs_db529ddeaebfa47c,gvc_e8d0a4be1a05,Band Low Fly,Resistance Band Low Fly,,MANUAL,Chest,MVP_CANDIDATE,Resistance/strength candidate,Resistance Band,source,가슴,source,,,unsupported,reps,apparatus_dynamic_policy,,,1,0,1,MANUAL_QA_REQUIRED
gvs_ce4bd555d00a1c35,gvc_d479cd704de2,Resistance Band Lying Abduction,Resistance Band Lying Abduction,,MANUAL,Hips,MVP_CANDIDATE,Resistance/strength candidate,Resistance Band,source,하체,source,,,unsupported,reps,apparatus_dynamic_policy,,,1,0,1,MANUAL_QA_REQUIRED
gvs_703c7274cc7dd31a,gvc_bd11a0312d18,Resistance Band Lying Bent Knee Hip Abduction (fem,Resistance Band Lying Bent Knee Hip Abduction,,MANUAL,,MVP_CANDIDATE,Resistance/strength candidate,Resistance Band,source,하체,name,중둔근,,name_high,reps,apparatus_dynamic_policy,,,1,0,1,MANUAL_QA_REQUIRED
gvs_7462813e1ab225c4,gvc_cd080a617099,Resistance Band Lying Bent Knee Raise,Resistance Band Lying Bent Knee Raise,,MANUAL,Waist,MVP_CANDIDATE,Resistance/strength candidate,Resistance Band,source,코어,source,복직근,,name_high,reps,apparatus_dynamic_policy,reps,,1,1,0,MANUAL_QA_REQUIRED
gvs_1cc6d0ff43e211bf,gvc_f957f6dbf488,Resistance Band Lying Floor Chest Press C,Resistance Band Lying Floor Chest Press C,,MANUAL,,MVP_CANDIDATE,Resistance/strength candidate,Resistance Band,source,가슴,name,대흉근,삼두근 / 전면 삼각근,name_high,reps,apparatus_dynamic_policy,,,1,0,1,MANUAL_QA_REQUIRED
gvs_bc06315b87f3568b,gvc_6ff500f95ea6,Resistance Band Lying Hyperextension Abduction (fe,Resistance Band Lying Hyperextension Abduction,,MANUAL,,MVP_CANDIDATE,Resistance/strength candidate,Resistance Band,source,하체,name,,,unsupported,reps,apparatus_dynamic_policy,,,1,0,1,MANUAL_QA_REQUIRED
gvs_55f56a464a1a6890,gvc_acd9b7478e7c,Resistance Band Lying Leg Press,Resistance Band Lying Leg Press,밴드 라잉 레그 프레스,AUTO_PHRASE_DRAFT,Thighs,MVP_CANDIDATE,Resistance/strength candidate,Resistance Band,source,하체,source,대퇴사두근,둔근,name_high,reps,apparatus_dynamic_policy,,,1,1,0,AUTO_DRAFT_COMPLETE
gvs_f6443d241f09226e,gvc_5a8d257a3b88,Resistance Band Lying Leg Raise,Resistance Band Lying Leg Raise,밴드 라잉 레그 레이즈,AUTO_PHRASE_DRAFT,Hips;Waist,MVP_CANDIDATE,Resistance/strength candidate,Resistance Band,source,,conflict,복직근,,name_high,reps,apparatus_dynamic_policy,reps,BODY_SOURCE_CONFLICT,2,0,2,MANUAL_QA_REQUIRED
gvs_577660b362926633,gvc_34d204fb5db1,Band Lying Reverse Grip Pressdown (skull Crusher),Resistance Band Lying Reverse Grip Pressdown (Skull Crusher),,MANUAL,,MVP_CANDIDATE,Resistance/strength candidate,Resistance Band,source,팔,name,삼두근,,name_high,reps,apparatus_dynamic_policy,,,2,1,1,MANUAL_QA_REQUIRED
gvs_8d5bacc56c5df1ad,gvc_4c7621550e27,Band Lying Reverse Grip Row,Resistance Band Lying Reverse Grip Row,밴드 라잉 리버스 그립 로우,AUTO_PHRASE_DRAFT,Back,MVP_CANDIDATE,Resistance/strength candidate,Resistance Band,source,등,source,등 상부 / 광배근,이두근,name_high,reps,apparatus_dynamic_policy,,,1,1,0,AUTO_DRAFT_COMPLETE
gvs_4f71f0403a04ab0a,gvc_9324a22f5c27,Resistance Band Lying Shoulder Abduction,Resistance Band Lying Shoulder Abduction,,MANUAL,,MVP_CANDIDATE,Resistance/strength candidate,Resistance Band,source,어깨,name,,,unsupported,reps,apparatus_dynamic_policy,,,1,0,1,MANUAL_QA_REQUIRED
gvs_6a89d14782f078af,gvc_38c930f7ef47,Resistance Band Lying Single Leg Curl,Resistance Band Lying Single Leg Curl,,MANUAL,Thighs,MVP_CANDIDATE,Resistance/strength candidate,Resistance Band,source,하체,source,햄스트링,,name_high,reps,apparatus_dynamic_policy,,,1,0,1,MANUAL_QA_REQUIRED
gvs_f25a495c097a627a,gvc_611de654fe72,Band Middle Fly,Resistance Band Middle Fly,,MANUAL,Chest,MVP_CANDIDATE,Resistance/strength candidate,Resistance Band,source,가슴,source,,,unsupported,reps,apparatus_dynamic_policy,,,1,0,1,MANUAL_QA_REQUIRED
gvs_b95a66a974665f8d,gvc_700cda02ddd4,Resistance Band Monster Walk,Resistance Band Monster Walk,,MANUAL,Thighs,MVP_CANDIDATE,Resistance/strength candidate,Resistance Band,source,하체,source,,,unsupported,reps,apparatus_dynamic_policy,,,1,1,0,MANUAL_QA_REQUIRED
gvs_ccee2426b81dd29a,gvc_7023a5a3b4dc;gvc_bbb9d74e16ec,Band Narrow Grip High Row | Band Narrow Grip High Row (version 2),Resistance Band Narrow Grip High Row,,MANUAL,Back,MVP_CANDIDATE,Resistance/strength candidate,Resistance Band,source,등,source,등 상부 / 광배근,이두근,name_high,reps,apparatus_dynamic_policy,,,3,2,1,MANUAL_QA_REQUIRED
gvs_ac15a2efee979eb7,gvc_249e80ffe80c;gvc_43d20971c2e6;gvc_7dcae6d70ccf,Resistance Band Overhead Shoulder Press S | Resistance Band Overhead Shoulder Press | Resistance Band Overhead Shoulder Press (version,Resistance Band Overhead Shoulder Press,밴드 오버헤드 숄더 프레스,AUTO_PHRASE_DRAFT,Shoulders,MVP_CANDIDATE,Resistance/strength candidate,Resistance Band,source,어깨,source,삼각근,삼두근,name_high,reps,apparatus_dynamic_policy,,,3,2,1,AUTO_DRAFT_COMPLETE
gvs_3f3c3cf88befa572,gvc_1a1455195eaf,Band Overhead Side Bend,Resistance Band Overhead Side Bend,,MANUAL,Waist,MVP_CANDIDATE,Resistance/strength candidate,Resistance Band,source,코어,source,복사근,코어,name_high,reps,apparatus_dynamic_policy,,,2,1,1,MANUAL_QA_REQUIRED
gvs_5da86c5a46774f78,gvc_782a2bd6edd7,Band Overhead Single Arm Triceps Extension (,Resistance Band Overhead Single Arm Triceps Extension,밴드 오버헤드 원암 트라이셉 익스텐션,AUTO_PHRASE_DRAFT,Upper-Arms,MVP_CANDIDATE,Resistance/strength candidate,Resistance Band,source,팔,source,삼두근,,name_high,reps,apparatus_dynamic_policy,,,2,1,1,AUTO_DRAFT_COMPLETE
gvs_808508f8e0aca662,gvc_e59870f50122,Band Overhead Single Arm Triceps Extension (versio,Resistance Band Overhead Single Arm Triceps Extension (Versio,,MANUAL,,MVP_CANDIDATE,Resistance/strength candidate,Resistance Band,source,팔,name,삼두근,,name_high,reps,apparatus_dynamic_policy,,,2,1,1,MANUAL_QA_REQUIRED
gvs_095247312e9aa38d,gvc_48c44a122e81;gvc_f15d529d0964,Band Overhead Triceps Extension | Band Overhead Triceps Extension (version 2),Resistance Band Overhead Triceps Extension,밴드 오버헤드 트라이셉 익스텐션,AUTO_PHRASE_DRAFT,Upper-Arms,MVP_CANDIDATE,Resistance/strength candidate,Resistance Band,source,팔,source,삼두근,,name_high,reps,apparatus_dynamic_policy,,,3,2,1,AUTO_DRAFT_COMPLETE
gvs_e04e981cb15b9896,gvc_588acd987cd4,Band Overhead Triceps Extension (version 2) (femal,Resistance Band Overhead Triceps Extension,밴드 오버헤드 트라이셉 익스텐션,AUTO_PHRASE_DRAFT,,MVP_CANDIDATE,Resistance/strength candidate,Resistance Band,source,팔,name,삼두근,,name_high,reps,apparatus_dynamic_policy,,,1,0,1,AUTO_DRAFT_COMPLETE
gvs_f15700a8e0da3cb2,gvc_e897cfe64ab4,Resistance Band Pass Through,Resistance Band Pass Through,,MANUAL,Shoulders,MVP_CANDIDATE,Resistance/strength candidate,Resistance Band,source,어깨,source,,,unsupported,reps,apparatus_dynamic_policy,,,1,1,0,MANUAL_QA_REQUIRED
gvs_67dbf9a36b943e0b,gvc_359c07bd307f,Resistance Band Plank Jack,Resistance Band Plank Jack,,MANUAL,Waist,MVP_CANDIDATE,Resistance/strength candidate,Resistance Band,source,코어,source,코어,,name_high,reps,apparatus_dynamic_policy,duration,,1,0,1,MANUAL_QA_REQUIRED
gvs_70ecc99976f21485,gvc_2ec154890e30,Resistance Band Plank March,Resistance Band Plank March,,MANUAL,Thighs,MVP_CANDIDATE,Resistance/strength candidate,Resistance Band,source,하체,source,,,blank_after_semantic_qa,reps,apparatus_dynamic_policy,duration,,1,0,1,MANUAL_QA_REQUIRED
gvs_17cc19089d83b2ae,gvc_e238e372a9dc,Band Prone Incline Curl,Resistance Band Prone Incline Curl,,MANUAL,Upper-Arms,MVP_CANDIDATE,Resistance/strength candidate,Resistance Band,source,팔,source,,,unsupported,reps,apparatus_dynamic_policy,,,1,1,0,MANUAL_QA_REQUIRED
gvs_7dd9053b4a8bfd93,gvc_27e3661e5cce,Band Prone Incline Hammer Curl,Resistance Band Prone Incline Hammer Curl,,MANUAL,Upper-Arms,MVP_CANDIDATE,Resistance/strength candidate,Resistance Band,source,팔,source,이두근,,name_high,reps,apparatus_dynamic_policy,,,1,1,0,MANUAL_QA_REQUIRED
gvs_727faec97ea514b5,gvc_4cf1b8774342,Band Pull Apart,Resistance Band Pull Apart,,MANUAL,Shoulders,MVP_CANDIDATE,Resistance/strength candidate,Resistance Band,source,어깨,source,,,unsupported,reps,apparatus_dynamic_policy,,,2,1,1,MANUAL_QA_REQUIRED
gvs_788dca115c955b1d,gvc_1d84d877dfa9,Resistance Band Pull Apart,Resistance Band Pull Apart,,MANUAL,Shoulders,MVP_CANDIDATE,Resistance/strength candidate,Resistance Band,source,어깨,source,,,unsupported,reps,apparatus_dynamic_policy,,,1,1,0,MANUAL_QA_REQUIRED
gvs_b45b86cca440e77a,gvc_e76851735cb2,Band Pull Through,Resistance Band Pull Through,밴드 풀스루,AUTO_PHRASE_DRAFT,Hips,MVP_CANDIDATE,Resistance/strength candidate,Resistance Band,source,하체,source,,,unsupported,reps,apparatus_dynamic_policy,,,2,1,1,AUTO_DRAFT_COMPLETE
gvs_692eac10e8c6ac12,gvc_4d5a35b10788,Resistance Band Pull Through,Resistance Band Pull Through,밴드 풀스루,AUTO_PHRASE_DRAFT,Hips,MVP_CANDIDATE,Resistance/strength candidate,Resistance Band,source,하체,source,,,unsupported,reps,apparatus_dynamic_policy,,,1,0,1,AUTO_DRAFT_COMPLETE
gvs_84e1031e43c92264,gvc_8454d8b6c12e,Band Push Up,Resistance Band Push Up,밴드 푸시업,AUTO_PHRASE_DRAFT,Chest,MVP_CANDIDATE,Resistance/strength candidate,Resistance Band,source,가슴,source,,,unsupported,reps,apparatus_dynamic_policy,reps,,1,0,1,AUTO_DRAFT_COMPLETE
gvs_e9eac4e0fadb4ba2,gvc_faf728e476cc,Resistance Band Push Up,Resistance Band Push Up,밴드 푸시업,AUTO_PHRASE_DRAFT,Chest,MVP_CANDIDATE,Resistance/strength candidate,Resistance Band,source,가슴,source,,,unsupported,reps,apparatus_dynamic_policy,reps,,2,1,1,AUTO_DRAFT_COMPLETE
gvs_ba278f40cac6cc3a,gvc_67d045956899,Band Pushdown,Resistance Band Pushdown,,MANUAL,Upper-Arms,MVP_CANDIDATE,Resistance/strength candidate,Resistance Band,source,팔,source,,,unsupported,reps,apparatus_dynamic_policy,,,2,1,1,MANUAL_QA_REQUIRED
gvs_fcc31cde7a172894,gvc_8744e1fe7ff7,Band Rear Delt Row,Resistance Band Rear Delt Row,,MANUAL,Shoulders,MVP_CANDIDATE,Resistance/strength candidate,Resistance Band,source,어깨,source,후면 삼각근,,name_high,reps,apparatus_dynamic_policy,,,1,0,1,MANUAL_QA_REQUIRED
gvs_9e19d3966fdee91c,gvc_fbd3be28810c,Resistance Band Renegade Row,Resistance Band Renegade Row,,MANUAL,Waist,MVP_CANDIDATE,Resistance/strength candidate,Resistance Band,source,코어,source,,,blank_after_semantic_qa,reps,apparatus_dynamic_policy,,,1,1,0,MANUAL_QA_REQUIRED
gvs_3f9e31d57dfb65d1,gvc_4a9ec1cabb20,Band Reverse Crunch,Resistance Band Reverse Crunch,밴드 리버스 크런치,AUTO_PHRASE_DRAFT,Waist,MVP_CANDIDATE,Resistance/strength candidate,Resistance Band,source,코어,source,복직근,,name_high,reps,apparatus_dynamic_policy,reps,,2,1,1,AUTO_DRAFT_COMPLETE
gvs_dd54a99c1ddf2372,gvc_fc1d201843b4,Band Reverse Fly,Resistance Band Reverse Fly,밴드 리버스 플라이,AUTO_PHRASE_DRAFT,Shoulders,MVP_CANDIDATE,Resistance/strength candidate,Resistance Band,source,어깨,source,후면 삼각근,,name_high,reps,apparatus_dynamic_policy,,,1,1,0,AUTO_DRAFT_COMPLETE
gvs_df243ddde3b00c35,gvc_8e886f0a39af,Band Reverse Fly Shoulders,Resistance Band Reverse Fly Shoulders,,MANUAL,,MVP_CANDIDATE,Resistance/strength candidate,Resistance Band,source,어깨,name,후면 삼각근,승모근 / 능형근,semantic_rule_v2,reps,apparatus_dynamic_policy,,,1,1,0,MANUAL_QA_REQUIRED
gvs_e1e91a63151f102b,gvc_bab4769cffcd,Resistance Band Reverse Hyper With Stability Ball,Resistance Band Reverse Hyper With Stability Ball,,MANUAL,,MVP_CANDIDATE,Resistance/strength candidate,Resistance Band,source,,unknown,,,unsupported,reps,apparatus_dynamic_policy,,,1,0,1,MANUAL_QA_REQUIRED
gvs_d699e6498a8cdff5,gvc_bbdc9431d7c3,Band Reverse Spider Curl,Resistance Band Reverse Spider Curl,,MANUAL,Upper-Arms,MVP_CANDIDATE,Resistance/strength candidate,Resistance Band,source,팔,source,,,unsupported,reps,apparatus_dynamic_policy,,,1,1,0,MANUAL_QA_REQUIRED
gvs_4da0fc212f1c02fd,gvc_2557fe8c3995,Band Reverse Wrist Curl,Resistance Band Reverse Wrist Curl,밴드 리버스 리스트 컬,AUTO_PHRASE_DRAFT,Forearms,MVP_CANDIDATE,Resistance/strength candidate,Resistance Band,source,팔,source,,,unsupported,reps,apparatus_dynamic_policy,,,1,1,0,AUTO_DRAFT_COMPLETE
gvs_f2bab8f60c3f12f8,gvc_056bc2fe497a,Resistance Band Romanian Deadlift,Resistance Band Romanian Deadlift,밴드 루마니안 데드리프트,AUTO_PHRASE_DRAFT,Hips,MVP_CANDIDATE,Resistance/strength candidate,Resistance Band,source,하체,source,둔근 / 햄스트링,코어,name_high,reps,apparatus_dynamic_policy,,,1,1,0,AUTO_DRAFT_COMPLETE
gvs_f0afc4117dd833c1,gvc_ead39aea9fb3,Resistance Band Seated Bent Knee Abduction (,Resistance Band Seated Bent Knee Abduction,,MANUAL,,MVP_CANDIDATE,Resistance/strength candidate,Resistance Band,source,하체,name,,,unsupported,reps,apparatus_dynamic_policy,,,1,0,1,MANUAL_QA_REQUIRED
gvs_a25626ebbc71f0ab,gvc_f20f3ae44998,Resistance Band Sitting Bent Over Reverse Fly On A,Resistance Band Seated Bent Over Reverse Fly On A,,MANUAL,,MVP_CANDIDATE,Resistance/strength candidate,Resistance Band,source,어깨,name,후면 삼각근,승모근 / 능형근,semantic_rule_v2,reps,apparatus_dynamic_policy,,,1,0,1,MANUAL_QA_REQUIRED
gvs_683c160067c1a16e,gvc_6b24bf14fe31,Resistance Band Seated Eversion Foot,Resistance Band Seated Eversion Foot,,MANUAL,Calves,MVP_CANDIDATE,Resistance/strength candidate,Resistance Band,source,하체,source,,,unsupported,reps,apparatus_dynamic_policy,,,1,1,0,MANUAL_QA_REQUIRED
gvs_d04af5c078fb0d1c,gvc_74653ab7dc97;gvc_b8110a5e3a6f,Resistance Band Seated Hip Abduction | Resistance Band Seated Hip Abduction (version 2) (,Resistance Band Seated Hip Abduction,밴드 시티드 힙 어브덕션,AUTO_PHRASE_DRAFT,Hips,MVP_CANDIDATE,Resistance/strength candidate,Resistance Band,source,하체,source,중둔근,,name_high,reps,apparatus_dynamic_policy,,,3,1,2,AUTO_DRAFT_COMPLETE
gvs_0f4d829dc79cce39,gvc_0279973be894,Resistance Band Seated Hip Abduction (version 2) H,Resistance Band Seated Hip Abduction H,,MANUAL,,MVP_CANDIDATE,Resistance/strength candidate,Resistance Band,source,하체,name,중둔근,,name_high,reps,apparatus_dynamic_policy,,,1,1,0,MANUAL_QA_REQUIRED
gvs_333ea73887295256,gvc_03426360a933,Band Seated Hip External Rotation,Resistance Band Seated Hip External Rotation,,MANUAL,Hips,MVP_CANDIDATE,Resistance/strength candidate,Resistance Band,source,하체,source,,,unsupported,reps,apparatus_dynamic_policy,,,1,1,0,MANUAL_QA_REQUIRED
gvs_63f41fa71f7b7997,gvc_3cfc2adf15ad,Band Seated Hip Internal Rotation,Resistance Band Seated Hip Internal Rotation,,MANUAL,Hips,MVP_CANDIDATE,Resistance/strength candidate,Resistance Band,source,하체,source,,,unsupported,reps,apparatus_dynamic_policy,,,1,1,0,MANUAL_QA_REQUIRED
gvs_5744bbe3a4caf143,gvc_107817cf3ce3,Resistance Band Seated Inversion Foot,Resistance Band Seated Inversion Foot,,MANUAL,Calves,MVP_CANDIDATE,Resistance/strength candidate,Resistance Band,source,하체,source,,,unsupported,reps,apparatus_dynamic_policy,,,1,1,0,MANUAL_QA_REQUIRED
gvs_c52ba1528fc22200,gvc_d9f73b6c7e73,Band Seated Lateral Raise,Resistance Band Seated Lateral Raise,밴드 시티드 레터럴 레이즈,AUTO_PHRASE_DRAFT,Shoulders,MVP_CANDIDATE,Resistance/strength candidate,Resistance Band,source,어깨,source,측면 삼각근,,name_high,reps,apparatus_dynamic_policy,,,1,1,0,AUTO_DRAFT_COMPLETE
gvs_fb3979703f590402,gvc_90a3f48eddf8,Band Seated Leg Extension,Resistance Band Seated Leg Extension,밴드 시티드 레그 익스텐션,AUTO_PHRASE_DRAFT,Thighs,MVP_CANDIDATE,Resistance/strength candidate,Resistance Band,source,하체,source,대퇴사두근,,name_high,reps,apparatus_dynamic_policy,,,2,1,1,AUTO_DRAFT_COMPLETE
gvs_1ce486840fb67a4e,gvc_dbebf800bf65,Band Seated Neutral Grip Shoulders Press,Resistance Band Seated Neutral Grip Shoulders Press,,MANUAL,Shoulders,MVP_CANDIDATE,Resistance/strength candidate,Resistance Band,source,어깨,source,,,unsupported,reps,apparatus_dynamic_policy,,,1,1,0,MANUAL_QA_REQUIRED
gvs_fe13c6b9922f70a1,gvc_80d4e4811ed9,Resistance Band Sitting Reverse Butterfly On A Cha,Resistance Band Seated Reverse Butterfly On A Cha,,MANUAL,,MVP_CANDIDATE,Resistance/strength candidate,Resistance Band,source,,unknown,,,unsupported,reps,apparatus_dynamic_policy,,,1,0,1,MANUAL_QA_REQUIRED
gvs_67ad692d273099fd,gvc_dfa9a6a0ce4c,Band Seated Row,Resistance Band Seated Row,밴드 시티드 로우,AUTO_PHRASE_DRAFT,Back,MVP_CANDIDATE,Resistance/strength candidate,Resistance Band,source,등,source,등 상부 / 광배근,이두근,name_high,reps,apparatus_dynamic_policy,,,2,1,1,AUTO_DRAFT_COMPLETE
gvs_aceb5476ecd2446c,gvc_05040161ea96,Resistance Band Seated Row,Resistance Band Seated Row,밴드 시티드 로우,AUTO_PHRASE_DRAFT,Back,MVP_CANDIDATE,Resistance/strength candidate,Resistance Band,source,등,source,등 상부 / 광배근,이두근,name_high,reps,apparatus_dynamic_policy,,,2,1,1,AUTO_DRAFT_COMPLETE
gvs_1c7a133d410db6f5,gvc_83d7cd587a90,Band Seated Shoulder Press,Resistance Band Seated Shoulder Press,밴드 시티드 숄더 프레스,AUTO_PHRASE_DRAFT,Shoulders,MVP_CANDIDATE,Resistance/strength candidate,Resistance Band,source,어깨,source,삼각근,삼두근,name_high,reps,apparatus_dynamic_policy,,,1,1,0,AUTO_DRAFT_COMPLETE
gvs_778c4f8ed9623d5c,gvc_2be93c52ba6c;gvc_5d37db45ed3a;gvc_94f8a5582233,Band Seated Straight Back Row | Band Straight Back Back Seated Row | Band Straight Back Seated Row,Resistance Band Seated Straight Back Row,,MANUAL,Back,MVP_CANDIDATE,Resistance/strength candidate,Resistance Band,source,등,source,등 상부 / 광배근,이두근,name_high,reps,apparatus_dynamic_policy,,,3,1,2,MANUAL_QA_REQUIRED
gvs_ae43416c9b548cea,gvc_c2bab8250375,Resistance Band Serratus Wall Slide,Resistance Band Serratus Wall Slide,,MANUAL,Back,MVP_CANDIDATE,Resistance/strength candidate,Resistance Band,source,등,source,,,unsupported,reps,apparatus_dynamic_policy,,,1,1,0,MANUAL_QA_REQUIRED
gvs_d0bd5165dc48a4b1,gvc_85be345ff7a9,Resistance Band Serratus Wall Slide With Foam Roll,Resistance Band Serratus Wall Slide With Foam Roll,,MANUAL,,MVP_CANDIDATE,Resistance/strength candidate,Resistance Band,source,,unknown,,,unsupported,reps,apparatus_dynamic_policy,,,1,1,0,MANUAL_QA_REQUIRED
gvs_750b76e38684415b,gvc_3f6c27ab7a8a,Resistance Band Shoulder Adduction,Resistance Band Shoulder Adduction,,MANUAL,Back,MVP_CANDIDATE,Resistance/strength candidate,Resistance Band,source,등,source,,,unsupported,reps,apparatus_dynamic_policy,,,1,0,1,MANUAL_QA_REQUIRED
gvs_19b574167790a7bc,gvc_bb0bc1a02cec,Resistance Band Shoulder External Rotation In Supp,Resistance Band Shoulder External Rotation In Supp,,MANUAL,,MVP_CANDIDATE,Resistance/strength candidate,Resistance Band,source,어깨,name,,,unsupported,reps,apparatus_dynamic_policy,,,1,0,1,MANUAL_QA_REQUIRED
gvs_1a5543652e0e87b9,gvc_e031fa09b576,Band Shrug,Resistance Band Shrug,밴드 슈러그,AUTO_PHRASE_DRAFT,Back,MVP_CANDIDATE,Resistance/strength candidate,Resistance Band,source,등,source,,,unsupported,reps,apparatus_dynamic_policy,,,1,1,0,AUTO_DRAFT_COMPLETE
gvs_ffe7de75228c2525,gvc_59f29e4fb2fa,Band Side Bend,Resistance Band Side Bend,,MANUAL,Waist,MVP_CANDIDATE,Resistance/strength candidate,Resistance Band,source,코어,source,복사근,코어,name_high,reps,apparatus_dynamic_policy,,,2,1,1,MANUAL_QA_REQUIRED
gvs_4b45521472c3fc16,gvc_ee8e8cd42bd2,Resistance Band Side Lunge,Resistance Band Side Lunge,밴드 사이드 런지,AUTO_PHRASE_DRAFT,Thighs,MVP_CANDIDATE,Resistance/strength candidate,Resistance Band,source,하체,source,대퇴사두근,둔근,name_high,reps,apparatus_dynamic_policy,reps,,1,0,1,AUTO_DRAFT_COMPLETE
gvs_d4a6470ae73aea08,gvc_bc633d296088,Resistance Band Side Plank Glute Raise,Resistance Band Side Plank Glute Raise,,MANUAL,Waist,MVP_CANDIDATE,Resistance/strength candidate,Resistance Band,source,코어,source,코어,,name_high,reps,apparatus_dynamic_policy,duration,,1,0,1,MANUAL_QA_REQUIRED
gvs_2784f71e87485bac,gvc_a584f4573027,Resistance Band Side Walk Squat,Resistance Band Side Walk Squat,,MANUAL,Hips,MVP_CANDIDATE,Resistance/strength candidate,Resistance Band,source,하체,source,대퇴사두근,둔근,name_high,reps,apparatus_dynamic_policy,,,1,0,1,MANUAL_QA_REQUIRED
gvs_83f4b284e934676e,gvc_73c6f0b52f9a,Resistance Band One Arm Bent Over Row,Resistance Band Single Arm Bent Over Row,밴드 원암 벤트오버 로우,AUTO_PHRASE_DRAFT,Back,MVP_CANDIDATE,Resistance/strength candidate,Resistance Band,source,등,source,등 상부 / 광배근,이두근,name_high,reps,apparatus_dynamic_policy,,,1,1,0,AUTO_DRAFT_COMPLETE
gvs_ff0591b259256bb8,gvc_927e852de26e,Resistance Band Single Arm Fly,Resistance Band Single Arm Fly,,MANUAL,Shoulders,MVP_CANDIDATE,Resistance/strength candidate,Resistance Band,source,어깨,source,,,unsupported,reps,apparatus_dynamic_policy,,,1,0,1,MANUAL_QA_REQUIRED
gvs_9133d864fcc97422,gvc_ff203fa6c90f,Resistance Band Single Arm Lateral Raise,Resistance Band Single Arm Lateral Raise,밴드 원암 레터럴 레이즈,AUTO_PHRASE_DRAFT,,MVP_CANDIDATE,Resistance/strength candidate,Resistance Band,source,어깨,name,측면 삼각근,,name_high,reps,apparatus_dynamic_policy,,,1,0,1,AUTO_DRAFT_COMPLETE
gvs_e964261ca6f595b2,gvc_2a5e2132b82c,Resistance Band Single Arm Low Chest Fly,Resistance Band Single Arm Low Chest Fly,밴드 원암 로우 체스트 플라이,AUTO_PHRASE_DRAFT,,MVP_CANDIDATE,Resistance/strength candidate,Resistance Band,source,가슴,name,대흉근,삼두근 / 전면 삼각근,name_high,reps,apparatus_dynamic_policy,,,1,0,1,AUTO_DRAFT_COMPLETE
gvs_31ac6e862f260c08,gvc_685fe13902d7,Band One Arm Overhead Biceps Curl,Resistance Band Single Arm Overhead Biceps Curl,밴드 원암 오버헤드 바이셉 컬,AUTO_PHRASE_DRAFT,Upper-Arms,MVP_CANDIDATE,Resistance/strength candidate,Resistance Band,source,팔,source,이두근,,name_high,reps,apparatus_dynamic_policy,,,1,1,0,AUTO_DRAFT_COMPLETE
gvs_7300f7888628dfae,gvc_f2d723625692,Resistance Band Single Arm Overhead Triceps Extens,Resistance Band Single Arm Overhead Triceps Extens,,MANUAL,,MVP_CANDIDATE,Resistance/strength candidate,Resistance Band,source,팔,name,,,unsupported,reps,apparatus_dynamic_policy,,,1,0,1,MANUAL_QA_REQUIRED
gvs_d9b1f0512696c0c5,gvc_256e70e8ec21,Band Single Arm Shoulder Press,Resistance Band Single Arm Shoulder Press,밴드 원암 숄더 프레스,AUTO_PHRASE_DRAFT,Shoulders,MVP_CANDIDATE,Resistance/strength candidate,Resistance Band,source,어깨,source,삼각근,삼두근,name_high,reps,apparatus_dynamic_policy,,,2,1,1,AUTO_DRAFT_COMPLETE
gvs_91a5b5a2421173b8,gvc_90ce3d4405f5,Resistance Band Single Arm Triceps Pushdown (femal,Resistance Band Single Arm Triceps Pushdown,밴드 원암 트라이셉 푸시다운,AUTO_PHRASE_DRAFT,,MVP_CANDIDATE,Resistance/strength candidate,Resistance Band,source,팔,name,삼두근,,name_high,reps,apparatus_dynamic_policy,,,1,0,1,AUTO_DRAFT_COMPLETE
gvs_9618c24f90606eb7,gvc_8f8c75634191,Band One Arm Twisting Seated Row,Resistance Band Single Arm Twisting Seated Row,,MANUAL,Back,MVP_CANDIDATE,Resistance/strength candidate,Resistance Band,source,등,source,등 상부 / 광배근,이두근,name_high,reps,apparatus_dynamic_policy,,,2,1,1,MANUAL_QA_REQUIRED
gvs_663ff6ca76534cdc,gvc_e070ef521f65,Resistance Band One Leg Glute Bridge,Resistance Band Single Leg Glute Bridge,밴드 싱글 레그 글루트 브리지,AUTO_PHRASE_DRAFT,Hips,MVP_CANDIDATE,Resistance/strength candidate,Resistance Band,source,하체,source,둔근,햄스트링,name_high,reps,apparatus_dynamic_policy,,,1,0,1,AUTO_DRAFT_COMPLETE
gvs_a10d210b243d9f4b,gvc_d7718e454de7,Resistance Band One Leg Kickback (bent Position),Resistance Band Single Leg Kickback (Bent Position),,MANUAL,Hips,MVP_CANDIDATE,Resistance/strength candidate,Resistance Band,source,하체,source,,,unsupported,reps,apparatus_dynamic_policy,,,2,1,1,MANUAL_QA_REQUIRED
gvs_0883961396b0ec83,gvc_622bdfde1195,Band Single Leg Split Squat,Resistance Band Single Leg Split Squat,밴드 싱글 레그 스플릿 스쿼트,AUTO_PHRASE_DRAFT,Hips,MVP_CANDIDATE,Resistance/strength candidate,Resistance Band,source,하체,source,대퇴사두근,둔근,name_high,reps,apparatus_dynamic_policy,,,1,1,0,AUTO_DRAFT_COMPLETE
gvs_e091e640aa7dbc5a,gvc_1ada83b5c783,Band Single Leg Split Squat With Low Box,Resistance Band Single Leg Split Squat With Low Box,,MANUAL,Hips,MVP_CANDIDATE,Resistance/strength candidate,Resistance Band,source,하체,source,대퇴사두근,둔근,name_high,reps,apparatus_dynamic_policy,,,1,1,0,MANUAL_QA_REQUIRED
gvs_6a051fe431b41726,gvc_f0b97290b683,Band Single Leg Split Squat With The Ring,Resistance Band Single Leg Split Squat With The Ring,,MANUAL,Hips,MVP_CANDIDATE,Resistance/strength candidate,Resistance Band,source,하체,source,대퇴사두근,둔근,name_high,reps,apparatus_dynamic_policy,,,1,1,0,MANUAL_QA_REQUIRED
gvs_4b68332ef5061ee8,gvc_2d322ae5d9b3,Band Skull Crusher,Resistance Band Skull Crusher,밴드 스컬 크러셔,AUTO_PHRASE_DRAFT,Upper-Arms,MVP_CANDIDATE,Resistance/strength candidate,Resistance Band,source,팔,source,삼두근,,name_high,reps,apparatus_dynamic_policy,,,1,1,0,AUTO_DRAFT_COMPLETE
gvs_dd243b75a1bbb831,gvc_35d6ebad4b25,Resistance Band Speed Step,Resistance Band Speed Step,,MANUAL,Hips,MVP_CANDIDATE,Resistance/strength candidate,Resistance Band,source,하체,source,,,unsupported,reps,apparatus_dynamic_policy,,,1,1,0,MANUAL_QA_REQUIRED
gvs_de55a80f2650945f,gvc_ac39a524d56d,Resistance Band Spider Crawls,Resistance Band Spider Crawls,,MANUAL,Back,MVP_CANDIDATE,Resistance/strength candidate,Resistance Band,source,등,source,,,unsupported,reps,apparatus_dynamic_policy,,,1,1,0,MANUAL_QA_REQUIRED
gvs_c0d05898c645f2a2,gvc_8aa9eab76a38,Band Split Squat,Resistance Band Split Squat,밴드 스플릿 스쿼트,AUTO_PHRASE_DRAFT,Thighs,MVP_CANDIDATE,Resistance/strength candidate,Resistance Band,source,하체,source,대퇴사두근,둔근,name_high,reps,apparatus_dynamic_policy,,,2,1,1,AUTO_DRAFT_COMPLETE
gvs_3422c5aa2a991748,gvc_1523c3393174,Band Squat,Resistance Band Squat,밴드 스쿼트,AUTO_PHRASE_DRAFT,Hips,MVP_CANDIDATE,Resistance/strength candidate,Resistance Band,source,하체,source,대퇴사두근,둔근,name_high,reps,apparatus_dynamic_policy,,,2,1,1,AUTO_DRAFT_COMPLETE
gvs_05ba0926d4e0392c,gvc_2c38753e3aa3,Resistance Band Squat,Resistance Band Squat,밴드 스쿼트,AUTO_PHRASE_DRAFT,Thighs,MVP_CANDIDATE,Resistance/strength candidate,Resistance Band,source,하체,source,대퇴사두근,둔근,name_high,reps,apparatus_dynamic_policy,,,1,0,1,AUTO_DRAFT_COMPLETE
gvs_d4293e7ea60c9c08,gvc_34d0adc39ba2,Resistance Band Squat Jump,Resistance Band Squat Jump,,MANUAL,Thighs,MVP_CANDIDATE,Resistance/strength candidate,Resistance Band,source,하체,source,대퇴사두근,둔근,name_high,reps,apparatus_dynamic_policy,,,1,0,1,MANUAL_QA_REQUIRED
gvs_cc53bd5eac063fdc,gvc_a63c92663a46,Resistance Band Squat Step Out,Resistance Band Squat Step Out,,MANUAL,Hips,MVP_CANDIDATE,Resistance/strength candidate,Resistance Band,source,하체,source,대퇴사두근,둔근,name_high,reps,apparatus_dynamic_policy,,,2,1,1,MANUAL_QA_REQUIRED
gvs_d098a2350b09cead,gvc_f102faffe25e,Band Squat Twist,Resistance Band Squat Twist,,MANUAL,Waist,MVP_CANDIDATE,Resistance/strength candidate,Resistance Band,source,코어,source,,,blank_after_semantic_qa,reps,apparatus_dynamic_policy,,,2,1,1,MANUAL_QA_REQUIRED
gvs_ced56ad1eb51f949,gvc_cfc1de2d177d,Band Standard Biceps Curl,Resistance Band Standard Biceps Curl,,MANUAL,Upper-Arms,MVP_CANDIDATE,Resistance/strength candidate,Resistance Band,source,팔,source,이두근,,name_high,reps,apparatus_dynamic_policy,,,2,1,1,MANUAL_QA_REQUIRED
gvs_25e9e580baa7df46,gvc_a092a6c8a663,Resistance Band Standing 90 Degrees Shoulder Extre,Resistance Band Standing 90 Degrees Shoulder Extre,,MANUAL,,MVP_CANDIDATE,Resistance/strength candidate,Resistance Band,source,어깨,name,,,unsupported,reps,apparatus_dynamic_policy,,,1,1,0,MANUAL_QA_REQUIRED
gvs_fe94cddf5ff393af,gvc_a5eafee7bc4a,Band Standing Alternate Biceps Curl,Resistance Band Standing Alternate Biceps Curl,밴드 스탠딩 얼터네이트 바이셉 컬,AUTO_PHRASE_DRAFT,Upper-Arms,MVP_CANDIDATE,Resistance/strength candidate,Resistance Band,source,팔,source,이두근,,name_high,reps,apparatus_dynamic_policy,,,1,0,1,AUTO_DRAFT_COMPLETE
gvs_2b6998609da14846,gvc_9c8299adc0ca,Band Standing Alternate Chest Press,Resistance Band Standing Alternate Chest Press,밴드 스탠딩 얼터네이트 체스트 프레스,AUTO_PHRASE_DRAFT,Chest,MVP_CANDIDATE,Resistance/strength candidate,Resistance Band,source,가슴,source,대흉근,삼두근 / 전면 삼각근,name_high,reps,apparatus_dynamic_policy,,,2,1,1,AUTO_DRAFT_COMPLETE
gvs_8e16a0750ee7c78d,gvc_914c41382ad7,Resistance Band Standing Around The World S,Resistance Band Standing Around The World S,,MANUAL,,MVP_CANDIDATE,Resistance/strength candidate,Resistance Band,source,,unknown,,,unsupported,reps,apparatus_dynamic_policy,,,1,1,0,MANUAL_QA_REQUIRED
gvs_13e7216ae3dded7c,gvc_5106f062d9ad,Resistance Band Standing Balance Glute Kickback,Resistance Band Standing Balance Glute Kickback,,MANUAL,Hips,MVP_CANDIDATE,Resistance/strength candidate,Resistance Band,source,하체,source,,,unsupported,reps,apparatus_dynamic_policy,,,1,0,1,MANUAL_QA_REQUIRED
gvs_79846ebcf821026a,gvc_a9a262359464,Resistance Band Standing Balance Glute Kickback (v,Resistance Band Standing Balance Glute Kickback (V,,MANUAL,,MVP_CANDIDATE,Resistance/strength candidate,Resistance Band,source,하체,name,,,unsupported,reps,apparatus_dynamic_policy,,,2,1,1,MANUAL_QA_REQUIRED
gvs_3b84191672388a0c,gvc_702398d58d20,Resistance Band Standing Balance Glute Kickback (v 11.40.53,Resistance Band Standing Balance Glute Kickback (V 11.40.53,,MANUAL,,MVP_CANDIDATE,Resistance/strength candidate,Resistance Band,source,하체,name,,,unsupported,reps,apparatus_dynamic_policy,,,1,0,1,MANUAL_QA_REQUIRED
gvs_db0acae2be4f37ea,gvc_450b58e55bdd;gvc_451c54e55beb,Resistance Band Standing Balance Hip Abduction (fe | Resistance Band Standing Balance Hip Abduction (ma,Resistance Band Standing Balance Hip Abduction,,MANUAL,,MVP_CANDIDATE,Resistance/strength candidate,Resistance Band,source,하체,name,중둔근,,name_high,reps,apparatus_dynamic_policy,,,2,1,1,MANUAL_QA_REQUIRED
gvs_c07e2b935dfb54ab,gvc_8919a8fa0844,Band Standing Biceps Curl,Resistance Band Standing Biceps Curl,밴드 스탠딩 바이셉 컬,AUTO_PHRASE_DRAFT,Upper-Arms,MVP_CANDIDATE,Resistance/strength candidate,Resistance Band,source,팔,source,이두근,,name_high,reps,apparatus_dynamic_policy,,,1,0,1,AUTO_DRAFT_COMPLETE
gvs_076f07f7cb219147,gvc_2aea8e930bc4,Band Standing Chest Press,Resistance Band Standing Chest Press,밴드 스탠딩 체스트 프레스,AUTO_PHRASE_DRAFT,Chest,MVP_CANDIDATE,Resistance/strength candidate,Resistance Band,source,가슴,source,대흉근,삼두근 / 전면 삼각근,name_high,reps,apparatus_dynamic_policy,,,2,1,1,AUTO_DRAFT_COMPLETE
gvs_027d39c0e2405446,gvc_54ecc9fff061,Resistance Band Standing Chest Press,Resistance Band Standing Chest Press,밴드 스탠딩 체스트 프레스,AUTO_PHRASE_DRAFT,Chest,MVP_CANDIDATE,Resistance/strength candidate,Resistance Band,source,가슴,source,대흉근,삼두근 / 전면 삼각근,name_high,reps,apparatus_dynamic_policy,,,2,1,1,AUTO_DRAFT_COMPLETE
gvs_a0da081ad0bec710,gvc_9ed02917d29d,Band Standing Crunch,Resistance Band Standing Crunch,밴드 스탠딩 크런치,AUTO_PHRASE_DRAFT,Waist,MVP_CANDIDATE,Resistance/strength candidate,Resistance Band,source,코어,source,복직근,,name_high,reps,apparatus_dynamic_policy,reps,,2,1,1,AUTO_DRAFT_COMPLETE
gvs_90494924485f84ae,gvc_03534799b31f,Resistance Band Standing External Rotation (,Resistance Band Standing External Rotation,,MANUAL,,MVP_CANDIDATE,Resistance/strength candidate,Resistance Band,source,,unknown,,,unsupported,reps,apparatus_dynamic_policy,,,2,1,1,MANUAL_QA_REQUIRED
gvs_acc40fcea353632c,gvc_12646875fd32,Band Standing Hammer Curl,Resistance Band Standing Hammer Curl,밴드 스탠딩 해머 컬,AUTO_PHRASE_DRAFT,Upper-Arms,MVP_CANDIDATE,Resistance/strength candidate,Resistance Band,source,팔,source,이두근,,name_high,reps,apparatus_dynamic_policy,,,1,1,0,AUTO_DRAFT_COMPLETE
gvs_747e919d74896e8d,gvc_9489a05a3a68,Resistance Band Standing Hip Abduction,Resistance Band Standing Hip Abduction,밴드 스탠딩 힙 어브덕션,AUTO_PHRASE_DRAFT,Hips,MVP_CANDIDATE,Resistance/strength candidate,Resistance Band,source,하체,source,중둔근,,name_high,reps,apparatus_dynamic_policy,,,2,1,1,AUTO_DRAFT_COMPLETE
gvs_f3641da125ae5125,gvc_f4e62f9dd4ab,Band Standing Hip Extension,Resistance Band Standing Hip Extension,,MANUAL,Hips,MVP_CANDIDATE,Resistance/strength candidate,Resistance Band,source,하체,source,,,unsupported,reps,apparatus_dynamic_policy,,,2,1,1,MANUAL_QA_REQUIRED
gvs_1482590ada2ae5c4,gvc_90f6f0b331d8,Resistance Band Standing Lat Pulldown,Resistance Band Standing Lat Pulldown,밴드 스탠딩 랫 풀다운,AUTO_PHRASE_DRAFT,Back,MVP_CANDIDATE,Resistance/strength candidate,Resistance Band,source,등,source,광배근,이두근 / 승모근,name_high,reps,apparatus_dynamic_policy,,,1,0,1,AUTO_DRAFT_COMPLETE
gvs_e85d3ebc55c40226,gvc_d9ba31194f40,Band Standing Leg Curl,Resistance Band Standing Leg Curl,밴드 스탠딩 레그 컬,AUTO_PHRASE_DRAFT,Thighs,MVP_CANDIDATE,Resistance/strength candidate,Resistance Band,source,하체,source,햄스트링,,name_high,reps,apparatus_dynamic_policy,,,2,1,1,AUTO_DRAFT_COMPLETE
gvs_ee0b42d21bc50a00,gvc_44032a4cfb65,Band Standing Rear Delt Row,Resistance Band Standing Rear Delt Row,,MANUAL,Shoulders,MVP_CANDIDATE,Resistance/strength candidate,Resistance Band,source,어깨,source,후면 삼각근,,name_high,reps,apparatus_dynamic_policy,,,2,1,1,MANUAL_QA_REQUIRED
gvs_d792c3e046886366,gvc_c492c705f4f5,Band Standing Reverse Curl,Resistance Band Standing Reverse Curl,밴드 스탠딩 리버스 컬,AUTO_PHRASE_DRAFT,Forearms,MVP_CANDIDATE,Resistance/strength candidate,Resistance Band,source,팔,source,,,unsupported,reps,apparatus_dynamic_policy,,,1,1,0,AUTO_DRAFT_COMPLETE
gvs_213b2c2707974a07,gvc_47f6b2308562,Resistance Band Standing Row,Resistance Band Standing Row,밴드 스탠딩 로우,AUTO_PHRASE_DRAFT,Back,MVP_CANDIDATE,Resistance/strength candidate,Resistance Band,source,등,source,등 상부 / 광배근,이두근,name_high,reps,apparatus_dynamic_policy,,,1,0,1,AUTO_DRAFT_COMPLETE
gvs_48a2df89573e26f5,gvc_78261e545774,Resistance Band Standing Shoulder External Rotatio,Resistance Band Standing Shoulder External Rotatio,,MANUAL,,MVP_CANDIDATE,Resistance/strength candidate,Resistance Band,source,어깨,name,,,unsupported,reps,apparatus_dynamic_policy,,,1,1,0,MANUAL_QA_REQUIRED
gvs_2680a5e2e2a29108,gvc_5ef421f8baf8,Resistance Band Standing Shoulder Extrernal Rotati,Resistance Band Standing Shoulder Extrernal Rotati,,MANUAL,,MVP_CANDIDATE,Resistance/strength candidate,Resistance Band,source,어깨,name,,,unsupported,reps,apparatus_dynamic_policy,,,1,1,0,MANUAL_QA_REQUIRED
gvs_8e8273657695ccd5,gvc_11ddfb1dfb6b,Resistance Band Standing Shoulder Internal Rotatio,Resistance Band Standing Shoulder Internal Rotatio,,MANUAL,,MVP_CANDIDATE,Resistance/strength candidate,Resistance Band,source,어깨,name,,,unsupported,reps,apparatus_dynamic_policy,,,2,1,1,MANUAL_QA_REQUIRED
gvs_c8baa66bb2c308ab,gvc_b981f076b76c,Band Standing Single Arm Biceps Curl,Resistance Band Standing Single Arm Biceps Curl,밴드 스탠딩 원암 바이셉 컬,AUTO_PHRASE_DRAFT,Upper-Arms,MVP_CANDIDATE,Resistance/strength candidate,Resistance Band,source,팔,source,이두근,,name_high,reps,apparatus_dynamic_policy,,,1,1,0,AUTO_DRAFT_COMPLETE
gvs_97bfdd09ff743d71,gvc_1c6db1bd9045,Band Standing Single Arm Chest Fly,Resistance Band Standing Single Arm Chest Fly,밴드 스탠딩 원암 체스트 플라이,AUTO_PHRASE_DRAFT,Chest,MVP_CANDIDATE,Resistance/strength candidate,Resistance Band,source,가슴,source,대흉근,삼두근 / 전면 삼각근,name_high,reps,apparatus_dynamic_policy,,,1,1,0,AUTO_DRAFT_COMPLETE
gvs_674acadb7f4eb9db,gvc_579a6d18cdb7,Resistance Band Standing Single Arm Lateral Raise,Resistance Band Standing Single Arm Lateral Raise,밴드 스탠딩 원암 레터럴 레이즈,AUTO_PHRASE_DRAFT,,MVP_CANDIDATE,Resistance/strength candidate,Resistance Band,source,어깨,name,측면 삼각근,,name_high,reps,apparatus_dynamic_policy,,,1,1,0,AUTO_DRAFT_COMPLETE
gvs_18a553102123975a,gvc_1420aaf2b4a4,Resistance Band Standing Single Arm Lateral Should,Resistance Band Standing Single Arm Lateral Should,,MANUAL,,MVP_CANDIDATE,Resistance/strength candidate,Resistance Band,source,,unknown,,,unsupported,reps,apparatus_dynamic_policy,,,1,0,1,MANUAL_QA_REQUIRED
gvs_4e4257f93c21b751,gvc_2ac16efcdb7c,Resistance Band Standing Single Arm Shoulder Flexi,Resistance Band Standing Single Arm Shoulder Flexi,,MANUAL,,MVP_CANDIDATE,Resistance/strength candidate,Resistance Band,source,어깨,name,,,unsupported,reps,apparatus_dynamic_policy,,,1,0,1,MANUAL_QA_REQUIRED
gvs_573830025f445d30,gvc_2c08259eee77,Band Standing Single Arm Twist Row,Resistance Band Standing Single Arm Twist Row,,MANUAL,Back,MVP_CANDIDATE,Resistance/strength candidate,Resistance Band,source,등,source,등 상부 / 광배근,이두근,name_high,reps,apparatus_dynamic_policy,,,1,1,0,MANUAL_QA_REQUIRED
gvs_519ab078706f49de,gvc_b445ff174d41,Resistance Band Standing Straight Arms Pulldown (f,Resistance Band Standing Straight Arms Pulldown,,MANUAL,,MVP_CANDIDATE,Resistance/strength candidate,Resistance Band,source,등,name,,,unsupported,reps,apparatus_dynamic_policy,,,1,0,1,MANUAL_QA_REQUIRED
gvs_6c39bfd496a3be32,gvc_4cb8d849f596,Resistance Band Standing Trapezius Press,Resistance Band Standing Trapezius Press,,MANUAL,,MVP_CANDIDATE,Resistance/strength candidate,Resistance Band,source,,unknown,,,unsupported,reps,apparatus_dynamic_policy,,,1,0,1,MANUAL_QA_REQUIRED
gvs_e841e8d86b11a606,gvc_782ee9c8e37f,Resistance Band Standing Triceps Pushdown,Resistance Band Standing Triceps Pushdown,밴드 스탠딩 트라이셉 푸시다운,AUTO_PHRASE_DRAFT,,MVP_CANDIDATE,Resistance/strength candidate,Resistance Band,source,팔,name,삼두근,,name_high,reps,apparatus_dynamic_policy,,,1,0,1,AUTO_DRAFT_COMPLETE
gvs_4ad9b3c36cfd9083,gvc_933e04905559,Resistance Band Standing Wood Chopper,Resistance Band Standing Wood Chopper,,MANUAL,Waist,MVP_CANDIDATE,Resistance/strength candidate,Resistance Band,source,코어,source,,,unsupported,reps,apparatus_dynamic_policy,,,2,1,1,MANUAL_QA_REQUIRED
gvs_7fa4dff7b4f76a2f,gvc_3c497e3edd57,Resistance Band Standing Y Raise,Resistance Band Standing Y Raise,,MANUAL,Shoulders,MVP_CANDIDATE,Resistance/strength candidate,Resistance Band,source,어깨,source,,,unsupported,reps,apparatus_dynamic_policy,,,1,0,1,MANUAL_QA_REQUIRED
gvs_500a70cd9366481d,gvc_00f10c51c3de,Band Step Up,Resistance Band Step Up,밴드 스텝업,AUTO_PHRASE_DRAFT,Hips,MVP_CANDIDATE,Resistance/strength candidate,Resistance Band,source,하체,source,대퇴사두근,둔근,name_high,reps,apparatus_dynamic_policy,,,1,1,0,AUTO_DRAFT_COMPLETE
gvs_f51a5990792ec0ba,gvc_66dad9d9f632,Band Straight Back Stiff Leg Deadlift,Resistance Band Straight Back Stiff Leg Deadlift,,MANUAL,Hips,MVP_CANDIDATE,Resistance/strength candidate,Resistance Band,source,하체,source,둔근 / 햄스트링,코어,name_high,reps,apparatus_dynamic_policy,,,2,1,1,MANUAL_QA_REQUIRED
gvs_349365dc3e8ccb92,gvc_d67147edf66b,Resistance Band Sumo Squat,Resistance Band Sumo Squat,밴드 스모 스쿼트,AUTO_PHRASE_DRAFT,Hips,MVP_CANDIDATE,Resistance/strength candidate,Resistance Band,source,하체,source,대퇴사두근,둔근,name_high,reps,apparatus_dynamic_policy,,,1,1,0,AUTO_DRAFT_COMPLETE
gvs_cca690d91a5d8351,gvc_1d359fe775ed,Band Thruster,Resistance Band Thruster,,MANUAL,Thighs,MVP_CANDIDATE,Resistance/strength candidate,Resistance Band,source,하체,source,,,unsupported,reps,apparatus_dynamic_policy,,,2,1,1,MANUAL_QA_REQUIRED
gvs_1185351443051ef2,gvc_195131d37765,Band Triceps Kickback,Resistance Band Triceps Kickback,,MANUAL,Upper-Arms,MVP_CANDIDATE,Resistance/strength candidate,Resistance Band,source,팔,source,삼두근,,name_high,reps,apparatus_dynamic_policy,,,2,1,1,MANUAL_QA_REQUIRED
gvs_7803a439008b2991,gvc_16887535a64a,Resistance Band Triceps Pushdown,Resistance Band Triceps Pushdown,밴드 트라이셉 푸시다운,AUTO_PHRASE_DRAFT,Upper-Arms,MVP_CANDIDATE,Resistance/strength candidate,Resistance Band,source,팔,source,삼두근,,name_high,reps,apparatus_dynamic_policy,,,2,1,1,AUTO_DRAFT_COMPLETE
gvs_a45c2e73e26109cb,gvc_1545512e905e,Band Twist,Resistance Band Twist,,MANUAL,Waist,MVP_CANDIDATE,Resistance/strength candidate,Resistance Band,source,코어,source,,,unsupported,reps,apparatus_dynamic_policy,,,2,1,1,MANUAL_QA_REQUIRED
gvs_6a9ea6b7a7d0bb6f,gvc_69a186235ab1,Band Twist (down Up),Resistance Band Twist (Down Up),,MANUAL,Waist,MVP_CANDIDATE,Resistance/strength candidate,Resistance Band,source,코어,source,,,unsupported,reps,apparatus_dynamic_policy,,,1,0,1,MANUAL_QA_REQUIRED
gvs_1e7cfa47c0378b0f,gvc_d5b1e34340c3,Band Twist (up Down),Resistance Band Twist (Up Down),,MANUAL,Waist,MVP_CANDIDATE,Resistance/strength candidate,Resistance Band,source,코어,source,,,unsupported,reps,apparatus_dynamic_policy,,,2,1,1,MANUAL_QA_REQUIRED
gvs_94bad9fa532d3be8,gvc_e028325b53ba,Band Two Legs Calf Raise (band Under Both Legs) Version,Resistance Band Two Legs Calf Raise (Band Under Both Legs) Version,,MANUAL,Calves,MVP_CANDIDATE,Resistance/strength candidate,Resistance Band,source,하체,source,종아리,,name_high,reps,apparatus_dynamic_policy,,,2,1,1,MANUAL_QA_REQUIRED
gvs_b284b6534452e28b,gvc_16f5a54c29f5,Resistance Band Upper Body Dead Bug,Resistance Band Upper Body Dead Bug,,MANUAL,Waist,MVP_CANDIDATE,Resistance/strength candidate,Resistance Band,source,코어,source,,,unsupported,reps,apparatus_dynamic_policy,,,1,1,0,MANUAL_QA_REQUIRED
gvs_a2dc1fd04e48a81e,gvc_b97d2dedc94a,Band Upper Crunch,Resistance Band Upper Crunch,,MANUAL,Waist,MVP_CANDIDATE,Resistance/strength candidate,Resistance Band,source,코어,source,복직근,,name_high,reps,apparatus_dynamic_policy,reps,,2,1,1,MANUAL_QA_REQUIRED
gvs_7c899345613f1109,gvc_b67dd17a342b,Band Upright Row (under Two Feet),Resistance Band Upright Row (Under Two Feet),,MANUAL,Shoulders,MVP_CANDIDATE,Resistance/strength candidate,Resistance Band,source,어깨,source,측면 삼각근 / 승모근,이두근,semantic_rule_v2,reps,apparatus_dynamic_policy,,,2,1,1,MANUAL_QA_REQUIRED
gvs_1da4076ffb7171c7,gvc_30d6a7efabdd,Resistance Band Wide Stance Anti Rotation Chop (ma,Resistance Band Wide Stance Anti Rotation Chop,,MANUAL,,MVP_CANDIDATE,Resistance/strength candidate,Resistance Band,source,,unknown,,,unsupported,reps,apparatus_dynamic_policy,,,1,1,0,MANUAL_QA_REQUIRED
gvs_3cd85aa17ecc9261,gvc_bdd6e0429b45,Band Wrist Curl,Resistance Band Wrist Curl,밴드 리스트 컬,AUTO_PHRASE_DRAFT,Forearms,MVP_CANDIDATE,Resistance/strength candidate,Resistance Band,source,팔,source,,,unsupported,reps,apparatus_dynamic_policy,,,1,1,0,AUTO_DRAFT_COMPLETE
gvs_3c193a56b042c1a8,gvc_1c0c459ad417,Resistance Band Y Press,Resistance Band Y Press,,MANUAL,Shoulders,MVP_CANDIDATE,Resistance/strength candidate,Resistance Band,source,어깨,source,,,unsupported,reps,apparatus_dynamic_policy,,,1,1,0,MANUAL_QA_REQUIRED
gvs_e5369297c9994edf,gvc_7b15f9f31e15,Band Y Raise,Resistance Band Y Raise,,MANUAL,Shoulders,MVP_CANDIDATE,Resistance/strength candidate,Resistance Band,source,어깨,source,,,unsupported,reps,apparatus_dynamic_policy,,,1,1,0,MANUAL_QA_REQUIRED
gvs_ca9a5e97494c8977,gvc_5f8258e5fadf,Resitance Band Standing Serratus Push,Resitance Band Standing Serratus Push,,MANUAL,Chest,MVP_CANDIDATE,Resistance/strength candidate,Resistance Band,source,가슴,source,,,unsupported,reps,apparatus_dynamic_policy,,,1,0,1,MANUAL_QA_REQUIRED
gvs_df37b7032d46b93b,gvc_68334873e7e6,Reverse Air Cycling,Reverse Air Cycling,,MANUAL,Waist,MVP_CANDIDATE,Resistance/strength candidate,Bodyweight,inferred_bodyweight,코어,source,,,unsupported,reps,bodyweight,distance_duration,,1,1,0,MANUAL_QA_REQUIRED
gvs_939a0771a41d2815,gvc_bf42b9d13e52;gvc_ce198877e0ac,Reverse Crunch | Reverse Crunch (version 2),Reverse Crunch,리버스 크런치,AUTO_PHRASE_DRAFT,Waist,MVP_CANDIDATE,Resistance/strength candidate,Bodyweight,inferred_bodyweight,코어,source,복직근,,name_high,reps,bodyweight,reps,,3,1,2,AUTO_DRAFT_COMPLETE
gvs_54f977aad84a275c,gvc_182c91db5d78,Reverse Crunch Leg Drop,Reverse Crunch Leg Drop,,MANUAL,Waist,MVP_CANDIDATE,Resistance/strength candidate,Bodyweight,inferred_bodyweight,코어,source,복직근,,name_high,reps,bodyweight,reps,,2,1,1,MANUAL_QA_REQUIRED
gvs_98f2a8394aa24381,gvc_c04059c4c6d4,Reverse Crunch M,Reverse Crunch M,,MANUAL,Waist,MVP_CANDIDATE,Resistance/strength candidate,Bodyweight,inferred_bodyweight,코어,source,복직근,,name_high,reps,bodyweight,reps,,1,1,0,MANUAL_QA_REQUIRED
gvs_a1bb7e83cbf9864b,gvc_93d66500e953,Reverse Dip,Reverse Dip,리버스 딥스,AUTO_PHRASE_DRAFT,Upper-Arms,MVP_CANDIDATE,Resistance/strength candidate,Bodyweight,inferred_bodyweight,팔,source,,,unsupported,reps,bodyweight,,,2,1,1,AUTO_DRAFT_COMPLETE
gvs_3d447f5f5e7a030f,gvc_553785fd1102,Reverse Frog Crunch,Reverse Frog Crunch,,MANUAL,Hips,MVP_CANDIDATE,Resistance/strength candidate,Bodyweight,inferred_bodyweight,코어,source,복직근,장요근,semantic_rule_v2,reps,bodyweight,reps,,1,0,1,MANUAL_QA_REQUIRED
gvs_ecf3890b9a886713,gvc_e0340040c9d9,Reverse Grip Machine Lat Pulldown,Reverse Grip Machine Lat Pulldown,리버스 그립 머신 랫 풀다운,AUTO_PHRASE_DRAFT,Back,MVP_CANDIDATE,Resistance/strength candidate,Machine,source,등,source,광배근,이두근 / 승모근,name_high,weight_reps,equipment,weight_reps,,2,1,1,AUTO_DRAFT_COMPLETE
gvs_be324d354e91d7e5,gvc_12b1be33511c,Reverse Grip Pull Up,Reverse Grip Pull Up,리버스 그립 풀업,AUTO_PHRASE_DRAFT,Back,MVP_CANDIDATE,Resistance/strength candidate,Bodyweight,inferred_bodyweight,등,source,광배근,이두근 / 승모근,name_high,reps,bodyweight,,,2,1,1,AUTO_DRAFT_COMPLETE
gvs_3ad4705e493c8cb4,gvc_be2325b38ecd,Reverse Hyper On Flat Bench,Reverse Hyper On Flat Bench,,MANUAL,Hips,MVP_CANDIDATE,Resistance/strength candidate,Bodyweight,inferred_bodyweight,하체,source,,,unsupported,reps,bodyweight,,,2,1,1,MANUAL_QA_REQUIRED
gvs_bac07e9945e18651,gvc_f33cfa32d3da,Reverse Hyperextension On Bench,Reverse Hyperextension On Bench,,MANUAL,Hips,MVP_CANDIDATE,Resistance/strength candidate,Bodyweight,inferred_bodyweight,하체,source,,,unsupported,reps,bodyweight,,,1,1,0,MANUAL_QA_REQUIRED
gvs_d2a81579d234aded,gvc_0c5e7eb7b6c4,Reverse Hyperextension On Stability Ball,Reverse Hyperextension On Stability Ball,,MANUAL,Hips,MVP_CANDIDATE,Resistance/strength candidate,Stability Ball,source,하체,source,,,unsupported,,review,,,1,1,0,MANUAL_QA_REQUIRED
gvs_3cead932789f61c8,gvc_1eacb67d3b00,Reverse Lunge (leg Kick),Reverse Lunge (Leg Kick),,MANUAL,Thighs,MVP_CANDIDATE,Resistance/strength candidate,Bodyweight,inferred_bodyweight,하체,source,대퇴사두근,둔근,name_high,reps,bodyweight,reps,,2,1,1,MANUAL_QA_REQUIRED
gvs_3512a127fe4b0897,gvc_d7992c789a48,Reverse Lunge Forward Lunge,Reverse Lunge Forward Lunge,리버스 런지 포워드 런지,AUTO_PHRASE_DRAFT,Thighs,MVP_CANDIDATE,Resistance/strength candidate,Bodyweight,inferred_bodyweight,하체,source,대퇴사두근,둔근,name_high,reps,bodyweight,reps,,3,2,1,AUTO_DRAFT_COMPLETE
gvs_de5ce3f3cec8c07b,gvc_593e69760b54,Reverse Lunge Front Kick,Reverse Lunge Front Kick,,MANUAL,Thighs,MVP_CANDIDATE,Resistance/strength candidate,Bodyweight,inferred_bodyweight,하체,source,대퇴사두근,둔근,name_high,reps,bodyweight,reps,,1,1,0,MANUAL_QA_REQUIRED
gvs_3c2619975e363e3f,gvc_2f8427ccf851,Reverse Lunge High Knee,Reverse Lunge High Knee,,MANUAL,Thighs,MVP_CANDIDATE,Resistance/strength candidate,Bodyweight,inferred_bodyweight,하체,source,대퇴사두근,둔근,name_high,reps,bodyweight,reps,,1,1,0,MANUAL_QA_REQUIRED
gvs_ec0d9793491f6e43,gvc_0a2fed6d42ab,Reverse Lunge High Knee Forward Lunge,Reverse Lunge High Knee Forward Lunge,,MANUAL,Thighs,MVP_CANDIDATE,Resistance/strength candidate,Bodyweight,inferred_bodyweight,하체,source,대퇴사두근,둔근,name_high,reps,bodyweight,reps,,1,1,0,MANUAL_QA_REQUIRED
gvs_47f17f86d7b0d00c,gvc_2b5c7635564b,Rear Lunge Kickback,Reverse Lunge Kickback,리버스 런지 킥백,AUTO_PHRASE_DRAFT,Thighs,MVP_CANDIDATE,Resistance/strength candidate,Bodyweight,inferred_bodyweight,하체,source,대퇴사두근,둔근,name_high,reps,bodyweight,reps,,1,0,1,AUTO_DRAFT_COMPLETE
gvs_3319ce1141445b7d,gvc_2a21dac9c931,Reverse Lunge Knee Drive,Reverse Lunge Knee Drive,,MANUAL,Thighs,MVP_CANDIDATE,Resistance/strength candidate,Bodyweight,inferred_bodyweight,하체,source,대퇴사두근,둔근,name_high,reps,bodyweight,reps,,2,2,0,MANUAL_QA_REQUIRED
gvs_6a77a211743c811d,gvc_a51e90179540,Reverse Plank,Reverse Plank,리버스 플랭크,AUTO_PHRASE_DRAFT,Back;Waist,MVP_CANDIDATE,Resistance/strength candidate,Bodyweight,inferred_bodyweight,,conflict,코어,,name_high,duration,semantic,duration,BODY_SOURCE_CONFLICT,2,1,1,MANUAL_QA_REQUIRED
gvs_223d64d76c002c4f,gvc_dccc1b19fba2,Reverse Plank March,Reverse Plank March,,MANUAL,Waist,MVP_CANDIDATE,Resistance/strength candidate,Bodyweight,inferred_bodyweight,코어,source,코어,,name_high,duration,semantic,duration,,1,1,0,MANUAL_QA_REQUIRED
gvs_075708f80120655e,gvc_00518923e1df,Reverse Plank On Elbows,Reverse Plank On Elbows,,MANUAL,Waist,MVP_CANDIDATE,Resistance/strength candidate,Bodyweight,inferred_bodyweight,코어,source,코어,,name_high,duration,semantic,duration,,2,1,1,MANUAL_QA_REQUIRED
gvs_f4a7f42d62d6ac1d,gvc_0ac74083fa91,Reverse Plank With Leg Lift,Reverse Plank With Leg Lift,,MANUAL,Hips,MVP_CANDIDATE,Resistance/strength candidate,Bodyweight,inferred_bodyweight,하체,source,,,blank_after_semantic_qa,duration,semantic,duration,,2,1,1,MANUAL_QA_REQUIRED
gvs_6e450afa2726cd68,gvc_ebfa5a81d81f,Reverse Push Up,Reverse Push Up,리버스 푸시업,AUTO_PHRASE_DRAFT,Upper-Arms,MVP_CANDIDATE,Resistance/strength candidate,Bodyweight,inferred_bodyweight,팔,source,,,unsupported,reps,bodyweight,reps,,1,1,0,AUTO_DRAFT_COMPLETE
gvs_825bf82aa79b102c,gvc_173fdf297c3a,Reverse Wrist Curl,Reverse Wrist Curl,리버스 리스트 컬,AUTO_PHRASE_DRAFT,Forearms,MVP_CANDIDATE,Resistance/strength candidate,Bodyweight,inferred_bodyweight,팔,source,,,unsupported,reps,bodyweight,,,1,1,0,AUTO_DRAFT_COMPLETE
gvs_3e0e24954d71aa45,gvc_f7ca72e4f158,Ring Abdominal Fallout,Ring Abdominal Fallout,,MANUAL,Waist,MVP_CANDIDATE,Resistance/strength candidate,Rings,name,코어,source,,,unsupported,reps,apparatus_dynamic_policy,,,1,1,0,MANUAL_QA_REQUIRED
gvs_85bd5033ea3ddb33,gvc_4527939a1345,Ring Alternate Reverse Curl,Ring Alternate Reverse Curl,,MANUAL,Hips,MVP_CANDIDATE,Resistance/strength candidate,Rings,name,하체,source,,,unsupported,reps,apparatus_dynamic_policy,,,1,1,0,MANUAL_QA_REQUIRED
gvs_5d3ee4d2bf5daa38,gvc_eec7cceb7701,Ring Archer Dip,Ring Archer Dip,,MANUAL,Chest,MVP_CANDIDATE,Resistance/strength candidate,Rings,name,가슴,source,,,unsupported,reps,apparatus_dynamic_policy,,,1,1,0,MANUAL_QA_REQUIRED
gvs_a0738ba52b8df4dd,gvc_741aba2fe2c9,Ring Archer Pull Up,Ring Archer Pull Up,,MANUAL,Back,MVP_CANDIDATE,Resistance/strength candidate,Rings,name,등,source,광배근,이두근 / 승모근,name_high,reps,apparatus_dynamic_policy,,,1,1,0,MANUAL_QA_REQUIRED
gvs_26eff8c6ab2efe80,gvc_285924a39fad,Ring Archer Push Up,Ring Archer Push Up,,MANUAL,Chest,MVP_CANDIDATE,Resistance/strength candidate,Rings,name,가슴,source,,,unsupported,reps,apparatus_dynamic_policy,reps,,1,1,0,MANUAL_QA_REQUIRED
gvs_ac37b2b36a115063,gvc_7f9845fae8d2,Ring Arm Curl,Ring Arm Curl,,MANUAL,Upper-Arms,MVP_CANDIDATE,Resistance/strength candidate,Rings,name,팔,source,,,unsupported,reps,apparatus_dynamic_policy,,,1,1,0,MANUAL_QA_REQUIRED
gvs_315b261a7822189c,gvc_d0de93fb3857,Ring Back Lever,Ring Back Lever,,MANUAL,Waist,MVP_CANDIDATE,Resistance/strength candidate,Machine,source,코어,source,,,unsupported,weight_reps,equipment,weight_reps,,1,1,0,MANUAL_QA_REQUIRED
gvs_f30712f5acd61f09,gvc_da46207dc3e0,Ring Bent Knee Inverted Row,Ring Bent Knee Inverted Row,,MANUAL,Back,MVP_CANDIDATE,Resistance/strength candidate,Rings,name,등,source,등 상부 / 광배근,이두근,name_high,reps,apparatus_dynamic_policy,,,1,1,0,MANUAL_QA_REQUIRED
gvs_13d931227a9719f8,gvc_9acd2ffcde50,Ring Chest Fly,Ring Chest Fly,,MANUAL,Chest,MVP_CANDIDATE,Resistance/strength candidate,Rings,name,가슴,source,대흉근,삼두근 / 전면 삼각근,name_high,reps,apparatus_dynamic_policy,,,1,1,0,MANUAL_QA_REQUIRED
gvs_9bf56e867a1914cc,gvc_8659ff492c39,Ring Chin Up,Ring Chin Up,,MANUAL,Back,MVP_CANDIDATE,Resistance/strength candidate,Rings,name,등,source,광배근,이두근 / 승모근,name_high,reps,apparatus_dynamic_policy,,,1,1,0,MANUAL_QA_REQUIRED
gvs_8cdb03874d30a957,gvc_aacf9f8fbcf2,Ring Decline Push Up,Ring Decline Push Up,,MANUAL,Chest,MVP_CANDIDATE,Resistance/strength candidate,Rings,name,가슴,source,,,unsupported,reps,apparatus_dynamic_policy,reps,,2,2,0,MANUAL_QA_REQUIRED
gvs_c36207100555a756,gvc_9b460a148e68,Ring Dip,Ring Dip,,MANUAL,Upper-Arms,MVP_CANDIDATE,Resistance/strength candidate,Rings,name,팔,source,,,unsupported,reps,apparatus_dynamic_policy,,,1,1,0,MANUAL_QA_REQUIRED
gvs_d82a734c3239789a,gvc_643724b72890,Ring Eccentric Leg Curl With Yoga Block And Towel,Ring Eccentric Leg Curl With Yoga Block And Towel,,MANUAL,,MVP_CANDIDATE,Resistance/strength candidate,Rings,name,하체,name,햄스트링,,semantic_rule_v2,reps,apparatus_dynamic_policy,,,1,1,0,MANUAL_QA_REQUIRED
gvs_4c7d77d849a97c72,gvc_3241fd87913f,Ring Eccentric Single Leg Curl With Towel,Ring Eccentric Single Leg Curl With Towel,,MANUAL,Thighs,MVP_CANDIDATE,Resistance/strength candidate,Rings,name,하체,source,햄스트링,,name_high,reps,apparatus_dynamic_policy,,,1,1,0,MANUAL_QA_REQUIRED
gvs_5987b246b047b704,gvc_1f51e9df6351,Ring Elevanted Pike Push Up From Deficit,Ring Elevated Pike Push Up From Deficit,,MANUAL,Shoulders,MVP_CANDIDATE,Resistance/strength candidate,Rings,name,어깨,source,,,unsupported,reps,apparatus_dynamic_policy,reps,,1,1,0,MANUAL_QA_REQUIRED
gvs_978df62d4b983981,gvc_e902c3295bbc,Ring Extended Plank,Ring Extended Plank,,MANUAL,Waist,MVP_CANDIDATE,Resistance/strength candidate,Rings,name,코어,source,코어,,name_high,duration,apparatus_static_policy,duration,,1,1,0,MANUAL_QA_REQUIRED
gvs_31246895aa78c171,gvc_bec8afccbbd8,Ring Face Pull,Ring Face Pull,,MANUAL,Shoulders,MVP_CANDIDATE,Resistance/strength candidate,Rings,name,어깨,source,,,unsupported,reps,apparatus_dynamic_policy,,,1,1,0,MANUAL_QA_REQUIRED
gvs_7c0bac0512626d21,gvc_9bde485b0a9f,Ring Front Lever,Ring Front Lever,,MANUAL,Waist,MVP_CANDIDATE,Resistance/strength candidate,Machine,source,코어,source,,,unsupported,weight_reps,equipment,weight_reps,,1,1,0,MANUAL_QA_REQUIRED
gvs_d5c895c5aa3c8a4d,gvc_fa79daa08000,Ring Front Raise,Ring Front Raise,,MANUAL,Shoulders,MVP_CANDIDATE,Resistance/strength candidate,Rings,name,어깨,source,전면 삼각근,,name_high,reps,apparatus_dynamic_policy,,,1,1,0,MANUAL_QA_REQUIRED
gvs_b9675dffcd351087,gvc_7c8d294cdc91,Ring Handstand,Ring Handstand,,MANUAL,Shoulders,MVP_CANDIDATE,Resistance/strength candidate,Rings,name,어깨,source,,,unsupported,duration,apparatus_static_policy,,,1,1,0,MANUAL_QA_REQUIRED
gvs_bc66e14c913e5236,gvc_0dfc9169801e,Ring Handstand To L Sit,Ring Handstand To L Sit,,MANUAL,Waist,MVP_CANDIDATE,Resistance/strength candidate,Rings,name,코어,source,,,unsupported,reps,apparatus_dynamic_policy,,,1,1,0,MANUAL_QA_REQUIRED
gvs_60f05fe3b75cf9b3,gvc_07894e8b0c92,Ring Hanging Knees To Elbows,Ring Hanging Knees To Elbows,,MANUAL,Waist,MVP_CANDIDATE,Resistance/strength candidate,Rings,name,코어,source,,,unsupported,reps,apparatus_dynamic_policy,,,1,1,0,MANUAL_QA_REQUIRED
gvs_c9a59fbccce72fb2,gvc_f250a9dcdf37,Ring Hanging Leg Hip Raise,Ring Hanging Leg Hip Raise,,MANUAL,Waist,MVP_CANDIDATE,Resistance/strength candidate,Rings,name,코어,source,,,unsupported,reps,apparatus_dynamic_policy,,,1,1,0,MANUAL_QA_REQUIRED
gvs_e21d5a991e639d95,gvc_89d7885a1459,Ring Hanging Straight Leg Hip Raise,Ring Hanging Straight Leg Hip Raise,,MANUAL,Waist,MVP_CANDIDATE,Resistance/strength candidate,Rings,name,코어,source,,,unsupported,reps,apparatus_dynamic_policy,,,1,1,0,MANUAL_QA_REQUIRED
gvs_e7a753db6cb76433,gvc_ff6da4563dfd,Ring High Row,Ring High Row,,MANUAL,Back,MVP_CANDIDATE,Resistance/strength candidate,Rings,name,등,source,등 상부 / 광배근,이두근,name_high,reps,apparatus_dynamic_policy,,,2,1,1,MANUAL_QA_REQUIRED
gvs_3e10a8bab8390610,gvc_7f473645d9f5,Ring Hip Bridge,Ring Hip Bridge,,MANUAL,Hips,MVP_CANDIDATE,Resistance/strength candidate,Rings,name,하체,source,,,unsupported,reps,apparatus_dynamic_policy,,,1,1,0,MANUAL_QA_REQUIRED
gvs_986f8a3fe0943b2f,gvc_b0f2f8347032,Ring Hip Lift Single Leg Curl,Ring Hip Lift Single Leg Curl,,MANUAL,Thighs,MVP_CANDIDATE,Resistance/strength candidate,Rings,name,하체,source,햄스트링,,name_high,reps,apparatus_dynamic_policy,,,1,1,0,MANUAL_QA_REQUIRED
gvs_ba4651311a85efad,gvc_50f6c35798cf,Ring Incline Plank,Ring Incline Plank,,MANUAL,Waist,MVP_CANDIDATE,Resistance/strength candidate,Rings,name,코어,source,코어,,name_high,duration,apparatus_static_policy,duration,,1,1,0,MANUAL_QA_REQUIRED
gvs_e7abc1f9d61631d9,gvc_0d3269ad8846,Ring Incline Push Up,Ring Incline Push Up,,MANUAL,Chest,MVP_CANDIDATE,Resistance/strength candidate,Rings,name,가슴,source,,,unsupported,reps,apparatus_dynamic_policy,reps,,1,1,0,MANUAL_QA_REQUIRED
gvs_9101f363629fd6cb,gvc_4cf7601f9328,Ring Inverted Row,Ring Inverted Row,,MANUAL,Back,MVP_CANDIDATE,Resistance/strength candidate,Rings,name,등,source,등 상부 / 광배근,이두근,name_high,reps,apparatus_dynamic_policy,,,1,0,1,MANUAL_QA_REQUIRED
gvs_2550fefa61dffd2c,gvc_ae76895c9d29,Ring Inverted Row Parallel To The Floor,Ring Inverted Row Parallel To The Floor,,MANUAL,Back,MVP_CANDIDATE,Resistance/strength candidate,Rings,name,등,source,등 상부 / 광배근,이두근,name_high,reps,apparatus_dynamic_policy,,,1,1,0,MANUAL_QA_REQUIRED
gvs_093d81b91cc78ef1,gvc_9c3fd06d7715,Ring Isometric Hold Reverse Ab Rollout,Ring Isometric Hold Reverse Ab Rollout,,MANUAL,Waist,MVP_CANDIDATE,Resistance/strength candidate,Rings,name,코어,source,,,unsupported,duration,apparatus_static_policy,duration,,1,1,0,MANUAL_QA_REQUIRED
gvs_701ccbc8231f6fa2,gvc_238eb0c0eda9,Ring Knee Tuck Row,Ring Knee Tuck Row,,MANUAL,Back,MVP_CANDIDATE,Resistance/strength candidate,Rings,name,등,source,등 상부 / 광배근,이두근,name_high,reps,apparatus_dynamic_policy,,,1,1,0,MANUAL_QA_REQUIRED
gvs_db657fab4346034b,gvc_08d48c0d7694,Ring Kneeling Ab Rollout,Ring Kneeling Ab Rollout,,MANUAL,Waist,MVP_CANDIDATE,Resistance/strength candidate,Rings,name,코어,source,,,unsupported,reps,apparatus_dynamic_policy,,,1,1,0,MANUAL_QA_REQUIRED
gvs_ca064ac4b3df137e,gvc_7e84adccbe0d,Ring L Sit Chin Up,Ring L Sit Chin Up,,MANUAL,Back,MVP_CANDIDATE,Resistance/strength candidate,Rings,name,등,source,광배근,이두근 / 승모근,name_high,reps,apparatus_dynamic_policy,,,1,1,0,MANUAL_QA_REQUIRED
gvs_79017f23a3bf528b,gvc_0eb25d8295b7,Ring Leg Curl,Ring Leg Curl,,MANUAL,Thighs,MVP_CANDIDATE,Resistance/strength candidate,Rings,name,하체,source,햄스트링,,name_high,reps,apparatus_dynamic_policy,,,1,1,0,MANUAL_QA_REQUIRED
gvs_5e74e35ca2b0c77e,gvc_0b46c45f4da5,Ring Leg Curl With Yoga Block,Ring Leg Curl With Yoga Block,,MANUAL,Thighs,MVP_CANDIDATE,Resistance/strength candidate,Rings,name,하체,source,햄스트링,,name_high,reps,apparatus_dynamic_policy,,,1,1,0,MANUAL_QA_REQUIRED
gvs_8fb11f7f8c8764ef,gvc_80be88fd3942,Ring Leg Curl With Yoga Block And Towel,Ring Leg Curl With Yoga Block And Towel,,MANUAL,Thighs,MVP_CANDIDATE,Resistance/strength candidate,Rings,name,하체,source,햄스트링,,name_high,reps,apparatus_dynamic_policy,,,1,1,0,MANUAL_QA_REQUIRED
gvs_a33ebb54945242b6,gvc_8d08e2e2e926,Ring Neutral Grip Chin Up,Ring Neutral Grip Chin Up,,MANUAL,Back,MVP_CANDIDATE,Resistance/strength candidate,Rings,name,등,source,광배근,이두근 / 승모근,name_high,reps,apparatus_dynamic_policy,,,1,1,0,MANUAL_QA_REQUIRED
gvs_7c310ad1ee2e244d,gvc_512f74b0ae64,Ring Neutral Grip Inverted Row,Ring Neutral Grip Inverted Row,,MANUAL,Back,MVP_CANDIDATE,Resistance/strength candidate,Rings,name,등,source,등 상부 / 광배근,이두근,name_high,reps,apparatus_dynamic_policy,,,1,1,0,MANUAL_QA_REQUIRED
gvs_37698473cd3b0083,gvc_4bf60b478e89,Ring Pike,Ring Pike,,MANUAL,Waist,MVP_CANDIDATE,Resistance/strength candidate,Rings,name,코어,source,,,unsupported,reps,apparatus_dynamic_policy,,,1,1,0,MANUAL_QA_REQUIRED
gvs_634df974aa760676,gvc_5185eb0c2294,Ring Planche,Ring Planche,,MANUAL,Waist,MVP_CANDIDATE,Resistance/strength candidate,Rings,name,코어,source,,,unsupported,duration,apparatus_static_policy,,,1,1,0,MANUAL_QA_REQUIRED
gvs_856abc7201e10e1c,gvc_0257e5c10ac8,Ring Plank,Ring Plank,,MANUAL,Waist,MVP_CANDIDATE,Resistance/strength candidate,Rings,name,코어,source,코어,,name_high,duration,apparatus_static_policy,duration,,1,1,0,MANUAL_QA_REQUIRED
gvs_914329a75e169997,gvc_0b22c0e6b098,Ring Pull Up,Ring Pull Up,,MANUAL,Back,MVP_CANDIDATE,Resistance/strength candidate,Rings,name,등,source,광배근,이두근 / 승모근,name_high,reps,apparatus_dynamic_policy,,,1,1,0,MANUAL_QA_REQUIRED
gvs_6f5b0858852386ae,gvc_5bfd586fe100,Ring Pullover,Ring Pullover,,MANUAL,Back,MVP_CANDIDATE,Resistance/strength candidate,Rings,name,등,source,,,unsupported,reps,apparatus_dynamic_policy,,,1,1,0,MANUAL_QA_REQUIRED
gvs_be3f86a1fdb52011,gvc_411075ed12de,Ring Push Up To Side Plank,Ring Push Up To Side Plank,,MANUAL,Chest,MVP_CANDIDATE,Resistance/strength candidate,Rings,name,가슴,source,,,blank_after_semantic_qa,reps,apparatus_dynamic_policy,duration,,1,1,0,MANUAL_QA_REQUIRED
gvs_c74664dbea3a74c3,gvc_649fc937c494,Ring Rear Delt Row,Ring Rear Delt Row,,MANUAL,Shoulders,MVP_CANDIDATE,Resistance/strength candidate,Rings,name,어깨,source,후면 삼각근,,name_high,reps,apparatus_dynamic_policy,,,1,1,0,MANUAL_QA_REQUIRED
gvs_dbef1688a76e5a72,gvc_c59b08224d7b,Ring Reverse Ab Rollout,Ring Reverse Ab Rollout,,MANUAL,Waist,MVP_CANDIDATE,Resistance/strength candidate,Rings,name,코어,source,,,unsupported,reps,apparatus_dynamic_policy,,,1,1,0,MANUAL_QA_REQUIRED
gvs_2bd49c0d0bde4d4d,gvc_899bbe843924,Ring Reverse Fly,Ring Reverse Fly,,MANUAL,Shoulders,MVP_CANDIDATE,Resistance/strength candidate,Rings,name,어깨,source,후면 삼각근,,name_high,reps,apparatus_dynamic_policy,,,1,1,0,MANUAL_QA_REQUIRED
gvs_d0ca426572cbd075,gvc_9c27bacc3bae,Ring Reverse Push Up,Ring Reverse Push Up,,MANUAL,Upper-Arms,MVP_CANDIDATE,Resistance/strength candidate,Rings,name,팔,source,,,unsupported,reps,apparatus_dynamic_policy,reps,,1,1,0,MANUAL_QA_REQUIRED
gvs_229d27c1e942f8e5,gvc_f3e27b4a1d80,Ring Russian Dip,Ring Russian Dip,,MANUAL,Upper-Arms,MVP_CANDIDATE,Resistance/strength candidate,Rings,name,팔,source,,,unsupported,reps,apparatus_dynamic_policy,,,1,1,0,MANUAL_QA_REQUIRED
gvs_9d1b93f99cb7ad2d,gvc_8b0e4cfb156e,Ring Russian Push Up,Ring Russian Push Up,,MANUAL,Chest,MVP_CANDIDATE,Resistance/strength candidate,Rings,name,가슴,source,,,unsupported,reps,apparatus_dynamic_policy,reps,,1,1,0,MANUAL_QA_REQUIRED
gvs_3dfb3a7ad0be8618,gvc_77bb8ecfe407,Ring Self Assisted Chin Up,Ring Self Assisted Chin Up,,MANUAL,Back,MVP_CANDIDATE,Resistance/strength candidate,Rings,name,등,source,광배근,이두근 / 승모근,name_high,reps,apparatus_dynamic_policy,,,1,1,0,MANUAL_QA_REQUIRED
gvs_2c1b7b9aa52208e8,gvc_c18556bfe93c,Ring Self Assisted Pull Up,Ring Self Assisted Pull Up,,MANUAL,Back,MVP_CANDIDATE,Resistance/strength candidate,Rings,name,등,source,광배근,이두근 / 승모근,name_high,reps,apparatus_dynamic_policy,,,1,1,0,MANUAL_QA_REQUIRED
gvs_a6dc5556b9f10e54,gvc_72ceb3aae4dc,Ring Side Bridge,Ring Side Bridge,,MANUAL,Waist,MVP_CANDIDATE,Resistance/strength candidate,Rings,name,코어,source,,,unsupported,reps,apparatus_dynamic_policy,,,1,1,0,MANUAL_QA_REQUIRED
gvs_57f201c9c028c139,gvc_a3a02ebc3913,Ring Side Squat,Ring Side Squat,,MANUAL,Hips,MVP_CANDIDATE,Resistance/strength candidate,Rings,name,하체,source,대퇴사두근,둔근,name_high,reps,apparatus_dynamic_policy,,,1,1,0,MANUAL_QA_REQUIRED
gvs_f52e15f294ced5ec,gvc_b7b26dd4ee38,Ring One Arm Biceps Curl,Ring Single Arm Biceps Curl,,MANUAL,Upper-Arms,MVP_CANDIDATE,Resistance/strength candidate,Rings,name,팔,source,이두근,,name_high,reps,apparatus_dynamic_policy,,,1,1,0,MANUAL_QA_REQUIRED
gvs_0f9b029345c9dcbb,gvc_5ded429d9210,Ring One Arm Pull Up,Ring Single Arm Pull Up,,MANUAL,Back,MVP_CANDIDATE,Resistance/strength candidate,Rings,name,등,source,광배근,이두근 / 승모근,name_high,reps,apparatus_dynamic_policy,,,1,1,0,MANUAL_QA_REQUIRED
gvs_e66675d341d4e8fb,gvc_2a2a07de5200,Ring Single Arm Rear Delt Row,Ring Single Arm Rear Delt Row,,MANUAL,Shoulders,MVP_CANDIDATE,Resistance/strength candidate,Rings,name,어깨,source,후면 삼각근,,name_high,reps,apparatus_dynamic_policy,,,1,1,0,MANUAL_QA_REQUIRED
gvs_fda0570979e21275,gvc_e2341363f0d2,Ring Single Leg Curl (version 2),Ring Single Leg Curl,,MANUAL,Thighs,MVP_CANDIDATE,Resistance/strength candidate,Rings,name,하체,source,햄스트링,,name_high,reps,apparatus_dynamic_policy,,,1,1,0,MANUAL_QA_REQUIRED
gvs_3ed274817b661f55,gvc_3f3c50af8e3b,Ring Single Leg Curl With Towel,Ring Single Leg Curl With Towel,,MANUAL,Thighs,MVP_CANDIDATE,Resistance/strength candidate,Rings,name,하체,source,햄스트링,,name_high,reps,apparatus_dynamic_policy,,,1,1,0,MANUAL_QA_REQUIRED
gvs_514619f59a64506d,gvc_cd9b9b0d8cc2,Ring Split Fly,Ring Split Fly,,MANUAL,Shoulders,MVP_CANDIDATE,Resistance/strength candidate,Rings,name,어깨,source,,,unsupported,reps,apparatus_dynamic_policy,,,1,1,0,MANUAL_QA_REQUIRED
gvs_ae8895bd6b53914d,gvc_075f6912c053,Ring Split Squat,Ring Split Squat,,MANUAL,Thighs,MVP_CANDIDATE,Resistance/strength candidate,Rings,name,하체,source,대퇴사두근,둔근,name_high,reps,apparatus_dynamic_policy,,,1,1,0,MANUAL_QA_REQUIRED
gvs_54f258575462eb0f,gvc_eaa6cfc31a3b,Ring Straddle L Sit,Ring Straddle L Sit,,MANUAL,Waist,MVP_CANDIDATE,Resistance/strength candidate,Rings,name,코어,source,,,unsupported,duration,apparatus_static_policy,,,1,1,0,MANUAL_QA_REQUIRED
gvs_b55500d52d242839,gvc_274b9769a099,Ring Straight Hip Leg Curl,Ring Straight Hip Leg Curl,,MANUAL,Thighs,MVP_CANDIDATE,Resistance/strength candidate,Rings,name,하체,source,햄스트링,,name_high,reps,apparatus_dynamic_policy,,,1,1,0,MANUAL_QA_REQUIRED
gvs_ff481a80c4c7c9ba,gvc_ea13da57ecd1,Ring Supine Crunch,Ring Supine Crunch,,MANUAL,Waist,MVP_CANDIDATE,Resistance/strength candidate,Rings,name,코어,source,복직근,,name_high,reps,apparatus_dynamic_policy,reps,,1,1,0,MANUAL_QA_REQUIRED
gvs_5b056900dd85fbd6,gvc_e53b2ef8fff0,Ring Support Hold,Ring Support Hold,,MANUAL,Chest,MVP_CANDIDATE,Resistance/strength candidate,Rings,name,가슴,source,,,unsupported,duration,apparatus_static_policy,,,1,1,0,MANUAL_QA_REQUIRED
gvs_0e5bbba09641df26,gvc_b169910e73c6,Ring Swing,Ring Swing,,MANUAL,Waist,MVP_CANDIDATE,Resistance/strength candidate,Rings,name,코어,source,,,unsupported,reps,apparatus_dynamic_policy,,,1,1,0,MANUAL_QA_REQUIRED
gvs_4a691a4c4899108a,gvc_f6800a602201,Ring Triceps Extension,Ring Triceps Extension,,MANUAL,Upper-Arms,MVP_CANDIDATE,Resistance/strength candidate,Rings,name,팔,source,삼두근,,name_high,reps,apparatus_dynamic_policy,,,1,1,0,MANUAL_QA_REQUIRED
gvs_03079a93e45beda3,gvc_e8d276f86539,Ring Tuck Planche,Ring Tuck Planche,,MANUAL,Waist,MVP_CANDIDATE,Resistance/strength candidate,Rings,name,코어,source,,,unsupported,duration,apparatus_static_policy,,,1,1,0,MANUAL_QA_REQUIRED
gvs_0a6e1c86d5657ac0,gvc_7eeb146c6276,Ring Wide Grip Inverted Row,Ring Wide Grip Inverted Row,,MANUAL,Back,MVP_CANDIDATE,Resistance/strength candidate,Rings,name,등,source,등 상부 / 광배근,이두근,name_high,reps,apparatus_dynamic_policy,,,1,1,0,MANUAL_QA_REQUIRED
gvs_e1b814912af48b79,gvc_d0c264d356b0,Ring Wide Grip Inverted Row On Floor,Ring Wide Grip Inverted Row On Floor,,MANUAL,Back,MVP_CANDIDATE,Resistance/strength candidate,Rings,name,등,source,등 상부 / 광배근,이두근,name_high,reps,apparatus_dynamic_policy,,,1,1,0,MANUAL_QA_REQUIRED
gvs_2231cecb582a083b,gvc_0af75236ea3f,Ring Wide Pull Up,Ring Wide Pull Up,,MANUAL,Back,MVP_CANDIDATE,Resistance/strength candidate,Rings,name,등,source,광배근,이두근 / 승모근,name_high,reps,apparatus_dynamic_policy,,,1,1,0,MANUAL_QA_REQUIRED
gvs_5e4ee9b92d9cd11d,gvc_96588e3008dc,Ring Y Raise,Ring Y Raise,,MANUAL,Shoulders,MVP_CANDIDATE,Resistance/strength candidate,Rings,name,어깨,source,,,unsupported,reps,apparatus_dynamic_policy,,,1,1,0,MANUAL_QA_REQUIRED
gvs_f2516709a532d9ed,gvc_4d153c57652d,Rkc Plank,Rkc Plank,,MANUAL,Waist,MVP_CANDIDATE,Resistance/strength candidate,Bodyweight,inferred_bodyweight,코어,source,코어,,name_high,duration,semantic,duration,,1,0,1,MANUAL_QA_REQUIRED
gvs_d0e78034553c6c7e,gvc_019e7f02a933,Rocky Pull Up Pulldown,Rocky Pull Up Pulldown,,MANUAL,Back,MVP_CANDIDATE,Resistance/strength candidate,Bodyweight,inferred_bodyweight,등,source,광배근,이두근 / 승모근,name_high,reps,bodyweight,,,1,1,0,MANUAL_QA_REQUIRED
gvs_b3b18b9fc381a45f,gvc_80fbccd2b661,Roll Around The World Lying On Floor,Roll Around The World Lying On Floor,,MANUAL,Back,MVP_CANDIDATE,Resistance/strength candidate,Bodyweight,inferred_bodyweight,등,source,,,unsupported,reps,bodyweight,,,2,1,1,MANUAL_QA_REQUIRED
gvs_930ce9fc4055181a,gvc_a68dfede43a5,Roll Ball Adductors,Roll Ball Adductors,,MANUAL,Hips,MVP_CANDIDATE,Resistance/strength candidate,Bodyweight,inferred_bodyweight,하체,source,,,unsupported,reps,bodyweight,,,1,1,0,MANUAL_QA_REQUIRED
gvs_effbfadc5aa2785a,gvc_fd0c559418a6,Roll Ball Deltoid Posterior,Roll Ball Deltoid Posterior,,MANUAL,Shoulders,MVP_CANDIDATE,Resistance/strength candidate,Bodyweight,inferred_bodyweight,어깨,source,,,unsupported,reps,bodyweight,,,1,1,0,MANUAL_QA_REQUIRED
gvs_211557195e510815,gvc_5f2cfff4e6cc,Roll Ball Gluteus Maximus,Roll Ball Gluteus Maximus,,MANUAL,Hips,MVP_CANDIDATE,Resistance/strength candidate,Bodyweight,inferred_bodyweight,하체,source,,,unsupported,reps,bodyweight,,,1,1,0,MANUAL_QA_REQUIRED
gvs_4c61d57ead194ea4,gvc_5bc56d664605,Roll Ball Gluteus Medius,Roll Ball Gluteus Medius,,MANUAL,Hips,MVP_CANDIDATE,Resistance/strength candidate,Bodyweight,inferred_bodyweight,하체,source,,,unsupported,reps,bodyweight,,,1,1,0,MANUAL_QA_REQUIRED
gvs_69ccc3a83d999b22,gvc_d0d93137d60c,Roll Ball Iliospsoas,Roll Ball Iliospsoas,,MANUAL,Hips,MVP_CANDIDATE,Resistance/strength candidate,Bodyweight,inferred_bodyweight,하체,source,,,unsupported,reps,bodyweight,,,1,1,0,MANUAL_QA_REQUIRED
gvs_1e8d40ca083cc41c,gvc_a7bf1560edd3,Roll Ball Lower Back,Roll Ball Lower Back,,MANUAL,Hips,MVP_CANDIDATE,Resistance/strength candidate,Bodyweight,inferred_bodyweight,하체,source,,,unsupported,reps,bodyweight,,,1,1,0,MANUAL_QA_REQUIRED
gvs_679340415509cfd9,gvc_9a387b799730,Roll Ball Pectorial Release,Roll Ball Pectorial Release,,MANUAL,Chest,MVP_CANDIDATE,Resistance/strength candidate,Bodyweight,inferred_bodyweight,가슴,source,,,unsupported,reps,bodyweight,,,1,1,0,MANUAL_QA_REQUIRED
gvs_07436ccb875398b3,gvc_6f265dfba700,Roll Ball Piriformis Release,Roll Ball Piriformis Release,,MANUAL,Hips,MVP_CANDIDATE,Resistance/strength candidate,Bodyweight,inferred_bodyweight,하체,source,,,unsupported,reps,bodyweight,,,1,1,0,MANUAL_QA_REQUIRED
gvs_02d163fca6d64f52,gvc_3a8f91f9a349,Roll Ball Scapula Levator,Roll Ball Scapula Levator,,MANUAL,Back,MVP_CANDIDATE,Resistance/strength candidate,Bodyweight,inferred_bodyweight,등,source,,,unsupported,reps,bodyweight,,,1,1,0,MANUAL_QA_REQUIRED
gvs_d896fae038ae82de,gvc_6722f7cc4a81,Roll Ball Seated Hamstrings Active,Roll Ball Seated Hamstrings Active,,MANUAL,Thighs,MVP_CANDIDATE,Resistance/strength candidate,Bodyweight,inferred_bodyweight,하체,source,,,unsupported,reps,bodyweight,,,1,1,0,MANUAL_QA_REQUIRED
gvs_eee864ea118374ac,gvc_34018b39283a,Roll Ball Side Lying Inner Thigh Active,Roll Ball Side Lying Inner Thigh Active,,MANUAL,Hips,MVP_CANDIDATE,Resistance/strength candidate,Bodyweight,inferred_bodyweight,하체,source,,,unsupported,reps,bodyweight,,,1,1,0,MANUAL_QA_REQUIRED
gvs_1eaac8b0408a1766,gvc_9c619f0852ef,Roll Ball Tensor Fasciae Latae,Roll Ball Tensor Fasciae Latae,,MANUAL,Hips,MVP_CANDIDATE,Resistance/strength candidate,Bodyweight,inferred_bodyweight,하체,source,,,unsupported,reps,bodyweight,,,1,1,0,MANUAL_QA_REQUIRED
gvs_9159ccf76a4a1337,gvc_9d0333fb7246,Roll Ball Upper Trapezius Release,Roll Ball Upper Trapezius Release,,MANUAL,Back,MVP_CANDIDATE,Resistance/strength candidate,Bodyweight,inferred_bodyweight,등,source,,,unsupported,reps,bodyweight,,,1,1,0,MANUAL_QA_REQUIRED
gvs_109f90f49590273a,gvc_e6a74ecbd728,Roll Biceps Lying On Floor,Roll Biceps Lying On Floor,,MANUAL,Upper-Arms,MVP_CANDIDATE,Resistance/strength candidate,Bodyweight,inferred_bodyweight,팔,source,,,unsupported,reps,bodyweight,,,2,1,1,MANUAL_QA_REQUIRED
gvs_cdb173e7e8232e27,gvc_d89d802e652f,Roll Calves,Roll Calves,,MANUAL,Calves,MVP_CANDIDATE,Resistance/strength candidate,Bodyweight,inferred_bodyweight,하체,source,,,unsupported,reps,bodyweight,,,2,1,1,MANUAL_QA_REQUIRED
gvs_876e93e6fb01e4c8,gvc_02ffb9328b26,Roll Calves (single Leg),Roll Calves (Single Leg),,MANUAL,Calves,MVP_CANDIDATE,Resistance/strength candidate,Bodyweight,inferred_bodyweight,하체,source,,,unsupported,reps,bodyweight,,,1,0,1,MANUAL_QA_REQUIRED
gvs_a91b1a7fda00fd5f,gvc_e305cf250a76,Roll Chest Lying On Floor,Roll Chest Lying On Floor,,MANUAL,Chest,MVP_CANDIDATE,Resistance/strength candidate,Bodyweight,inferred_bodyweight,가슴,source,,,unsupported,reps,bodyweight,,,1,0,1,MANUAL_QA_REQUIRED
gvs_cf25494b95b04333,gvc_2b58019c91f1,Roll Chest Opener Lying On Floor,Roll Chest Opener Lying On Floor,,MANUAL,Chest,MVP_CANDIDATE,Resistance/strength candidate,Bodyweight,inferred_bodyweight,가슴,source,,,unsupported,reps,bodyweight,,,2,1,1,MANUAL_QA_REQUIRED
gvs_e405ebc4e70a255e,gvc_a112c14cf1a6,Roll Erector Spinae Lying On Floor,Roll Erector Spinae Lying On Floor,,MANUAL,Hips,MVP_CANDIDATE,Resistance/strength candidate,Bodyweight,inferred_bodyweight,하체,source,,,unsupported,reps,bodyweight,,,2,1,1,MANUAL_QA_REQUIRED
gvs_905d3f51eabf1245,gvc_43be7969cfeb,Roll Forearms Standing Against Wall,Roll Forearms Standing Against Wall,,MANUAL,Forearms,MVP_CANDIDATE,Resistance/strength candidate,Bodyweight,inferred_bodyweight,팔,source,,,unsupported,reps,bodyweight,,,2,1,1,MANUAL_QA_REQUIRED
gvs_79e47fb90825ca0d,gvc_7986fc387180;gvc_8864845d272d,Roll Front Shoulder And Chest Lying On Floor | Roll Front Shoulder And Chest Lying On Floor (fema,Roll Front Shoulder And Chest Lying On Floor,,MANUAL,Chest,MVP_CANDIDATE,Resistance/strength candidate,Bodyweight,inferred_bodyweight,가슴,source,,,unsupported,reps,bodyweight,,,2,1,1,MANUAL_QA_REQUIRED
gvs_ffaee92da74c4399,gvc_3ab6c03c1070,Roll Glute Twist Lying On Floor,Roll Glute Twist Lying On Floor,,MANUAL,Hips,MVP_CANDIDATE,Resistance/strength candidate,Bodyweight,inferred_bodyweight,하체,source,,,unsupported,reps,bodyweight,,,2,1,1,MANUAL_QA_REQUIRED
gvs_e005108bbf2abfab,gvc_6012b0356596,Roll Glutes Sitting On Floor,Roll Glutes Seated On Floor,,MANUAL,Hips,MVP_CANDIDATE,Resistance/strength candidate,Bodyweight,inferred_bodyweight,하체,source,,,unsupported,reps,bodyweight,,,2,1,1,MANUAL_QA_REQUIRED
gvs_a482acea8d7c1afc,gvc_5c63ad9b4c35,Roll Hamstrings And Glute Sitting On Floor (,Roll Hamstrings And Glute Seated On Floor,,MANUAL,Thighs,MVP_CANDIDATE,Resistance/strength candidate,Bodyweight,inferred_bodyweight,하체,source,,,unsupported,reps,bodyweight,,,2,1,1,MANUAL_QA_REQUIRED
gvs_11ab28b77dfd8fa7,gvc_f9a7b796b4a5,Roll Hamstrings Sitting On Floor,Roll Hamstrings Seated On Floor,,MANUAL,Thighs,MVP_CANDIDATE,Resistance/strength candidate,Bodyweight,inferred_bodyweight,하체,source,,,unsupported,reps,bodyweight,,,1,0,1,MANUAL_QA_REQUIRED
gvs_a53a2349a1bd1249,gvc_c5068eecd30a,Roll Hip Thrust,Roll Hip Thrust,,MANUAL,Hips,MVP_CANDIDATE,Resistance/strength candidate,Bodyweight,inferred_bodyweight,하체,source,둔근,햄스트링,name_high,reps,bodyweight,,,2,1,1,MANUAL_QA_REQUIRED
gvs_12877d29821412d1,gvc_789230ae517e,Roll Iliospsoas,Roll Iliospsoas,,MANUAL,Hips,MVP_CANDIDATE,Resistance/strength candidate,Bodyweight,inferred_bodyweight,하체,source,,,unsupported,reps,bodyweight,,,1,1,0,MANUAL_QA_REQUIRED
gvs_a96f6ddc6e08d236,gvc_076eed14791e,Roll Kneeling Upper Back Rotation,Roll Kneeling Upper Back Rotation,,MANUAL,Back,MVP_CANDIDATE,Resistance/strength candidate,Bodyweight,inferred_bodyweight,등,source,,,unsupported,reps,bodyweight,,,2,1,1,MANUAL_QA_REQUIRED
gvs_24c3733ac43525f4,gvc_03cbfb9111a3,Roll Lat Foam Rolling,Roll Lat Foam Rolling,,MANUAL,Back,MVP_CANDIDATE,Resistance/strength candidate,Bodyweight,inferred_bodyweight,등,source,,,unsupported,reps,bodyweight,,,1,1,0,MANUAL_QA_REQUIRED
gvs_5a9711c44f6b9fc2,gvc_4d343d484d1a,Roll Lower Back (side) Lying On Floor,Roll Lower Back (Side) Lying On Floor,,MANUAL,Back,MVP_CANDIDATE,Resistance/strength candidate,Bodyweight,inferred_bodyweight,등,source,,,unsupported,reps,bodyweight,,,2,1,1,MANUAL_QA_REQUIRED
gvs_2693eb6e54196cdc,gvc_226792cb0f52,Roll Middle Back Lying On Floor,Roll Middle Back Lying On Floor,,MANUAL,Back,MVP_CANDIDATE,Resistance/strength candidate,Bodyweight,inferred_bodyweight,등,source,,,unsupported,reps,bodyweight,,,2,1,1,MANUAL_QA_REQUIRED
gvs_8dd8c65029a19126,gvc_31c077af5ee9,Roll Pec Foam Rolling,Roll Pec Foam Rolling,,MANUAL,Chest,MVP_CANDIDATE,Resistance/strength candidate,Bodyweight,inferred_bodyweight,가슴,source,,,unsupported,reps,bodyweight,,,1,1,0,MANUAL_QA_REQUIRED
gvs_3ae848e506dbc609,gvc_93d386252a04,Roll Peroneal Side Lying On Floor,Roll Peroneal Side Lying On Floor,,MANUAL,Calves,MVP_CANDIDATE,Resistance/strength candidate,Bodyweight,inferred_bodyweight,하체,source,,,unsupported,reps,bodyweight,,,2,1,1,MANUAL_QA_REQUIRED
gvs_e146895c35c9fda6,gvc_2fa26d764d91,Roll Posterior Shoulder Lying On Floor,Roll Posterior Shoulder Lying On Floor,,MANUAL,Shoulders,MVP_CANDIDATE,Resistance/strength candidate,Bodyweight,inferred_bodyweight,어깨,source,,,unsupported,reps,bodyweight,,,2,1,1,MANUAL_QA_REQUIRED
gvs_f01fdf5955e3bd59,gvc_9962471633e4,Roll Press Plank,Roll Press Plank,,MANUAL,Waist,MVP_CANDIDATE,Resistance/strength candidate,Bodyweight,inferred_bodyweight,코어,source,코어,,name_high,reps,bodyweight,duration,,1,1,0,MANUAL_QA_REQUIRED
gvs_6b60918b372eda03,gvc_831f03dae282,Roll Pull And Bend On Stabilitity Ball,Roll Pull And Bend On Stabilitity Ball,,MANUAL,Waist,MVP_CANDIDATE,Resistance/strength candidate,Bodyweight,inferred_bodyweight,코어,source,,,unsupported,reps,bodyweight,,,1,0,1,MANUAL_QA_REQUIRED
gvs_39558e44283ad6ae,gvc_1d23dbc8d40c,Roll Rectus Femoris,Roll Rectus Femoris,,MANUAL,Thighs,MVP_CANDIDATE,Resistance/strength candidate,Bodyweight,inferred_bodyweight,하체,source,,,unsupported,reps,bodyweight,,,2,1,1,MANUAL_QA_REQUIRED
gvs_fbf2933b88b9dedb,gvc_e57c6f4e1be0,Roll Reverse Crunch,Roll Reverse Crunch,,MANUAL,Waist,MVP_CANDIDATE,Resistance/strength candidate,Bodyweight,inferred_bodyweight,코어,source,복직근,,name_high,reps,bodyweight,reps,,1,1,0,MANUAL_QA_REQUIRED
gvs_a656807d5eb87605,gvc_5661e4bff04f,Roll Rhomboids,Roll Rhomboids,,MANUAL,Back,MVP_CANDIDATE,Resistance/strength candidate,Bodyweight,inferred_bodyweight,등,source,,,unsupported,reps,bodyweight,,,2,1,1,MANUAL_QA_REQUIRED
gvs_3429b31ad01c2ca4,gvc_a9d97c1114b2,Roll Shoulder Back Rotation Lying On Floor (,Roll Shoulder Back Rotation Lying On Floor,,MANUAL,Shoulders,MVP_CANDIDATE,Resistance/strength candidate,Bodyweight,inferred_bodyweight,어깨,source,,,unsupported,reps,bodyweight,,,2,1,1,MANUAL_QA_REQUIRED
gvs_dce1904992a87641,gvc_29a4c9dd777f,Roll Shoulder Blade Reach Lying On Floor,Roll Shoulder Blade Reach Lying On Floor,,MANUAL,Back,MVP_CANDIDATE,Resistance/strength candidate,Bodyweight,inferred_bodyweight,등,source,,,unsupported,reps,bodyweight,,,2,1,1,MANUAL_QA_REQUIRED
gvs_3760fbb4e9bbb7a6,gvc_d37fa8b6bfe2,Roll Tensor Fasciae Latae,Roll Tensor Fasciae Latae,,MANUAL,Hips,MVP_CANDIDATE,Resistance/strength candidate,Bodyweight,inferred_bodyweight,하체,source,,,unsupported,reps,bodyweight,,,1,1,0,MANUAL_QA_REQUIRED
gvs_be9a653688c22bfc,gvc_24e3a6872dbd,Roll Thoracic Spine Lying On Floor,Roll Thoracic Spine Lying On Floor,,MANUAL,Back,MVP_CANDIDATE,Resistance/strength candidate,Bodyweight,inferred_bodyweight,등,source,,,unsupported,reps,bodyweight,,,2,1,1,MANUAL_QA_REQUIRED
gvs_ca7bd1450ac36641,gvc_d3e1dec5d4ef,Roll Tibialis Anterior,Roll Tibialis Anterior,,MANUAL,Calves,MVP_CANDIDATE,Resistance/strength candidate,Bodyweight,inferred_bodyweight,하체,source,,,unsupported,reps,bodyweight,,,2,1,1,MANUAL_QA_REQUIRED
gvs_0e2b5b8eb9413f80,gvc_a617a3ed170f,Roll Triceps Side Lying On Floor,Roll Triceps Side Lying On Floor,,MANUAL,Upper-Arms,MVP_CANDIDATE,Resistance/strength candidate,Bodyweight,inferred_bodyweight,팔,source,,,unsupported,reps,bodyweight,,,2,1,1,MANUAL_QA_REQUIRED
gvs_869843d5c09bb5c9,gvc_873bf29cd0ab,Rolling Bridge,Rolling Bridge,,MANUAL,Waist,MVP_CANDIDATE,Resistance/strength candidate,Bodyweight,inferred_bodyweight,코어,source,,,unsupported,reps,bodyweight,,,1,0,1,MANUAL_QA_REQUIRED
gvs_959aad22a7151df8,gvc_8ae43d7204c1,Rolling Plank,Rolling Plank,,MANUAL,Waist,MVP_CANDIDATE,Resistance/strength candidate,Bodyweight,inferred_bodyweight,코어,source,코어,,name_high,duration,semantic,duration,,1,0,1,MANUAL_QA_REQUIRED
gvs_844ba8f473fee7e2,gvc_4ea8d34438d6,Roman Chair Sit Up,Roman Chair Sit Up,,MANUAL,Waist,MVP_CANDIDATE,Resistance/strength candidate,Bodyweight,inferred_bodyweight,코어,source,복직근,,name_high,reps,bodyweight,reps,,1,1,0,MANUAL_QA_REQUIRED
gvs_223282f739f8b16f,gvc_4934a812a9d3,Romanian Deadlift Twist,Romanian Deadlift Twist,,MANUAL,Hips,MVP_CANDIDATE,Resistance/strength candidate,Bodyweight,inferred_bodyweight,하체,source,둔근 / 햄스트링,코어,name_high,reps,bodyweight,,,1,0,1,MANUAL_QA_REQUIRED
gvs_ca5ac78040b1e862,gvc_1c75b70a9218,Rotate And Leg Lift Crunch,Rotate And Leg Lift Crunch,,MANUAL,Waist,MVP_CANDIDATE,Resistance/strength candidate,Bodyweight,inferred_bodyweight,코어,source,복직근,,name_high,reps,bodyweight,reps,,1,1,0,MANUAL_QA_REQUIRED
gvs_647f9044061829c2,gvc_17f198746153,Rotate Push Up,Rotate Push Up,,MANUAL,Waist,MVP_CANDIDATE,Resistance/strength candidate,Bodyweight,inferred_bodyweight,코어,source,,,unsupported,reps,bodyweight,reps,,1,0,1,MANUAL_QA_REQUIRED
gvs_3dac19b3bc2b0a13,gvc_544c6a84b381,Rotating Push Up,Rotating Push Up,,MANUAL,Chest,MVP_CANDIDATE,Resistance/strength candidate,Bodyweight,inferred_bodyweight,가슴,source,,,unsupported,reps,bodyweight,reps,,1,1,0,MANUAL_QA_REQUIRED
gvs_d99ed6941a33dfa2,gvc_abc261139215,Rotation Back Swing,Rotation Back Swing,,MANUAL,Waist,MVP_CANDIDATE,Resistance/strength candidate,Bodyweight,inferred_bodyweight,코어,source,,,unsupported,reps,bodyweight,,,1,1,0,MANUAL_QA_REQUIRED
gvs_281207c0e74c958e,gvc_e76478e5ba97,Rotational Push Up,Rotational Push Up,,MANUAL,Chest,MVP_CANDIDATE,Resistance/strength candidate,Bodyweight,inferred_bodyweight,가슴,source,,,unsupported,reps,bodyweight,reps,,1,1,0,MANUAL_QA_REQUIRED
gvs_26d3892f0b5e6cc7,gvc_f96201d7a79a,Rotational Push Up Knee Tap,Rotational Push Up Knee Tap,,MANUAL,Chest,MVP_CANDIDATE,Resistance/strength candidate,Bodyweight,inferred_bodyweight,가슴,source,,,unsupported,reps,bodyweight,reps,,1,1,0,MANUAL_QA_REQUIRED
gvs_a259db49fdb20725,gvc_98216355f031,Rotator Cuff Warm Up,Rotator Cuff Warm Up,,MANUAL,Back,MVP_CANDIDATE,Resistance/strength candidate,Bodyweight,inferred_bodyweight,등,source,,,unsupported,reps,bodyweight,,,1,1,0,MANUAL_QA_REQUIRED
gvs_2b33d2be4e98d224,gvc_04f8122f68ef,Rounded Back Extension,Rounded Back Extension,,MANUAL,Hips,MVP_CANDIDATE,Resistance/strength candidate,Bodyweight,inferred_bodyweight,하체,source,,,unsupported,reps,bodyweight,,,1,1,0,MANUAL_QA_REQUIRED
gvs_bed2af9591774f31,gvc_7f10e26aea1f,Russian Twist,Russian Twist,러시안 트위스트,AUTO_PHRASE_DRAFT,Waist,MVP_CANDIDATE,Resistance/strength candidate,Bodyweight,inferred_bodyweight,코어,source,복사근,코어,name_high,reps,bodyweight,,,2,1,1,AUTO_DRAFT_COMPLETE
gvs_172b39b70454a04f,gvc_4b755ef397e5,Russian Twist (beginner Level),Russian Twist (Beginner Level),,MANUAL,Waist,MVP_CANDIDATE,Resistance/strength candidate,Bodyweight,inferred_bodyweight,코어,source,복사근,코어,name_high,reps,bodyweight,,,1,0,1,MANUAL_QA_REQUIRED
gvs_e4f90de6e9d77f9c,gvc_9869d2de71f1,Russian Twist (on Stability Ball Arms Straight),Russian Twist (On Stability Ball Arms Straight),,MANUAL,Waist,MVP_CANDIDATE,Resistance/strength candidate,Stability Ball,source,코어,source,복사근,코어,name_high,,review,,,1,0,1,MANUAL_QA_REQUIRED
gvs_83380dd0b530f546,gvc_099cc6c41a94,Russian Twist (with Medicine Ball),Russian Twist (With Medicine Ball),,MANUAL,Waist,MVP_CANDIDATE,Resistance/strength candidate,Medicine Ball,source,코어,source,복사근,코어,name_high,,review,,,1,1,0,MANUAL_QA_REQUIRED
gvs_288f7745626d7501,gvc_8eff59499394,Russian Twist Chop,Russian Twist Chop,,MANUAL,Waist,MVP_CANDIDATE,Resistance/strength candidate,Bodyweight,inferred_bodyweight,코어,source,복사근,코어,name_high,reps,bodyweight,,,2,1,1,MANUAL_QA_REQUIRED
gvs_b5bb9a142286758e,gvc_15d608ea0b37,Russian Twist Plus,Russian Twist Plus,,MANUAL,Waist,MVP_CANDIDATE,Resistance/strength candidate,Bodyweight,inferred_bodyweight,코어,source,복사근,코어,name_high,reps,bodyweight,,,1,1,0,MANUAL_QA_REQUIRED
gvs_e267aeedebf52bc5,gvc_e5b87e6fc91b,Russian Twist Punch,Russian Twist Punch,,MANUAL,Waist,MVP_CANDIDATE,Resistance/strength candidate,Bodyweight,inferred_bodyweight,코어,source,복사근,코어,name_high,reps,bodyweight,,,1,0,1,MANUAL_QA_REQUIRED
gvs_305ec50580096259,gvc_5d5f1ff2d385,Russian Twist With Hands On Chest,Russian Twist With Hands On Chest,,MANUAL,Waist,MVP_CANDIDATE,Resistance/strength candidate,Bodyweight,inferred_bodyweight,코어,source,복사근,코어,name_high,reps,bodyweight,,,1,0,1,MANUAL_QA_REQUIRED
gvs_5c90a2237dea190b,gvc_4689122c4192,Safety Bar Front Squat,Safety Bar Front Squat,,MANUAL,Thighs,MVP_CANDIDATE,Resistance/strength candidate,Bodyweight,inferred_bodyweight,하체,source,대퇴사두근,둔근,name_high,reps,bodyweight,,,1,1,0,MANUAL_QA_REQUIRED
gvs_42d8092d55bbbd9d,gvc_d8f542487d56,Safety Bar Good Morning,Safety Bar Good Morning,,MANUAL,Hips,MVP_CANDIDATE,Resistance/strength candidate,Bodyweight,inferred_bodyweight,하체,source,,,unsupported,reps,bodyweight,,,1,1,0,MANUAL_QA_REQUIRED
gvs_0490e193d6955263,gvc_4427d2b599de,Scapula Dips,Scapula Dips,,MANUAL,Back,MVP_CANDIDATE,Resistance/strength candidate,Bodyweight,inferred_bodyweight,등,source,,,unsupported,reps,bodyweight,,,2,1,1,MANUAL_QA_REQUIRED
gvs_9c29814d0c1a7e5d,gvc_8beedc5af828,Scapula Push Up,Scapula Push Up,,MANUAL,Chest,MVP_CANDIDATE,Resistance/strength candidate,Bodyweight,inferred_bodyweight,가슴,source,,,unsupported,reps,bodyweight,reps,,1,1,0,MANUAL_QA_REQUIRED
gvs_67390c4b7b1e9cc3,gvc_0503828deb68,Scapular Pull Up,Scapular Pull Up,,MANUAL,Back,MVP_CANDIDATE,Resistance/strength candidate,Bodyweight,inferred_bodyweight,등,source,광배근,이두근 / 승모근,name_high,reps,bodyweight,,,1,1,0,MANUAL_QA_REQUIRED
gvs_0ac6a6b6bbb4daa8,gvc_0c57e3c16c15,Scapular Slide Back To Wall,Scapular Slide Back To Wall,,MANUAL,Back,MVP_CANDIDATE,Resistance/strength candidate,Bodyweight,inferred_bodyweight,등,source,,,unsupported,reps,bodyweight,,,2,1,1,MANUAL_QA_REQUIRED
gvs_876df61d01dfdead,gvc_e6fed42a47cb,Scissors (advanced),Scissors (Advanced),,MANUAL,Waist,MVP_CANDIDATE,Resistance/strength candidate,Bodyweight,inferred_bodyweight,코어,source,,,unsupported,reps,bodyweight,,,1,1,0,MANUAL_QA_REQUIRED
gvs_44a40631e1c47309,gvc_a139e01ffa8b,Seal Push Up,Seal Push Up,,MANUAL,Back,MVP_CANDIDATE,Resistance/strength candidate,Bodyweight,inferred_bodyweight,등,source,,,unsupported,reps,bodyweight,reps,,1,1,0,MANUAL_QA_REQUIRED
gvs_fbabb0d585c62bfd,gvc_82e4b2b77f8b,Seated 8 Leg Crunch,Seated 8 Leg Crunch,,MANUAL,Waist,MVP_CANDIDATE,Resistance/strength candidate,Bodyweight,inferred_bodyweight,코어,source,복직근,,name_high,reps,bodyweight,reps,,2,1,1,MANUAL_QA_REQUIRED
gvs_472574c94c85569d,gvc_7922dc5b8375,Seated 8 Leg Crunch With Chair,Seated 8 Leg Crunch With Chair,,MANUAL,Waist,MVP_CANDIDATE,Resistance/strength candidate,Bodyweight,inferred_bodyweight,코어,source,복직근,,name_high,reps,bodyweight,reps,,1,1,0,MANUAL_QA_REQUIRED
gvs_e1095fdf0339d047,gvc_a2a933a716e4,Seated Alternate Butterfly Knee Raise,Seated Alternate Butterfly Knee Raise,,MANUAL,Hips,MVP_CANDIDATE,Resistance/strength candidate,Bodyweight,inferred_bodyweight,코어,source,복직근,장요근,semantic_rule_v2,reps,bodyweight,reps,,1,0,1,MANUAL_QA_REQUIRED
gvs_79a7009ba4eebaab,gvc_12656ab87e39,Seated Alternate In Out Leg Raise On Floor,Seated Alternate In Out Leg Raise On Floor,,MANUAL,Waist,MVP_CANDIDATE,Resistance/strength candidate,Bodyweight,inferred_bodyweight,코어,source,복직근,,name_high,reps,bodyweight,reps,,1,1,0,MANUAL_QA_REQUIRED
gvs_a83c99661e987fd0,gvc_a51e458fdfd9,Seated Alternate In Out Leg Raise Over Bench,Seated Alternate In Out Leg Raise Over Bench,,MANUAL,Waist,MVP_CANDIDATE,Resistance/strength candidate,Bodyweight,inferred_bodyweight,코어,source,복직근,,name_high,reps,bodyweight,reps,,1,1,0,MANUAL_QA_REQUIRED
gvs_fd669c4eaa4f37f0,gvc_fe29b9d644f3,Seated Alternate Knee Extension On Chair,Seated Alternate Knee Extension On Chair,,MANUAL,Thighs,MVP_CANDIDATE,Resistance/strength candidate,Bodyweight,inferred_bodyweight,하체,source,,,unsupported,reps,bodyweight,,,1,1,0,MANUAL_QA_REQUIRED
gvs_bc69648fdb31203f,gvc_e6e930866abf,Sitting Alternate Knee To Elbow Twist,Seated Alternate Knee To Elbow Twist,,MANUAL,Waist,MVP_CANDIDATE,Resistance/strength candidate,Bodyweight,inferred_bodyweight,코어,source,,,unsupported,reps,bodyweight,,,1,1,0,MANUAL_QA_REQUIRED
gvs_22a70ab9f73faeb9,gvc_adf54fb88ace,Seated Alternate Knee Tuck,Seated Alternate Knee Tuck,,MANUAL,Hips,MVP_CANDIDATE,Resistance/strength candidate,Bodyweight,inferred_bodyweight,하체,source,,,unsupported,reps,bodyweight,,,1,1,0,MANUAL_QA_REQUIRED
gvs_50ed92686c552526,gvc_f4e65f03b012,Seated Alternate Shoulders Circle,Seated Alternate Shoulders Circle,,MANUAL,Shoulders,MVP_CANDIDATE,Resistance/strength candidate,Bodyweight,inferred_bodyweight,어깨,source,,,unsupported,reps,bodyweight,,,2,1,1,MANUAL_QA_REQUIRED
gvs_6d78b30cc61323e6,gvc_cbe37f3c8fee,Seated Alternate Wide Side Adduction,Seated Alternate Wide Side Adduction,,MANUAL,Hips,MVP_CANDIDATE,Resistance/strength candidate,Bodyweight,inferred_bodyweight,하체,source,,,unsupported,reps,bodyweight,,,1,1,0,MANUAL_QA_REQUIRED
gvs_98cdcbfae429c08c,gvc_fc8e9255bc8b,Seated Back Press,Seated Back Press,,MANUAL,Back,MVP_CANDIDATE,Resistance/strength candidate,Bodyweight,inferred_bodyweight,등,source,,,unsupported,reps,bodyweight,,,2,1,1,MANUAL_QA_REQUIRED
gvs_9c5531903536b14a,gvc_96d76af2a33f,Seated Back Shift,Seated Back Shift,,MANUAL,Waist,MVP_CANDIDATE,Resistance/strength candidate,Bodyweight,inferred_bodyweight,코어,source,,,unsupported,reps,bodyweight,,,1,0,1,MANUAL_QA_REQUIRED
gvs_32ac61d2112147ec,gvc_b4241c868459,Seated Back Squeeze,Seated Back Squeeze,,MANUAL,Back,MVP_CANDIDATE,Resistance/strength candidate,Bodyweight,inferred_bodyweight,등,source,,,unsupported,reps,bodyweight,,,1,0,1,MANUAL_QA_REQUIRED
gvs_b47b8eaad5c40cbc,gvc_c7a44db751e5,Seated Back Twist,Seated Back Twist,,MANUAL,Waist,MVP_CANDIDATE,Resistance/strength candidate,Bodyweight,inferred_bodyweight,코어,source,,,unsupported,reps,bodyweight,,,1,0,1,MANUAL_QA_REQUIRED
gvs_f38386627dece284,gvc_4aedc46265ca,Seated Ballerina,Seated Ballerina,,MANUAL,Shoulders,MVP_CANDIDATE,Resistance/strength candidate,Bodyweight,inferred_bodyweight,어깨,source,,,unsupported,reps,bodyweight,,,1,0,1,MANUAL_QA_REQUIRED
gvs_7f85e0d4974304ee,gvc_3a95c355a9ae,Seated Behind Back Raise,Seated Behind Back Raise,,MANUAL,Back,MVP_CANDIDATE,Resistance/strength candidate,Bodyweight,inferred_bodyweight,등,source,,,unsupported,reps,bodyweight,,,1,0,1,MANUAL_QA_REQUIRED
gvs_d9d72315654995a9,gvc_75203ce652a6,Seated Chin Up,Seated Chin Up,시티드 친업,AUTO_PHRASE_DRAFT,Back,MVP_CANDIDATE,Resistance/strength candidate,Bodyweight,inferred_bodyweight,등,source,광배근,이두근 / 승모근,name_high,reps,bodyweight,,,1,1,0,AUTO_DRAFT_COMPLETE
gvs_fd8212c2a6443ec0,gvc_5c473dab2e2f,Seated Chin Up (legs Elevated),Seated Chin Up (Legs Elevated),,MANUAL,Back,MVP_CANDIDATE,Resistance/strength candidate,Bodyweight,inferred_bodyweight,등,source,광배근,이두근 / 승모근,name_high,reps,bodyweight,,,1,1,0,MANUAL_QA_REQUIRED
gvs_19b12b624fd0be7c,gvc_f71d2bf82aad,Seated Circle Leg Crunch,Seated Circle Leg Crunch,,MANUAL,Waist,MVP_CANDIDATE,Resistance/strength candidate,Bodyweight,inferred_bodyweight,코어,source,복직근,,name_high,reps,bodyweight,reps,,1,1,0,MANUAL_QA_REQUIRED
gvs_2a5968674babd287,gvc_e8f69fa6e630,Sitting Core Tight Rotation,Seated Core Tight Rotation,,MANUAL,Waist,MVP_CANDIDATE,Resistance/strength candidate,Bodyweight,inferred_bodyweight,코어,source,,,unsupported,reps,bodyweight,,,1,0,1,MANUAL_QA_REQUIRED
gvs_c66e9e5bfdad9063,gvc_97b7e4654815,Seated Diagonal Knee Raise On Bench,Seated Diagonal Knee Raise On Bench,,MANUAL,Waist,MVP_CANDIDATE,Resistance/strength candidate,Bodyweight,inferred_bodyweight,코어,source,복직근,,name_high,reps,bodyweight,reps,,1,1,0,MANUAL_QA_REQUIRED
gvs_b7dcc6c7c72cd3a7,gvc_9be8b8573ce2,Seated Finger Clap,Seated Finger Clap,,MANUAL,Forearms,MVP_CANDIDATE,Resistance/strength candidate,Bodyweight,inferred_bodyweight,팔,source,,,unsupported,reps,bodyweight,,,1,0,1,MANUAL_QA_REQUIRED
gvs_e5c6a9d88c644ac2,gvc_eda6b5fc0042,Seated Fist Pulse,Seated Fist Pulse,,MANUAL,Forearms,MVP_CANDIDATE,Resistance/strength candidate,Bodyweight,inferred_bodyweight,팔,source,,,unsupported,reps,bodyweight,,,2,1,1,MANUAL_QA_REQUIRED
gvs_6f2b28fbb0c2d32b,gvc_278014e27319,Sitting Floor Alternating Toe Touch,Seated Floor Alternating Toe Touch,,MANUAL,Waist,MVP_CANDIDATE,Resistance/strength candidate,Bodyweight,inferred_bodyweight,코어,source,,,unsupported,reps,bodyweight,,,1,1,0,MANUAL_QA_REQUIRED
gvs_c7b41313839a843b,gvc_9e15210d983b,Sitting Floor Diagonal Knee Raise,Seated Floor Diagonal Knee Raise,,MANUAL,Waist,MVP_CANDIDATE,Resistance/strength candidate,Bodyweight,inferred_bodyweight,코어,source,복직근,,name_high,reps,bodyweight,reps,,1,1,0,MANUAL_QA_REQUIRED
gvs_78efce2fdc191a1f,gvc_ab9e997bac41,Seated Frog Half To Full Sit Up,Seated Frog Half To Full Sit Up,,MANUAL,Waist,MVP_CANDIDATE,Resistance/strength candidate,Bodyweight,inferred_bodyweight,코어,source,복직근,,name_high,reps,bodyweight,reps,,1,1,0,MANUAL_QA_REQUIRED
gvs_429c57dda0c4b79d,gvc_ac46129869e9,Seated Heel Slide On Chair,Seated Heel Slide On Chair,,MANUAL,Thighs,MVP_CANDIDATE,Resistance/strength candidate,Bodyweight,inferred_bodyweight,하체,source,,,unsupported,reps,bodyweight,,,1,1,0,MANUAL_QA_REQUIRED
gvs_d0c0a7d8d2a3d48a,gvc_ce59d6692696,Seated Hip External Rotation,Seated Hip External Rotation,,MANUAL,Hips,MVP_CANDIDATE,Resistance/strength candidate,Bodyweight,inferred_bodyweight,하체,source,,,unsupported,reps,bodyweight,,,1,0,1,MANUAL_QA_REQUIRED
gvs_999e283de72d8b59,gvc_7d94aec9a3bc,Seated In Out Leg Raise On Floor,Seated In Out Leg Raise On Floor,,MANUAL,Waist,MVP_CANDIDATE,Resistance/strength candidate,Bodyweight,inferred_bodyweight,코어,source,복직근,,name_high,reps,bodyweight,reps,,2,1,1,MANUAL_QA_REQUIRED
gvs_54bacdec9a7d962a,gvc_b2ba1822677f,Seated In Out Leg Raise Over Bench,Seated In Out Leg Raise Over Bench,,MANUAL,Waist,MVP_CANDIDATE,Resistance/strength candidate,Bodyweight,inferred_bodyweight,코어,source,복직근,,name_high,reps,bodyweight,reps,,1,1,0,MANUAL_QA_REQUIRED
gvs_67b56dbdd2ecf5c9,gvc_dcde6c45bbcb,Sitting In Out Leg Raise With Chair,Seated In Out Leg Raise With Chair,,MANUAL,Waist,MVP_CANDIDATE,Resistance/strength candidate,Bodyweight,inferred_bodyweight,코어,source,복직근,,name_high,reps,bodyweight,reps,,1,1,0,MANUAL_QA_REQUIRED
gvs_cea0e3785d314712,gvc_6c53639b7e7f,Seated Isometric Hold Pull Up,Seated Isometric Hold Pull Up,,MANUAL,Back,MVP_CANDIDATE,Resistance/strength candidate,Bodyweight,inferred_bodyweight,등,source,광배근,이두근 / 승모근,name_high,duration,semantic,duration,,1,1,0,MANUAL_QA_REQUIRED
gvs_5ccbeb1981a42729,gvc_3171653890bf,Sitting Knee Extension On A Stability Ball (,Seated Knee Extension On A Stability Ball,,MANUAL,,MVP_CANDIDATE,Resistance/strength candidate,Stability Ball,source,,unknown,,,unsupported,,review,,,1,0,1,MANUAL_QA_REQUIRED
gvs_257ed45a08b027cc,gvc_9a5a2653dd79,Sitting Knee Raise On A Stability Ball,Seated Knee Raise On A Stability Ball,,MANUAL,Hips,MVP_CANDIDATE,Resistance/strength candidate,Stability Ball,source,코어,source,복직근,장요근,semantic_rule_v2,,review,reps,,1,0,1,MANUAL_QA_REQUIRED
gvs_e22e1a551c590889,gvc_555faa85252d,Sitting Leg Lift,Seated Leg Lift,,MANUAL,Hips,MVP_CANDIDATE,Resistance/strength candidate,Bodyweight,inferred_bodyweight,하체,source,,,unsupported,reps,bodyweight,,,1,0,1,MANUAL_QA_REQUIRED
gvs_10e9f83bcea4c77b,gvc_7197c0c6d834,Seated Leg Raise,Seated Leg Raise,시티드 레그 레이즈,AUTO_PHRASE_DRAFT,Waist,MVP_CANDIDATE,Resistance/strength candidate,Bodyweight,inferred_bodyweight,코어,source,복직근,,name_high,reps,bodyweight,reps,,1,1,0,AUTO_DRAFT_COMPLETE
gvs_9bda39f2545f32f0,gvc_98b2134de7a0,Seated Legs Circle Over Bench,Seated Legs Circle Over Bench,,MANUAL,Waist,MVP_CANDIDATE,Resistance/strength candidate,Bodyweight,inferred_bodyweight,코어,source,,,unsupported,reps,bodyweight,,,1,1,0,MANUAL_QA_REQUIRED
gvs_aa1e8425e762f939,gvc_389ea02f6ff3,Sitting Lotus Pose Hand Behind Side Bend,Seated Lotus Pose Hand Behind Side Bend,,MANUAL,Waist,MVP_CANDIDATE,Resistance/strength candidate,Bodyweight,inferred_bodyweight,코어,source,복사근,코어,name_high,reps,bodyweight,duration,,1,1,0,MANUAL_QA_REQUIRED
gvs_8c1cac7be1c5f803,gvc_e140d92cfd25,Sitting Lotus Pose Hip Horizontal Rotation (,Seated Lotus Pose Hip Horizontal Rotation,,MANUAL,Hips,MVP_CANDIDATE,Resistance/strength candidate,Bodyweight,inferred_bodyweight,하체,source,,,unsupported,reps,bodyweight,duration,,2,1,1,MANUAL_QA_REQUIRED
gvs_b8a643b51d723939,gvc_074804b53985,Sitting Lotus Pose Twist,Seated Lotus Pose Twist,,MANUAL,Waist,MVP_CANDIDATE,Resistance/strength candidate,Bodyweight,inferred_bodyweight,코어,source,,,unsupported,reps,bodyweight,duration,,1,0,1,MANUAL_QA_REQUIRED
gvs_ec66e32fe999655f,gvc_805cc068cf21,Sitting Lotus Pose Woodchoper,Seated Lotus Pose Woodchoper,,MANUAL,Waist,MVP_CANDIDATE,Resistance/strength candidate,Bodyweight,inferred_bodyweight,코어,source,,,unsupported,reps,bodyweight,duration,,1,1,0,MANUAL_QA_REQUIRED
gvs_12f3d8e38a3fec8b,gvc_e12aa45ca38a,Seated Lumbar Extension Flexion On Stability Ball,Seated Lumbar Extension Flexion On Stability Ball,,MANUAL,,MVP_CANDIDATE,Resistance/strength candidate,Stability Ball,source,,unknown,,,unsupported,,review,,,1,0,1,MANUAL_QA_REQUIRED
gvs_c18779e5478b3fe1,gvc_3668ac1f181a,Seated Neck Tap,Seated Neck Tap,,MANUAL,Upper-Arms,MVP_CANDIDATE,Resistance/strength candidate,Bodyweight,inferred_bodyweight,팔,source,,,unsupported,reps,bodyweight,,,1,0,1,MANUAL_QA_REQUIRED
gvs_b252c68551c3bb7d,gvc_a19f5c22f1a2,Seated Open Wings,Seated Open Wings,,MANUAL,Back,MVP_CANDIDATE,Resistance/strength candidate,Bodyweight,inferred_bodyweight,등,source,,,unsupported,reps,bodyweight,,,2,1,1,MANUAL_QA_REQUIRED
gvs_b1d8394d26231e35,gvc_1e7f7d7615a3,Sitting Opposite Tap,Seated Opposite Tap,,MANUAL,Waist,MVP_CANDIDATE,Resistance/strength candidate,Bodyweight,inferred_bodyweight,코어,source,,,unsupported,reps,bodyweight,,,1,1,0,MANUAL_QA_REQUIRED
gvs_a06c1bb46d8ec4a2,gvc_b14101141c3c,Seated Overhead Reach Press,Seated Overhead Reach Press,,MANUAL,Back,MVP_CANDIDATE,Resistance/strength candidate,Bodyweight,inferred_bodyweight,등,source,,,unsupported,reps,bodyweight,,,2,1,1,MANUAL_QA_REQUIRED
gvs_211f491c5750471a,gvc_9ddab108c266,Seated Overhead Triceps Extension,Seated Overhead Triceps Extension,시티드 오버헤드 트라이셉 익스텐션,AUTO_PHRASE_DRAFT,Upper-Arms,MVP_CANDIDATE,Resistance/strength candidate,Bodyweight,inferred_bodyweight,팔,source,삼두근,,name_high,reps,bodyweight,,,1,0,1,AUTO_DRAFT_COMPLETE
gvs_8fd7a27a7629e6b4,gvc_3c8bca524d0a,Seated Pull Up,Seated Pull Up,시티드 풀업,AUTO_PHRASE_DRAFT,Back,MVP_CANDIDATE,Resistance/strength candidate,Bodyweight,inferred_bodyweight,등,source,광배근,이두근 / 승모근,name_high,reps,bodyweight,,,1,1,0,AUTO_DRAFT_COMPLETE
gvs_d9109b5803dc45c6,gvc_a198012ff69a,Seated Pull Up (legs Elevated),Seated Pull Up (Legs Elevated),,MANUAL,Back,MVP_CANDIDATE,Resistance/strength candidate,Bodyweight,inferred_bodyweight,등,source,광배근,이두근 / 승모근,name_high,reps,bodyweight,,,1,1,0,MANUAL_QA_REQUIRED
gvs_686aea65c189390d,gvc_de938f2cd216,Seated Pulse Back Squeeze,Seated Pulse Back Squeeze,,MANUAL,Back,MVP_CANDIDATE,Resistance/strength candidate,Bodyweight,inferred_bodyweight,등,source,,,unsupported,reps,bodyweight,,,1,0,1,MANUAL_QA_REQUIRED
gvs_41f2488d946f9271,gvc_201b16f65b2d,Seated Row With Towel,Seated Row With Towel,,MANUAL,Back,MVP_CANDIDATE,Resistance/strength candidate,Bodyweight,inferred_bodyweight,등,source,등 상부 / 광배근,이두근,name_high,reps,bodyweight,,,1,1,0,MANUAL_QA_REQUIRED
gvs_f779a7f2a31cdf4e,gvc_9632e3e8347c;gvc_c0e45dcb9ff6,Sitting Scapular Adduction | Sitting Scapular Adduction (version 2),Seated Scapular Adduction,,MANUAL,Back,MVP_CANDIDATE,Resistance/strength candidate,Bodyweight,inferred_bodyweight,등,source,,,unsupported,reps,bodyweight,,,5,2,3,MANUAL_QA_REQUIRED
gvs_c15481c5ed449be9,gvc_cfa10644a66a,Sitting Scapular Adduction On Stability Ball (,Seated Scapular Adduction On Stability Ball,,MANUAL,,MVP_CANDIDATE,Resistance/strength candidate,Stability Ball,source,하체,name,,,unsupported,,review,,,1,1,0,MANUAL_QA_REQUIRED
gvs_dcd41288c30b8c4e,gvc_e59918e492cb,Seated Scapular Rotation,Seated Scapular Rotation,,MANUAL,Back,MVP_CANDIDATE,Resistance/strength candidate,Bodyweight,inferred_bodyweight,등,source,,,unsupported,reps,bodyweight,,,1,0,1,MANUAL_QA_REQUIRED
gvs_6b5a4501f1e92d05,gvc_246cc8b80bf9,Seated Shoulder 90 Degrees Internal Rotation,Seated Shoulder 90 Degrees Internal Rotation,,MANUAL,Back,MVP_CANDIDATE,Resistance/strength candidate,Bodyweight,inferred_bodyweight,등,source,,,unsupported,reps,bodyweight,,,1,1,0,MANUAL_QA_REQUIRED
gvs_ee8a18afc140ef17,gvc_c22edafb47c0,Seated Shoulder Anti Clockwise Circle,Seated Shoulder Anti Clockwise Circle,,MANUAL,Back,MVP_CANDIDATE,Resistance/strength candidate,Bodyweight,inferred_bodyweight,등,source,,,unsupported,reps,bodyweight,,,1,0,1,MANUAL_QA_REQUIRED
gvs_7bbb8a4fc004f32f,gvc_c3124dda9d60,Seated Shoulder Circle,Seated Shoulder Circle,,MANUAL,Back,MVP_CANDIDATE,Resistance/strength candidate,Bodyweight,inferred_bodyweight,등,source,,,unsupported,reps,bodyweight,,,2,1,1,MANUAL_QA_REQUIRED
gvs_e081e08b954f7c9b,gvc_0425d4837ad7,Seated Shoulder Waves,Seated Shoulder Waves,,MANUAL,Shoulders,MVP_CANDIDATE,Resistance/strength candidate,Bodyweight,inferred_bodyweight,어깨,source,,,unsupported,reps,bodyweight,,,2,1,1,MANUAL_QA_REQUIRED
gvs_bf25b3f8e5bdbf9a,gvc_71509c196346,Seated Shoulders Tap,Seated Shoulders Tap,,MANUAL,Upper-Arms,MVP_CANDIDATE,Resistance/strength candidate,Bodyweight,inferred_bodyweight,팔,source,,,unsupported,reps,bodyweight,,,1,0,1,MANUAL_QA_REQUIRED
gvs_18f4cbf2d9a33cfc,gvc_eb9491881595,Sitting Side Bend Elbow To Floor Tap,Seated Side Bend Elbow To Floor Tap,,MANUAL,Waist,MVP_CANDIDATE,Resistance/strength candidate,Bodyweight,inferred_bodyweight,코어,source,복사근,코어,name_high,reps,bodyweight,,,1,0,1,MANUAL_QA_REQUIRED
gvs_bba2c1281abd4c12,gvc_536cde834e40,Sitting Side Crunch,Seated Side Crunch,시티드 사이드 크런치,AUTO_PHRASE_DRAFT,Waist,MVP_CANDIDATE,Resistance/strength candidate,Bodyweight,inferred_bodyweight,코어,source,복사근,코어,name_high,reps,bodyweight,reps,,2,1,1,AUTO_DRAFT_COMPLETE
gvs_cf52d238e7851636,gvc_635d93dd9256,Seated Side Crunch (wall),Seated Side Crunch (Wall),,MANUAL,Waist,MVP_CANDIDATE,Resistance/strength candidate,Bodyweight,inferred_bodyweight,코어,source,복사근,코어,name_high,reps,bodyweight,reps,,1,1,0,MANUAL_QA_REQUIRED
gvs_cccf8eb6023e9b44,gvc_7f1b73e48128,Seated Side To Side Leg Raise Crunch On Floor,Seated Side To Side Leg Raise Crunch On Floor,,MANUAL,Waist,MVP_CANDIDATE,Resistance/strength candidate,Bodyweight,inferred_bodyweight,코어,source,복직근,,name_high,reps,bodyweight,reps,,1,1,0,MANUAL_QA_REQUIRED
gvs_8aecff4df0f6a045,gvc_f6c26b761895,Seated Single Leg Raise,Seated Single Leg Raise,,MANUAL,Hips,MVP_CANDIDATE,Resistance/strength candidate,Bodyweight,inferred_bodyweight,코어,source,복직근,장요근,semantic_rule_v2,reps,bodyweight,reps,,2,1,1,MANUAL_QA_REQUIRED
gvs_3f30299ccf0fdc32,gvc_a5b228fa47bd,Seated Single Leg Raise On Chair,Seated Single Leg Raise On Chair,,MANUAL,Hips,MVP_CANDIDATE,Resistance/strength candidate,Bodyweight,inferred_bodyweight,코어,source,복직근,장요근,semantic_rule_v2,reps,bodyweight,reps,,1,1,0,MANUAL_QA_REQUIRED
gvs_c0af4823fcb606c3,gvc_6685dbdbcebd,Seated Sky Gaze,Seated Sky Gaze,,MANUAL,Waist,MVP_CANDIDATE,Resistance/strength candidate,Bodyweight,inferred_bodyweight,코어,source,,,unsupported,reps,bodyweight,,,1,0,1,MANUAL_QA_REQUIRED
gvs_33fed30c097a2dce,gvc_82234cf73c45,Seated Tibialis Anterior Press,Seated Tibialis Anterior Press,,MANUAL,Calves,MVP_CANDIDATE,Resistance/strength candidate,Bodyweight,inferred_bodyweight,하체,source,,,unsupported,reps,bodyweight,,,1,0,1,MANUAL_QA_REQUIRED
gvs_51edf08c8518376a,gvc_d3cf9b691036,Sitting Toe Touch,Seated Toe Touch,,MANUAL,Waist,MVP_CANDIDATE,Resistance/strength candidate,Bodyweight,inferred_bodyweight,코어,source,,,unsupported,reps,bodyweight,,,1,0,1,MANUAL_QA_REQUIRED
gvs_b31ef82c1c570af2,gvc_835ef281d459,Seated Twist (straight Arm),Seated Twist (Straight Arm),,MANUAL,Waist,MVP_CANDIDATE,Resistance/strength candidate,Bodyweight,inferred_bodyweight,코어,source,,,unsupported,reps,bodyweight,,,1,1,0,MANUAL_QA_REQUIRED
gvs_0e7c96de8cf37ecc,gvc_5e1ba78692c9,Seated Wide Angle Pose Sequence,Seated Wide Angle Pose Sequence,,MANUAL,Thighs,MVP_CANDIDATE,Resistance/strength candidate,Bodyweight,inferred_bodyweight,하체,source,,,unsupported,reps,bodyweight,duration,,1,1,0,MANUAL_QA_REQUIRED
gvs_eca7367b69b01b6b,gvc_2561ba92fa37,Sitting Windmill On Chair,Seated Windmill On Chair,,MANUAL,Waist,MVP_CANDIDATE,Resistance/strength candidate,Bodyweight,inferred_bodyweight,코어,source,,,unsupported,reps,bodyweight,,,1,0,1,MANUAL_QA_REQUIRED
gvs_0e97c8ec308fe4ca,gvc_40d1d6895b41,Sitting Windshield Wipers,Seated Windshield Wipers,,MANUAL,Waist,MVP_CANDIDATE,Resistance/strength candidate,Bodyweight,inferred_bodyweight,코어,source,,,unsupported,reps,bodyweight,,,2,1,1,MANUAL_QA_REQUIRED
gvs_aa36e57e0f69abd6,gvc_e531eaead74d;gvc_e531ebead74d,Self Assisted Inverse Leg Curl (version 2) | Self Assisted Inverse Leg Curl (version 3),Self Assisted Inverse Leg Curl,,MANUAL,Thighs,MVP_CANDIDATE,Resistance/strength candidate,,unknown,하체,source,햄스트링,,name_high,,review,,,2,2,0,MANUAL_QA_REQUIRED
gvs_cd18ab90c56bcaca,gvc_5ade19da8cda,Self Assisted Inverted Pullover,Self Assisted Inverted Pullover,,MANUAL,Back,MVP_CANDIDATE,Resistance/strength candidate,,unknown,등,source,,,unsupported,,review,,,2,1,1,MANUAL_QA_REQUIRED
gvs_e84c77540f1885d6,gvc_3ef8fd39b992,Self Assisted Neutral Grip Chin Up,Self Assisted Neutral Grip Chin Up,,MANUAL,Back,MVP_CANDIDATE,Resistance/strength candidate,,unknown,등,source,광배근,이두근 / 승모근,name_high,,review,,,1,1,0,MANUAL_QA_REQUIRED
gvs_e9498b9fef9d657f,gvc_25c4e1fadbe1,Serratus Wall Slide,Serratus Wall Slide,,MANUAL,Back,MVP_CANDIDATE,Resistance/strength candidate,Bodyweight,inferred_bodyweight,등,source,,,unsupported,reps,bodyweight,,,1,1,0,MANUAL_QA_REQUIRED
gvs_9417805a9c1ca510,gvc_6bc6619ee250,Shoulder Grip Pull Up,Shoulder Grip Pull Up,,MANUAL,Back,MVP_CANDIDATE,Resistance/strength candidate,Bodyweight,inferred_bodyweight,등,source,광배근,이두근 / 승모근,name_high,reps,bodyweight,,,2,1,1,MANUAL_QA_REQUIRED
gvs_6406ce56e03e227c,gvc_4753f068bbd3,Shoulder Tap,Shoulder Tap,,MANUAL,Waist,MVP_CANDIDATE,Resistance/strength candidate,Bodyweight,inferred_bodyweight,코어,source,,,unsupported,reps,bodyweight,,,1,1,0,MANUAL_QA_REQUIRED
gvs_89582d7e4898ad20,gvc_95f4e02195aa,Shrimp Squat,Shrimp Squat,,MANUAL,Thighs,MVP_CANDIDATE,Resistance/strength candidate,Bodyweight,inferred_bodyweight,하체,source,대퇴사두근,둔근,name_high,reps,bodyweight,,,1,1,0,MANUAL_QA_REQUIRED
gvs_fbbadfc16aa4dbd9,gvc_053c422c9666,Shuffle Hops,Shuffle Hops,,MANUAL,Hips,MVP_CANDIDATE,Resistance/strength candidate,Bodyweight,inferred_bodyweight,하체,source,,,unsupported,reps,bodyweight,,,1,1,0,MANUAL_QA_REQUIRED
gvs_fd52ad4bd4162bf3,gvc_bbcf2760e7cf,Sicilian Roll Up,Sicilian Roll Up,,MANUAL,Waist,MVP_CANDIDATE,Resistance/strength candidate,Bodyweight,inferred_bodyweight,코어,source,,,unsupported,reps,bodyweight,,,1,1,0,MANUAL_QA_REQUIRED
gvs_d971b8a9d335a549,gvc_1960f68b9703,Side And Front In Out,Side And Front In Out,,MANUAL,Waist,MVP_CANDIDATE,Resistance/strength candidate,Bodyweight,inferred_bodyweight,코어,source,,,unsupported,reps,bodyweight,,,1,1,0,MANUAL_QA_REQUIRED
gvs_b20ff0183656918a,gvc_188e053edebb,Side Bend Arms Above,Side Bend Arms Above,,MANUAL,Waist,MVP_CANDIDATE,Resistance/strength candidate,Bodyweight,inferred_bodyweight,코어,source,복사근,코어,name_high,reps,bodyweight,,,1,1,0,MANUAL_QA_REQUIRED
gvs_d54ec5f49718f57e,gvc_45e5c6b16faf,Side Bend Plank,Side Bend Plank,,MANUAL,Waist,MVP_CANDIDATE,Resistance/strength candidate,Bodyweight,inferred_bodyweight,코어,source,복사근,코어,name_high,duration,semantic,duration,,1,1,0,MANUAL_QA_REQUIRED
gvs_8e5fb76ebdfe7eb4,gvc_45e27408b465,Side Bridge,Side Bridge,,MANUAL,Waist,MVP_CANDIDATE,Resistance/strength candidate,Bodyweight,inferred_bodyweight,코어,source,,,unsupported,reps,bodyweight,,,1,0,1,MANUAL_QA_REQUIRED
gvs_97ffdfc7f8fb4357,gvc_6d14e2a2c8cb,Side Bridge (bent Knee),Side Bridge (Bent Knee),,MANUAL,Thighs,MVP_CANDIDATE,Resistance/strength candidate,Bodyweight,inferred_bodyweight,하체,source,,,unsupported,reps,bodyweight,,,1,0,1,MANUAL_QA_REQUIRED
gvs_4bacf9d470b02b36,gvc_c7d00cb23b2f,Side Bridge Hip Abduction,Side Bridge Hip Abduction,,MANUAL,Hips,MVP_CANDIDATE,Resistance/strength candidate,Bodyweight,inferred_bodyweight,하체,source,중둔근,,name_high,reps,bodyweight,,,2,1,1,MANUAL_QA_REQUIRED
gvs_0951b3b7b3536c07,gvc_7e1d8f9d9a5d,Side Bridge Hip Abduction (star),Side Bridge Hip Abduction (Star),,MANUAL,Hips,MVP_CANDIDATE,Resistance/strength candidate,Bodyweight,inferred_bodyweight,하체,source,중둔근,,name_high,reps,bodyweight,,,1,0,1,MANUAL_QA_REQUIRED
gvs_de89e9a18edeedb9,gvc_a7e6a7a99395,Side Bridge With Bent Leg,Side Bridge With Bent Leg,,MANUAL,Hips,MVP_CANDIDATE,Resistance/strength candidate,Bodyweight,inferred_bodyweight,하체,source,,,unsupported,reps,bodyweight,,,1,1,0,MANUAL_QA_REQUIRED
gvs_e47f45e412bbabce,gvc_c413ac14b037,Side Clamp,Side Clamp,,MANUAL,Hips,MVP_CANDIDATE,Resistance/strength candidate,Bodyweight,inferred_bodyweight,하체,source,,,unsupported,reps,bodyweight,,,1,1,0,MANUAL_QA_REQUIRED
gvs_f48e39227efc0a40,gvc_adcb739d83b8,Side Crawl,Side Crawl,,MANUAL,Waist,MVP_CANDIDATE,Resistance/strength candidate,Bodyweight,inferred_bodyweight,코어,source,,,unsupported,reps,bodyweight,,,1,1,0,MANUAL_QA_REQUIRED
gvs_949cd796ce450542,gvc_0a3e614dd820;gvc_9fc26c42f0ee,Side Crunch | Side Crunch (version 2),Side Crunch,사이드 크런치,AUTO_PHRASE_DRAFT,Waist,MVP_CANDIDATE,Resistance/strength candidate,Bodyweight,inferred_bodyweight,코어,source,복사근,코어,name_high,reps,bodyweight,reps,,3,0,3,AUTO_DRAFT_COMPLETE
gvs_826b7c0471561946,gvc_22b2e72ff552,Side Crunch Against Wall,Side Crunch Against Wall,,MANUAL,Waist,MVP_CANDIDATE,Resistance/strength candidate,Bodyweight,inferred_bodyweight,코어,source,복사근,코어,name_high,reps,bodyweight,reps,,1,1,0,MANUAL_QA_REQUIRED
gvs_e1986f39f2fa2d61,gvc_664d752f9961,Side Floor Tap Plank,Side Floor Tap Plank,,MANUAL,Waist,MVP_CANDIDATE,Resistance/strength candidate,Bodyweight,inferred_bodyweight,코어,source,코어,,name_high,reps,bodyweight,duration,,1,1,0,MANUAL_QA_REQUIRED
gvs_f132f43b0bd8992b,gvc_71fcd4073b11,Side Glute Raise Chair Supported,Side Glute Raise Chair Supported,,MANUAL,Hips,MVP_CANDIDATE,Resistance/strength candidate,Bodyweight,inferred_bodyweight,하체,source,,,unsupported,reps,bodyweight,,,1,0,1,MANUAL_QA_REQUIRED
gvs_1a30210f35ee1d47,gvc_661ed826f515,Side Hip (on Parallel Bars),Side Hip (On Parallel Bars),,MANUAL,Waist,MVP_CANDIDATE,Resistance/strength candidate,Bodyweight,inferred_bodyweight,코어,source,,,unsupported,reps,bodyweight,,,1,1,0,MANUAL_QA_REQUIRED
gvs_86f0b24247597c44,gvc_cb73ca9216c0,Side Hip Abduction,Side Hip Abduction,사이드 힙 어브덕션,AUTO_PHRASE_DRAFT,Hips,MVP_CANDIDATE,Resistance/strength candidate,Bodyweight,inferred_bodyweight,하체,source,중둔근,,name_high,reps,bodyweight,,,2,1,1,AUTO_DRAFT_COMPLETE
gvs_051fe98e341a70b4,gvc_1186d6d2be9d,Side Kick Through,Side Kick Through,,MANUAL,Waist,MVP_CANDIDATE,Resistance/strength candidate,Bodyweight,inferred_bodyweight,코어,source,,,unsupported,reps,bodyweight,,,1,1,0,MANUAL_QA_REQUIRED
gvs_2b12179a0a79bb58,gvc_150a708ca0e1,Side Kneeling Push Up,Side Kneeling Push Up,사이드 닐링 푸시업,AUTO_PHRASE_DRAFT,Chest,MVP_CANDIDATE,Resistance/strength candidate,Bodyweight,inferred_bodyweight,가슴,source,,,unsupported,reps,bodyweight,reps,,1,1,0,AUTO_DRAFT_COMPLETE
gvs_351f650b7ea30453,gvc_7a5a0165c60d,Side Lunge,Side Lunge,사이드 런지,AUTO_PHRASE_DRAFT,Thighs,MVP_CANDIDATE,Resistance/strength candidate,Bodyweight,inferred_bodyweight,하체,source,대퇴사두근,둔근,name_high,reps,bodyweight,reps,,2,1,1,AUTO_DRAFT_COMPLETE
gvs_d13ec2cee5e98bb8,gvc_9041d71e0559,Side Lunge Rock (advanced),Side Lunge Rock (Advanced),,MANUAL,Hips,MVP_CANDIDATE,Resistance/strength candidate,Bodyweight,inferred_bodyweight,하체,source,대퇴사두근,둔근,name_high,reps,bodyweight,reps,,1,0,1,MANUAL_QA_REQUIRED
gvs_f00b14750ef0be61,gvc_cefbbfeb748e,Side Lunge Rock (beginner),Side Lunge Rock (Beginner),,MANUAL,Hips,MVP_CANDIDATE,Resistance/strength candidate,Bodyweight,inferred_bodyweight,하체,source,대퇴사두근,둔근,name_high,reps,bodyweight,reps,,1,0,1,MANUAL_QA_REQUIRED
gvs_83aa962f89ffa5bf,gvc_394652bfda38,Side Lunge With Hip Rotation,Side Lunge With Hip Rotation,,MANUAL,Hips,MVP_CANDIDATE,Resistance/strength candidate,Bodyweight,inferred_bodyweight,하체,source,대퇴사두근,둔근,name_high,reps,bodyweight,reps,,1,1,0,MANUAL_QA_REQUIRED
gvs_237d3df44f99e772,gvc_e56e54eb6f05,Side Lying 90 Degrees Hip Clam,Side Lying 90 Degrees Hip Clam,,MANUAL,Hips,MVP_CANDIDATE,Resistance/strength candidate,Bodyweight,inferred_bodyweight,하체,source,,,unsupported,reps,bodyweight,,,1,0,1,MANUAL_QA_REQUIRED
gvs_b2ed3bfcee1af4f2,gvc_28d771a22888,Side Lying Abdominal Press Against Arm,Side Lying Abdominal Press Against Arm,,MANUAL,Waist,MVP_CANDIDATE,Resistance/strength candidate,Bodyweight,inferred_bodyweight,코어,source,,,unsupported,reps,bodyweight,,,1,0,1,MANUAL_QA_REQUIRED
gvs_e12e5d88b8a97336,gvc_3f4ce140bd19,Side Lying Clam,Side Lying Clam,,MANUAL,Hips,MVP_CANDIDATE,Resistance/strength candidate,Bodyweight,inferred_bodyweight,하체,source,,,unsupported,reps,bodyweight,,,1,0,1,MANUAL_QA_REQUIRED
gvs_63a8645dcba0ebc1,gvc_281503158318,Side Lying Clam And Kick,Side Lying Clam And Kick,,MANUAL,Hips,MVP_CANDIDATE,Resistance/strength candidate,Bodyweight,inferred_bodyweight,하체,source,,,unsupported,reps,bodyweight,,,2,1,1,MANUAL_QA_REQUIRED
gvs_440b04a5665335e1,gvc_ad3eb8f78be8,Side Lying Cycle Oblique Tuck,Side Lying Cycle Oblique Tuck,,MANUAL,Waist,MVP_CANDIDATE,Resistance/strength candidate,Bodyweight,inferred_bodyweight,코어,source,,,unsupported,reps,bodyweight,distance_duration,,1,1,0,MANUAL_QA_REQUIRED
gvs_98bd67e805594e1a,gvc_43bac81cde33,Side Lying Diagonal Backward Leg Raise,Side Lying Diagonal Backward Leg Raise,,MANUAL,Hips,MVP_CANDIDATE,Resistance/strength candidate,Bodyweight,inferred_bodyweight,하체,source,,,blank_after_semantic_qa,reps,bodyweight,reps,,1,0,1,MANUAL_QA_REQUIRED
gvs_e957ef915aa8f291,gvc_bb3a00149f94,Side Lying Heel And Knee Taps,Side Lying Heel And Knee Taps,,MANUAL,Hips,MVP_CANDIDATE,Resistance/strength candidate,Bodyweight,inferred_bodyweight,하체,source,,,unsupported,reps,bodyweight,,,2,1,1,MANUAL_QA_REQUIRED
gvs_debbe7bad291512c,gvc_93319fc00884,Side Lying Heel Reaches,Side Lying Heel Reaches,,MANUAL,Hips,MVP_CANDIDATE,Resistance/strength candidate,Bodyweight,inferred_bodyweight,하체,source,,,unsupported,reps,bodyweight,,,1,0,1,MANUAL_QA_REQUIRED
gvs_c6b27406890c2ce0,gvc_a4f4597e08d7,Side Lying Hip Adduction,Side Lying Hip Adduction,사이드 라잉 힙 어덕션,AUTO_PHRASE_DRAFT,Hips,MVP_CANDIDATE,Resistance/strength candidate,Bodyweight,inferred_bodyweight,하체,source,내전근,,name_high,reps,bodyweight,,,2,1,1,AUTO_DRAFT_COMPLETE
gvs_b9fbab5a18f63234,gvc_07d04b20da33,Side Lying Hip Adduction (left),Side Lying Hip Adduction (Left),,MANUAL,Hips,MVP_CANDIDATE,Resistance/strength candidate,Bodyweight,inferred_bodyweight,하체,source,내전근,,name_high,reps,bodyweight,,,2,1,1,MANUAL_QA_REQUIRED
gvs_dc674b3ecbffb620,gvc_6fc0962d2be9,Side Lying Hip Circle,Side Lying Hip Circle,,MANUAL,Hips,MVP_CANDIDATE,Resistance/strength candidate,Bodyweight,inferred_bodyweight,하체,source,,,unsupported,reps,bodyweight,,,1,0,1,MANUAL_QA_REQUIRED
gvs_97725a5389181f43,gvc_b68c89588d5a,Side Lying Internal Rotation,Side Lying Internal Rotation,,MANUAL,Shoulders,MVP_CANDIDATE,Resistance/strength candidate,Bodyweight,inferred_bodyweight,어깨,source,,,unsupported,reps,bodyweight,,,1,1,0,MANUAL_QA_REQUIRED
gvs_916e306818d5e716,gvc_0ff9c951082c,Side Lying Kickout,Side Lying Kickout,,MANUAL,Hips,MVP_CANDIDATE,Resistance/strength candidate,Bodyweight,inferred_bodyweight,하체,source,,,unsupported,reps,bodyweight,,,1,0,1,MANUAL_QA_REQUIRED
gvs_78d9ea9daebd485d,gvc_b3aa19ae72f3,Side Lying Knee Circle Kick,Side Lying Knee Circle Kick,,MANUAL,Hips,MVP_CANDIDATE,Resistance/strength candidate,Bodyweight,inferred_bodyweight,하체,source,,,unsupported,reps,bodyweight,,,1,0,1,MANUAL_QA_REQUIRED
gvs_3175aebcb9764d02,gvc_209ec44bcb55,Side Lying Leg Circle,Side Lying Leg Circle,,MANUAL,Hips,MVP_CANDIDATE,Resistance/strength candidate,Bodyweight,inferred_bodyweight,하체,source,,,unsupported,reps,bodyweight,,,1,1,0,MANUAL_QA_REQUIRED
gvs_91ced054992458ce,gvc_2b13dd5ea38d,Side Lying Legs Lift,Side Lying Legs Lift,,MANUAL,Hips,MVP_CANDIDATE,Resistance/strength candidate,Bodyweight,inferred_bodyweight,하체,source,,,unsupported,reps,bodyweight,,,1,0,1,MANUAL_QA_REQUIRED
gvs_b502edcc3ee3d70e,gvc_bfb710fe84c6,Side Lying Outward Knee Kick,Side Lying Outward Knee Kick,,MANUAL,Hips,MVP_CANDIDATE,Resistance/strength candidate,Bodyweight,inferred_bodyweight,하체,source,,,unsupported,reps,bodyweight,,,1,1,0,MANUAL_QA_REQUIRED
gvs_d3c1c0f1bbe6caad,gvc_31a3eb84aa1e,Side Lying Reverse Clamshell,Side Lying Reverse Clamshell,,MANUAL,Hips,MVP_CANDIDATE,Resistance/strength candidate,Bodyweight,inferred_bodyweight,하체,source,,,unsupported,reps,bodyweight,,,1,0,1,MANUAL_QA_REQUIRED
gvs_499fc8d65cb79754,gvc_033cf4ee364f,Side Lying Scissors,Side Lying Scissors,,MANUAL,Hips,MVP_CANDIDATE,Resistance/strength candidate,Bodyweight,inferred_bodyweight,하체,source,,,unsupported,reps,bodyweight,,,2,1,1,MANUAL_QA_REQUIRED
gvs_bdb2e643fe6ef193,gvc_0e066d032443,Side Lying Side Crunch,Side Lying Side Crunch,사이드 라잉 사이드 크런치,AUTO_PHRASE_DRAFT,Waist,MVP_CANDIDATE,Resistance/strength candidate,Bodyweight,inferred_bodyweight,코어,source,복사근,코어,name_high,reps,bodyweight,reps,,1,0,1,AUTO_DRAFT_COMPLETE
gvs_4bb52c720a1b74e0,gvc_e8982879755a,Side Lying Side Thigh Push,Side Lying Side Thigh Push,,MANUAL,Hips,MVP_CANDIDATE,Resistance/strength candidate,Bodyweight,inferred_bodyweight,하체,source,,,unsupported,reps,bodyweight,,,1,0,1,MANUAL_QA_REQUIRED
gvs_1615368c6f18eb22,gvc_97c315098555,Side Lying Single Arm Triceps Push Up,Side Lying Single Arm Triceps Push Up,,MANUAL,Upper-Arms,MVP_CANDIDATE,Resistance/strength candidate,Bodyweight,inferred_bodyweight,팔,source,,,unsupported,reps,bodyweight,reps,,1,1,0,MANUAL_QA_REQUIRED
gvs_7c6b592b5c45a463,gvc_ada69bc6a1d9,Side Lying Single Leg Kick ),Side Lying Single Leg Kick ),,MANUAL,Thighs,MVP_CANDIDATE,Resistance/strength candidate,Bodyweight,inferred_bodyweight,하체,source,,,unsupported,reps,bodyweight,,,2,1,1,MANUAL_QA_REQUIRED
gvs_22974836b688cd68,gvc_283796f6affb,Side Lying T Thigh Raise,Side Lying T Thigh Raise,,MANUAL,Hips,MVP_CANDIDATE,Resistance/strength candidate,Bodyweight,inferred_bodyweight,하체,source,,,unsupported,reps,bodyweight,,,2,1,1,MANUAL_QA_REQUIRED
gvs_e8d942d2f3264a30,gvc_a0684d1218ed,Side Lying T Thigh Raise Hold,Side Lying T Thigh Raise Hold,,MANUAL,Hips,MVP_CANDIDATE,Resistance/strength candidate,Bodyweight,inferred_bodyweight,하체,source,,,unsupported,duration,semantic,,,1,0,1,MANUAL_QA_REQUIRED
gvs_30299b7b6fc6952b,gvc_16b1f154b02a;gvc_b0751246a88e,Side Plank | Side Plank (version 2),Side Plank,사이드 플랭크,AUTO_PHRASE_DRAFT,Waist,MVP_CANDIDATE,Resistance/strength candidate,Bodyweight,inferred_bodyweight,코어,source,코어,,name_high,duration,semantic,duration,,2,1,1,AUTO_DRAFT_COMPLETE
gvs_436aad7369d8e6e3,gvc_55b0ca1b7a42,Side Plank (beginner),Side Plank (Beginner),,MANUAL,Waist,MVP_CANDIDATE,Resistance/strength candidate,Bodyweight,inferred_bodyweight,코어,source,코어,,name_high,duration,semantic,duration,,1,0,1,MANUAL_QA_REQUIRED
gvs_722e6ab9541b50f1,gvc_8808406c757e,Side Plank Bent Leg Lift,Side Plank Bent Leg Lift,,MANUAL,Waist,MVP_CANDIDATE,Resistance/strength candidate,Bodyweight,inferred_bodyweight,코어,source,코어,,name_high,duration,semantic,duration,,1,1,0,MANUAL_QA_REQUIRED
gvs_5a54fef787de29ff,gvc_4283dbaedb9c,Side Plank Glute Raise,Side Plank Glute Raise,,MANUAL,Waist,MVP_CANDIDATE,Resistance/strength candidate,Bodyweight,inferred_bodyweight,코어,source,코어,,name_high,reps,bodyweight,duration,,1,0,1,MANUAL_QA_REQUIRED
gvs_f24c144fc4bf220f,gvc_5ce67d6aba03,Side Plank Hip Adduction,Side Plank Hip Adduction,사이드 플랭크 힙 어덕션,AUTO_PHRASE_DRAFT,Hips,MVP_CANDIDATE,Resistance/strength candidate,Bodyweight,inferred_bodyweight,하체,source,내전근,,name_high,reps,bodyweight,duration,,2,1,1,AUTO_DRAFT_COMPLETE
gvs_f7cc824fcef359cf,gvc_1970df412258,Side Plank Hip Adduction (bent Knee),Side Plank Hip Adduction (Bent Knee),,MANUAL,Hips,MVP_CANDIDATE,Resistance/strength candidate,Bodyweight,inferred_bodyweight,하체,source,내전근,,name_high,reps,bodyweight,duration,,1,1,0,MANUAL_QA_REQUIRED
gvs_2ca300da050fd188,gvc_5c4d23be35ae,Side Plank Knee Tuck,Side Plank Knee Tuck,,MANUAL,Waist,MVP_CANDIDATE,Resistance/strength candidate,Bodyweight,inferred_bodyweight,코어,source,코어,,name_high,duration,semantic,duration,,1,1,0,MANUAL_QA_REQUIRED
gvs_a50f061624e12fc0,gvc_15b3e48e0221,Side Plank Leg Lift,Side Plank Leg Lift,,MANUAL,Waist,MVP_CANDIDATE,Resistance/strength candidate,Bodyweight,inferred_bodyweight,코어,source,코어,,name_high,duration,semantic,duration,,1,1,0,MANUAL_QA_REQUIRED
gvs_3897682f476bb15f,gvc_db1c11b33fb7,Side Plank Leg Lift (left),Side Plank Leg Lift (Left),,MANUAL,Waist,MVP_CANDIDATE,Resistance/strength candidate,Bodyweight,inferred_bodyweight,코어,source,코어,,name_high,duration,semantic,duration,,1,1,0,MANUAL_QA_REQUIRED
gvs_839d056b1b9bcc2b,gvc_8c53d7d6504f,Side Plank Leg Raise,Side Plank Leg Raise,사이드 플랭크 레그 레이즈,AUTO_PHRASE_DRAFT,Hips,MVP_CANDIDATE,Resistance/strength candidate,Bodyweight,inferred_bodyweight,하체,source,,,blank_after_semantic_qa,reps,bodyweight,duration,,1,0,1,AUTO_DRAFT_COMPLETE
gvs_421e2f739c95cf43,gvc_efb6b1465faa,Side Plank Lift Against Wall,Side Plank Lift Against Wall,,MANUAL,Waist,MVP_CANDIDATE,Resistance/strength candidate,Bodyweight,inferred_bodyweight,코어,source,코어,,name_high,duration,semantic,duration,,1,1,0,MANUAL_QA_REQUIRED
gvs_e78d468ce93e1a76,gvc_163e5aa1ff3f,Side Plank March,Side Plank March,,MANUAL,Waist,MVP_CANDIDATE,Resistance/strength candidate,Bodyweight,inferred_bodyweight,코어,source,코어,,name_high,duration,semantic,duration,,1,1,0,MANUAL_QA_REQUIRED
gvs_c30466f37fa47abb,gvc_1b3209e86135,Side Plank Plus,Side Plank Plus,,MANUAL,Waist,MVP_CANDIDATE,Resistance/strength candidate,Bodyweight,inferred_bodyweight,코어,source,코어,,name_high,duration,semantic,duration,,1,1,0,MANUAL_QA_REQUIRED
gvs_00a94775a473c495,gvc_de1fd9e83e7f,Side Plank Pull,Side Plank Pull,,MANUAL,Waist,MVP_CANDIDATE,Resistance/strength candidate,Bodyweight,inferred_bodyweight,코어,source,코어,,name_high,duration,semantic,duration,,2,1,1,MANUAL_QA_REQUIRED
gvs_7bcf31c4d8afa75e,gvc_c4c0ad356dcf,Side Plank Raise,Side Plank Raise,,MANUAL,Waist,MVP_CANDIDATE,Resistance/strength candidate,Bodyweight,inferred_bodyweight,코어,source,코어,,name_high,reps,bodyweight,duration,,2,1,1,MANUAL_QA_REQUIRED
gvs_b63a30308ca13322,gvc_1d774d7d9f36,Side Plank Raise And Crunch,Side Plank Raise And Crunch,,MANUAL,Waist,MVP_CANDIDATE,Resistance/strength candidate,Bodyweight,inferred_bodyweight,코어,source,복직근,,name_high,reps,bodyweight,duration,,1,1,0,MANUAL_QA_REQUIRED
gvs_2e436eb76401c78f,gvc_36918e1416f3,Side Plank Rotation,Side Plank Rotation,,MANUAL,Waist,MVP_CANDIDATE,Resistance/strength candidate,Bodyweight,inferred_bodyweight,코어,source,코어,,name_high,reps,bodyweight,duration,,1,1,0,MANUAL_QA_REQUIRED
gvs_6595e5847404b51a,gvc_5ecd9773a90e,Side Plank Scissors,Side Plank Scissors,,MANUAL,Waist,MVP_CANDIDATE,Resistance/strength candidate,Bodyweight,inferred_bodyweight,코어,source,코어,,name_high,duration,semantic,duration,,1,0,1,MANUAL_QA_REQUIRED
gvs_6cdb582701abf0af,gvc_886754caeb97,Side Plank Side Crunch,Side Plank Side Crunch,사이드 플랭크 사이드 크런치,AUTO_PHRASE_DRAFT,Waist,MVP_CANDIDATE,Resistance/strength candidate,Bodyweight,inferred_bodyweight,코어,source,복사근,코어,name_high,reps,bodyweight,duration,,1,1,0,AUTO_DRAFT_COMPLETE
gvs_d03b8508c3653d9a,gvc_b1295ad23450,Side Plank Single Knee Drive,Side Plank Single Knee Drive,,MANUAL,Waist,MVP_CANDIDATE,Resistance/strength candidate,Bodyweight,inferred_bodyweight,코어,source,코어,,name_high,reps,bodyweight,duration,,1,1,0,MANUAL_QA_REQUIRED
gvs_dd625f6e15c15f18,gvc_8add0551c5f4,Side Plank Supported Wall,Side Plank Supported Wall,,MANUAL,Waist,MVP_CANDIDATE,Resistance/strength candidate,Bodyweight,inferred_bodyweight,코어,source,코어,,name_high,duration,semantic,duration,,1,1,0,MANUAL_QA_REQUIRED
gvs_68467fa60ebad3f8,gvc_b4a37d9e682a,Side Plank Twist,Side Plank Twist,,MANUAL,Waist,MVP_CANDIDATE,Resistance/strength candidate,Bodyweight,inferred_bodyweight,코어,source,코어,,name_high,reps,bodyweight,duration,,1,1,0,MANUAL_QA_REQUIRED
gvs_a11b8b140f1312f6,gvc_e0fd844d56a1,Side Plank Twist Arm Delt Raise,Side Plank Twist Arm Delt Raise,,MANUAL,Waist,MVP_CANDIDATE,Resistance/strength candidate,Bodyweight,inferred_bodyweight,코어,source,코어,,name_high,reps,bodyweight,duration,,1,1,0,MANUAL_QA_REQUIRED
gvs_d2f06c3d221330b5,gvc_f1e00173e4c8,Side Plank With Raised Leg (version 2),Side Plank With Raised Leg,,MANUAL,Waist,MVP_CANDIDATE,Resistance/strength candidate,Bodyweight,inferred_bodyweight,코어,source,코어,,name_high,duration,semantic,duration,,1,0,1,MANUAL_QA_REQUIRED
gvs_ac391ef76ce9b6b7,gvc_65301b7ea2c0,Side Push Up,Side Push Up,사이드 푸시업,AUTO_PHRASE_DRAFT,Upper-Arms,MVP_CANDIDATE,Resistance/strength candidate,Bodyweight,inferred_bodyweight,팔,source,,,unsupported,reps,bodyweight,reps,,1,1,0,AUTO_DRAFT_COMPLETE
gvs_556199ca3a95e744,gvc_937c3b3218b3,Side Sitting Inner Thigh Tap,Side Seated Inner Thigh Tap,,MANUAL,Hips,MVP_CANDIDATE,Resistance/strength candidate,Bodyweight,inferred_bodyweight,하체,source,,,unsupported,reps,bodyweight,,,1,0,1,MANUAL_QA_REQUIRED
gvs_3ecac58257c40d78,gvc_e6c2d2801a91,Side Slide,Side Slide,,MANUAL,Waist,MVP_CANDIDATE,Resistance/strength candidate,Bodyweight,inferred_bodyweight,코어,source,,,unsupported,reps,bodyweight,,,1,0,1,MANUAL_QA_REQUIRED
gvs_bcdeff88626bc6ea,gvc_50d1ba211379,Side Squat,Side Squat,사이드 스쿼트,AUTO_PHRASE_DRAFT,Thighs,MVP_CANDIDATE,Resistance/strength candidate,Bodyweight,inferred_bodyweight,하체,source,대퇴사두근,둔근,name_high,reps,bodyweight,,,2,1,1,AUTO_DRAFT_COMPLETE
gvs_2af2c2e74582a817,gvc_b7b8996da331,Side Step Front Plank,Side Step Front Plank,,MANUAL,Hips,MVP_CANDIDATE,Resistance/strength candidate,Bodyweight,inferred_bodyweight,하체,source,,,blank_after_semantic_qa,reps,bodyweight,duration,,1,0,1,MANUAL_QA_REQUIRED
gvs_8538a5f6342e54d0,gvc_5b93aea5d2a0,Side Step Squat,Side Step Squat,,MANUAL,Hips,MVP_CANDIDATE,Resistance/strength candidate,Bodyweight,inferred_bodyweight,하체,source,대퇴사두근,둔근,name_high,reps,bodyweight,,,1,0,1,MANUAL_QA_REQUIRED
gvs_01ab201ee6b1a228,gvc_ec40c12ba64e,Side Swim Arms,Side Swim Arms,,MANUAL,Shoulders,MVP_CANDIDATE,Resistance/strength candidate,Bodyweight,inferred_bodyweight,어깨,source,,,unsupported,reps,bodyweight,,,1,0,1,MANUAL_QA_REQUIRED
gvs_a58fa1fefada58ac,gvc_358adafdacb8,Side To Side Knee Tuck,Side To Side Knee Tuck,,MANUAL,Waist,MVP_CANDIDATE,Resistance/strength candidate,Bodyweight,inferred_bodyweight,코어,source,,,unsupported,reps,bodyweight,,,1,1,0,MANUAL_QA_REQUIRED
gvs_50a66ac5fc24b0ed,gvc_d868037989c0,Side To Side Leg Swings,Side To Side Leg Swings,,MANUAL,Hips,MVP_CANDIDATE,Resistance/strength candidate,Bodyweight,inferred_bodyweight,하체,source,,,unsupported,reps,bodyweight,,,2,1,1,MANUAL_QA_REQUIRED
gvs_8999f37d2279f4bd,gvc_1ff38d0a8772,Side To Side Push Up,Side To Side Push Up,,MANUAL,Chest,MVP_CANDIDATE,Resistance/strength candidate,Bodyweight,inferred_bodyweight,가슴,source,,,unsupported,reps,bodyweight,reps,,1,0,1,MANUAL_QA_REQUIRED
gvs_b38ff48e5d8404f0,gvc_2933b5b228c1,Side To Side Squat,Side To Side Squat,,MANUAL,Thighs,MVP_CANDIDATE,Resistance/strength candidate,Bodyweight,inferred_bodyweight,하체,source,대퇴사두근,둔근,name_high,reps,bodyweight,,,2,1,1,MANUAL_QA_REQUIRED
gvs_d52cd9bb33a81f73,gvc_fe30a30c8af1,Side Wall Plank,Side Wall Plank,,MANUAL,Waist,MVP_CANDIDATE,Resistance/strength candidate,Bodyweight,inferred_bodyweight,코어,source,코어,,name_high,duration,semantic,duration,,1,1,0,MANUAL_QA_REQUIRED
gvs_97865cb87e1ecf0a,gvc_4f01963caad4,Sideway Leg Lift With A Chair,Sideway Leg Lift With A Chair,,MANUAL,Hips,MVP_CANDIDATE,Resistance/strength candidate,Bodyweight,inferred_bodyweight,하체,source,,,unsupported,reps,bodyweight,,,1,1,0,MANUAL_QA_REQUIRED
gvs_bbf1cdb5268273f5,gvc_1f0389c1b707,Sideway Turn,Sideway Turn,,MANUAL,Waist,MVP_CANDIDATE,Resistance/strength candidate,Bodyweight,inferred_bodyweight,코어,source,,,unsupported,reps,bodyweight,,,1,0,1,MANUAL_QA_REQUIRED
gvs_bdb88605f393cb1d,gvc_8e0b7074d3b3,Sideways Lifts Vertical Turn (straight Legs),Sideways Lifts Vertical Turn (Straight Legs),,MANUAL,Waist,MVP_CANDIDATE,Resistance/strength candidate,Bodyweight,inferred_bodyweight,코어,source,,,unsupported,reps,bodyweight,,,1,0,1,MANUAL_QA_REQUIRED
gvs_44961a09f4fc7831,gvc_f0109094f590,One Arm Front Plank,Single Arm Front Plank,원암 프론트 플랭크,AUTO_PHRASE_DRAFT,Waist,MVP_CANDIDATE,Resistance/strength candidate,Bodyweight,inferred_bodyweight,코어,source,코어,,name_high,duration,semantic,duration,,1,1,0,AUTO_DRAFT_COMPLETE
gvs_3bab1f51f7136b71,gvc_d7aca295d35e,One Arm Medicine Ball Push Up,Single Arm Medicine Ball Push Up,원암 메디신볼 푸시업,AUTO_PHRASE_DRAFT,,MVP_CANDIDATE,Resistance/strength candidate,Medicine Ball,source,가슴,name,,,unsupported,,review,reps,,1,1,0,MANUAL_QA_REQUIRED
gvs_bbcf9aa8699b7d7a,gvc_09ab639f2b8f,Single Arm Overhead Dumbbell Squat,Single Arm Overhead Dumbbell Squat,원암 오버헤드 덤벨 스쿼트,AUTO_PHRASE_DRAFT,Thighs,MVP_CANDIDATE,Resistance/strength candidate,Dumbbell,source,하체,source,대퇴사두근,둔근,name_high,weight_reps,equipment,weight_reps,,1,1,0,AUTO_DRAFT_COMPLETE
gvs_cf7b33f71a3d96ef,gvc_b4cafecb694f,Single Arm Pull Up,Single Arm Pull Up,원암 풀업,AUTO_PHRASE_DRAFT,Back,MVP_CANDIDATE,Resistance/strength candidate,Bodyweight,inferred_bodyweight,등,source,광배근,이두근 / 승모근,name_high,reps,bodyweight,,,1,1,0,AUTO_DRAFT_COMPLETE
gvs_38706f179438798f,gvc_c70d133426ac,Single Arm Push Up,Single Arm Push Up,원암 푸시업,AUTO_PHRASE_DRAFT,Chest,MVP_CANDIDATE,Resistance/strength candidate,Bodyweight,inferred_bodyweight,가슴,source,,,unsupported,reps,bodyweight,reps,,1,1,0,AUTO_DRAFT_COMPLETE
gvs_4f6ff6d697903b70,gvc_2a091eaedec6,Single Arm Push Up (on Knees),Single Arm Push Up (On Knees),,MANUAL,Chest,MVP_CANDIDATE,Resistance/strength candidate,Bodyweight,inferred_bodyweight,가슴,source,,,unsupported,reps,bodyweight,reps,,1,1,0,MANUAL_QA_REQUIRED
gvs_31770afb1ac0d933,gvc_8855fd86f5c3,Single Arm Push Up Supported Wall,Single Arm Push Up Supported Wall,,MANUAL,Chest,MVP_CANDIDATE,Resistance/strength candidate,Bodyweight,inferred_bodyweight,가슴,source,,,unsupported,reps,bodyweight,reps,,1,1,0,MANUAL_QA_REQUIRED
gvs_3d6371df714229c7,gvc_2b9b8dd6cf61,Single Arm Side Straight Arm Lat Pulldown,Single Arm Side Straight Arm Lat Pulldown,원암 사이드 스트레이트 암 랫 풀다운,AUTO_PHRASE_DRAFT,Back,MVP_CANDIDATE,Resistance/strength candidate,Bodyweight,inferred_bodyweight,등,source,광배근,이두근 / 승모근,name_high,reps,bodyweight,,,1,1,0,AUTO_DRAFT_COMPLETE
gvs_2f8b0d3089e4c67e,gvc_debccf2cd5a2,Single Curtsy Lunge,Single Curtsy Lunge,,MANUAL,Hips,MVP_CANDIDATE,Resistance/strength candidate,Bodyweight,inferred_bodyweight,하체,source,대퇴사두근,둔근,name_high,reps,bodyweight,reps,,1,0,1,MANUAL_QA_REQUIRED
gvs_e9a1e87cbb2a36de,gvc_156436416cb3,Single Dead Bug,Single Dead Bug,,MANUAL,Waist,MVP_CANDIDATE,Resistance/strength candidate,Bodyweight,inferred_bodyweight,코어,source,,,unsupported,reps,bodyweight,,,1,0,1,MANUAL_QA_REQUIRED
gvs_23fa0d1c0383bd8a,gvc_4d3c34048496,Single Leg Bodyweight Deadlift With Arm And Leg Extended,Single Leg Bodyweight Deadlift With Arm And Leg Extended,,MANUAL,Hips,MVP_CANDIDATE,Resistance/strength candidate,Bodyweight,inferred_bodyweight,하체,source,둔근 / 햄스트링,등 / 코어,name_high,reps,bodyweight,,,1,0,1,MANUAL_QA_REQUIRED
gvs_6220fa0a4cb488a8,gvc_d5d19cb94014,Single Leg Bridge,Single Leg Bridge,,MANUAL,Hips,MVP_CANDIDATE,Resistance/strength candidate,Bodyweight,inferred_bodyweight,하체,source,,,unsupported,reps,bodyweight,,,1,0,1,MANUAL_QA_REQUIRED
gvs_d73402d1db173ed9,gvc_a5029f34d8c4,Single Leg Bridge With Outstretched Leg,Single Leg Bridge With Outstretched Leg,,MANUAL,Hips,MVP_CANDIDATE,Resistance/strength candidate,Bodyweight,inferred_bodyweight,하체,source,,,unsupported,reps,bodyweight,,,1,1,0,MANUAL_QA_REQUIRED
gvs_2b4faa52e432d224,gvc_f2e9b7d75902,Single Leg Calf Raise Off Step,Single Leg Calf Raise Off Step,,MANUAL,Calves,MVP_CANDIDATE,Resistance/strength candidate,Bodyweight,inferred_bodyweight,하체,source,종아리,,name_high,reps,bodyweight,,,1,1,0,MANUAL_QA_REQUIRED
gvs_085c8f5259f28648,gvc_d43a30c403a4,Single Leg Deadlift Lunge,Single Leg Deadlift Lunge,싱글 레그 데드리프트 런지,AUTO_PHRASE_DRAFT,Hips,MVP_CANDIDATE,Resistance/strength candidate,Bodyweight,inferred_bodyweight,하체,source,둔근 / 햄스트링,등 / 코어,name_high,reps,bodyweight,reps,,1,0,1,AUTO_DRAFT_COMPLETE
gvs_bfd8b59f3d480e3f,gvc_a317ac971242,Single Leg Deadlift With Knee Lift,Single Leg Deadlift With Knee Lift,,MANUAL,Hips,MVP_CANDIDATE,Resistance/strength candidate,Bodyweight,inferred_bodyweight,하체,source,둔근 / 햄스트링,등 / 코어,name_high,reps,bodyweight,,,2,1,1,MANUAL_QA_REQUIRED
gvs_1792cdeaea71b8f8,gvc_aef0c30f7302,Single Leg Dip On Floor,Single Leg Dip On Floor,,MANUAL,Upper-Arms,MVP_CANDIDATE,Resistance/strength candidate,Bodyweight,inferred_bodyweight,팔,source,,,unsupported,reps,bodyweight,,,1,1,0,MANUAL_QA_REQUIRED
gvs_dad9e40fba10cef7,gvc_de22d5633717,One Leg Donkey Calf Raise,Single Leg Donkey Calf Raise,,MANUAL,Calves,MVP_CANDIDATE,Resistance/strength candidate,Bodyweight,inferred_bodyweight,하체,source,종아리,,name_high,reps,bodyweight,,,1,1,0,MANUAL_QA_REQUIRED
gvs_f9813b866a1e1d90,gvc_f1261b785835,Single Leg Extension (on Stability Ball),Single Leg Extension (On Stability Ball),,MANUAL,,MVP_CANDIDATE,Resistance/strength candidate,Stability Ball,source,하체,name,대퇴사두근,,name_high,,review,,,1,0,1,MANUAL_QA_REQUIRED
gvs_c8f506ed3d947379,gvc_f43172f3124d,Single Leg Extension Crunch,Single Leg Extension Crunch,,MANUAL,Waist,MVP_CANDIDATE,Resistance/strength candidate,Bodyweight,inferred_bodyweight,코어,source,복직근,대퇴사두근 / 장요근,semantic_rule_v2,reps,bodyweight,reps,,1,1,0,MANUAL_QA_REQUIRED
gvs_fcbc7210727228ce,gvc_7f6cf3d7036c,One Leg Floor Calf Raise,Single Leg Floor Calf Raise,,MANUAL,Calves,MVP_CANDIDATE,Resistance/strength candidate,Bodyweight,inferred_bodyweight,하체,source,종아리,,name_high,reps,bodyweight,,,2,1,1,MANUAL_QA_REQUIRED
gvs_2c6d21eede930710,gvc_96587a621b10,Single Leg Glute Bridge With External Rotation,Single Leg Glute Bridge With External Rotation,,MANUAL,Hips,MVP_CANDIDATE,Resistance/strength candidate,Bodyweight,inferred_bodyweight,하체,source,둔근,햄스트링,name_high,reps,bodyweight,,,1,1,0,MANUAL_QA_REQUIRED
gvs_806bbcacd79ababe,gvc_eeebb345c7e0,Single Leg Glute Bridge With Knee To Chest,Single Leg Glute Bridge With Knee To Chest,,MANUAL,Hips,MVP_CANDIDATE,Resistance/strength candidate,Bodyweight,inferred_bodyweight,하체,source,둔근,햄스트링,name_high,reps,bodyweight,,,1,1,0,MANUAL_QA_REQUIRED
gvs_58b121764793ef2c,gvc_02633de43512,Single Leg Hamstring Bridge,Single Leg Hamstring Bridge,,MANUAL,Hips,MVP_CANDIDATE,Resistance/strength candidate,Bodyweight,inferred_bodyweight,하체,source,,,unsupported,reps,bodyweight,,,1,1,0,MANUAL_QA_REQUIRED
gvs_12d05c43a176598b,gvc_2384332a2aac,Single Leg Heel Touch Squat,Single Leg Heel Touch Squat,,MANUAL,Thighs,MVP_CANDIDATE,Resistance/strength candidate,Bodyweight,inferred_bodyweight,하체,source,대퇴사두근,둔근,name_high,reps,bodyweight,,,2,1,1,MANUAL_QA_REQUIRED
gvs_88385f27ec3e359f,gvc_46e2b4ed8ef8;gvc_adc0c1db795f,Single Leg Hip Thrusts | Single Leg Thrusts,Single Leg Hip Thrusts,,MANUAL,Hips,MVP_CANDIDATE,Resistance/strength candidate,Bodyweight,inferred_bodyweight,하체,source,,,unsupported,reps,bodyweight,,,2,1,1,MANUAL_QA_REQUIRED
gvs_8a8f88d7d8598937,gvc_ebe2c37be52f,Single Leg Low Box Squat,Single Leg Low Box Squat,,MANUAL,Thighs,MVP_CANDIDATE,Resistance/strength candidate,Bodyweight,inferred_bodyweight,하체,source,대퇴사두근,둔근,name_high,reps,bodyweight,,,2,1,1,MANUAL_QA_REQUIRED
gvs_444d7ed0a8e94736,gvc_e2550e5861ac,Single Leg Push Off,Single Leg Push Off,,MANUAL,Thighs,MVP_CANDIDATE,Resistance/strength candidate,Bodyweight,inferred_bodyweight,하체,source,,,unsupported,reps,bodyweight,,,1,1,0,MANUAL_QA_REQUIRED
gvs_63374217063d1047,gvc_df172971b69e,One Leg Quarter Squat,Single Leg Quarter Squat,,MANUAL,Thighs,MVP_CANDIDATE,Resistance/strength candidate,Bodyweight,inferred_bodyweight,하체,source,대퇴사두근,둔근,name_high,reps,bodyweight,,,1,1,0,MANUAL_QA_REQUIRED
gvs_7527e8267cae6f62,gvc_c935fa50b518;gvc_e63ce3c13a59,Single Leg Sliding Floor Bridge Curl On Towel | Single Leg Sliding Floor Bridge Curl On Towel (fem,Single Leg Sliding Floor Bridge Curl On Towel,,MANUAL,Thighs,MVP_CANDIDATE,Resistance/strength candidate,Bodyweight,inferred_bodyweight,하체,source,,,unsupported,reps,bodyweight,,,2,1,1,MANUAL_QA_REQUIRED
gvs_a6d22fe8ccc94322,gvc_5a18ef86a34d,One Leg Squat,Single Leg Squat,싱글 레그 스쿼트,AUTO_PHRASE_DRAFT,Hips,MVP_CANDIDATE,Resistance/strength candidate,Bodyweight,inferred_bodyweight,하체,source,대퇴사두근,둔근,name_high,reps,bodyweight,,,1,1,0,AUTO_DRAFT_COMPLETE
gvs_bbe3bab7201b5c17,gvc_ba005fdf0a64,Single Leg Squat (pistol),Single Leg Squat (Pistol),,MANUAL,Hips;Thighs,MVP_CANDIDATE,Resistance/strength candidate,Bodyweight,inferred_bodyweight,하체,source,대퇴사두근,둔근,name_high,reps,bodyweight,,,4,2,2,MANUAL_QA_REQUIRED
gvs_d9da2de94245787d,gvc_060d0e857a61;gvc_0b8eefd928aa,Single Leg Squat With Support | Single Leg Squat With Support (pistol),Single Leg Squat With Support (Pistol),,MANUAL,Thighs,MVP_CANDIDATE,Resistance/strength candidate,Bodyweight,inferred_bodyweight,하체,source,대퇴사두근,둔근,name_high,reps,bodyweight,,,2,1,1,MANUAL_QA_REQUIRED
gvs_3ab7db4955a3af71,gvc_84919f7acd61,Single Leg Squat With Wall Support (pistol),Single Leg Squat With Wall Support (Pistol),,MANUAL,Thighs,MVP_CANDIDATE,Resistance/strength candidate,Bodyweight,inferred_bodyweight,하체,source,대퇴사두근,둔근,name_high,reps,bodyweight,,,1,1,0,MANUAL_QA_REQUIRED
gvs_2c9fad73167a9893,gvc_cf940ea5b198,Single Starfish Crunch,Single Starfish Crunch,,MANUAL,Waist,MVP_CANDIDATE,Resistance/strength candidate,Bodyweight,inferred_bodyweight,코어,source,복직근,,name_high,reps,bodyweight,reps,,1,0,1,MANUAL_QA_REQUIRED
gvs_7098511f3a10952f,gvc_1f437ccc1851,Single Straight Leg Glute Bridge Hold,Single Straight Leg Glute Bridge Hold,,MANUAL,Hips,MVP_CANDIDATE,Resistance/strength candidate,Bodyweight,inferred_bodyweight,하체,source,둔근,햄스트링,name_high,duration,semantic,,,2,1,1,MANUAL_QA_REQUIRED
gvs_d034ed30fbd2c6f2,gvc_b4152fd9fa31,Sissy Squat Bodyweight,Sissy Squat Bodyweight,,MANUAL,Thighs,MVP_CANDIDATE,Resistance/strength candidate,Bodyweight,inferred_bodyweight,하체,source,대퇴사두근,둔근,name_high,reps,bodyweight,,,2,1,1,MANUAL_QA_REQUIRED
gvs_d6a42c65b25dbe09,gvc_cb866794fd9c,Sit (wall),Sit (Wall),,MANUAL,Thighs,MVP_CANDIDATE,Resistance/strength candidate,Bodyweight,inferred_bodyweight,하체,source,,,unsupported,reps,bodyweight,,,2,1,1,MANUAL_QA_REQUIRED
gvs_c4b3f8b8d360ca7e,gvc_849fab02c9fb,Sit Up,Sit Up,싯업,AUTO_PHRASE_DRAFT,Waist,MVP_CANDIDATE,Resistance/strength candidate,Bodyweight,inferred_bodyweight,코어,source,복직근,,name_high,reps,bodyweight,reps,,1,0,1,AUTO_DRAFT_COMPLETE
gvs_b50f33d30163655b,gvc_3a61dfb263b9,Sit Up On Stability Ball,Sit Up On Stability Ball,,MANUAL,Waist,MVP_CANDIDATE,Resistance/strength candidate,Stability Ball,source,코어,source,복직근,,name_high,,review,reps,,1,1,0,MANUAL_QA_REQUIRED
gvs_85c6bd6638eea7f8,gvc_43bac6ad0ea6,Sit Up Punches,Sit Up Punches,,MANUAL,Waist,MVP_CANDIDATE,Resistance/strength candidate,Bodyweight,inferred_bodyweight,코어,source,복직근,,name_high,reps,bodyweight,reps,,1,1,0,MANUAL_QA_REQUIRED
gvs_b166886fa3de570f,gvc_9bcb83ffb192,Sit Up Stand Up,Sit Up Stand Up,,MANUAL,Waist,MVP_CANDIDATE,Resistance/strength candidate,Bodyweight,inferred_bodyweight,코어,source,복직근,,name_high,reps,bodyweight,reps,,2,1,1,MANUAL_QA_REQUIRED
gvs_4e7f537e87bc6fe0,gvc_165e8184980a,Sit Up With Arms On Chest,Sit Up With Arms On Chest,,MANUAL,Waist,MVP_CANDIDATE,Resistance/strength candidate,Bodyweight,inferred_bodyweight,코어,source,복직근,,name_high,reps,bodyweight,reps,,1,1,0,MANUAL_QA_REQUIRED
gvs_070c377de2110b31,gvc_b380b1eb1175,Sit Up With Chair Assisted,Sit Up With Chair Assisted,,MANUAL,Waist,MVP_CANDIDATE,Resistance/strength candidate,,unknown,코어,source,복직근,,name_high,,review,reps,,1,1,0,MANUAL_QA_REQUIRED
gvs_7f9b0bb38715e5fb,gvc_9538c0fac2c0,Siting Floor Leg Raise,Siting Floor Leg Raise,,MANUAL,Waist,MVP_CANDIDATE,Resistance/strength candidate,Bodyweight,inferred_bodyweight,코어,source,복직근,,name_high,reps,bodyweight,reps,,1,1,0,MANUAL_QA_REQUIRED
gvs_cc4e0af3bbeb3003,gvc_d2281308c6dd,Sky Punch,Sky Punch,,MANUAL,Shoulders,MVP_CANDIDATE,Resistance/strength candidate,Bodyweight,inferred_bodyweight,어깨,source,,,unsupported,reps,bodyweight,,,1,1,0,MANUAL_QA_REQUIRED
gvs_b0e8609e7c98143c,gvc_b77f0869d658,Sled 45 Calf Press,Sled 45 Calf Press,,MANUAL,Calves,MVP_CANDIDATE,Resistance/strength candidate,Sled,source,하체,source,종아리,,name_high,weight_reps,equipment,weight_reps,,1,1,0,MANUAL_QA_REQUIRED
gvs_531d1db170c3c3b9,gvc_0389564df5c0,Sled 45 Degrees Leg Press,Sled 45 Degree Leg Press,,MANUAL,Hips;Thighs,MVP_CANDIDATE,Resistance/strength candidate,Sled,source,하체,source,대퇴사두근,둔근,name_high,weight_reps,equipment,weight_reps,,4,3,1,MANUAL_QA_REQUIRED
gvs_e1b8b955345606f5,gvc_7f95ed389f0d;gvc_b40476f6227f,Sled 45 Degrees Narrow Stance Leg Press | Sled 45 Narrow Stance Leg Press,Sled 45 Degree Narrow Stance Leg Press,,MANUAL,Thighs,MVP_CANDIDATE,Resistance/strength candidate,Sled,source,하체,source,대퇴사두근,둔근,name_high,weight_reps,equipment,weight_reps,,2,1,1,MANUAL_QA_REQUIRED
gvs_b0772e4e5b9bcebc,gvc_6f3ed4950fca,Sled 45 Degrees One Leg Press,Sled 45 Degree Single Leg Press,,MANUAL,Hips,MVP_CANDIDATE,Resistance/strength candidate,Sled,source,하체,source,대퇴사두근,둔근,name_high,weight_reps,equipment,weight_reps,,2,1,1,MANUAL_QA_REQUIRED
gvs_372d8ff91fd20611,gvc_512f4853eae2,Sled 45 Degrees Wide Stance Leg Press,Sled 45 Degree Wide Stance Leg Press,,MANUAL,Thighs,MVP_CANDIDATE,Resistance/strength candidate,Sled,source,하체,source,대퇴사두근,둔근,name_high,weight_reps,equipment,weight_reps,,1,0,1,MANUAL_QA_REQUIRED
gvs_e9393e81388a1091,gvc_a3a9b55d988d,Sled 45 Leg Wide Press,Sled 45 Leg Wide Press,,MANUAL,Thighs,MVP_CANDIDATE,Resistance/strength candidate,Sled,source,하체,source,,,unsupported,weight_reps,equipment,weight_reps,,1,1,0,MANUAL_QA_REQUIRED
gvs_b2af11055ec33569,gvc_92844311fe33,Sled Angled Single Leg Press,Sled Angled Single Leg Press,,MANUAL,Hips,MVP_CANDIDATE,Resistance/strength candidate,Sled,source,하체,source,대퇴사두근,둔근,name_high,weight_reps,equipment,weight_reps,,1,0,1,MANUAL_QA_REQUIRED
gvs_5d81f19ee6760a14,gvc_165cfcdf746a,Sled Backward Angled Calf Raise,Sled Backward Angled Calf Raise,,MANUAL,Calves,MVP_CANDIDATE,Resistance/strength candidate,Sled,source,하체,source,종아리,,name_high,weight_reps,equipment,weight_reps,,1,1,0,MANUAL_QA_REQUIRED
gvs_7c0840c57e3c1bd1,gvc_4a1b1e3be638,Sled Calf Press On Leg Press,Sled Calf Press On Leg Press,,MANUAL,Calves,MVP_CANDIDATE,Resistance/strength candidate,Sled,source,하체,source,종아리,,name_high,weight_reps,equipment,weight_reps,,2,1,1,MANUAL_QA_REQUIRED
gvs_bc2660499c2f67b5,gvc_80b1dad4918e,Sled Full Hack Squat,Sled Full Hack Squat,,MANUAL,Thighs,MVP_CANDIDATE,Resistance/strength candidate,Sled,source,하체,source,대퇴사두근,둔근,name_high,weight_reps,equipment,weight_reps,,2,1,1,MANUAL_QA_REQUIRED
gvs_768f3437bb553b1f,gvc_9fca6927bd2d,Sled Glute Dominant Leg Press,Sled Glute Dominant Leg Press,,MANUAL,Hips,MVP_CANDIDATE,Resistance/strength candidate,Sled,source,하체,source,대퇴사두근,둔근,name_high,weight_reps,equipment,weight_reps,,1,1,0,MANUAL_QA_REQUIRED
gvs_379888be29fc3d58,gvc_2ae5f607439f,Sled Hack Squat,Sled Hack Squat,,MANUAL,Hips;Thighs,MVP_CANDIDATE,Resistance/strength candidate,Sled,source,하체,source,대퇴사두근,둔근,name_high,weight_reps,equipment,weight_reps,,2,1,1,MANUAL_QA_REQUIRED
gvs_2ed90e58b348c042,gvc_499b890bca67,Sled Lying Squat,Sled Lying Squat,,MANUAL,Thighs,MVP_CANDIDATE,Resistance/strength candidate,Sled,source,하체,source,대퇴사두근,둔근,name_high,weight_reps,equipment,weight_reps,,1,1,0,MANUAL_QA_REQUIRED
gvs_c7ac7c165ce69990,gvc_f9ddbd94a492,Sled Reverse Hack Squat,Sled Reverse Hack Squat,,MANUAL,Thighs,MVP_CANDIDATE,Resistance/strength candidate,Sled,source,하체,source,대퇴사두근,둔근,name_high,weight_reps,equipment,weight_reps,,1,1,0,MANUAL_QA_REQUIRED
gvs_17face2958c6b731,gvc_05e805228a18,Sled Side Leg Press,Sled Side Leg Press,,MANUAL,Hips,MVP_CANDIDATE,Resistance/strength candidate,Sled,source,하체,source,대퇴사두근,둔근,name_high,weight_reps,equipment,weight_reps,,1,1,0,MANUAL_QA_REQUIRED
gvs_1fc1ac87a77f1447,gvc_faabaa34739c,Sled One Leg Hack Squat,Sled Single Leg Hack Squat,,MANUAL,Thighs,MVP_CANDIDATE,Resistance/strength candidate,Sled,source,하체,source,대퇴사두근,둔근,name_high,weight_reps,equipment,weight_reps,,2,1,1,MANUAL_QA_REQUIRED
gvs_e34ee01740720a37,gvc_8a0b7fdc3b10,Sled Wide Hack Squat,Sled Wide Hack Squat,,MANUAL,Thighs,MVP_CANDIDATE,Resistance/strength candidate,Sled,source,하체,source,대퇴사두근,둔근,name_high,weight_reps,equipment,weight_reps,,1,1,0,MANUAL_QA_REQUIRED
gvs_27c5f6a694576010,gvc_2737fc8e231e,Sliding Floor Bridge Curl On Towel,Sliding Floor Bridge Curl On Towel,,MANUAL,Thighs,MVP_CANDIDATE,Resistance/strength candidate,Bodyweight,inferred_bodyweight,하체,source,,,unsupported,reps,bodyweight,,,1,1,0,MANUAL_QA_REQUIRED
gvs_143aa7de678ac928,gvc_cae3eaba4ed8,Sliding Floor Pulldown On Towel,Sliding Floor Pulldown On Towel,,MANUAL,Back,MVP_CANDIDATE,Resistance/strength candidate,Bodyweight,inferred_bodyweight,등,source,,,unsupported,reps,bodyweight,,,2,1,1,MANUAL_QA_REQUIRED
gvs_611f520545717249,gvc_64501a6295fb,Sliding Leg Bird Dog,Sliding Leg Bird Dog,,MANUAL,Back,MVP_CANDIDATE,Resistance/strength candidate,Bodyweight,inferred_bodyweight,등,source,,,unsupported,reps,bodyweight,,,1,1,0,MANUAL_QA_REQUIRED
gvs_4faabe503384b7ba,gvc_7e954ff9f5f8,Sliding Leg Curl On Floor With Towel,Sliding Leg Curl On Floor With Towel,,MANUAL,Hips,MVP_CANDIDATE,Resistance/strength candidate,Bodyweight,inferred_bodyweight,하체,source,햄스트링,,name_high,reps,bodyweight,,,2,1,1,MANUAL_QA_REQUIRED
gvs_1da3cc032abc9ae3,gvc_b5bb583cd1e7,Slight Bend Elbow Touch,Slight Bend Elbow Touch,,MANUAL,Chest,MVP_CANDIDATE,Resistance/strength candidate,Bodyweight,inferred_bodyweight,가슴,source,,,unsupported,reps,bodyweight,,,1,0,1,MANUAL_QA_REQUIRED
gvs_089a2bda18b72c28,gvc_08e881fee604,Slight Lean Step Out,Slight Lean Step Out,,MANUAL,Waist,MVP_CANDIDATE,Resistance/strength candidate,Bodyweight,inferred_bodyweight,코어,source,,,unsupported,reps,bodyweight,,,1,1,0,MANUAL_QA_REQUIRED
gvs_4b3676c097c131c6,gvc_e8c66bc7fdcc,Slight Squat Front Raise,Slight Squat Front Raise,,MANUAL,Thighs,MVP_CANDIDATE,Resistance/strength candidate,Bodyweight,inferred_bodyweight,하체,source,대퇴사두근,둔근,name_high,reps,bodyweight,,,1,1,0,MANUAL_QA_REQUIRED
gvs_6ff5c9f91113b32d,gvc_3550510c442a,Slight Squat Torso Twist,Slight Squat Torso Twist,,MANUAL,Waist,MVP_CANDIDATE,Resistance/strength candidate,Bodyweight,inferred_bodyweight,코어,source,,,blank_after_semantic_qa,reps,bodyweight,,,1,1,0,MANUAL_QA_REQUIRED
gvs_7e7c29bc10f9e192,gvc_a77ebee6b011,Smith Back Shrug,Smith Back Shrug,,MANUAL,Back,MVP_CANDIDATE,Resistance/strength candidate,Smith Machine,source,등,source,,,unsupported,weight_reps,equipment,weight_reps,,1,1,0,MANUAL_QA_REQUIRED
gvs_69bc9c75fe6d856d,gvc_d181358a9d69,Smith Back Wide Shrug,Smith Back Wide Shrug,,MANUAL,Back,MVP_CANDIDATE,Resistance/strength candidate,Smith Machine,source,등,source,,,unsupported,weight_reps,equipment,weight_reps,,1,1,0,MANUAL_QA_REQUIRED
gvs_805695309fc569e2,gvc_1b1d3374814f,Smith Behind Neck Press,Smith Behind Neck Press,,MANUAL,Shoulders,MVP_CANDIDATE,Resistance/strength candidate,Smith Machine,source,어깨,source,,,unsupported,weight_reps,equipment,weight_reps,,1,1,0,MANUAL_QA_REQUIRED
gvs_6df8810df12f0f79,gvc_3bce1854e225,Smith Bench Press,Smith Bench Press,,MANUAL,Chest,MVP_CANDIDATE,Resistance/strength candidate,Smith Machine,source,가슴,source,대흉근,삼두근 / 전면 삼각근,name_high,weight_reps,equipment,weight_reps,,2,1,1,MANUAL_QA_REQUIRED
gvs_cca6832ba178f853,gvc_9b21fd8627b2,Smith Bent Knee Good Morning,Smith Bent Knee Good Morning,,MANUAL,Hips,MVP_CANDIDATE,Resistance/strength candidate,Smith Machine,source,하체,source,,,unsupported,weight_reps,equipment,weight_reps,,1,1,0,MANUAL_QA_REQUIRED
gvs_385a78a6fd80b960,gvc_11d331c9faf8,Smith Bent Over Pronated Grip Row,Smith Bent Over Pronated Grip Row,,MANUAL,Back,MVP_CANDIDATE,Resistance/strength candidate,Smith Machine,source,등,source,등 상부 / 광배근,이두근,name_high,weight_reps,equipment,weight_reps,,1,1,0,MANUAL_QA_REQUIRED
gvs_3d8a8144905f4176,gvc_400e2ffbd5df,Smith Bent Over Row (version 2),Smith Bent Over Row,,MANUAL,Back,MVP_CANDIDATE,Resistance/strength candidate,Smith Machine,source,등,source,등 상부 / 광배근,이두근,name_high,weight_reps,equipment,weight_reps,,2,1,1,MANUAL_QA_REQUIRED
gvs_a5d858153add32cd,gvc_4b82f1d8df2b,Smith Bicep Curl,Smith Bicep Curl,,MANUAL,Upper-Arms,MVP_CANDIDATE,Resistance/strength candidate,Smith Machine,source,팔,source,,,unsupported,weight_reps,equipment,weight_reps,,1,0,1,MANUAL_QA_REQUIRED
gvs_4d9afa65eea8f111,gvc_7ba412da6465,Smith Calf Raise (version 2),Smith Calf Raise,,MANUAL,Calves,MVP_CANDIDATE,Resistance/strength candidate,Smith Machine,source,하체,source,종아리,,name_high,weight_reps,equipment,weight_reps,,2,1,1,MANUAL_QA_REQUIRED
gvs_33a8233136b7df39,gvc_4a83844c5432,Smith Chair Squat,Smith Chair Squat,,MANUAL,Thighs,MVP_CANDIDATE,Resistance/strength candidate,Smith Machine,source,하체,source,대퇴사두근,둔근,name_high,weight_reps,equipment,weight_reps,,2,1,1,MANUAL_QA_REQUIRED
gvs_a95ca5a4f85f0b16,gvc_02a9559342ea,Smith Close Grip Bench Press,Smith Close Grip Bench Press,,MANUAL,Upper-Arms,MVP_CANDIDATE,Resistance/strength candidate,Smith Machine,source,팔,source,삼두근,대흉근 / 전면 삼각근,semantic_rule_v2,weight_reps,equipment,weight_reps,,2,1,1,MANUAL_QA_REQUIRED
gvs_630b59ef49f54377,gvc_4e25786b7441,Smith Close Grip Bench Press Upper Arms,Smith Close Grip Bench Press Upper Arms,,MANUAL,,MVP_CANDIDATE,Resistance/strength candidate,Smith Machine,source,가슴,name,대흉근,삼두근 / 전면 삼각근,name_high,weight_reps,equipment,weight_reps,,1,1,0,MANUAL_QA_REQUIRED
gvs_bce32b26e7238698,gvc_0481af918510,Smith Curtsey Lunge,Smith Curtsey Lunge,,MANUAL,Thighs,MVP_CANDIDATE,Resistance/strength candidate,Smith Machine,source,하체,source,대퇴사두근,둔근,name_high,weight_reps,equipment,weight_reps,,1,1,0,MANUAL_QA_REQUIRED
gvs_f018e6913384e649,gvc_7333d790d892,Smith Deadlift,Smith Deadlift,,MANUAL,Hips,MVP_CANDIDATE,Resistance/strength candidate,Smith Machine,source,하체,source,둔근 / 햄스트링,등 / 코어,name_high,weight_reps,equipment,weight_reps,,2,1,1,MANUAL_QA_REQUIRED
gvs_517a94afc4916667,gvc_b25efabe75f7,Smith Decline Bench Press,Smith Decline Bench Press,,MANUAL,Chest,MVP_CANDIDATE,Resistance/strength candidate,Smith Machine,source,가슴,source,대흉근,삼두근 / 전면 삼각근,name_high,weight_reps,equipment,weight_reps,,2,1,1,MANUAL_QA_REQUIRED
gvs_69e6766d13a6d6b5,gvc_f13841487b0e,Smith Decline Close Grip Bench Press,Smith Decline Close Grip Bench Press,,MANUAL,Upper-Arms,MVP_CANDIDATE,Resistance/strength candidate,Smith Machine,source,팔,source,삼두근,대흉근 / 전면 삼각근,semantic_rule_v2,weight_reps,equipment,weight_reps,,1,1,0,MANUAL_QA_REQUIRED
gvs_91ccafffb5cf1287,gvc_d210a0a9ecba,Smith Donkey Kick,Smith Donkey Kick,,MANUAL,Hips,MVP_CANDIDATE,Resistance/strength candidate,Smith Machine,source,하체,source,,,unsupported,weight_reps,equipment,weight_reps,,1,1,0,MANUAL_QA_REQUIRED
gvs_511f991551e7d1f9,gvc_796f586af15a,Smith Elevated Split Squat,Smith Elevated Split Squat,,MANUAL,Thighs,MVP_CANDIDATE,Resistance/strength candidate,Smith Machine,source,하체,source,대퇴사두근,둔근,name_high,weight_reps,equipment,weight_reps,,1,1,0,MANUAL_QA_REQUIRED
gvs_3750fd98a47fe372,gvc_a7be63904788,Smith Frog Hip Thrust,Smith Frog Hip Thrust,,MANUAL,Hips,MVP_CANDIDATE,Resistance/strength candidate,Smith Machine,source,하체,source,둔근,햄스트링,name_high,weight_reps,equipment,weight_reps,,1,1,0,MANUAL_QA_REQUIRED
gvs_329b57e3be23a483,gvc_3aa160a797a8,Smith Front Leg Elevated Split Squat,Smith Front Leg Elevated Split Squat,,MANUAL,Thighs,MVP_CANDIDATE,Resistance/strength candidate,Smith Machine,source,하체,source,대퇴사두근,둔근,name_high,weight_reps,equipment,weight_reps,,1,1,0,MANUAL_QA_REQUIRED
gvs_7f198b0e174210f4,gvc_75e4a109fa32,Smith Front Squat,Smith Front Squat,,MANUAL,Thighs,MVP_CANDIDATE,Resistance/strength candidate,Smith Machine,source,하체,source,대퇴사두근,둔근,name_high,weight_reps,equipment,weight_reps,,1,1,0,MANUAL_QA_REQUIRED
gvs_d0d3db50eafd39da,gvc_60d915e9d126,Smith Front Squat (clean Grip),Smith Front Squat (Clean Grip),,MANUAL,Thighs,MVP_CANDIDATE,Resistance/strength candidate,Smith Machine,source,하체,source,대퇴사두근,둔근,name_high,weight_reps,equipment,weight_reps,,2,1,1,MANUAL_QA_REQUIRED
gvs_5fc2a2ad3f5f6301,gvc_b046dc7cf74a,Smith Full Squat,Smith Full Squat,,MANUAL,Thighs,MVP_CANDIDATE,Resistance/strength candidate,Smith Machine,source,하체,source,대퇴사두근,둔근,name_high,weight_reps,equipment,weight_reps,,1,1,0,MANUAL_QA_REQUIRED
gvs_ef329e7b177b7abb,gvc_0b09b1520c78,Smith Hack Squat,Smith Hack Squat,,MANUAL,Hips,MVP_CANDIDATE,Resistance/strength candidate,Smith Machine,source,하체,source,대퇴사두근,둔근,name_high,weight_reps,equipment,weight_reps,,1,1,0,MANUAL_QA_REQUIRED
gvs_6001d59c06043dfe,gvc_a3118d332354,Smith Hang Clean,Smith Hang Clean,,MANUAL,Weightlifting,MVP_CANDIDATE,Resistance/strength candidate,Smith Machine,source,,unknown,,,unsupported,weight_reps,equipment,weight_reps,,1,1,0,MANUAL_QA_REQUIRED
gvs_62a447b1bba68aa1,gvc_797a986efd1d,Smith Hex Press,Smith Hex Press,,MANUAL,Chest,MVP_CANDIDATE,Resistance/strength candidate,Smith Machine,source,가슴,source,,,unsupported,weight_reps,equipment,weight_reps,,1,1,0,MANUAL_QA_REQUIRED
gvs_8ba3b164b265dc72,gvc_f4457585d985,Smith High Pull,Smith High Pull,,MANUAL,Shoulders,MVP_CANDIDATE,Resistance/strength candidate,Smith Machine,source,어깨,source,,,unsupported,weight_reps,equipment,weight_reps,,1,1,0,MANUAL_QA_REQUIRED
gvs_f23810d6884fd87c,gvc_ea7c106bb6e4,Smith Hip Raise,Smith Hip Raise,,MANUAL,Waist,MVP_CANDIDATE,Resistance/strength candidate,Smith Machine,source,코어,source,,,unsupported,weight_reps,equipment,weight_reps,,1,1,0,MANUAL_QA_REQUIRED
gvs_2b98c797e2b5f4bf,gvc_8020c3b1cdb3,Smith Hip Thrust,Smith Hip Thrust,,MANUAL,Hips,MVP_CANDIDATE,Resistance/strength candidate,Smith Machine,source,하체,source,둔근,햄스트링,name_high,weight_reps,equipment,weight_reps,,2,1,1,MANUAL_QA_REQUIRED
gvs_e37c008448a276b2,gvc_72278657776b,Smith Incline Bench Press,Smith Incline Bench Press,,MANUAL,Chest,MVP_CANDIDATE,Resistance/strength candidate,Smith Machine,source,가슴,source,대흉근,삼두근 / 전면 삼각근,name_high,weight_reps,equipment,weight_reps,,2,1,1,MANUAL_QA_REQUIRED
gvs_c36560a0d4dc0b26,gvc_b9fd8e335731,Smith Jm Bench Press,Smith Jm Bench Press,,MANUAL,Upper-Arms,MVP_CANDIDATE,Resistance/strength candidate,Smith Machine,source,팔,source,삼두근,대흉근 / 전면 삼각근,semantic_rule_v2,weight_reps,equipment,weight_reps,,1,1,0,MANUAL_QA_REQUIRED
gvs_c45bcae24bba2dc4,gvc_a46fdbb8a350,Smith Kneeling Hip Thrust,Smith Kneeling Hip Thrust,,MANUAL,Hips,MVP_CANDIDATE,Resistance/strength candidate,Smith Machine,source,하체,source,둔근,햄스트링,name_high,weight_reps,equipment,weight_reps,,1,1,0,MANUAL_QA_REQUIRED
gvs_29db639693bd70b8,gvc_d863361738be,Smith Kneeling Rear Kick,Smith Kneeling Rear Kick,,MANUAL,Hips,MVP_CANDIDATE,Resistance/strength candidate,Smith Machine,source,하체,source,,,unsupported,weight_reps,equipment,weight_reps,,1,0,1,MANUAL_QA_REQUIRED
gvs_08af762a3d4be84c,gvc_c2c664fb0341,Smith Lateral Step Up,Smith Lateral Step Up,,MANUAL,Thighs,MVP_CANDIDATE,Resistance/strength candidate,Smith Machine,source,하체,source,대퇴사두근,둔근,name_high,weight_reps,equipment,weight_reps,,2,1,1,MANUAL_QA_REQUIRED
gvs_4cff5643cf1d9003,gvc_3e7d64ccf376,Smith Leg Press,Smith Leg Press,,MANUAL,Thighs,MVP_CANDIDATE,Resistance/strength candidate,Smith Machine,source,하체,source,대퇴사두근,둔근,name_high,weight_reps,equipment,weight_reps,,2,1,1,MANUAL_QA_REQUIRED
gvs_f3878919d658fde1,gvc_de4934622ee4,Smith Low Bar Squat,Smith Low Bar Squat,,MANUAL,Thighs,MVP_CANDIDATE,Resistance/strength candidate,Smith Machine,source,하체,source,대퇴사두근,둔근,name_high,weight_reps,equipment,weight_reps,,2,1,1,MANUAL_QA_REQUIRED
gvs_da557a687bea23ce,gvc_e7f43c953386,Smith Machine Bicep Curl,Smith Machine Bicep Curl,스미스 머신 바이셉 컬,AUTO_PHRASE_DRAFT_V3,Upper-Arms,MVP_CANDIDATE,Resistance/strength candidate,Smith Machine,source,팔,source,,,unsupported,weight_reps,equipment,weight_reps,,1,1,0,AUTO_DRAFT_COMPLETE
gvs_6aa368f5b62f7941,gvc_5ec710430e40,Smith Machine Incline Tricep Extension,Smith Machine Incline Tricep Extension,스미스 머신 인클라인 트라이셉 익스텐션,AUTO_PHRASE_DRAFT_V3,Upper-Arms,MVP_CANDIDATE,Resistance/strength candidate,Smith Machine,source,팔,source,,,unsupported,weight_reps,equipment,weight_reps,,1,1,0,AUTO_DRAFT_COMPLETE
gvs_373384e85d2c3d92,gvc_94b3b1765146,Smith Narrow Row,Smith Narrow Row,,MANUAL,Back,MVP_CANDIDATE,Resistance/strength candidate,Smith Machine,source,등,source,등 상부 / 광배근,이두근,name_high,weight_reps,equipment,weight_reps,,1,1,0,MANUAL_QA_REQUIRED
gvs_421bc25ad7c68c4c,gvc_6da37e075b0d,Smith Reverse Calf Raises,Smith Reverse Calf Raises,,MANUAL,Calves,MVP_CANDIDATE,Resistance/strength candidate,Smith Machine,source,하체,source,,,unsupported,weight_reps,equipment,weight_reps,,1,1,0,MANUAL_QA_REQUIRED
gvs_77621f8c46ff652a,gvc_a4c9c54c92e0,Smith Reverse Hyperextension,Smith Reverse Hyperextension,,MANUAL,Hips,MVP_CANDIDATE,Resistance/strength candidate,Smith Machine,source,하체,source,,,unsupported,weight_reps,equipment,weight_reps,,1,1,0,MANUAL_QA_REQUIRED
gvs_52669e59cc1003b9,gvc_d362f96a1012,Smith Rear Lunge (version 2),Smith Reverse Lunge,,MANUAL,Thighs,MVP_CANDIDATE,Resistance/strength candidate,Smith Machine,source,하체,source,대퇴사두근,둔근,name_high,weight_reps,equipment,weight_reps,,2,1,1,MANUAL_QA_REQUIRED
gvs_2b03759e1e2ebe04,gvc_73b6fa2601bf,Smith Rear Lunge From Deficite,Smith Reverse Lunge From Deficite,,MANUAL,Thighs,MVP_CANDIDATE,Resistance/strength candidate,Smith Machine,source,하체,source,대퇴사두근,둔근,name_high,weight_reps,equipment,weight_reps,,1,1,0,MANUAL_QA_REQUIRED
gvs_d90bdba31d9b60eb,gvc_d5be579881e0,Smith Seated Calf Raise,Smith Seated Calf Raise,,MANUAL,Calves,MVP_CANDIDATE,Resistance/strength candidate,Smith Machine,source,하체,source,종아리,,name_high,weight_reps,equipment,weight_reps,,1,1,0,MANUAL_QA_REQUIRED
gvs_86df378c2b0a660a,gvc_8605ea3de8e2,Smith Seated Shoulder Press,Smith Seated Shoulder Press,,MANUAL,Shoulders,MVP_CANDIDATE,Resistance/strength candidate,Smith Machine,source,어깨,source,삼각근,삼두근,name_high,weight_reps,equipment,weight_reps,,2,1,1,MANUAL_QA_REQUIRED
gvs_8c24f7be6d42d124,gvc_bde516461202,Smith Shoulder Press,Smith Shoulder Press,,MANUAL,Shoulders,MVP_CANDIDATE,Resistance/strength candidate,Smith Machine,source,어깨,source,삼각근,삼두근,name_high,weight_reps,equipment,weight_reps,,1,1,0,MANUAL_QA_REQUIRED
gvs_234a93755bcac835,gvc_8c95ea1ddc15,Smith Shrug,Smith Shrug,,MANUAL,Back,MVP_CANDIDATE,Resistance/strength candidate,Smith Machine,source,등,source,,,unsupported,weight_reps,equipment,weight_reps,,2,1,1,MANUAL_QA_REQUIRED
gvs_056bfdc4dc01a3a2,gvc_10420df77b27,Smith Single Arm Bent Over Row,Smith Single Arm Bent Over Row,,MANUAL,Back,MVP_CANDIDATE,Resistance/strength candidate,Smith Machine,source,등,source,등 상부 / 광배근,이두근,name_high,weight_reps,equipment,weight_reps,,1,1,0,MANUAL_QA_REQUIRED
gvs_0afce1307bd89a02,gvc_8d3772c44543,Smith Single Leg Chair Squat,Smith Single Leg Chair Squat,,MANUAL,Thighs,MVP_CANDIDATE,Resistance/strength candidate,Smith Machine,source,하체,source,대퇴사두근,둔근,name_high,weight_reps,equipment,weight_reps,,1,0,1,MANUAL_QA_REQUIRED
gvs_331691cb213cd763,gvc_58fd5aff314d,Smith Single Leg Deadlift,Smith Single Leg Deadlift,,MANUAL,Hips,MVP_CANDIDATE,Resistance/strength candidate,Smith Machine,source,하체,source,둔근 / 햄스트링,등 / 코어,name_high,weight_reps,equipment,weight_reps,,1,1,0,MANUAL_QA_REQUIRED
gvs_2e6bef8385ce70fb,gvc_5d5a8dca2c0c,Smith One Leg Floor Calf Raise,Smith Single Leg Floor Calf Raise,,MANUAL,Calves,MVP_CANDIDATE,Resistance/strength candidate,Smith Machine,source,하체,source,종아리,,name_high,weight_reps,equipment,weight_reps,,2,1,1,MANUAL_QA_REQUIRED
gvs_92872f8bf01a17fb,gvc_1fae6d3e5f69,Smith Single Leg Split Squat,Smith Single Leg Split Squat,,MANUAL,Thighs,MVP_CANDIDATE,Resistance/strength candidate,Smith Machine,source,하체,source,대퇴사두근,둔근,name_high,weight_reps,equipment,weight_reps,,2,1,1,MANUAL_QA_REQUIRED
gvs_7681c2b9ed17c759,gvc_30ea79f870bc,Smith Split Squat,Smith Split Squat,,MANUAL,Thighs,MVP_CANDIDATE,Resistance/strength candidate,Smith Machine,source,하체,source,대퇴사두근,둔근,name_high,weight_reps,equipment,weight_reps,,2,1,1,MANUAL_QA_REQUIRED
gvs_6b951dbb1ebec98b,gvc_e7e2b3d11dde,Smith Squat,Smith Squat,,MANUAL,Hips,MVP_CANDIDATE,Resistance/strength candidate,Smith Machine,source,하체,source,대퇴사두근,둔근,name_high,weight_reps,equipment,weight_reps,,1,1,0,MANUAL_QA_REQUIRED
gvs_48feedb634d651f8,gvc_70bfa45bce61,Smith Squat To Bench,Smith Squat To Bench,,MANUAL,Thighs,MVP_CANDIDATE,Resistance/strength candidate,Smith Machine,source,하체,source,대퇴사두근,둔근,name_high,weight_reps,equipment,weight_reps,,1,1,0,MANUAL_QA_REQUIRED
gvs_71a9a4c3b40ac4a3,gvc_e95d401a8596,Smith Staggered Stance Romanian Deadlift,Smith Staggered Stance Romanian Deadlift,,MANUAL,,MVP_CANDIDATE,Resistance/strength candidate,Smith Machine,source,하체,name,둔근 / 햄스트링,코어,name_high,weight_reps,equipment,weight_reps,,1,0,1,MANUAL_QA_REQUIRED
gvs_07dae8c17c57791d,gvc_bc82e2b16a2e,Smith Standing Leg Calf Raise,Smith Standing Leg Calf Raise,,MANUAL,Calves,MVP_CANDIDATE,Resistance/strength candidate,Smith Machine,source,하체,source,종아리,,name_high,weight_reps,equipment,weight_reps,,2,1,1,MANUAL_QA_REQUIRED
gvs_b4b2c5f7915a7017,gvc_cb16e6380eec,Smith Standing Military Press,Smith Standing Military Press,,MANUAL,Shoulders,MVP_CANDIDATE,Resistance/strength candidate,Smith Machine,source,어깨,source,삼각근,삼두근,name_high,weight_reps,equipment,weight_reps,,1,1,0,MANUAL_QA_REQUIRED
gvs_9695beb681a383a0,gvc_2a755f2d2f93,Smith Standing Shoulder Press,Smith Standing Shoulder Press,,MANUAL,Shoulders,MVP_CANDIDATE,Resistance/strength candidate,Smith Machine,source,어깨,source,삼각근,삼두근,name_high,weight_reps,equipment,weight_reps,,2,1,1,MANUAL_QA_REQUIRED
gvs_39a688ad59862da1,gvc_e164b13ad7af,Smith Stiff Legged Deadlift,Smith Stiff Legged Deadlift,,MANUAL,Hips,MVP_CANDIDATE,Resistance/strength candidate,Smith Machine,source,하체,source,둔근 / 햄스트링,등 / 코어,name_high,weight_reps,equipment,weight_reps,,1,1,0,MANUAL_QA_REQUIRED
gvs_25776d967d39ed28,gvc_fa08a1cfa39a,Smith Sumo Chair Squat,Smith Sumo Chair Squat,,MANUAL,Hips,MVP_CANDIDATE,Resistance/strength candidate,Smith Machine,source,하체,source,대퇴사두근,둔근,name_high,weight_reps,equipment,weight_reps,,1,1,0,MANUAL_QA_REQUIRED
gvs_586cd6b1b4c5d5f5,gvc_921981fcbf55,Smith Sumo Deadlift,Smith Sumo Deadlift,,MANUAL,Hips,MVP_CANDIDATE,Resistance/strength candidate,Smith Machine,source,하체,source,둔근 / 햄스트링,등 / 코어,name_high,weight_reps,equipment,weight_reps,,2,1,1,MANUAL_QA_REQUIRED
gvs_ed2c11c9fc093015,gvc_1ecd3750a3f1,Smith Sumo Squat,Smith Sumo Squat,,MANUAL,Hips,MVP_CANDIDATE,Resistance/strength candidate,Smith Machine,source,하체,source,대퇴사두근,둔근,name_high,weight_reps,equipment,weight_reps,,2,1,1,MANUAL_QA_REQUIRED
gvs_8cb4d483370b9093,gvc_e817bf5bc6f0,Smith Upright Row,Smith Upright Row,,MANUAL,Shoulders,MVP_CANDIDATE,Resistance/strength candidate,Smith Machine,source,어깨,source,측면 삼각근 / 승모근,이두근,semantic_rule_v2,weight_reps,equipment,weight_reps,,1,1,0,MANUAL_QA_REQUIRED
gvs_62069a709e525dbe,gvc_c1ce14f5f732,Smith Wide Shrug,Smith Wide Shrug,,MANUAL,Back,MVP_CANDIDATE,Resistance/strength candidate,Smith Machine,source,등,source,,,unsupported,weight_reps,equipment,weight_reps,,1,1,0,MANUAL_QA_REQUIRED
gvs_204d2d5f4f5e1327,gvc_d08794dc491b,Snatch High Pull,Snatch High Pull,,MANUAL,Weightlifting,MVP_CANDIDATE,Resistance/strength candidate,,unknown,,unknown,,,unsupported,,review,,,1,1,0,MANUAL_QA_REQUIRED
gvs_5edcdf0e66235bbc,gvc_73f78dbde30e,Snatch Pull,Snatch Pull,,MANUAL,Weightlifting,MVP_CANDIDATE,Resistance/strength candidate,,unknown,,unknown,,,unsupported,,review,,,1,1,0,MANUAL_QA_REQUIRED
gvs_e3d151c16e721fcd,gvc_6cf000900d8a,Somersault Stand Up,Somersault Stand Up,,MANUAL,Waist,MVP_CANDIDATE,Resistance/strength candidate,Bodyweight,inferred_bodyweight,코어,source,,,unsupported,reps,bodyweight,,,1,1,0,MANUAL_QA_REQUIRED
gvs_caf06af15c508e2d,gvc_2c265bc6a0b3,Spell Caster,Spell Caster,,MANUAL,Waist,MVP_CANDIDATE,Resistance/strength candidate,Bodyweight,inferred_bodyweight,코어,source,,,unsupported,reps,bodyweight,,,2,1,1,MANUAL_QA_REQUIRED
gvs_b721af3df4050799,gvc_208d10e85fbd,Sphinx,Sphinx,,MANUAL,Back,MVP_CANDIDATE,Resistance/strength candidate,Bodyweight,inferred_bodyweight,등,source,,,unsupported,reps,bodyweight,,,1,1,0,MANUAL_QA_REQUIRED
gvs_d17d17b4645aaab6,gvc_4a110e9080d7,Spider Crawl Push Up,Spider Crawl Push Up,,MANUAL,Hips,MVP_CANDIDATE,Resistance/strength candidate,Bodyweight,inferred_bodyweight,하체,source,,,unsupported,reps,bodyweight,reps,,2,1,1,MANUAL_QA_REQUIRED
gvs_31356bc0fc03a2e2,gvc_0dfabd33139b,Spider Plank,Spider Plank,,MANUAL,Hips,MVP_CANDIDATE,Resistance/strength candidate,Bodyweight,inferred_bodyweight,하체,source,,,blank_after_semantic_qa,duration,semantic,duration,,2,1,1,MANUAL_QA_REQUIRED
gvs_af2de33d93d64685,gvc_63495ae962f3,Spiderman Plank,Spiderman Plank,,MANUAL,Waist,MVP_CANDIDATE,Resistance/strength candidate,Bodyweight,inferred_bodyweight,코어,source,코어,,name_high,duration,semantic,duration,,1,1,0,MANUAL_QA_REQUIRED
gvs_7829ba0f23a0f98f,gvc_87e4e4cb73e2,Spine (lumbar) Flexion,Spine (Lumbar) Flexion,,MANUAL,Waist,MVP_CANDIDATE,Resistance/strength candidate,Bodyweight,inferred_bodyweight,코어,source,,,unsupported,reps,bodyweight,,,1,0,1,MANUAL_QA_REQUIRED
gvs_1889c34d1e7568bd,gvc_e4c359056a17,Spine Rolling,Spine Rolling,,MANUAL,Waist,MVP_CANDIDATE,Resistance/strength candidate,Bodyweight,inferred_bodyweight,코어,source,,,unsupported,reps,bodyweight,,,1,1,0,MANUAL_QA_REQUIRED
gvs_f58c78f0e3d3ee7a,gvc_5ca7ea489fd1,Spine Twist,Spine Twist,,MANUAL,Waist,MVP_CANDIDATE,Resistance/strength candidate,Bodyweight,inferred_bodyweight,코어,source,,,unsupported,reps,bodyweight,,,1,1,0,MANUAL_QA_REQUIRED
gvs_6704bf67f8780fdf,gvc_204bd0bc6e01,Split Lateral Squat With Roll,Split Lateral Squat With Roll,,MANUAL,Thighs,MVP_CANDIDATE,Resistance/strength candidate,Bodyweight,inferred_bodyweight,하체,source,대퇴사두근,둔근,name_high,reps,bodyweight,,,1,1,0,MANUAL_QA_REQUIRED
gvs_33ef266b34e50f7b,gvc_5d8f04a16644,Split Sprinter Low Lunge,Split Sprinter Low Lunge,,MANUAL,Thighs,MVP_CANDIDATE,Resistance/strength candidate,Bodyweight,inferred_bodyweight,하체,source,대퇴사두근,둔근,name_high,reps,bodyweight,reps,,2,1,1,MANUAL_QA_REQUIRED
gvs_943c5a9623377c30,gvc_ad31fd933224,Split Squat Against Wall,Split Squat Against Wall,,MANUAL,Thighs,MVP_CANDIDATE,Resistance/strength candidate,Bodyweight,inferred_bodyweight,하체,source,대퇴사두근,둔근,name_high,reps,bodyweight,,,1,1,0,MANUAL_QA_REQUIRED
gvs_86ab0410cc30548a,gvc_b2d96e030832,Split Squat Heel Raise,Split Squat Heel Raise,,MANUAL,Thighs,MVP_CANDIDATE,Resistance/strength candidate,Bodyweight,inferred_bodyweight,하체,source,대퇴사두근,둔근,name_high,reps,bodyweight,,,2,1,1,MANUAL_QA_REQUIRED
gvs_1e5ce3320743dce8,gvc_7f5de0f4d5ce,Split Squat With Low Box,Split Squat With Low Box,,MANUAL,Thighs,MVP_CANDIDATE,Resistance/strength candidate,Bodyweight,inferred_bodyweight,하체,source,대퇴사두근,둔근,name_high,reps,bodyweight,,,1,1,0,MANUAL_QA_REQUIRED
gvs_3270a18b1a47ce2b,gvc_606dea97d7df;gvc_b9d48e03d006,Split Squat | Split Squats,Split Squats,,MANUAL,Hips;Thighs,MVP_CANDIDATE,Resistance/strength candidate,Bodyweight,inferred_bodyweight,하체,source,,,unsupported,reps,bodyweight,,,3,1,2,MANUAL_QA_REQUIRED
gvs_b980919d4d5f88e5,gvc_d5c2cb95d63e,Squat,Squat,스쿼트,AUTO_PHRASE_DRAFT,Hips,MVP_CANDIDATE,Resistance/strength candidate,Bodyweight,inferred_bodyweight,하체,source,대퇴사두근,둔근,name_high,reps,bodyweight,,,1,0,1,AUTO_DRAFT_COMPLETE
gvs_62b2c586bad6a638,gvc_5ea526298883,Squat Alternating Lunge,Squat Alternating Lunge,스쿼트 얼터네이팅 런지,AUTO_PHRASE_DRAFT,Hips,MVP_CANDIDATE,Resistance/strength candidate,Bodyweight,inferred_bodyweight,하체,source,대퇴사두근,둔근,name_high,reps,bodyweight,reps,,1,0,1,AUTO_DRAFT_COMPLETE
gvs_eafa04b7c0bec4bf,gvc_4dca6531aeee,Squat And 5 Bounces,Squat And 5 Bounces,,MANUAL,Thighs,MVP_CANDIDATE,Resistance/strength candidate,Bodyweight,inferred_bodyweight,하체,source,대퇴사두근,둔근,name_high,reps,bodyweight,,,1,0,1,MANUAL_QA_REQUIRED
gvs_8bb16ef7a7b3ac1f,gvc_c6d6a2fe3fe8,Squat And Alternating Hip Extension,Squat And Alternating Hip Extension,,MANUAL,Hips,MVP_CANDIDATE,Resistance/strength candidate,Bodyweight,inferred_bodyweight,하체,source,대퇴사두근,둔근,name_high,reps,bodyweight,,,1,0,1,MANUAL_QA_REQUIRED
gvs_8da4cb2744d308ff,gvc_9db7d26ef091,Squat And Tip Toes,Squat And Tip Toes,,MANUAL,Thighs,MVP_CANDIDATE,Resistance/strength candidate,Bodyweight,inferred_bodyweight,하체,source,대퇴사두근,둔근,name_high,reps,bodyweight,,,2,1,1,MANUAL_QA_REQUIRED
gvs_6c9d0cffe494956f,gvc_3edcc1ad7370,Squat On Bosu Ball,Squat On Bosu Ball,,MANUAL,Thighs,MVP_CANDIDATE,Resistance/strength candidate,Bodyweight,inferred_bodyweight,하체,source,대퇴사두근,둔근,name_high,reps,bodyweight,,,1,0,1,MANUAL_QA_REQUIRED
gvs_e08b5d7a4a0d1ad0,gvc_4cd10bc57ab6,Squat Press Up,Squat Press Up,,MANUAL,Thighs,MVP_CANDIDATE,Resistance/strength candidate,Bodyweight,inferred_bodyweight,하체,source,대퇴사두근,둔근,name_high,reps,bodyweight,,,1,1,0,MANUAL_QA_REQUIRED
gvs_5ec874058852a9d9,gvc_1a6b3c24fac1,Squat Side Kick,Squat Side Kick,,MANUAL,Hips,MVP_CANDIDATE,Resistance/strength candidate,Bodyweight,inferred_bodyweight,하체,source,대퇴사두근,둔근,name_high,reps,bodyweight,,,1,0,1,MANUAL_QA_REQUIRED
gvs_2421c0d3ffca084b,gvc_2575e16be93e,Squat Tip Toe,Squat Tip Toe,,MANUAL,Thighs,MVP_CANDIDATE,Resistance/strength candidate,Bodyweight,inferred_bodyweight,하체,source,대퇴사두근,둔근,name_high,reps,bodyweight,,,1,1,0,MANUAL_QA_REQUIRED
gvs_2800383668376148,gvc_b3818c08a831,Squat To Leg Extension,Squat To Leg Extension,,MANUAL,Thighs,MVP_CANDIDATE,Resistance/strength candidate,Bodyweight,inferred_bodyweight,하체,source,대퇴사두근,,name_high,reps,bodyweight,,,1,0,1,MANUAL_QA_REQUIRED
gvs_3162d618ae1cceaa,gvc_6a36c9ea9ba2,Squat To Leg Extension And Torso Twist,Squat To Leg Extension And Torso Twist,,MANUAL,Thighs,MVP_CANDIDATE,Resistance/strength candidate,Bodyweight,inferred_bodyweight,하체,source,대퇴사두근,,name_high,reps,bodyweight,,,1,0,1,MANUAL_QA_REQUIRED
gvs_7668d5fc1b8f5f12,gvc_0e1a80db43d0,Squat Twist,Squat Twist,,MANUAL,Thighs,MVP_CANDIDATE,Resistance/strength candidate,Bodyweight,inferred_bodyweight,하체,source,대퇴사두근,둔근,name_high,reps,bodyweight,,,1,0,1,MANUAL_QA_REQUIRED
gvs_70152f6c863754aa,gvc_86608fbafcdf,Stability Ball Crunch (full Range Hands Behind Head),Stability Ball Crunch (Full Range Hands Behind Head),,MANUAL,Waist,MVP_CANDIDATE,Resistance/strength candidate,Stability Ball,source,코어,source,복직근,,name_high,,review,reps,,1,1,0,MANUAL_QA_REQUIRED
gvs_4c95e1d55a3c0355,gvc_71e95de9ab76,Stability Ball Front Plank,Stability Ball Front Plank,짐볼 프론트 플랭크,AUTO_PHRASE_DRAFT,Waist,MVP_CANDIDATE,Resistance/strength candidate,Stability Ball,source,코어,source,코어,,name_high,duration,semantic,duration,,1,1,0,AUTO_DRAFT_COMPLETE
gvs_8f3a294fcef23507,gvc_9482827fdc48,Stability Ball Rollout,Stability Ball Rollout,,MANUAL,Hips,MVP_CANDIDATE,Resistance/strength candidate,Stability Ball,source,하체,source,,,unsupported,,review,,,1,0,1,MANUAL_QA_REQUIRED
gvs_fc88caee9a801e0c,gvc_f275df32155d,Stability Ball Rollout On Knees,Stability Ball Rollout On Knees,,MANUAL,Hips,MVP_CANDIDATE,Resistance/strength candidate,Stability Ball,source,하체,source,,,unsupported,,review,,,2,1,1,MANUAL_QA_REQUIRED
gvs_8a0cb09b901dfbe3,gvc_2b18afee5a49,Stability Ball Rounded Rollout,Stability Ball Rounded Rollout,,MANUAL,Waist,MVP_CANDIDATE,Resistance/strength candidate,Stability Ball,source,코어,source,,,unsupported,,review,,,1,0,1,MANUAL_QA_REQUIRED
gvs_b31316ba45f37bc8,gvc_f93c540e9a3d,Stability Ball Single Leg Squat,Stability Ball Single Leg Squat,짐볼 싱글 레그 스쿼트,AUTO_PHRASE_DRAFT,Thighs,MVP_CANDIDATE,Resistance/strength candidate,Stability Ball,source,하체,source,대퇴사두근,둔근,name_high,,review,,,2,1,1,MANUAL_QA_REQUIRED
gvs_a437bcdb0029e463,gvc_c44a6d0df641,Staggered Leg Glute Bridge,Staggered Leg Glute Bridge,,MANUAL,Hips,MVP_CANDIDATE,Resistance/strength candidate,Bodyweight,inferred_bodyweight,하체,source,둔근,햄스트링,name_high,reps,bodyweight,,,1,0,1,MANUAL_QA_REQUIRED
gvs_f4cf2e1bd14acb7b,gvc_67857a74b48d,Stair Up,Stair Up,,MANUAL,Thighs,MVP_CANDIDATE,Resistance/strength candidate,Bodyweight,inferred_bodyweight,하체,source,,,unsupported,reps,bodyweight,,,1,0,1,MANUAL_QA_REQUIRED
gvs_987071df96b77447,gvc_72a991df930f,Standing Ab Twist,Standing Ab Twist,,MANUAL,Waist,MVP_CANDIDATE,Resistance/strength candidate,Bodyweight,inferred_bodyweight,코어,source,,,unsupported,reps,bodyweight,,,2,1,1,MANUAL_QA_REQUIRED
gvs_1acde7e108bb62a9,gvc_5c5b0fda3a50,Standing Ab Twist Wall Touch,Standing Ab Twist Wall Touch,,MANUAL,Waist,MVP_CANDIDATE,Resistance/strength candidate,Bodyweight,inferred_bodyweight,코어,source,,,unsupported,reps,bodyweight,,,1,1,0,MANUAL_QA_REQUIRED
gvs_63a46e7841fbf7d2,gvc_667c53ffc6f1,Standing Abdominal Vacuum,Standing Abdominal Vacuum,,MANUAL,Waist,MVP_CANDIDATE,Resistance/strength candidate,Bodyweight,inferred_bodyweight,코어,source,,,unsupported,reps,bodyweight,,,2,1,1,MANUAL_QA_REQUIRED
gvs_b5317c95ba7e1341,gvc_d43995e7d34d,Standing Air Bike,Standing Air Bike,,MANUAL,Waist,MVP_CANDIDATE,Resistance/strength candidate,Bodyweight,inferred_bodyweight,코어,source,,,unsupported,reps,bodyweight,,,2,1,1,MANUAL_QA_REQUIRED
gvs_c41e621db1dcf179,gvc_3b4517ec98e3,Standing Alternate Arms Circling,Standing Alternate Arms Circling,,MANUAL,Shoulders,MVP_CANDIDATE,Resistance/strength candidate,Bodyweight,inferred_bodyweight,어깨,source,,,unsupported,reps,bodyweight,,,1,0,1,MANUAL_QA_REQUIRED
gvs_7707ec79718c1a9d,gvc_38a01fd59a38,Standing Alternate Glute Kickback,Standing Alternate Glute Kickback,,MANUAL,Hips,MVP_CANDIDATE,Resistance/strength candidate,Bodyweight,inferred_bodyweight,하체,source,,,unsupported,reps,bodyweight,,,1,0,1,MANUAL_QA_REQUIRED
gvs_02444aa1e90406bd,gvc_9e503a456cd0,Standing Alternating Elbows Nudge,Standing Alternating Elbows Nudge,,MANUAL,Chest,MVP_CANDIDATE,Resistance/strength candidate,Bodyweight,inferred_bodyweight,가슴,source,,,unsupported,reps,bodyweight,,,1,0,1,MANUAL_QA_REQUIRED
gvs_0542688d5e5fd635,gvc_e4ae29a65e6b,Standing Alternating Palm To Elbow,Standing Alternating Palm To Elbow,,MANUAL,Chest,MVP_CANDIDATE,Resistance/strength candidate,Bodyweight,inferred_bodyweight,가슴,source,,,unsupported,reps,bodyweight,,,1,0,1,MANUAL_QA_REQUIRED
gvs_c029410dd664fdd5,gvc_c541d8483584,Standing Alternating Shoulder Flexion With Rope (f,Standing Alternating Shoulder Flexion With Rope,,MANUAL,,MVP_CANDIDATE,Resistance/strength candidate,Rope,source,어깨,name,,,unsupported,,review,,,1,0,1,MANUAL_QA_REQUIRED
gvs_128ffbec4c3387e2,gvc_795dc12471a8,Standing Angel Wall Supported,Standing Angel Wall Supported,,MANUAL,Shoulders,MVP_CANDIDATE,Resistance/strength candidate,Bodyweight,inferred_bodyweight,어깨,source,,,unsupported,reps,bodyweight,,,1,1,0,MANUAL_QA_REQUIRED
gvs_8bf271f747f25eff,gvc_76e3a41260d8,Standing Ankle Circles (version 2),Standing Ankle Circles,,MANUAL,Calves,MVP_CANDIDATE,Resistance/strength candidate,Bodyweight,inferred_bodyweight,하체,source,,,unsupported,reps,bodyweight,,,1,0,1,MANUAL_QA_REQUIRED
gvs_bcf97784ef14c06e,gvc_ad8f5218eadc,Standing Archer Alternate Arm Row,Standing Archer Alternate Arm Row,,MANUAL,Back,MVP_CANDIDATE,Resistance/strength candidate,Bodyweight,inferred_bodyweight,등,source,등 상부 / 광배근,이두근,name_high,reps,bodyweight,,,1,0,1,MANUAL_QA_REQUIRED
gvs_6499866d54d5881d,gvc_3a2f137f3b85,Standing Arm Crossover Behind The Back,Standing Arm Crossover Behind The Back,,MANUAL,Back,MVP_CANDIDATE,Resistance/strength candidate,Bodyweight,inferred_bodyweight,등,source,,,unsupported,reps,bodyweight,,,1,0,1,MANUAL_QA_REQUIRED
gvs_c824076b93e118e3,gvc_aa53d3148eb2,Standing Arm Rotation,Standing Arm Rotation,,MANUAL,Back,MVP_CANDIDATE,Resistance/strength candidate,Bodyweight,inferred_bodyweight,등,source,,,unsupported,reps,bodyweight,,,1,0,1,MANUAL_QA_REQUIRED
gvs_6b9439591aff38a9,gvc_6f2f3cbdce41,Standing Arms Circling,Standing Arms Circling,,MANUAL,Shoulders,MVP_CANDIDATE,Resistance/strength candidate,Bodyweight,inferred_bodyweight,어깨,source,,,unsupported,reps,bodyweight,,,1,0,1,MANUAL_QA_REQUIRED
gvs_f882dccc918ed4de,gvc_3926c6c372bb,Standing Arms Flinging,Standing Arms Flinging,,MANUAL,Shoulders,MVP_CANDIDATE,Resistance/strength candidate,Bodyweight,inferred_bodyweight,어깨,source,,,unsupported,reps,bodyweight,,,1,0,1,MANUAL_QA_REQUIRED
gvs_0ac70811fbfef4d5,gvc_a0481977afcf,Standing Arms Out Twist,Standing Arms Out Twist,,MANUAL,Waist,MVP_CANDIDATE,Resistance/strength candidate,Bodyweight,inferred_bodyweight,코어,source,,,unsupported,reps,bodyweight,,,1,0,1,MANUAL_QA_REQUIRED
gvs_926711fe853b5090,gvc_1d6a7c2ab05d,Standing Assisted Abduction With Rope,Standing Assisted Abduction With Rope,,MANUAL,Shoulders,MVP_CANDIDATE,Resistance/strength candidate,Rope,source,어깨,source,,,unsupported,,review,,,1,0,1,MANUAL_QA_REQUIRED
gvs_6133b3c786df3d9f,gvc_d93ba1f30002,Standing Back Pulsing Raise,Standing Back Pulsing Raise,,MANUAL,Back,MVP_CANDIDATE,Resistance/strength candidate,Bodyweight,inferred_bodyweight,등,source,,,unsupported,reps,bodyweight,,,1,0,1,MANUAL_QA_REQUIRED
gvs_cb059a06f08a530c,gvc_53fceec4edb3,Standing Back Rotation Squeeze,Standing Back Rotation Squeeze,,MANUAL,Shoulders,MVP_CANDIDATE,Resistance/strength candidate,Bodyweight,inferred_bodyweight,어깨,source,,,unsupported,reps,bodyweight,,,1,0,1,MANUAL_QA_REQUIRED
gvs_c4e0db83e58365ab,gvc_cb6b63274615;gvc_f8b62bea7c38,Standing Back Squeeze | Standing Back Squeeze (version 2),Standing Back Squeeze,,MANUAL,Back,MVP_CANDIDATE,Resistance/strength candidate,Bodyweight,inferred_bodyweight,등,source,,,unsupported,reps,bodyweight,,,2,0,2,MANUAL_QA_REQUIRED
gvs_80061af90fcc09fd,gvc_48fe057f1ca3,Standing Back Squeeze Pulse,Standing Back Squeeze Pulse,,MANUAL,Back,MVP_CANDIDATE,Resistance/strength candidate,Bodyweight,inferred_bodyweight,등,source,,,unsupported,reps,bodyweight,,,1,0,1,MANUAL_QA_REQUIRED
gvs_866d7ede16d6cf58,gvc_ec5f18f2cb9b,Standing Backhand And Forehand Push,Standing Backhand And Forehand Push,,MANUAL,Chest,MVP_CANDIDATE,Resistance/strength candidate,Bodyweight,inferred_bodyweight,가슴,source,,,unsupported,reps,bodyweight,,,1,0,1,MANUAL_QA_REQUIRED
gvs_32afd984baf3226e,gvc_3019da73610e,Standing Balance Ankle Rotation,Standing Balance Ankle Rotation,,MANUAL,Calves,MVP_CANDIDATE,Resistance/strength candidate,Bodyweight,inferred_bodyweight,하체,source,,,unsupported,reps,bodyweight,,,1,0,1,MANUAL_QA_REQUIRED
gvs_2aa65820f2388fe6,gvc_c4db0a9cc27b,Standing Balance Hip Abduction,Standing Balance Hip Abduction,,MANUAL,Hips,MVP_CANDIDATE,Resistance/strength candidate,Bodyweight,inferred_bodyweight,하체,source,중둔근,,name_high,reps,bodyweight,,,1,0,1,MANUAL_QA_REQUIRED
gvs_1973c1352ad79b4d,gvc_fe64db471275,Standing Balance Hip Abduction Pulse,Standing Balance Hip Abduction Pulse,,MANUAL,Hips,MVP_CANDIDATE,Resistance/strength candidate,Bodyweight,inferred_bodyweight,하체,source,중둔근,,name_high,reps,bodyweight,,,1,0,1,MANUAL_QA_REQUIRED
gvs_3e7ea521fe44b305,gvc_422576ce3020,Standing Balance Hip Flexion,Standing Balance Hip Flexion,,MANUAL,Hips,MVP_CANDIDATE,Resistance/strength candidate,Bodyweight,inferred_bodyweight,하체,source,,,unsupported,reps,bodyweight,,,1,0,1,MANUAL_QA_REQUIRED
gvs_402217a3b713861b,gvc_5684eab219ae,Standing Balance Hip Flexion Pulse,Standing Balance Hip Flexion Pulse,,MANUAL,Hips,MVP_CANDIDATE,Resistance/strength candidate,Bodyweight,inferred_bodyweight,하체,source,,,unsupported,reps,bodyweight,,,1,0,1,MANUAL_QA_REQUIRED
gvs_fea8e2e351d24c6b,gvc_8256e85cda9a,Standing Balance Hip Rotation,Standing Balance Hip Rotation,,MANUAL,Hips,MVP_CANDIDATE,Resistance/strength candidate,Bodyweight,inferred_bodyweight,하체,source,,,unsupported,reps,bodyweight,,,1,0,1,MANUAL_QA_REQUIRED
gvs_637955ec17bd2c9a,gvc_86ace27dfa8c,Standing Balance Single Leg Lifts,Standing Balance Single Leg Lifts,,MANUAL,Hips,MVP_CANDIDATE,Resistance/strength candidate,Bodyweight,inferred_bodyweight,하체,source,,,unsupported,reps,bodyweight,,,1,0,1,MANUAL_QA_REQUIRED
gvs_a92d7ee81913378e,gvc_2cabaad59df4,Standing Behind Neck Press,Standing Behind Neck Press,,MANUAL,Shoulders,MVP_CANDIDATE,Resistance/strength candidate,Bodyweight,inferred_bodyweight,어깨,source,,,unsupported,reps,bodyweight,,,1,1,0,MANUAL_QA_REQUIRED
gvs_3ca5d9c4ed30f392,gvc_65ccc6caca40,Standing Behind Sky Reach,Standing Behind Sky Reach,,MANUAL,Waist,MVP_CANDIDATE,Resistance/strength candidate,Bodyweight,inferred_bodyweight,코어,source,,,unsupported,reps,bodyweight,,,2,1,1,MANUAL_QA_REQUIRED
gvs_696241ded43f0744,gvc_d140d2dbaecb,Standing Bent Knee Figure,Standing Bent Knee Figure,,MANUAL,Hips,MVP_CANDIDATE,Resistance/strength candidate,Bodyweight,inferred_bodyweight,하체,source,,,unsupported,reps,bodyweight,,,1,1,0,MANUAL_QA_REQUIRED
gvs_1f305bd891342116,gvc_37c1be7664a1,Standing Biceps Curl (with Leg),Standing Biceps Curl (With Leg),,MANUAL,Upper-Arms,MVP_CANDIDATE,Resistance/strength candidate,Bodyweight,inferred_bodyweight,팔,source,이두근,,name_high,reps,bodyweight,,,1,1,0,MANUAL_QA_REQUIRED
gvs_fa404aeb1f0bc9fb,gvc_06d04e7cb668,Standing Biceps Curl Door Frame,Standing Biceps Curl Door Frame,,MANUAL,Upper-Arms,MVP_CANDIDATE,Resistance/strength candidate,Bodyweight,inferred_bodyweight,팔,source,이두근,,name_high,reps,bodyweight,,,1,1,0,MANUAL_QA_REQUIRED
gvs_4118300f0edeb897,gvc_33a57163e625,Standing Boat Row,Standing Boat Row,,MANUAL,Waist,MVP_CANDIDATE,Resistance/strength candidate,Bodyweight,inferred_bodyweight,코어,source,,,blank_after_semantic_qa,reps,bodyweight,,,2,1,1,MANUAL_QA_REQUIRED
gvs_09b09f4dc523bed9,gvc_bf710ca68beb,Standing Calf Raise,Standing Calf Raise,스탠딩 카프 레이즈,AUTO_PHRASE_DRAFT,Calves,MVP_CANDIDATE,Resistance/strength candidate,Bodyweight,inferred_bodyweight,하체,source,종아리,,name_high,reps,bodyweight,,,1,0,1,AUTO_DRAFT_COMPLETE
gvs_2593973f5c8e0d0f,gvc_06171e1d937e,Standing Calf Raise (on A Staircase),Standing Calf Raise (On A Staircase),,MANUAL,Calves,MVP_CANDIDATE,Resistance/strength candidate,Bodyweight,inferred_bodyweight,하체,source,종아리,,name_high,reps,bodyweight,,,2,1,1,MANUAL_QA_REQUIRED
gvs_4a6644898d1f10ed,gvc_61d3f76c65a9,Standing Calf Raise With Arms Circle,Standing Calf Raise With Arms Circle,,MANUAL,Calves,MVP_CANDIDATE,Resistance/strength candidate,Bodyweight,inferred_bodyweight,하체,source,종아리,,name_high,reps,bodyweight,,,1,0,1,MANUAL_QA_REQUIRED
gvs_aaaff59b589a782b,gvc_7a415a1cbdf0,Standing Calf Raise With Support,Standing Calf Raise With Support,,MANUAL,Calves,MVP_CANDIDATE,Resistance/strength candidate,Bodyweight,inferred_bodyweight,하체,source,종아리,,name_high,reps,bodyweight,,,1,0,1,MANUAL_QA_REQUIRED
gvs_181c5259a7124fcd,gvc_354d29ac1dd1,Standing Core Twist,Standing Core Twist,,MANUAL,Waist,MVP_CANDIDATE,Resistance/strength candidate,Bodyweight,inferred_bodyweight,코어,source,,,unsupported,reps,bodyweight,,,1,0,1,MANUAL_QA_REQUIRED
gvs_bf9a5d89808d27dd,gvc_7d82d0d4ac15,Standing Deep Breathe And Prayer Pull,Standing Deep Breathe And Prayer Pull,,MANUAL,Shoulders,MVP_CANDIDATE,Resistance/strength candidate,Bodyweight,inferred_bodyweight,어깨,source,,,unsupported,reps,bodyweight,,,1,0,1,MANUAL_QA_REQUIRED
gvs_01ae08517051586d,gvc_fdfe0142512c,Standing Diagonal Grab,Standing Diagonal Grab,,MANUAL,Chest,MVP_CANDIDATE,Resistance/strength candidate,Bodyweight,inferred_bodyweight,가슴,source,,,unsupported,reps,bodyweight,,,1,1,0,MANUAL_QA_REQUIRED
gvs_dffc67c1b52edc65,gvc_8e6ce7c9b1e9,Standing Diagonal Reach And Chest Lift,Standing Diagonal Reach And Chest Lift,,MANUAL,Chest,MVP_CANDIDATE,Resistance/strength candidate,Bodyweight,inferred_bodyweight,가슴,source,,,unsupported,reps,bodyweight,,,1,0,1,MANUAL_QA_REQUIRED
gvs_02f8c7f462194f7e,gvc_0a9a5a66a202,Standing Double Prayer Push,Standing Double Prayer Push,,MANUAL,Chest,MVP_CANDIDATE,Resistance/strength candidate,Bodyweight,inferred_bodyweight,가슴,source,,,unsupported,reps,bodyweight,,,1,0,1,MANUAL_QA_REQUIRED
gvs_33bfd568ef770b16,gvc_4ffa18d197d5,Standing Eagle Up And Left,Standing Eagle Up And Left,,MANUAL,Chest,MVP_CANDIDATE,Resistance/strength candidate,Bodyweight,inferred_bodyweight,가슴,source,,,unsupported,reps,bodyweight,,,1,0,1,MANUAL_QA_REQUIRED
gvs_d91a71a469c94742,gvc_41db79020d10,Standing Elbow Clap,Standing Elbow Clap,,MANUAL,Chest,MVP_CANDIDATE,Resistance/strength candidate,Bodyweight,inferred_bodyweight,가슴,source,,,unsupported,reps,bodyweight,,,2,1,1,MANUAL_QA_REQUIRED
gvs_dd9b8ad574336815,gvc_3b2bb28903ca,Standing Elbow Crossover Raise,Standing Elbow Crossover Raise,,MANUAL,Shoulders,MVP_CANDIDATE,Resistance/strength candidate,Bodyweight,inferred_bodyweight,어깨,source,,,unsupported,reps,bodyweight,,,1,0,1,MANUAL_QA_REQUIRED
gvs_a2515f41e837b199,gvc_ef93807af97b,Standing Elbow Push Up And Elbow Fly,Standing Elbow Push Up And Elbow Fly,,MANUAL,Chest,MVP_CANDIDATE,Resistance/strength candidate,Bodyweight,inferred_bodyweight,가슴,source,,,unsupported,reps,bodyweight,reps,,1,0,1,MANUAL_QA_REQUIRED
gvs_39b262bd7afaa239,gvc_69bc10ad3204,Standing Elbow Raise And Squeeze,Standing Elbow Raise And Squeeze,,MANUAL,Shoulders,MVP_CANDIDATE,Resistance/strength candidate,Bodyweight,inferred_bodyweight,어깨,source,,,unsupported,reps,bodyweight,,,1,0,1,MANUAL_QA_REQUIRED
gvs_7f143e0e10aff8e0,gvc_4b28a8e4b79f,Standing Elbow Together Scoop,Standing Elbow Together Scoop,,MANUAL,Upper-Arms,MVP_CANDIDATE,Resistance/strength candidate,Bodyweight,inferred_bodyweight,팔,source,,,unsupported,reps,bodyweight,,,2,1,1,MANUAL_QA_REQUIRED
gvs_a145fd34fa909a0a,gvc_bb66af587cf0,Standing Elbow Touch,Standing Elbow Touch,,MANUAL,Chest,MVP_CANDIDATE,Resistance/strength candidate,Bodyweight,inferred_bodyweight,가슴,source,,,unsupported,reps,bodyweight,,,1,0,1,MANUAL_QA_REQUIRED
gvs_dc4faaa2bbbce3d8,gvc_d1050f106b09,Standing Elbows Tucked Open And Close,Standing Elbows Tucked Open And Close,,MANUAL,Back,MVP_CANDIDATE,Resistance/strength candidate,Bodyweight,inferred_bodyweight,등,source,,,unsupported,reps,bodyweight,,,1,0,1,MANUAL_QA_REQUIRED
gvs_d194a79c205f2dd2,gvc_19538e5ca62b,Standing Forward Bend Back Squeeze,Standing Forward Bend Back Squeeze,,MANUAL,Back,MVP_CANDIDATE,Resistance/strength candidate,Bodyweight,inferred_bodyweight,등,source,,,unsupported,reps,bodyweight,,,1,0,1,MANUAL_QA_REQUIRED
gvs_7ab0b2ec66e479de,gvc_9718e4e5b41a,Standing Forward Double Tap And Open,Standing Forward Double Tap And Open,,MANUAL,Chest,MVP_CANDIDATE,Resistance/strength candidate,Bodyweight,inferred_bodyweight,가슴,source,,,unsupported,reps,bodyweight,,,1,0,1,MANUAL_QA_REQUIRED
gvs_7581137ec722c478,gvc_fde05503d4ca,Standing Front Clap Back Clap,Standing Front Clap Back Clap,,MANUAL,Shoulders,MVP_CANDIDATE,Resistance/strength candidate,Bodyweight,inferred_bodyweight,어깨,source,,,unsupported,reps,bodyweight,,,1,0,1,MANUAL_QA_REQUIRED
gvs_04fdd676a615bca4,gvc_23c3be7f0036,Standing Front Shoulder Tap,Standing Front Shoulder Tap,,MANUAL,Upper-Arms,MVP_CANDIDATE,Resistance/strength candidate,Bodyweight,inferred_bodyweight,팔,source,,,unsupported,reps,bodyweight,,,1,0,1,MANUAL_QA_REQUIRED
gvs_9d77d12407aa9bd2,gvc_9e11cf3cc693,Standing Glute Back Lift Against Wall,Standing Glute Back Lift Against Wall,,MANUAL,Hips,MVP_CANDIDATE,Resistance/strength candidate,Bodyweight,inferred_bodyweight,하체,source,,,unsupported,reps,bodyweight,,,1,0,1,MANUAL_QA_REQUIRED
gvs_30a305da53179960,gvc_6d745213a4cd,Standing Hand Behind Side Bend,Standing Hand Behind Side Bend,,MANUAL,Waist,MVP_CANDIDATE,Resistance/strength candidate,Bodyweight,inferred_bodyweight,코어,source,복사근,코어,name_high,reps,bodyweight,,,1,1,0,MANUAL_QA_REQUIRED
gvs_db9cdb038c096c3b,gvc_664d1604a9b6,Standing Hip Abduction,Standing Hip Abduction,스탠딩 힙 어브덕션,AUTO_PHRASE_DRAFT,Hips,MVP_CANDIDATE,Resistance/strength candidate,Bodyweight,inferred_bodyweight,하체,source,중둔근,,name_high,reps,bodyweight,,,1,0,1,AUTO_DRAFT_COMPLETE
gvs_76576d7c8efc669e,gvc_80d9cd67c3fc,Standing Hip Adduction (version 2),Standing Hip Adduction,스탠딩 힙 어덕션,AUTO_PHRASE_DRAFT,Hips,MVP_CANDIDATE,Resistance/strength candidate,Bodyweight,inferred_bodyweight,하체,source,내전근,,name_high,reps,bodyweight,,,1,1,0,AUTO_DRAFT_COMPLETE
gvs_a72690bb72d1eb43,gvc_4b44ea061f48,Standing Hip Circle,Standing Hip Circle,,MANUAL,Hips,MVP_CANDIDATE,Resistance/strength candidate,Bodyweight,inferred_bodyweight,하체,source,,,unsupported,reps,bodyweight,,,2,0,2,MANUAL_QA_REQUIRED
gvs_2fb2dfad61a5b0fd,gvc_f50e04b0d10d,Standing Hip Extension (bent Knee),Standing Hip Extension (Bent Knee),,MANUAL,Hips,MVP_CANDIDATE,Resistance/strength candidate,Bodyweight,inferred_bodyweight,하체,source,,,unsupported,reps,bodyweight,,,1,0,1,MANUAL_QA_REQUIRED
gvs_09adf66d11580839,gvc_defc6b7d4242,Standing Hip Extension To Leg Lift,Standing Hip Extension To Leg Lift,,MANUAL,Hips,MVP_CANDIDATE,Resistance/strength candidate,Bodyweight,inferred_bodyweight,하체,source,,,unsupported,reps,bodyweight,,,2,1,1,MANUAL_QA_REQUIRED
gvs_0b123e4a8bd13404,gvc_e240c46ca08f,Standing Hip Horizontal Rotation,Standing Hip Horizontal Rotation,,MANUAL,Hips,MVP_CANDIDATE,Resistance/strength candidate,Bodyweight,inferred_bodyweight,하체,source,,,unsupported,reps,bodyweight,,,1,1,0,MANUAL_QA_REQUIRED
gvs_67354c5baaf347d3,gvc_2b93437631cb,Standing Inverted Row,Standing Inverted Row,,MANUAL,Back,MVP_CANDIDATE,Resistance/strength candidate,Bodyweight,inferred_bodyweight,등,source,등 상부 / 광배근,이두근,name_high,reps,bodyweight,,,1,0,1,MANUAL_QA_REQUIRED
gvs_6ee97819fd114aad,gvc_3492219511e1,Standing Iron Eagle,Standing Iron Eagle,,MANUAL,Shoulders,MVP_CANDIDATE,Resistance/strength candidate,Bodyweight,inferred_bodyweight,어깨,source,,,unsupported,reps,bodyweight,,,1,1,0,MANUAL_QA_REQUIRED
gvs_ba8c50d4d7590876,gvc_8872d1572e32,Standing Isometric Hold Calf Raise,Standing Isometric Hold Calf Raise,,MANUAL,Calves,MVP_CANDIDATE,Resistance/strength candidate,Bodyweight,inferred_bodyweight,하체,source,종아리,,name_high,duration,semantic,duration,,1,0,1,MANUAL_QA_REQUIRED
gvs_185631c584483091,gvc_dbff975b8dee,Standing Lat Pulldown,Standing Lat Pulldown,스탠딩 랫 풀다운,AUTO_PHRASE_DRAFT,Back,MVP_CANDIDATE,Resistance/strength candidate,Bodyweight,inferred_bodyweight,등,source,광배근,이두근 / 승모근,name_high,reps,bodyweight,,,1,0,1,AUTO_DRAFT_COMPLETE
gvs_6c036a4cfb2fd242,gvc_7a86bf777832,Standing Lateral Leg Circle With A Chair,Standing Lateral Leg Circle With A Chair,,MANUAL,Hips,MVP_CANDIDATE,Resistance/strength candidate,Bodyweight,inferred_bodyweight,하체,source,,,unsupported,reps,bodyweight,,,1,1,0,MANUAL_QA_REQUIRED
gvs_fa9362b32c168363,gvc_bedbd898d467,Standing Lateral Raise (bent Arms),Standing Lateral Raise (Bent Arms),,MANUAL,Shoulders,MVP_CANDIDATE,Resistance/strength candidate,Bodyweight,inferred_bodyweight,어깨,source,측면 삼각근,,name_high,reps,bodyweight,,,1,0,1,MANUAL_QA_REQUIRED
gvs_92ba278c1363b95e,gvc_757dd1518ff0,Standing Leg Curl,Standing Leg Curl,스탠딩 레그 컬,AUTO_PHRASE_DRAFT,Thighs,MVP_CANDIDATE,Resistance/strength candidate,Bodyweight,inferred_bodyweight,하체,source,햄스트링,,name_high,reps,bodyweight,,,1,0,1,AUTO_DRAFT_COMPLETE
gvs_51422b93ffe6318b,gvc_2bc854cc9d7a,Standing Leg Half Circle Against Wall,Standing Leg Half Circle Against Wall,,MANUAL,Hips,MVP_CANDIDATE,Resistance/strength candidate,Bodyweight,inferred_bodyweight,하체,source,,,unsupported,reps,bodyweight,,,1,0,1,MANUAL_QA_REQUIRED
gvs_8be826f8d7f2a1ea,gvc_0d97a81388f7,Standing Mid Air Finger Bounces,Standing Mid Air Finger Bounces,,MANUAL,Forearms,MVP_CANDIDATE,Resistance/strength candidate,Bodyweight,inferred_bodyweight,팔,source,,,unsupported,reps,bodyweight,,,1,1,0,MANUAL_QA_REQUIRED
gvs_73d340a70d61f7f7,gvc_2b28c179687f,Standing Obliques Rotation,Standing Obliques Rotation,,MANUAL,Waist,MVP_CANDIDATE,Resistance/strength candidate,Bodyweight,inferred_bodyweight,코어,source,,,unsupported,reps,bodyweight,,,1,1,0,MANUAL_QA_REQUIRED
gvs_9486e8dac9702d9c,gvc_b1718eb9f4d7,Standing Obliques Slides,Standing Obliques Slides,,MANUAL,Waist,MVP_CANDIDATE,Resistance/strength candidate,Bodyweight,inferred_bodyweight,코어,source,,,unsupported,reps,bodyweight,,,1,1,0,MANUAL_QA_REQUIRED
gvs_dced99869c71bd9c,gvc_2d6956567b5e,Standing Overhead Claps,Standing Overhead Claps,,MANUAL,Shoulders,MVP_CANDIDATE,Resistance/strength candidate,Bodyweight,inferred_bodyweight,어깨,source,,,unsupported,reps,bodyweight,,,1,1,0,MANUAL_QA_REQUIRED
gvs_56449eeb7b855edb,gvc_01751786e72f,Standing Palm Slices,Standing Palm Slices,,MANUAL,Upper-Arms,MVP_CANDIDATE,Resistance/strength candidate,Bodyweight,inferred_bodyweight,팔,source,,,unsupported,reps,bodyweight,,,1,0,1,MANUAL_QA_REQUIRED
gvs_c81592e36ce7e6a3,gvc_541dba60c8dc,Standing Pelvic Stabilizers Mobilization,Standing Pelvic Stabilizers Mobilization,,MANUAL,Hips,MVP_CANDIDATE,Resistance/strength candidate,Bodyweight,inferred_bodyweight,하체,source,,,unsupported,reps,bodyweight,,,1,1,0,MANUAL_QA_REQUIRED
gvs_56fa833ad077394c,gvc_3e6d6f2f2479,Standing Pelvic Tilt,Standing Pelvic Tilt,,MANUAL,Back,MVP_CANDIDATE,Resistance/strength candidate,Bodyweight,inferred_bodyweight,등,source,,,unsupported,reps,bodyweight,,,2,1,1,MANUAL_QA_REQUIRED
gvs_f7748fdaffdd41c4,gvc_0d107f32776c,Standing Pelvic Tilt Against Wall,Standing Pelvic Tilt Against Wall,,MANUAL,Hips,MVP_CANDIDATE,Resistance/strength candidate,Bodyweight,inferred_bodyweight,하체,source,,,unsupported,reps,bodyweight,,,1,0,1,MANUAL_QA_REQUIRED
gvs_7abbee14df4623fe,gvc_02098e9b7bbd,Standing Plate Press,Standing Plate Press,,MANUAL,Chest,MVP_CANDIDATE,Resistance/strength candidate,Weight Plate,source,가슴,source,,,unsupported,weight_reps,equipment,weight_reps,,1,1,0,MANUAL_QA_REQUIRED
gvs_8e75a3a647228a4c,gvc_2b19f3219cd4,Standing Power Throw,Standing Power Throw,,MANUAL,Weightlifting,MVP_CANDIDATE,Resistance/strength candidate,,unknown,,unknown,,,unsupported,,review,,,1,1,0,MANUAL_QA_REQUIRED
gvs_6110a79aed1d64c4,gvc_41889c672903,Standing Pulsing Elbow Lift,Standing Pulsing Elbow Lift,,MANUAL,Chest,MVP_CANDIDATE,Resistance/strength candidate,Bodyweight,inferred_bodyweight,가슴,source,,,unsupported,reps,bodyweight,,,1,0,1,MANUAL_QA_REQUIRED
gvs_4d33d6f6dc3a3938,gvc_4dbf6460a6cd,Standing Row Switching Palms,Standing Row Switching Palms,,MANUAL,Back,MVP_CANDIDATE,Resistance/strength candidate,Bodyweight,inferred_bodyweight,등,source,등 상부 / 광배근,이두근,name_high,reps,bodyweight,,,1,0,1,MANUAL_QA_REQUIRED
gvs_6e70509651dd464c,gvc_8fe856bdf6f0,Standing Scapular Press,Standing Scapular Press,,MANUAL,Back,MVP_CANDIDATE,Resistance/strength candidate,Bodyweight,inferred_bodyweight,등,source,,,unsupported,reps,bodyweight,,,1,1,0,MANUAL_QA_REQUIRED
gvs_f31d986817e4d0be,gvc_10f7513287cc,Standing Scapular Rotation,Standing Scapular Rotation,,MANUAL,Back;Chest,MVP_CANDIDATE,Resistance/strength candidate,Bodyweight,inferred_bodyweight,,conflict,,,unsupported,reps,bodyweight,,BODY_SOURCE_CONFLICT,7,3,4,MANUAL_QA_REQUIRED
gvs_28217d693854d7e1,gvc_d3cfbe56cead,Standing Serratus Training On The Wall,Standing Serratus Training On The Wall,,MANUAL,Chest,MVP_CANDIDATE,Resistance/strength candidate,Bodyweight,inferred_bodyweight,가슴,source,,,unsupported,reps,bodyweight,,,1,0,1,MANUAL_QA_REQUIRED
gvs_46b5c6976417c3cf,gvc_653132a71866,Standing Shoulders Full Flexion,Standing Shoulders Full Flexion,,MANUAL,Shoulders,MVP_CANDIDATE,Resistance/strength candidate,Bodyweight,inferred_bodyweight,어깨,source,,,unsupported,reps,bodyweight,,,2,1,1,MANUAL_QA_REQUIRED
gvs_84b70d5ccc0a4462,gvc_9894d2e3fe98,Standing Side And Front Leg Raise,Standing Side And Front Leg Raise,,MANUAL,Hips,MVP_CANDIDATE,Resistance/strength candidate,Bodyweight,inferred_bodyweight,하체,source,중둔근 / 장요근,,semantic_rule_v2,reps,bodyweight,reps,,1,1,0,MANUAL_QA_REQUIRED
gvs_e7f47adc9e1f6c04,gvc_0fc5553e31f1;gvc_7a6be20574ba,Standing Side Bend | Standing Side Bend (version 2),Standing Side Bend,,MANUAL,Waist,MVP_CANDIDATE,Resistance/strength candidate,Bodyweight,inferred_bodyweight,코어,source,복사근,코어,name_high,reps,bodyweight,,,2,0,2,MANUAL_QA_REQUIRED
gvs_624b4c70a9a09fda,gvc_cf4aa71bcc76,Standing Side Bend (bent Arm),Standing Side Bend (Bent Arm),,MANUAL,Waist,MVP_CANDIDATE,Resistance/strength candidate,Bodyweight,inferred_bodyweight,코어,source,복사근,코어,name_high,reps,bodyweight,,,3,2,1,MANUAL_QA_REQUIRED
gvs_b3b1cb32b4bc4d20,gvc_c579f81ed75d,Standing Side Circle Draw,Standing Side Circle Draw,,MANUAL,Back,MVP_CANDIDATE,Resistance/strength candidate,Bodyweight,inferred_bodyweight,등,source,,,unsupported,reps,bodyweight,,,1,0,1,MANUAL_QA_REQUIRED
gvs_431fd3cf05e65b6f,gvc_16b9327de1aa;gvc_ee08b63f4fb3,Standing Side Crunch | Standing Side Crunch (version 2),Standing Side Crunch,스탠딩 사이드 크런치,AUTO_PHRASE_DRAFT,Waist,MVP_CANDIDATE,Resistance/strength candidate,Bodyweight,inferred_bodyweight,코어,source,복사근,코어,name_high,reps,bodyweight,reps,,3,1,2,AUTO_DRAFT_COMPLETE
gvs_13c172b7b575dc6f,gvc_f8c856795129,Standing Side Crunch Elbow To Knee,Standing Side Crunch Elbow To Knee,,MANUAL,Waist,MVP_CANDIDATE,Resistance/strength candidate,Bodyweight,inferred_bodyweight,코어,source,복사근,코어,name_high,reps,bodyweight,reps,,2,1,1,MANUAL_QA_REQUIRED
gvs_a2af427f88b97b0f,gvc_c6acdc55509a,Standing Side Glute Raise Against Wall,Standing Side Glute Raise Against Wall,,MANUAL,Hips,MVP_CANDIDATE,Resistance/strength candidate,Bodyweight,inferred_bodyweight,하체,source,,,unsupported,reps,bodyweight,,,1,0,1,MANUAL_QA_REQUIRED
gvs_f6a56fdea22c83c4,gvc_9efa03ff46b6,Standing Side Leg Raise,Standing Side Leg Raise,스탠딩 사이드 레그 레이즈,AUTO_PHRASE_DRAFT,Hips,MVP_CANDIDATE,Resistance/strength candidate,Bodyweight,inferred_bodyweight,하체,source,중둔근,,semantic_rule_v2,reps,bodyweight,reps,,2,1,1,AUTO_DRAFT_COMPLETE
gvs_6bb687ed60165681,gvc_6c614a31583d,Standing Single Arm Circle On A Wall,Standing Single Arm Circle On A Wall,,MANUAL,Back,MVP_CANDIDATE,Resistance/strength candidate,Bodyweight,inferred_bodyweight,등,source,,,unsupported,reps,bodyweight,,,2,1,1,MANUAL_QA_REQUIRED
gvs_54e5de862b9a50ac,gvc_5ef5d5dfa9d8,Standing One Arm Circling,Standing Single Arm Circling,,MANUAL,Shoulders,MVP_CANDIDATE,Resistance/strength candidate,Bodyweight,inferred_bodyweight,어깨,source,,,unsupported,reps,bodyweight,,,1,0,1,MANUAL_QA_REQUIRED
gvs_cf93c4af80659f5f,gvc_41c111f593ba,Standing Single Leg Curl,Standing Single Leg Curl,,MANUAL,Thighs,MVP_CANDIDATE,Resistance/strength candidate,Bodyweight,inferred_bodyweight,하체,source,햄스트링,,name_high,reps,bodyweight,,,1,1,0,MANUAL_QA_REQUIRED
gvs_4139d30e6238ac54,gvc_32becda18f45,Standing Single Leg High Knee To Butt Kick With Support,Standing Single Leg High Knee To Butt Kick With Support,,MANUAL,Hips,MVP_CANDIDATE,Resistance/strength candidate,Bodyweight,inferred_bodyweight,하체,source,,,unsupported,reps,bodyweight,,,1,1,0,MANUAL_QA_REQUIRED
gvs_e2a451eed9ff0384,gvc_db3361dcf859,Standing Stacked Arm Chest Squeez,Standing Stacked Arm Chest Squeez,,MANUAL,Chest,MVP_CANDIDATE,Resistance/strength candidate,Bodyweight,inferred_bodyweight,가슴,source,,,unsupported,reps,bodyweight,,,1,0,1,MANUAL_QA_REQUIRED
gvs_132ec991ef4e5e7d,gvc_f1ce9b6d83e9,Standing Stacked Arms Lift,Standing Stacked Arms Lift,,MANUAL,Chest,MVP_CANDIDATE,Resistance/strength candidate,Bodyweight,inferred_bodyweight,가슴,source,,,unsupported,reps,bodyweight,,,2,1,1,MANUAL_QA_REQUIRED
gvs_5c9cf95d797fd485,gvc_bfb4e4bd5e22,Standing Supinated Face Pull (with Towels),Standing Supinated Face Pull (With Towels),,MANUAL,Shoulders,MVP_CANDIDATE,Resistance/strength candidate,Bodyweight,inferred_bodyweight,어깨,source,,,unsupported,reps,bodyweight,,,1,1,0,MANUAL_QA_REQUIRED
gvs_f4ed46c55fa1c76d,gvc_358c85ccd7db,Standing Swimmer,Standing Swimmer,,MANUAL,Shoulders,MVP_CANDIDATE,Resistance/strength candidate,Bodyweight,inferred_bodyweight,어깨,source,,,unsupported,reps,bodyweight,,,2,1,1,MANUAL_QA_REQUIRED
gvs_2e5e33aaba18c448,gvc_ddf03b3ea9e0,Standing Switching Palm Squeezes,Standing Switching Palm Squeezes,,MANUAL,Forearms,MVP_CANDIDATE,Resistance/strength candidate,Bodyweight,inferred_bodyweight,팔,source,,,unsupported,reps,bodyweight,,,1,1,0,MANUAL_QA_REQUIRED
gvs_1786df11ec37fd09,gvc_c28542292e1f,Standing Top Clap And Prayer Push,Standing Top Clap And Prayer Push,,MANUAL,Chest,MVP_CANDIDATE,Resistance/strength candidate,Bodyweight,inferred_bodyweight,가슴,source,,,unsupported,reps,bodyweight,,,1,0,1,MANUAL_QA_REQUIRED
gvs_81e6cd0b2eea0e0b,gvc_bf718babc298,Standing Top Grab Front Grab,Standing Top Grab Front Grab,,MANUAL,Chest,MVP_CANDIDATE,Resistance/strength candidate,Bodyweight,inferred_bodyweight,가슴,source,,,unsupported,reps,bodyweight,,,2,1,1,MANUAL_QA_REQUIRED
gvs_ac80fb56bb9f1280,gvc_5d5f51a1d9e8,Standing Top To Forward Punches,Standing Top To Forward Punches,,MANUAL,Chest,MVP_CANDIDATE,Resistance/strength candidate,Bodyweight,inferred_bodyweight,가슴,source,,,unsupported,reps,bodyweight,,,1,1,0,MANUAL_QA_REQUIRED
gvs_6df74e2d33bed245,gvc_532fa9a851d6,Standing Torso Twist,Standing Torso Twist,,MANUAL,Waist,MVP_CANDIDATE,Resistance/strength candidate,Bodyweight,inferred_bodyweight,코어,source,,,unsupported,reps,bodyweight,,,1,0,1,MANUAL_QA_REQUIRED
gvs_3abde7e8b3aa9972,gvc_eadb02ce4390,Standing Torso Twist Arms Swing,Standing Torso Twist Arms Swing,,MANUAL,Waist,MVP_CANDIDATE,Resistance/strength candidate,Bodyweight,inferred_bodyweight,코어,source,,,unsupported,reps,bodyweight,,,1,0,1,MANUAL_QA_REQUIRED
gvs_0bece37e1d4be2b0,gvc_7777b8270f81,Standing Triple Arm Cross,Standing Triple Arm Cross,,MANUAL,Chest,MVP_CANDIDATE,Resistance/strength candidate,Bodyweight,inferred_bodyweight,가슴,source,,,unsupported,reps,bodyweight,,,1,0,1,MANUAL_QA_REQUIRED
gvs_f747de5b7929084b,gvc_e41ef6e09eb5,Standing Triple Yin Yang Circle,Standing Triple Yin Yang Circle,,MANUAL,Shoulders,MVP_CANDIDATE,Resistance/strength candidate,Bodyweight,inferred_bodyweight,어깨,source,,,unsupported,reps,bodyweight,,,1,0,1,MANUAL_QA_REQUIRED
gvs_2e4ef66892595a76,gvc_bba71299dc15,Standing Two Side Bend,Standing Two Side Bend,,MANUAL,Waist,MVP_CANDIDATE,Resistance/strength candidate,Bodyweight,inferred_bodyweight,코어,source,복사근,코어,name_high,reps,bodyweight,,,1,0,1,MANUAL_QA_REQUIRED
gvs_ef9e424936806535,gvc_473898f1a2df,Standing Two Side Bend (bent Arm),Standing Two Side Bend (Bent Arm),,MANUAL,Waist,MVP_CANDIDATE,Resistance/strength candidate,Bodyweight,inferred_bodyweight,코어,source,복사근,코어,name_high,reps,bodyweight,,,1,0,1,MANUAL_QA_REQUIRED
gvs_7d000f1abee677a4,gvc_2faff9a50fae,Standing Underhand Crossover Raise,Standing Underhand Crossover Raise,,MANUAL,Shoulders,MVP_CANDIDATE,Resistance/strength candidate,Bodyweight,inferred_bodyweight,어깨,source,,,unsupported,reps,bodyweight,,,1,0,1,MANUAL_QA_REQUIRED
gvs_a4544ca9b717636d,gvc_a57133fa703f,Standing Up Raise Side Open Arms,Standing Up Raise Side Open Arms,,MANUAL,Shoulders,MVP_CANDIDATE,Resistance/strength candidate,Bodyweight,inferred_bodyweight,어깨,source,,,unsupported,reps,bodyweight,,,1,0,1,MANUAL_QA_REQUIRED
gvs_c089650e16c1aa48,gvc_417bfe772b8c,Standing Upright Palms Back Squeeze,Standing Upright Palms Back Squeeze,,MANUAL,Back,MVP_CANDIDATE,Resistance/strength candidate,Bodyweight,inferred_bodyweight,등,source,,,unsupported,reps,bodyweight,,,1,0,1,MANUAL_QA_REQUIRED
gvs_f3b6266ed1bc7b80,gvc_13b0dd3053d3,Standing Wall Slide Squat,Standing Wall Slide Squat,,MANUAL,Thighs,MVP_CANDIDATE,Resistance/strength candidate,Bodyweight,inferred_bodyweight,하체,source,대퇴사두근,둔근,name_high,reps,bodyweight,,,1,1,0,MANUAL_QA_REQUIRED
gvs_0fd5403eadd7c54c,gvc_1fe7508072d9,Standing Wheel Rollout,Standing Wheel Rollout,,MANUAL,Waist,MVP_CANDIDATE,Resistance/strength candidate,Ab Wheel,source,코어,source,,,unsupported,,review,,,2,1,1,MANUAL_QA_REQUIRED
gvs_36802d57c4c0b1c7,gvc_0e4915bd9619,Standing Wide Stance Punch,Standing Wide Stance Punch,,MANUAL,Chest,MVP_CANDIDATE,Resistance/strength candidate,Bodyweight,inferred_bodyweight,가슴,source,,,unsupported,reps,bodyweight,,,1,0,1,MANUAL_QA_REQUIRED
gvs_ee144736684585dc,gvc_23084857707e,Standing Wrist Rotation,Standing Wrist Rotation,,MANUAL,Forearms,MVP_CANDIDATE,Resistance/strength candidate,Bodyweight,inferred_bodyweight,팔,source,,,unsupported,reps,bodyweight,,,2,1,1,MANUAL_QA_REQUIRED
gvs_8b96e76de37aa765,gvc_61391e3f64e6,Standing Y Up,Standing Y Up,,MANUAL,Shoulders,MVP_CANDIDATE,Resistance/strength candidate,Bodyweight,inferred_bodyweight,어깨,source,,,unsupported,reps,bodyweight,,,1,1,0,MANUAL_QA_REQUIRED
gvs_e30e0269d7d920e5,gvc_b79840f0f26c,Standing Yin Yang Circles (femele),Standing Yin Yang Circles (Femele),,MANUAL,Shoulders,MVP_CANDIDATE,Resistance/strength candidate,Bodyweight,inferred_bodyweight,어깨,source,,,unsupported,reps,bodyweight,,,1,0,1,MANUAL_QA_REQUIRED
gvs_63a51f9a41d4ca30,gvc_f0b0a66a1715,Star Plank,Star Plank,,MANUAL,Waist,MVP_CANDIDATE,Resistance/strength candidate,Bodyweight,inferred_bodyweight,코어,source,코어,,name_high,duration,semantic,duration,,1,1,0,MANUAL_QA_REQUIRED
gvs_dc7d82a047951e62,gvc_5829f9a30434,Star Squat,Star Squat,,MANUAL,Thighs,MVP_CANDIDATE,Resistance/strength candidate,Bodyweight,inferred_bodyweight,하체,source,대퇴사두근,둔근,name_high,reps,bodyweight,,,1,1,0,MANUAL_QA_REQUIRED
gvs_1b8ba421c3ae9869,gvc_9fe864facfc4,Starfish Crunch (beginner),Starfish Crunch (Beginner),,MANUAL,Waist,MVP_CANDIDATE,Resistance/strength candidate,Bodyweight,inferred_bodyweight,코어,source,복직근,,name_high,reps,bodyweight,reps,,2,1,1,MANUAL_QA_REQUIRED
gvs_8e5b1cfa9379198c,gvc_6d84811f7e4f,Starfish Crunch (beginner) Without Mat,Starfish Crunch (Beginner) Without Mat,,MANUAL,Waist,MVP_CANDIDATE,Resistance/strength candidate,Bodyweight,inferred_bodyweight,코어,source,복직근,,name_high,reps,bodyweight,reps,,1,1,0,MANUAL_QA_REQUIRED
gvs_a0d9b11529495411,gvc_f0e07ef82d79,Static Lunge,Static Lunge,,MANUAL,Thighs,MVP_CANDIDATE,Resistance/strength candidate,Bodyweight,inferred_bodyweight,하체,source,대퇴사두근,둔근,name_high,reps,bodyweight,reps,,1,1,0,MANUAL_QA_REQUIRED
gvs_1c494fce64cb0bc8,gvc_32356e5767d1,Stationary Arms Throw,Stationary Arms Throw,,MANUAL,Back,MVP_CANDIDATE,Resistance/strength candidate,Bodyweight,inferred_bodyweight,등,source,,,unsupported,reps,bodyweight,,,1,0,1,MANUAL_QA_REQUIRED
gvs_d462a48b30965c23,gvc_726500a71097,Step Out From Squat,Step Out From Squat,,MANUAL,Hips,MVP_CANDIDATE,Resistance/strength candidate,Bodyweight,inferred_bodyweight,하체,source,대퇴사두근,둔근,name_high,reps,bodyweight,,,1,0,1,MANUAL_QA_REQUIRED
gvs_89a9a4d39cee8103,gvc_ca1e029a5edc,Step Up,Step Up,스텝업,AUTO_PHRASE_DRAFT,Hips,MVP_CANDIDATE,Resistance/strength candidate,Bodyweight,inferred_bodyweight,하체,source,대퇴사두근,둔근,name_high,reps,bodyweight,,,1,0,1,AUTO_DRAFT_COMPLETE
gvs_3a92d5fa4d5f38c8,gvc_859052a1cfea,Step Up On Box,Step Up On Box,,MANUAL,Thighs,MVP_CANDIDATE,Resistance/strength candidate,Bodyweight,inferred_bodyweight,하체,source,대퇴사두근,둔근,name_high,reps,bodyweight,,,1,1,0,MANUAL_QA_REQUIRED
gvs_09243dd29f566fae,gvc_5d9bed000bf1;gvc_9cfb537fcb45,Step Up On Chair | Step Up On Chair (version 2),Step Up On Chair,,MANUAL,Thighs,MVP_CANDIDATE,Resistance/strength candidate,Bodyweight,inferred_bodyweight,하체,source,대퇴사두근,둔근,name_high,reps,bodyweight,,,2,2,0,MANUAL_QA_REQUIRED
gvs_182ced378e265d47,gvc_760a52d64738,Stick Assisted Isometric Core,Stick Assisted Isometric Core,,MANUAL,Waist,MVP_CANDIDATE,Resistance/strength candidate,,unknown,코어,source,,,unsupported,,review,,,1,0,1,MANUAL_QA_REQUIRED
gvs_466d85be086f8130,gvc_5850cc83fa95,Stick Bent Over Pronated Grip Row,Stick Bent Over Pronated Grip Row,,MANUAL,Back,MVP_CANDIDATE,Resistance/strength candidate,Bodyweight,inferred_bodyweight,등,source,등 상부 / 광배근,이두근,name_high,reps,bodyweight,,,1,1,0,MANUAL_QA_REQUIRED
gvs_3aa067e13d4b45b1,gvc_63ec65385ace,Stick Deadlift,Stick Deadlift,,MANUAL,Hips,MVP_CANDIDATE,Resistance/strength candidate,Bodyweight,inferred_bodyweight,하체,source,둔근 / 햄스트링,등 / 코어,name_high,reps,bodyweight,,,1,1,0,MANUAL_QA_REQUIRED
gvs_3335977808891e72,gvc_533964454e8d,Stick Shoulder Mobilization In Abduction,Stick Shoulder Mobilization In Abduction,,MANUAL,Shoulders,MVP_CANDIDATE,Resistance/strength candidate,Bodyweight,inferred_bodyweight,어깨,source,,,unsupported,reps,bodyweight,,,1,1,0,MANUAL_QA_REQUIRED
gvs_56675c8f4455742f,gvc_0173da341a4b,Stick Side Lunge,Stick Side Lunge,,MANUAL,Thighs,MVP_CANDIDATE,Resistance/strength candidate,Bodyweight,inferred_bodyweight,하체,source,대퇴사두근,둔근,name_high,reps,bodyweight,reps,,1,0,1,MANUAL_QA_REQUIRED
gvs_d036ebfd75ffc169,gvc_a5aa6ac09439,Stick Standing Behind Neck Press,Stick Standing Behind Neck Press,,MANUAL,Shoulders,MVP_CANDIDATE,Resistance/strength candidate,Bodyweight,inferred_bodyweight,어깨,source,,,unsupported,reps,bodyweight,,,1,1,0,MANUAL_QA_REQUIRED
gvs_1c4265ac7ad6fd9e,gvc_ae153b3e2bef,Stick Standing Front Raise,Stick Standing Front Raise,,MANUAL,Shoulders,MVP_CANDIDATE,Resistance/strength candidate,Bodyweight,inferred_bodyweight,어깨,source,전면 삼각근,,name_high,reps,bodyweight,,,1,1,0,MANUAL_QA_REQUIRED
gvs_4f7d735bdb1ae1e3,gvc_2c16483826f4,Stick Standing Rear Delt Raise,Stick Standing Rear Delt Raise,,MANUAL,Shoulders,MVP_CANDIDATE,Resistance/strength candidate,Bodyweight,inferred_bodyweight,어깨,source,후면 삼각근,,name_high,reps,bodyweight,,,1,1,0,MANUAL_QA_REQUIRED
gvs_61588c80bbcfd38a,gvc_0885d7ac618c,Stick Standing Shoulder Press,Stick Standing Shoulder Press,,MANUAL,Shoulders,MVP_CANDIDATE,Resistance/strength candidate,Bodyweight,inferred_bodyweight,어깨,source,삼각근,삼두근,name_high,reps,bodyweight,,,1,1,0,MANUAL_QA_REQUIRED
gvs_5849bdfc35201402,gvc_17c491c3461f,Stick Standing Torso Twist,Stick Standing Torso Twist,,MANUAL,Waist,MVP_CANDIDATE,Resistance/strength candidate,Bodyweight,inferred_bodyweight,코어,source,,,unsupported,reps,bodyweight,,,1,1,0,MANUAL_QA_REQUIRED
gvs_86835c1995eb4a85,gvc_e5c274aa11b7,Stick Standing Upright Row,Stick Standing Upright Row,,MANUAL,Shoulders,MVP_CANDIDATE,Resistance/strength candidate,Bodyweight,inferred_bodyweight,어깨,source,측면 삼각근 / 승모근,이두근,semantic_rule_v2,reps,bodyweight,,,1,1,0,MANUAL_QA_REQUIRED
gvs_e3a11f667eaa3704,gvc_f5cbe510609d,Straight Arm Side Plank,Straight Arm Side Plank,스트레이트 암 사이드 플랭크,AUTO_PHRASE_DRAFT,Waist,MVP_CANDIDATE,Resistance/strength candidate,Bodyweight,inferred_bodyweight,코어,source,코어,,name_high,duration,semantic,duration,,1,1,0,AUTO_DRAFT_COMPLETE
gvs_9b3e8460dd51fe22,gvc_276cf2dac622,Straight Hip Single Leg Curl On Stability Ball (ma,Straight Hip Single Leg Curl On Stability Ball,,MANUAL,,MVP_CANDIDATE,Resistance/strength candidate,Stability Ball,source,하체,name,햄스트링,,semantic_rule_v2,,review,,,1,1,0,MANUAL_QA_REQUIRED
gvs_918fa8b772ba8b7f,gvc_35a6bddaf0f1,Straight Leg Crossed Arms Sit Up,Straight Leg Crossed Arms Sit Up,,MANUAL,Waist,MVP_CANDIDATE,Resistance/strength candidate,Bodyweight,inferred_bodyweight,코어,source,복직근,,name_high,reps,bodyweight,reps,,1,1,0,MANUAL_QA_REQUIRED
gvs_2d2a0e2288fd0724,gvc_5b21f8fe98f2,Straight Leg Glute Bridge,Straight Leg Glute Bridge,,MANUAL,Hips,MVP_CANDIDATE,Resistance/strength candidate,Bodyweight,inferred_bodyweight,하체,source,둔근,햄스트링,name_high,reps,bodyweight,,,1,0,1,MANUAL_QA_REQUIRED
gvs_8f1f5c2b6069c233,gvc_9554fa3c7147,Straight Leg Kickback (kneeling),Straight Leg Kickback (Kneeling),,MANUAL,Hips,MVP_CANDIDATE,Resistance/strength candidate,Bodyweight,inferred_bodyweight,하체,source,,,unsupported,reps,bodyweight,,,2,1,1,MANUAL_QA_REQUIRED
gvs_598e193a21c80064,gvc_b8d296a8760a,Straight Leg Opposite Sit Up,Straight Leg Opposite Sit Up,,MANUAL,Waist,MVP_CANDIDATE,Resistance/strength candidate,Bodyweight,inferred_bodyweight,코어,source,복직근,,name_high,reps,bodyweight,reps,,1,1,0,MANUAL_QA_REQUIRED
gvs_e904a30b919c6b8b,gvc_95523ae8bebb,Straight Leg Sit Up,Straight Leg Sit Up,,MANUAL,Waist,MVP_CANDIDATE,Resistance/strength candidate,Bodyweight,inferred_bodyweight,코어,source,복직근,,name_high,reps,bodyweight,reps,,2,1,1,MANUAL_QA_REQUIRED
gvs_743f27ab49eee1cb,gvc_8792599c7176,Straight Legs Sit Up Toe Tap,Straight Legs Sit Up Toe Tap,,MANUAL,Waist,MVP_CANDIDATE,Resistance/strength candidate,Bodyweight,inferred_bodyweight,코어,source,복직근,,name_high,reps,bodyweight,reps,,1,1,0,MANUAL_QA_REQUIRED
gvs_68f4668b4fae0cfb,gvc_37f8e2602b44,String Pull,String Pull,,MANUAL,Upper-Arms,MVP_CANDIDATE,Resistance/strength candidate,Bodyweight,inferred_bodyweight,팔,source,,,unsupported,reps,bodyweight,,,1,0,1,MANUAL_QA_REQUIRED
gvs_016fc169f64a9ca5,gvc_2449c462c99d,Sumo Crab Walk,Sumo Crab Walk,,MANUAL,Hips,MVP_CANDIDATE,Resistance/strength candidate,Bodyweight,inferred_bodyweight,하체,source,,,unsupported,reps,bodyweight,,,1,1,0,MANUAL_QA_REQUIRED
gvs_39a8ee936a08d273,gvc_bc2acb359632,Sumo Deadlift High Pull Thighs,Sumo Deadlift High Pull Thighs,,MANUAL,Shoulders,MVP_CANDIDATE,Resistance/strength candidate,Bodyweight,inferred_bodyweight,어깨,source,,,blank_after_semantic_qa,reps,bodyweight,,,1,1,0,MANUAL_QA_REQUIRED
gvs_6f58eb565016bc1c,gvc_d883218be157,Sumo Squat,Sumo Squat,스모 스쿼트,AUTO_PHRASE_DRAFT,Thighs,MVP_CANDIDATE,Resistance/strength candidate,Bodyweight,inferred_bodyweight,하체,source,대퇴사두근,둔근,name_high,reps,bodyweight,,,2,1,1,AUTO_DRAFT_COMPLETE
gvs_44d0275dd8124941,gvc_4bbab6237e63,Sumo Squat Floor Tap,Sumo Squat Floor Tap,,MANUAL,Hips,MVP_CANDIDATE,Resistance/strength candidate,Bodyweight,inferred_bodyweight,하체,source,대퇴사두근,둔근,name_high,reps,bodyweight,,,1,0,1,MANUAL_QA_REQUIRED
gvs_b4a410bbd3f7c4e3,gvc_364b5eb75ddb,Sumo Squat Floor Touch,Sumo Squat Floor Touch,,MANUAL,Hips,MVP_CANDIDATE,Resistance/strength candidate,Bodyweight,inferred_bodyweight,하체,source,대퇴사두근,둔근,name_high,reps,bodyweight,,,1,1,0,MANUAL_QA_REQUIRED
gvs_d926946c002ef5c6,gvc_179c9108600b,Sumo Squat Side Lunge,Sumo Squat Side Lunge,스모 스쿼트 사이드 런지,AUTO_PHRASE_DRAFT,Hips,MVP_CANDIDATE,Resistance/strength candidate,Bodyweight,inferred_bodyweight,하체,source,대퇴사두근,둔근,name_high,reps,bodyweight,reps,,1,0,1,AUTO_DRAFT_COMPLETE
gvs_f37ed69f98b105a7,gvc_3e99695184ac,Sumo Squat With Heel Raise,Sumo Squat With Heel Raise,,MANUAL,Hips,MVP_CANDIDATE,Resistance/strength candidate,Bodyweight,inferred_bodyweight,하체,source,대퇴사두근,둔근,name_high,reps,bodyweight,,,1,0,1,MANUAL_QA_REQUIRED
gvs_44309ee881e3dd2e,gvc_be8e78baaac1,Sumo Stance Side Lunges,Sumo Stance Side Lunges,,MANUAL,Thighs,MVP_CANDIDATE,Resistance/strength candidate,Bodyweight,inferred_bodyweight,하체,source,,,unsupported,reps,bodyweight,,,1,0,1,MANUAL_QA_REQUIRED
gvs_def4ec147b200baa,gvc_3dffa47537ea,Superman,Superman,,MANUAL,Waist,MVP_CANDIDATE,Resistance/strength candidate,Bodyweight,inferred_bodyweight,코어,source,,,unsupported,reps,bodyweight,,,2,1,1,MANUAL_QA_REQUIRED
gvs_db2c38dea257af4c,gvc_d41ba3a21a28,Superman Back Raise,Superman Back Raise,,MANUAL,Back,MVP_CANDIDATE,Resistance/strength candidate,Bodyweight,inferred_bodyweight,등,source,,,unsupported,reps,bodyweight,,,1,1,0,MANUAL_QA_REQUIRED
gvs_92e82b8bb00b54bb,gvc_db8043089148,Superman Hold,Superman Hold,,MANUAL,Hips,MVP_CANDIDATE,Resistance/strength candidate,Bodyweight,inferred_bodyweight,하체,source,,,unsupported,duration,semantic,,,1,1,0,MANUAL_QA_REQUIRED
gvs_3d3af35f4a766267,gvc_05e839065b51,Superman Lift And Lat Pulldown,Superman Lift And Lat Pulldown,,MANUAL,Hips,MVP_CANDIDATE,Resistance/strength candidate,Bodyweight,inferred_bodyweight,하체,source,,,blank_after_semantic_qa,reps,bodyweight,,,1,0,1,MANUAL_QA_REQUIRED
gvs_a2cf07c8a551f1ba,gvc_86adeb3fa16a,Superman Push Up,Superman Push Up,,MANUAL,Chest,MVP_CANDIDATE,Resistance/strength candidate,Bodyweight,inferred_bodyweight,가슴,source,,,unsupported,reps,bodyweight,reps,,2,1,1,MANUAL_QA_REQUIRED
gvs_824d9f1d5fc511a9,gvc_e421548e0a99,Superman Row,Superman Row,,MANUAL,Back,MVP_CANDIDATE,Resistance/strength candidate,Bodyweight,inferred_bodyweight,등,source,등 상부 / 광배근,이두근,name_high,reps,bodyweight,,,1,0,1,MANUAL_QA_REQUIRED
gvs_cd99240e1e477040,gvc_3f7ac27c0958,Superman Row With Towel,Superman Row With Towel,,MANUAL,Back,MVP_CANDIDATE,Resistance/strength candidate,Bodyweight,inferred_bodyweight,등,source,등 상부 / 광배근,이두근,name_high,reps,bodyweight,,,1,1,0,MANUAL_QA_REQUIRED
gvs_1b15257aa97fb2f0,gvc_975b2e2ed672,Superman W,Superman W,,MANUAL,Hips,MVP_CANDIDATE,Resistance/strength candidate,Bodyweight,inferred_bodyweight,하체,source,,,unsupported,reps,bodyweight,,,1,1,0,MANUAL_QA_REQUIRED
gvs_441247d943d81e11,gvc_18789ba454a5,Superman W To Y,Superman W To Y,,MANUAL,Hips,MVP_CANDIDATE,Resistance/strength candidate,Bodyweight,inferred_bodyweight,하체,source,,,unsupported,reps,bodyweight,,,1,1,0,MANUAL_QA_REQUIRED
gvs_d5f39f3b18299353,gvc_0c949f4f06d6,Supine Windshield Wipers,Supine Windshield Wipers,,MANUAL,Hips,MVP_CANDIDATE,Resistance/strength candidate,Bodyweight,inferred_bodyweight,하체,source,,,unsupported,reps,bodyweight,,,1,1,0,MANUAL_QA_REQUIRED
gvs_22f1799f607f9f67,gvc_cce27cf4a5f0,Supported Squat,Supported Squat,,MANUAL,Thighs,MVP_CANDIDATE,Resistance/strength candidate,Bodyweight,inferred_bodyweight,하체,source,대퇴사두근,둔근,name_high,reps,bodyweight,,,1,0,1,MANUAL_QA_REQUIRED
gvs_bf6ec614db562dee,gvc_981e0031ef9e,Surrender Side Bend,Surrender Side Bend,,MANUAL,Waist,MVP_CANDIDATE,Resistance/strength candidate,Bodyweight,inferred_bodyweight,코어,source,복사근,코어,name_high,reps,bodyweight,,,2,1,1,MANUAL_QA_REQUIRED
gvs_0c2acfa16a9efbd9,gvc_c6c3d8766a31,Suspended Abdominal Fallout,Suspended Abdominal Fallout,,MANUAL,Waist,MVP_CANDIDATE,Resistance/strength candidate,Bodyweight,inferred_bodyweight,코어,source,,,unsupported,reps,bodyweight,,,1,1,0,MANUAL_QA_REQUIRED
gvs_b34f4bb99a377109,gvc_6ef4ee490678,Suspended Push Up,Suspended Push Up,,MANUAL,Chest,MVP_CANDIDATE,Resistance/strength candidate,Bodyweight,inferred_bodyweight,가슴,source,,,unsupported,reps,bodyweight,reps,,1,1,0,MANUAL_QA_REQUIRED
gvs_f92041e77d386c2f,gvc_5be6113ef14f,Suspended Row,Suspended Row,,MANUAL,Back,MVP_CANDIDATE,Resistance/strength candidate,Bodyweight,inferred_bodyweight,등,source,등 상부 / 광배근,이두근,name_high,reps,bodyweight,,,1,1,0,MANUAL_QA_REQUIRED
gvs_ec85359d3a87634d,gvc_deb43c1fcc14,Suspended Split Squat,Suspended Split Squat,,MANUAL,Thighs,MVP_CANDIDATE,Resistance/strength candidate,Bodyweight,inferred_bodyweight,하체,source,대퇴사두근,둔근,name_high,reps,bodyweight,,,1,1,0,MANUAL_QA_REQUIRED
gvs_2ab3e472ecbf1e18,gvc_7fffea949f6a,Suspender Abduction Lunge,Suspender Abduction Lunge,,MANUAL,Thighs,MVP_CANDIDATE,Resistance/strength candidate,Suspension Trainer,name,하체,source,대퇴사두근,둔근,name_high,reps,apparatus_dynamic_policy,reps,,1,0,1,MANUAL_QA_REQUIRED
gvs_8532f645e9b36bd9,gvc_880aa7506cc3,Suspender Alternate Superman,Suspender Alternate Superman,,MANUAL,Waist,MVP_CANDIDATE,Resistance/strength candidate,Suspension Trainer,name,코어,source,,,unsupported,reps,apparatus_dynamic_policy,,,1,1,0,MANUAL_QA_REQUIRED
gvs_7bdd9ffc4fed0842,gvc_e1d9547a5e84,Suspender Arm Curl,Suspender Arm Curl,,MANUAL,Upper-Arms,MVP_CANDIDATE,Resistance/strength candidate,Suspension Trainer,name,팔,source,,,unsupported,reps,apparatus_dynamic_policy,,,2,1,1,MANUAL_QA_REQUIRED
gvs_0386c09e7922e1f0,gvc_8a51b53bd285,Suspender Arm Curl To Ears,Suspender Arm Curl To Ears,,MANUAL,Upper-Arms,MVP_CANDIDATE,Resistance/strength candidate,Suspension Trainer,name,팔,source,,,unsupported,reps,apparatus_dynamic_policy,,,1,0,1,MANUAL_QA_REQUIRED
gvs_106d34181dbd7f5a,gvc_57dd1843f0b6,Suspender Bent Knee Inverted Row,Suspender Bent Knee Inverted Row,,MANUAL,Back,MVP_CANDIDATE,Resistance/strength candidate,Suspension Trainer,name,등,source,등 상부 / 광배근,이두근,name_high,reps,apparatus_dynamic_policy,,,1,0,1,MANUAL_QA_REQUIRED
gvs_a7f67c7ec585f314,gvc_dded9f1d1d68,Suspender Biceps Clutch,Suspender Biceps Clutch,,MANUAL,Upper-Arms,MVP_CANDIDATE,Resistance/strength candidate,Suspension Trainer,name,팔,source,,,unsupported,reps,apparatus_dynamic_policy,,,1,0,1,MANUAL_QA_REQUIRED
gvs_83d6e1b614fceb44,gvc_267028bc8b7e,Suspender Biceps Curl,Suspender Biceps Curl,,MANUAL,Upper-Arms,MVP_CANDIDATE,Resistance/strength candidate,Suspension Trainer,name,팔,source,이두근,,name_high,reps,apparatus_dynamic_policy,,,1,1,0,MANUAL_QA_REQUIRED
gvs_c4d73762b7c829b0,gvc_0c271109277a,Suspender Bicycle Crunch,Suspender Bicycle Crunch,,MANUAL,Waist,MVP_CANDIDATE,Resistance/strength candidate,Suspension Trainer,name,코어,source,복직근,,name_high,reps,apparatus_dynamic_policy,reps,,1,0,1,MANUAL_QA_REQUIRED
gvs_672e5ab65ffb1874,gvc_f25efdfdf530,Suspender Body Saw,Suspender Body Saw,,MANUAL,Waist,MVP_CANDIDATE,Resistance/strength candidate,Suspension Trainer,name,코어,source,,,unsupported,reps,apparatus_dynamic_policy,,,1,0,1,MANUAL_QA_REQUIRED
gvs_b844421e2a38ec7c,gvc_6e8ac10803bc,Suspender Calf Raise,Suspender Calf Raise,,MANUAL,Calves,MVP_CANDIDATE,Resistance/strength candidate,Suspension Trainer,name,하체,source,종아리,,name_high,reps,apparatus_dynamic_policy,,,1,0,1,MANUAL_QA_REQUIRED
gvs_97f7719cc414755e,gvc_6b5c78ab254e,Suspender Chest Dip,Suspender Chest Dip,,MANUAL,Chest,MVP_CANDIDATE,Resistance/strength candidate,Suspension Trainer,name,가슴,source,,,unsupported,reps,apparatus_dynamic_policy,,,1,0,1,MANUAL_QA_REQUIRED
gvs_e1899326389e70a4,gvc_fb74b9693ea2,Suspender Chest Press,Suspender Chest Press,,MANUAL,Chest,MVP_CANDIDATE,Resistance/strength candidate,Suspension Trainer,name,가슴,source,대흉근,삼두근 / 전면 삼각근,name_high,reps,apparatus_dynamic_policy,,,1,0,1,MANUAL_QA_REQUIRED
gvs_072409055a4526d1,gvc_5ebb52c9923b,Suspender Chest Press To Rollout,Suspender Chest Press To Rollout,,MANUAL,Chest,MVP_CANDIDATE,Resistance/strength candidate,Suspension Trainer,name,가슴,source,대흉근,삼두근 / 전면 삼각근,name_high,reps,apparatus_dynamic_policy,,,1,1,0,MANUAL_QA_REQUIRED
gvs_52fa8435c8e681c1,gvc_10b6aa744a62,Suspender Close Grip Chest Press,Suspender Close Grip Chest Press,,MANUAL,Chest,MVP_CANDIDATE,Resistance/strength candidate,Suspension Trainer,name,가슴,source,대흉근,삼두근 / 전면 삼각근,name_high,reps,apparatus_dynamic_policy,,,1,0,1,MANUAL_QA_REQUIRED
gvs_811b44260827e5c8,gvc_765d23440056,Suspender Crunch,Suspender Crunch,,MANUAL,Waist,MVP_CANDIDATE,Resistance/strength candidate,Suspension Trainer,name,코어,source,복직근,,name_high,reps,apparatus_dynamic_policy,reps,,1,0,1,MANUAL_QA_REQUIRED
gvs_f3337a353a8f9d89,gvc_912514488111,Suspender Elbow Plank,Suspender Elbow Plank,,MANUAL,Waist,MVP_CANDIDATE,Resistance/strength candidate,Suspension Trainer,name,코어,source,코어,,name_high,duration,apparatus_static_policy,duration,,1,0,1,MANUAL_QA_REQUIRED
gvs_a414bde1287bf0b5,gvc_32d00c0115e9,Suspender Extended Plank,Suspender Extended Plank,,MANUAL,Waist,MVP_CANDIDATE,Resistance/strength candidate,Suspension Trainer,name,코어,source,코어,,name_high,duration,apparatus_static_policy,duration,,1,1,0,MANUAL_QA_REQUIRED
gvs_254eec5e05a7bdf8,gvc_5ebef7c73487,Suspender External Rotation,Suspender External Rotation,,MANUAL,Back,MVP_CANDIDATE,Resistance/strength candidate,Suspension Trainer,name,등,source,,,unsupported,reps,apparatus_dynamic_policy,,,1,1,0,MANUAL_QA_REQUIRED
gvs_63aec558f361ac12,gvc_973376eda6a2,Suspender Face Pull,Suspender Face Pull,,MANUAL,Shoulders,MVP_CANDIDATE,Resistance/strength candidate,Suspension Trainer,name,어깨,source,,,unsupported,reps,apparatus_dynamic_policy,,,1,0,1,MANUAL_QA_REQUIRED
gvs_2eb06947190f3067,gvc_55ec2384ec08,Suspender Fly,Suspender Fly,,MANUAL,Chest,MVP_CANDIDATE,Resistance/strength candidate,Suspension Trainer,name,가슴,source,,,unsupported,reps,apparatus_dynamic_policy,,,1,0,1,MANUAL_QA_REQUIRED
gvs_452209d83d7f436a,gvc_4f0b3dc50f8a,Suspender Forward Lunge With Rear Fly,Suspender Forward Lunge With Rear Fly,,MANUAL,Shoulders,MVP_CANDIDATE,Resistance/strength candidate,Suspension Trainer,name,어깨,source,,,blank_after_semantic_qa,reps,apparatus_dynamic_policy,reps,,1,1,0,MANUAL_QA_REQUIRED
gvs_7753c6af2390864f,gvc_f100eb682823,Suspender Front Plank,Suspender Front Plank,,MANUAL,Waist,MVP_CANDIDATE,Resistance/strength candidate,Suspension Trainer,name,코어,source,코어,,name_high,duration,apparatus_static_policy,duration,,1,0,1,MANUAL_QA_REQUIRED
gvs_70eff4e3e10e9f7b,gvc_08ed2630ba82,Suspender Front Raise,Suspender Front Raise,,MANUAL,Shoulders,MVP_CANDIDATE,Resistance/strength candidate,Suspension Trainer,name,어깨,source,전면 삼각근,,name_high,reps,apparatus_dynamic_policy,,,1,0,1,MANUAL_QA_REQUIRED
gvs_950f7f6755dd9dcf,gvc_20b1349b7076,Suspender Hamstring Runner,Suspender Hamstring Runner,,MANUAL,Thighs,MVP_CANDIDATE,Resistance/strength candidate,Suspension Trainer,name,하체,source,,,unsupported,reps,apparatus_dynamic_policy,,,1,0,1,MANUAL_QA_REQUIRED
gvs_d611ac7d09364f75,gvc_811399b04040,Suspender High Row,Suspender High Row,,MANUAL,Back,MVP_CANDIDATE,Resistance/strength candidate,Suspension Trainer,name,등,source,등 상부 / 광배근,이두근,name_high,reps,apparatus_dynamic_policy,,,1,1,0,MANUAL_QA_REQUIRED
gvs_dc6153ae26b80aa0,gvc_78f1c05b0420,Suspender Hip Abduction,Suspender Hip Abduction,,MANUAL,Hips,MVP_CANDIDATE,Resistance/strength candidate,Suspension Trainer,name,하체,source,중둔근,,name_high,reps,apparatus_dynamic_policy,,,1,0,1,MANUAL_QA_REQUIRED
gvs_898d51d0e2911d4a,gvc_984c63b5739a,Suspender Hip Bridge,Suspender Hip Bridge,,MANUAL,Hips,MVP_CANDIDATE,Resistance/strength candidate,Suspension Trainer,name,하체,source,,,unsupported,reps,apparatus_dynamic_policy,,,1,0,1,MANUAL_QA_REQUIRED
gvs_61e6feed3a159331,gvc_1bb71157f38f,Suspender Hyperextension,Suspender Hyperextension,,MANUAL,Back,MVP_CANDIDATE,Resistance/strength candidate,Suspension Trainer,name,등,source,,,unsupported,reps,apparatus_dynamic_policy,,,1,0,1,MANUAL_QA_REQUIRED
gvs_f34ce7df427d32ef,gvc_d88654f7bad0,Suspender Incline Plank,Suspender Incline Plank,,MANUAL,Waist,MVP_CANDIDATE,Resistance/strength candidate,Suspension Trainer,name,코어,source,코어,,name_high,duration,apparatus_static_policy,duration,,1,1,0,MANUAL_QA_REQUIRED
gvs_d41e259f7f630e6f,gvc_91498db153e4,Suspender Incline Push Up,Suspender Incline Push Up,,MANUAL,Chest,MVP_CANDIDATE,Resistance/strength candidate,Suspension Trainer,name,가슴,source,,,unsupported,reps,apparatus_dynamic_policy,reps,,1,0,1,MANUAL_QA_REQUIRED
gvs_495fee83d5398b13,gvc_fcd67fbcc7ff,Suspender Internal Rotation,Suspender Internal Rotation,,MANUAL,Chest,MVP_CANDIDATE,Resistance/strength candidate,Suspension Trainer,name,가슴,source,,,unsupported,reps,apparatus_dynamic_policy,,,1,1,0,MANUAL_QA_REQUIRED
gvs_06c22eeddc775c09,gvc_fbb3b87ac33e,Suspender Inverted Row,Suspender Inverted Row,,MANUAL,Back,MVP_CANDIDATE,Resistance/strength candidate,Suspension Trainer,name,등,source,등 상부 / 광배근,이두근,name_high,reps,apparatus_dynamic_policy,,,1,0,1,MANUAL_QA_REQUIRED
gvs_d320e7b883f6d81e,gvc_939e8b34e141,Suspender Inverted Row Arm Twist,Suspender Inverted Row Arm Twist,,MANUAL,Back,MVP_CANDIDATE,Resistance/strength candidate,Suspension Trainer,name,등,source,등 상부 / 광배근,이두근,name_high,reps,apparatus_dynamic_policy,,,1,0,1,MANUAL_QA_REQUIRED
gvs_e79e1840fec0b1a2,gvc_2346053f85a9,Suspender Inverted Row Parallel To The Floor (,Suspender Inverted Row Parallel To The Floor,,MANUAL,,MVP_CANDIDATE,Resistance/strength candidate,Suspension Trainer,name,등,name,등 상부 / 광배근,이두근,name_high,reps,apparatus_dynamic_policy,,,1,1,0,MANUAL_QA_REQUIRED
gvs_52c5baa7fe9f7d77,gvc_102a72f0c3d8,Suspender Jack Knife,Suspender Jack Knife,,MANUAL,Waist,MVP_CANDIDATE,Resistance/strength candidate,Suspension Trainer,name,코어,source,,,unsupported,reps,apparatus_dynamic_policy,,,1,0,1,MANUAL_QA_REQUIRED
gvs_1edbcc5714d6cf27,gvc_7b0566f697c0,Suspender Jack Knife Pike,Suspender Jack Knife Pike,,MANUAL,Waist,MVP_CANDIDATE,Resistance/strength candidate,Suspension Trainer,name,코어,source,,,unsupported,reps,apparatus_dynamic_policy,,,1,0,1,MANUAL_QA_REQUIRED
gvs_9072cb47fd4f85b7,gvc_1caa3b644e47;gvc_9f4982f3b589,Suspender Jump Squat | Suspender Squat Jump,Suspender Jump Squat,,MANUAL,Thighs,MVP_CANDIDATE,Resistance/strength candidate,Suspension Trainer,name,하체,source,대퇴사두근,둔근,name_high,reps,apparatus_dynamic_policy,,,2,1,1,MANUAL_QA_REQUIRED
gvs_3de21ac595231a55,gvc_528b5f0b9176,Suspender Knee Tuck Row,Suspender Knee Tuck Row,,MANUAL,Back,MVP_CANDIDATE,Resistance/strength candidate,Suspension Trainer,name,등,source,등 상부 / 광배근,이두근,name_high,reps,apparatus_dynamic_policy,,,1,1,0,MANUAL_QA_REQUIRED
gvs_b6d31e68d9fec26a,gvc_dbdcb6b7d7cd,Suspender Leg Curl,Suspender Leg Curl,,MANUAL,Thighs,MVP_CANDIDATE,Resistance/strength candidate,Suspension Trainer,name,하체,source,햄스트링,,name_high,reps,apparatus_dynamic_policy,,,1,0,1,MANUAL_QA_REQUIRED
gvs_24719e1bd4240fab,gvc_70c1e79c7339,Suspender Lunge Back Crossover,Suspender Lunge Back Crossover,,MANUAL,Thighs,MVP_CANDIDATE,Resistance/strength candidate,Suspension Trainer,name,하체,source,대퇴사두근,둔근,name_high,reps,apparatus_dynamic_policy,reps,,1,0,1,MANUAL_QA_REQUIRED
gvs_63e6ebef99a087a7,gvc_0f6b8d08a91d,Suspender Lying Leg Raise,Suspender Lying Leg Raise,,MANUAL,Waist,MVP_CANDIDATE,Resistance/strength candidate,Suspension Trainer,name,코어,source,복직근,,name_high,reps,apparatus_dynamic_policy,reps,,1,0,1,MANUAL_QA_REQUIRED
gvs_a2a63870ee852a8e,gvc_551aae27d4af,Suspender Oblique Rollout,Suspender Oblique Rollout,,MANUAL,Waist,MVP_CANDIDATE,Resistance/strength candidate,Suspension Trainer,name,코어,source,,,unsupported,reps,apparatus_dynamic_policy,,,1,0,1,MANUAL_QA_REQUIRED
gvs_54cf2e4fde7b26c7,gvc_b6bea59b3976,Suspender Pendulum,Suspender Pendulum,,MANUAL,Waist,MVP_CANDIDATE,Resistance/strength candidate,Suspension Trainer,name,코어,source,,,unsupported,reps,apparatus_dynamic_policy,,,1,0,1,MANUAL_QA_REQUIRED
gvs_3002a858eb8ade62,gvc_2edac8306231,Suspender Pike,Suspender Pike,,MANUAL,Hips;Waist,MVP_CANDIDATE,Resistance/strength candidate,Suspension Trainer,name,,conflict,,,unsupported,reps,apparatus_dynamic_policy,,BODY_SOURCE_CONFLICT,2,1,1,MANUAL_QA_REQUIRED
gvs_7a889ea2d6ed5930,gvc_ebcb144edce4,Suspender Plank,Suspender Plank,,MANUAL,Waist,MVP_CANDIDATE,Resistance/strength candidate,Suspension Trainer,name,코어,source,코어,,name_high,duration,apparatus_static_policy,duration,,1,1,0,MANUAL_QA_REQUIRED
gvs_0b70cc1757e89d37,gvc_08834cb701c2,Suspender Power Pull,Suspender Power Pull,,MANUAL,Waist,MVP_CANDIDATE,Resistance/strength candidate,Suspension Trainer,name,코어,source,,,unsupported,reps,apparatus_dynamic_policy,,,1,1,0,MANUAL_QA_REQUIRED
gvs_9d0e288cd30c7bf2,gvc_59b721e63918,Suspender Prone Ts,Suspender Prone Ts,,MANUAL,Back,MVP_CANDIDATE,Resistance/strength candidate,Suspension Trainer,name,등,source,,,unsupported,reps,apparatus_dynamic_policy,,,1,1,0,MANUAL_QA_REQUIRED
gvs_5cbbc16487185112,gvc_599121e638f7,Suspender Prone Ys,Suspender Prone Ys,,MANUAL,Waist,MVP_CANDIDATE,Resistance/strength candidate,Suspension Trainer,name,코어,source,,,unsupported,reps,apparatus_dynamic_policy,,,1,1,0,MANUAL_QA_REQUIRED
gvs_2438c2db4b54d173,gvc_ea6817ca5974,Suspender Pull Through,Suspender Pull Through,,MANUAL,Back,MVP_CANDIDATE,Resistance/strength candidate,Suspension Trainer,name,등,source,,,unsupported,reps,apparatus_dynamic_policy,,,1,0,1,MANUAL_QA_REQUIRED
gvs_657d61359a78e8a5,gvc_8296fd552174;gvc_ec9b7c817174,Suspender Pull Up | Suspender Pull Up (version 2),Suspender Pull Up,,MANUAL,Back,MVP_CANDIDATE,Resistance/strength candidate,Suspension Trainer,name,등,source,광배근,이두근 / 승모근,name_high,reps,apparatus_dynamic_policy,,,2,0,2,MANUAL_QA_REQUIRED
gvs_5aed453fa843515f,gvc_3d9a00a7b9f1,Suspender Push Up,Suspender Push Up,,MANUAL,Chest,MVP_CANDIDATE,Resistance/strength candidate,Suspension Trainer,name,가슴,source,,,unsupported,reps,apparatus_dynamic_policy,reps,,1,0,1,MANUAL_QA_REQUIRED
gvs_586ed4c4008c9ff6,gvc_6eab84656dd5,Suspender Push Up To Side Plank,Suspender Push Up To Side Plank,,MANUAL,Chest,MVP_CANDIDATE,Resistance/strength candidate,Suspension Trainer,name,가슴,source,,,blank_after_semantic_qa,reps,apparatus_dynamic_policy,duration,,1,1,0,MANUAL_QA_REQUIRED
gvs_e34c5ec5d5f30bf1,gvc_e03318390d1d,Suspender Rear Delt Row,Suspender Rear Delt Row,,MANUAL,Shoulders,MVP_CANDIDATE,Resistance/strength candidate,Suspension Trainer,name,어깨,source,후면 삼각근,,name_high,reps,apparatus_dynamic_policy,,,1,1,0,MANUAL_QA_REQUIRED
gvs_25a2f500ce04073a,gvc_9bd01c090fca,Suspender Reverse Ab Rollout,Suspender Reverse Ab Rollout,,MANUAL,Waist,MVP_CANDIDATE,Resistance/strength candidate,Suspension Trainer,name,코어,source,,,unsupported,reps,apparatus_dynamic_policy,,,1,1,0,MANUAL_QA_REQUIRED
gvs_a6dcc4c92fb93d3d,gvc_5927f072fd56,Suspender Reverse Crunch,Suspender Reverse Crunch,,MANUAL,Waist,MVP_CANDIDATE,Resistance/strength candidate,Suspension Trainer,name,코어,source,복직근,,name_high,reps,apparatus_dynamic_policy,reps,,1,1,0,MANUAL_QA_REQUIRED
gvs_51d3556e0c71a250,gvc_5946c7ec1b3b,Suspender Reverse Fly,Suspender Reverse Fly,,MANUAL,Shoulders,MVP_CANDIDATE,Resistance/strength candidate,Suspension Trainer,name,어깨,source,후면 삼각근,,name_high,reps,apparatus_dynamic_policy,,,1,0,1,MANUAL_QA_REQUIRED
gvs_e9553868974d31ea,gvc_f3b1b45908c5,Suspender Reverse Fly Wake Up,Suspender Reverse Fly Wake Up,,MANUAL,Back,MVP_CANDIDATE,Resistance/strength candidate,Suspension Trainer,name,어깨,source,후면 삼각근,승모근 / 능형근,semantic_rule_v2,reps,apparatus_dynamic_policy,,,1,0,1,MANUAL_QA_REQUIRED
gvs_cdde9b6b03b8199b,gvc_343fddf1e269,Suspender Rear Lunge,Suspender Reverse Lunge,,MANUAL,Thighs,MVP_CANDIDATE,Resistance/strength candidate,Suspension Trainer,name,하체,source,대퇴사두근,둔근,name_high,reps,apparatus_dynamic_policy,reps,,1,0,1,MANUAL_QA_REQUIRED
gvs_0c19faad79160df9,gvc_1cf26a700573,Suspender Reverse Push Up,Suspender Reverse Push Up,,MANUAL,Upper-Arms,MVP_CANDIDATE,Resistance/strength candidate,Suspension Trainer,name,팔,source,,,unsupported,reps,apparatus_dynamic_policy,reps,,1,1,0,MANUAL_QA_REQUIRED
gvs_49c52f687d1a35f0,gvc_018b303ad3f3;gvc_b66c1aa656bf,Suspender Rollout | Suspender Rollout (version 2),Suspender Rollout,,MANUAL,Waist,MVP_CANDIDATE,Resistance/strength candidate,Suspension Trainer,name,코어,source,,,unsupported,reps,apparatus_dynamic_policy,,,2,0,2,MANUAL_QA_REQUIRED
gvs_e61d54a6e310dbd0,gvc_be9919852787,Suspender Row,Suspender Row,,MANUAL,Back,MVP_CANDIDATE,Resistance/strength candidate,Suspension Trainer,name,등,source,등 상부 / 광배근,이두근,name_high,reps,apparatus_dynamic_policy,,,2,1,1,MANUAL_QA_REQUIRED
gvs_d132dcc561074771,gvc_34ae1e54fe13,Suspender Scapular Retraction,Suspender Scapular Retraction,,MANUAL,Back,MVP_CANDIDATE,Resistance/strength candidate,Suspension Trainer,name,등,source,,,unsupported,reps,apparatus_dynamic_policy,,,1,1,0,MANUAL_QA_REQUIRED
gvs_4f8011f7cb887f6f,gvc_991700643f3e,Suspender Self Assisted Chest Dip,Suspender Self Assisted Chest Dip,,MANUAL,Chest,MVP_CANDIDATE,Resistance/strength candidate,Suspension Trainer,name,가슴,source,,,unsupported,reps,apparatus_dynamic_policy,,,1,0,1,MANUAL_QA_REQUIRED
gvs_5b5c33a03ad13d4a,gvc_23c5a2e6a23c,Suspender Self Assisted Pull Up,Suspender Self Assisted Pull Up,,MANUAL,Back,MVP_CANDIDATE,Resistance/strength candidate,Suspension Trainer,name,등,source,광배근,이두근 / 승모근,name_high,reps,apparatus_dynamic_policy,,,1,0,1,MANUAL_QA_REQUIRED
gvs_ac9c442a1e3bc0b4,gvc_9b059ceeda54,Suspender Side Bend,Suspender Side Bend,,MANUAL,Waist,MVP_CANDIDATE,Resistance/strength candidate,Suspension Trainer,name,코어,source,복사근,코어,name_high,reps,apparatus_dynamic_policy,,,1,0,1,MANUAL_QA_REQUIRED
gvs_40f37564f9ca55ae,gvc_4f5ec7080ae2,Suspender Side Bridge,Suspender Side Bridge,,MANUAL,Waist,MVP_CANDIDATE,Resistance/strength candidate,Suspension Trainer,name,코어,source,,,unsupported,reps,apparatus_dynamic_policy,,,1,0,1,MANUAL_QA_REQUIRED
gvs_55b18ba61c2ad598,gvc_f10528c74730,Suspender Side Lunge,Suspender Side Lunge,,MANUAL,Thighs,MVP_CANDIDATE,Resistance/strength candidate,Suspension Trainer,name,하체,source,대퇴사두근,둔근,name_high,reps,apparatus_dynamic_policy,reps,,1,0,1,MANUAL_QA_REQUIRED
gvs_e18cfb67a6088de7,gvc_6af44166dd72,Suspender Side Squat,Suspender Side Squat,,MANUAL,Hips,MVP_CANDIDATE,Resistance/strength candidate,Suspension Trainer,name,하체,source,대퇴사두근,둔근,name_high,reps,apparatus_dynamic_policy,,,1,1,0,MANUAL_QA_REQUIRED
gvs_7ac81515d2738a89,gvc_c1e61011fe73,Suspender One Arm Biceps Curl,Suspender Single Arm Biceps Curl,,MANUAL,Upper-Arms,MVP_CANDIDATE,Resistance/strength candidate,Suspension Trainer,name,팔,source,이두근,,name_high,reps,apparatus_dynamic_policy,,,2,1,1,MANUAL_QA_REQUIRED
gvs_e679fc82d0a1426c,gvc_fcea14ffeedb,Suspender One Arm Chest Press,Suspender Single Arm Chest Press,,MANUAL,Chest,MVP_CANDIDATE,Resistance/strength candidate,Suspension Trainer,name,가슴,source,대흉근,삼두근 / 전면 삼각근,name_high,reps,apparatus_dynamic_policy,,,1,0,1,MANUAL_QA_REQUIRED
gvs_f5fe547720d6e39f,gvc_8cced32f9c29,Suspender One Arm Leg Push Up,Suspender Single Arm Leg Push Up,,MANUAL,Chest,MVP_CANDIDATE,Resistance/strength candidate,Suspension Trainer,name,가슴,source,,,unsupported,reps,apparatus_dynamic_policy,reps,,1,0,1,MANUAL_QA_REQUIRED
gvs_cf8113dfd863cedf,gvc_c38e3c293d6b,Suspender Single Arm Rear Delt Row,Suspender Single Arm Rear Delt Row,,MANUAL,Shoulders,MVP_CANDIDATE,Resistance/strength candidate,Suspension Trainer,name,어깨,source,후면 삼각근,,name_high,reps,apparatus_dynamic_policy,,,1,0,1,MANUAL_QA_REQUIRED
gvs_337d1bdd7bbc52ad,gvc_00c1b7e2fb6c,Suspender One Leg Chest Press,Suspender Single Leg Chest Press,,MANUAL,Chest,MVP_CANDIDATE,Resistance/strength candidate,Suspension Trainer,name,가슴,source,대흉근,삼두근 / 전면 삼각근,name_high,reps,apparatus_dynamic_policy,,,1,0,1,MANUAL_QA_REQUIRED
gvs_3d41b076c68598ac,gvc_8cd76a06bb67,Suspender Single Leg Deadlift,Suspender Single Leg Deadlift,,MANUAL,Hips,MVP_CANDIDATE,Resistance/strength candidate,Suspension Trainer,name,하체,source,둔근 / 햄스트링,등 / 코어,name_high,reps,apparatus_dynamic_policy,,,1,0,1,MANUAL_QA_REQUIRED
gvs_60b3dc27c35da5ff,gvc_91a7b67c7a29,Suspender Single Leg Plank,Suspender Single Leg Plank,,MANUAL,Waist,MVP_CANDIDATE,Resistance/strength candidate,Suspension Trainer,name,코어,source,코어,,name_high,duration,apparatus_static_policy,duration,,1,0,1,MANUAL_QA_REQUIRED
gvs_ca71b11b3a769573,gvc_4fe9ac3ffeb1,Suspender Single Leg Plank (straight Arm),Suspender Single Leg Plank (Straight Arm),,MANUAL,,MVP_CANDIDATE,Resistance/strength candidate,Suspension Trainer,name,하체,name,,,blank_after_semantic_qa,duration,apparatus_static_policy,duration,,1,0,1,MANUAL_QA_REQUIRED
gvs_05ffaeb86329201a,gvc_9a6ea5abb293,Suspender Single Leg Split Squat,Suspender Single Leg Split Squat,,MANUAL,Hips,MVP_CANDIDATE,Resistance/strength candidate,Suspension Trainer,name,하체,source,대퇴사두근,둔근,name_high,reps,apparatus_dynamic_policy,,,1,0,1,MANUAL_QA_REQUIRED
gvs_fe4780f65874d020,gvc_c1f2e352514c,Suspender Single Leg Squat,Suspender Single Leg Squat,,MANUAL,Hips,MVP_CANDIDATE,Resistance/strength candidate,Suspension Trainer,name,하체,source,대퇴사두근,둔근,name_high,reps,apparatus_dynamic_policy,,,2,1,1,MANUAL_QA_REQUIRED
gvs_e851bdad3fd20001,gvc_6b33a42eb799,Suspender Single Leg Squat (figure),Suspender Single Leg Squat (Figure),,MANUAL,Thighs,MVP_CANDIDATE,Resistance/strength candidate,Suspension Trainer,name,하체,source,대퇴사두근,둔근,name_high,reps,apparatus_dynamic_policy,,,1,0,1,MANUAL_QA_REQUIRED
gvs_b4f61f21d77af619,gvc_8acc70ef45e8,Suspender Spiderman Push Up,Suspender Spiderman Push Up,,MANUAL,Hips,MVP_CANDIDATE,Resistance/strength candidate,Suspension Trainer,name,하체,source,,,unsupported,reps,apparatus_dynamic_policy,reps,,1,0,1,MANUAL_QA_REQUIRED
gvs_56beaab396ad02ab,gvc_6126c5a3e322,Suspender Split Fly,Suspender Split Fly,,MANUAL,Shoulders,MVP_CANDIDATE,Resistance/strength candidate,Suspension Trainer,name,어깨,source,,,unsupported,reps,apparatus_dynamic_policy,,,1,0,1,MANUAL_QA_REQUIRED
gvs_ca3d8d79ce246349,gvc_be0298be0570,Suspender Sprinter,Suspender Sprinter,,MANUAL,Thighs,MVP_CANDIDATE,Resistance/strength candidate,Suspension Trainer,name,하체,source,,,unsupported,reps,apparatus_dynamic_policy,,,1,0,1,MANUAL_QA_REQUIRED
gvs_184e7ff90dd7fc9d,gvc_cae538d36649,Suspender Squat,Suspender Squat,,MANUAL,Thighs,MVP_CANDIDATE,Resistance/strength candidate,Suspension Trainer,name,하체,source,대퇴사두근,둔근,name_high,reps,apparatus_dynamic_policy,,,1,0,1,MANUAL_QA_REQUIRED
gvs_cf6daab716482497,gvc_5e1c26d0c1b7,Suspender Star Push Up,Suspender Star Push Up,,MANUAL,Waist,MVP_CANDIDATE,Resistance/strength candidate,Suspension Trainer,name,코어,source,,,unsupported,reps,apparatus_dynamic_policy,reps,,1,0,1,MANUAL_QA_REQUIRED
gvs_30c88676e2e2d0c4,gvc_bda4a3959a01,Suspender Straight Hip Leg Curl,Suspender Straight Hip Leg Curl,,MANUAL,Thighs,MVP_CANDIDATE,Resistance/strength candidate,Suspension Trainer,name,하체,source,햄스트링,,name_high,reps,apparatus_dynamic_policy,,,1,0,1,MANUAL_QA_REQUIRED
gvs_d33f2574b808833e,gvc_49a280bb75d2,Suspender Supine Crunch,Suspender Supine Crunch,,MANUAL,Waist,MVP_CANDIDATE,Resistance/strength candidate,Suspension Trainer,name,코어,source,복직근,,name_high,reps,apparatus_dynamic_policy,reps,,1,0,1,MANUAL_QA_REQUIRED
gvs_087f5e66f6ed5344,gvc_b7a990c52756,Suspender Supine Plank,Suspender Supine Plank,,MANUAL,Waist,MVP_CANDIDATE,Resistance/strength candidate,Suspension Trainer,name,코어,source,코어,,name_high,duration,apparatus_static_policy,duration,,1,0,1,MANUAL_QA_REQUIRED
gvs_fff95eb06d994d12,gvc_944fa2476627,Suspender Triceps Extension,Suspender Triceps Extension,,MANUAL,Upper-Arms,MVP_CANDIDATE,Resistance/strength candidate,Suspension Trainer,name,팔,source,삼두근,,name_high,reps,apparatus_dynamic_policy,,,1,0,1,MANUAL_QA_REQUIRED
gvs_3e0c94e6818b2994,gvc_7c792fc2526f,Suspender Triceps Extension Push Up,Suspender Triceps Extension Push Up,,MANUAL,Upper-Arms,MVP_CANDIDATE,Resistance/strength candidate,Suspension Trainer,name,팔,source,삼두근,,name_high,reps,apparatus_dynamic_policy,reps,,1,0,1,MANUAL_QA_REQUIRED
gvs_cbb2778164d91d4d,gvc_df30e0de730f,Suspender Triceps Kickback,Suspender Triceps Kickback,,MANUAL,Upper-Arms,MVP_CANDIDATE,Resistance/strength candidate,Suspension Trainer,name,팔,source,삼두근,,name_high,reps,apparatus_dynamic_policy,,,1,0,1,MANUAL_QA_REQUIRED
gvs_a532eedf1f8c0d3f,gvc_48a350c8513b,Suspender Triceps Press,Suspender Triceps Press,,MANUAL,Upper-Arms,MVP_CANDIDATE,Resistance/strength candidate,Suspension Trainer,name,팔,source,,,unsupported,reps,apparatus_dynamic_policy,,,1,1,0,MANUAL_QA_REQUIRED
gvs_815afd272aa53867,gvc_e6cec8d572ab,Suspender Twist Side,Suspender Twist Side,,MANUAL,Waist,MVP_CANDIDATE,Resistance/strength candidate,Suspension Trainer,name,코어,source,,,unsupported,reps,apparatus_dynamic_policy,,,1,0,1,MANUAL_QA_REQUIRED
gvs_f4c5720d027fee89,gvc_7c6bc856b7db,Suspender Twist Up,Suspender Twist Up,,MANUAL,Waist,MVP_CANDIDATE,Resistance/strength candidate,Suspension Trainer,name,코어,source,,,unsupported,reps,apparatus_dynamic_policy,,,1,0,1,MANUAL_QA_REQUIRED
gvs_fc7f1dcc9dc17152,gvc_8e789f73a824,Suspender Twisting Jack Knife,Suspender Twisting Jack Knife,,MANUAL,Waist,MVP_CANDIDATE,Resistance/strength candidate,Suspension Trainer,name,코어,source,,,unsupported,reps,apparatus_dynamic_policy,,,1,0,1,MANUAL_QA_REQUIRED
gvs_dbf82d3712db295f,gvc_8ac65a748b5c,Suspender Wide Grip Inverted Row,Suspender Wide Grip Inverted Row,,MANUAL,Back,MVP_CANDIDATE,Resistance/strength candidate,Suspension Trainer,name,등,source,등 상부 / 광배근,이두근,name_high,reps,apparatus_dynamic_policy,,,1,1,0,MANUAL_QA_REQUIRED
gvs_91e166a333c8705b,gvc_81441a0da8b1,Suspender Wide Grip Inverted Row On Floor,Suspender Wide Grip Inverted Row On Floor,,MANUAL,Back,MVP_CANDIDATE,Resistance/strength candidate,Suspension Trainer,name,등,source,등 상부 / 광배근,이두근,name_high,reps,apparatus_dynamic_policy,,,1,0,1,MANUAL_QA_REQUIRED
gvs_a3201990c4bf16c6,gvc_d6d5d9d3b88e,Suspender Woodchopper,Suspender Woodchopper,,MANUAL,Waist,MVP_CANDIDATE,Resistance/strength candidate,Suspension Trainer,name,코어,source,,,unsupported,reps,apparatus_dynamic_policy,,,1,0,1,MANUAL_QA_REQUIRED
gvs_4019726adc81bf18,gvc_00b6b6f9c5fa,Suspender Y Lateral Raise,Suspender Y Lateral Raise,,MANUAL,Shoulders,MVP_CANDIDATE,Resistance/strength candidate,Suspension Trainer,name,어깨,source,측면 삼각근,,name_high,reps,apparatus_dynamic_policy,,,1,0,1,MANUAL_QA_REQUIRED
gvs_efc8e75550400e6d,gvc_9b8ab65d96a0,Suspender Y Raise,Suspender Y Raise,,MANUAL,Shoulders,MVP_CANDIDATE,Resistance/strength candidate,Suspension Trainer,name,어깨,source,,,unsupported,reps,apparatus_dynamic_policy,,,1,1,0,MANUAL_QA_REQUIRED
gvs_8cb7cefb09cfb08b,gvc_396caa28056e,Suspender Yw Raise,Suspender Yw Raise,,MANUAL,Waist,MVP_CANDIDATE,Resistance/strength candidate,Suspension Trainer,name,코어,source,,,unsupported,reps,apparatus_dynamic_policy,,,1,0,1,MANUAL_QA_REQUIRED
gvs_4606392c257cfa56,gvc_6380f964d5f5,Suspension Chest Press,Suspension Chest Press,,MANUAL,Chest,MVP_CANDIDATE,Resistance/strength candidate,Suspension Trainer,name,가슴,source,대흉근,삼두근 / 전면 삼각근,name_high,reps,apparatus_dynamic_policy,,,1,1,0,MANUAL_QA_REQUIRED
gvs_ae7086ee65f8eafc,gvc_1b1f5845a4bc,Suspension Close Grip Chest Press,Suspension Close Grip Chest Press,,MANUAL,Upper-Arms,MVP_CANDIDATE,Resistance/strength candidate,Suspension Trainer,name,팔,source,삼두근,대흉근 / 전면 삼각근,semantic_rule_v2,reps,apparatus_dynamic_policy,,,1,1,0,MANUAL_QA_REQUIRED
gvs_24f0de08618dd1b2,gvc_5aaa3c279a32,Suspension Fly,Suspension Fly,,MANUAL,Chest,MVP_CANDIDATE,Resistance/strength candidate,Suspension Trainer,name,가슴,source,,,unsupported,reps,apparatus_dynamic_policy,,,1,1,0,MANUAL_QA_REQUIRED
gvs_81c88283e15c86eb,gvc_0bbf61590aa2,Suspension Triceps Extension,Suspension Triceps Extension,,MANUAL,Upper-Arms,MVP_CANDIDATE,Resistance/strength candidate,Suspension Trainer,name,팔,source,삼두근,,name_high,reps,apparatus_dynamic_policy,,,1,1,0,MANUAL_QA_REQUIRED
gvs_49481be632164f30,gvc_c040da3515d6,Svend Bench Press,Svend Bench Press,,MANUAL,Upper-Arms,MVP_CANDIDATE,Resistance/strength candidate,Bodyweight,inferred_bodyweight,팔,source,,,blank_after_semantic_qa,reps,bodyweight,,,1,1,0,MANUAL_QA_REQUIRED
gvs_ebf910d2f24406ba,gvc_1e077e40e5e7;gvc_d9d039a45ac5,Swimmer Kicks | Swimmer Kicks (version 2),Swimmer Kicks,,MANUAL,Hips,MVP_CANDIDATE,Resistance/strength candidate,Bodyweight,inferred_bodyweight,하체,source,,,unsupported,reps,bodyweight,,,3,1,2,MANUAL_QA_REQUIRED
gvs_35e9302b727719d3,gvc_f2af781d9dfe,Swing Back,Swing Back,,MANUAL,Hips,MVP_CANDIDATE,Resistance/strength candidate,Bodyweight,inferred_bodyweight,하체,source,,,unsupported,reps,bodyweight,,,1,0,1,MANUAL_QA_REQUIRED
gvs_0d6d4b03fca4fe9b,gvc_f7dcd4cf7b0a,Table Top Bridge,Table Top Bridge,,MANUAL,Hips,MVP_CANDIDATE,Resistance/strength candidate,Bodyweight,inferred_bodyweight,하체,source,,,unsupported,reps,bodyweight,,,2,1,1,MANUAL_QA_REQUIRED
gvs_3c15c724785da31e,gvc_d276a3ac22fa,Table Top Bridge Pulse,Table Top Bridge Pulse,,MANUAL,Hips,MVP_CANDIDATE,Resistance/strength candidate,Bodyweight,inferred_bodyweight,하체,source,,,unsupported,reps,bodyweight,,,1,0,1,MANUAL_QA_REQUIRED
gvs_b52be6a42d7319a6,gvc_2a9df8f3753d,Tabletop Plank Raise And Reach,Tabletop Plank Raise And Reach,,MANUAL,Waist,MVP_CANDIDATE,Resistance/strength candidate,Bodyweight,inferred_bodyweight,코어,source,코어,,name_high,reps,bodyweight,duration,,1,0,1,MANUAL_QA_REQUIRED
gvs_4325427d54fdefe5,gvc_d16d00ed6b34,Tabletop Reach And Crunch,Tabletop Reach And Crunch,,MANUAL,Waist,MVP_CANDIDATE,Resistance/strength candidate,Bodyweight,inferred_bodyweight,코어,source,복직근,,name_high,reps,bodyweight,reps,,1,1,0,MANUAL_QA_REQUIRED
gvs_a15b829c44acfd22,gvc_c82638142c0d,Tight Fist Lift,Tight Fist Lift,,MANUAL,Forearms,MVP_CANDIDATE,Resistance/strength candidate,Bodyweight,inferred_bodyweight,팔,source,,,unsupported,reps,bodyweight,,,1,1,0,MANUAL_QA_REQUIRED
gvs_b7293cbff0b578df,gvc_a342bcf64000,Tight Fist Rotation,Tight Fist Rotation,,MANUAL,Forearms,MVP_CANDIDATE,Resistance/strength candidate,Bodyweight,inferred_bodyweight,팔,source,,,unsupported,reps,bodyweight,,,1,1,0,MANUAL_QA_REQUIRED
gvs_f0b5d5ed6bb2b169,gvc_97ae0890682d,Tilt And Extend,Tilt And Extend,,MANUAL,Waist,MVP_CANDIDATE,Resistance/strength candidate,Bodyweight,inferred_bodyweight,코어,source,,,unsupported,reps,bodyweight,,,1,0,1,MANUAL_QA_REQUIRED
gvs_8b0892097347f9a5,gvc_86b03ab6fe24,Tip Toe Glute Bridge,Tip Toe Glute Bridge,,MANUAL,Hips,MVP_CANDIDATE,Resistance/strength candidate,Bodyweight,inferred_bodyweight,하체,source,둔근,햄스트링,name_high,reps,bodyweight,,,1,0,1,MANUAL_QA_REQUIRED
gvs_a1f52c147fd72d32,gvc_4b9c3d13ef7e,Tip Toe Glute Bridge Abduction,Tip Toe Glute Bridge Abduction,,MANUAL,Hips,MVP_CANDIDATE,Resistance/strength candidate,Bodyweight,inferred_bodyweight,하체,source,둔근,햄스트링,name_high,reps,bodyweight,,,1,0,1,MANUAL_QA_REQUIRED
gvs_083af60d4acdbe65,gvc_905052288415,Tip Toe Glute Bridge Pulse,Tip Toe Glute Bridge Pulse,,MANUAL,Hips,MVP_CANDIDATE,Resistance/strength candidate,Bodyweight,inferred_bodyweight,하체,source,둔근,햄스트링,name_high,reps,bodyweight,,,1,0,1,MANUAL_QA_REQUIRED
gvs_1556d91e7dcf3c2c,gvc_659dd89ea984,Tip Toes,Tip Toes,,MANUAL,Calves,MVP_CANDIDATE,Resistance/strength candidate,Bodyweight,inferred_bodyweight,하체,source,,,unsupported,reps,bodyweight,,,1,1,0,MANUAL_QA_REQUIRED
gvs_a905eb4df7289b6d,gvc_647c532db24c,Toe Walk,Toe Walk,,MANUAL,Calves,MVP_CANDIDATE,Resistance/strength candidate,Bodyweight,inferred_bodyweight,하체,source,,,unsupported,reps,bodyweight,,,1,1,0,MANUAL_QA_REQUIRED
gvs_328094db89ec730b,gvc_ff27064391c4,Torque Tank Push,Torque Tank Push,,MANUAL,Thighs,MVP_CANDIDATE,Resistance/strength candidate,Bodyweight,inferred_bodyweight,하체,source,,,unsupported,reps,bodyweight,,,1,1,0,MANUAL_QA_REQUIRED
gvs_7e0f6b7669202a74,gvc_a7e0b19dad40,Torso Scissors On Stability Ball,Torso Scissors On Stability Ball,,MANUAL,Waist,MVP_CANDIDATE,Resistance/strength candidate,Stability Ball,source,코어,source,,,unsupported,,review,,,1,0,1,MANUAL_QA_REQUIRED
gvs_595a45af060ac6cf,gvc_f033b87017bb,Trap Bar Bent Over Row,Trap Bar Bent Over Row,트랩바 벤트오버 로우,AUTO_PHRASE_DRAFT,Back,MVP_CANDIDATE,Resistance/strength candidate,Trap Bar,source,등,source,등 상부 / 광배근,이두근,name_high,weight_reps,equipment,weight_reps,,1,1,0,AUTO_DRAFT_COMPLETE
gvs_f1c5120671b323c0,gvc_c76987da0898,Trap Bar Deadlift,Trap Bar Deadlift,트랩바 데드리프트,AUTO_PHRASE_DRAFT,Thighs,MVP_CANDIDATE,Resistance/strength candidate,Trap Bar,source,하체,source,둔근 / 햄스트링,등 / 코어,name_high,weight_reps,equipment,weight_reps,,2,1,1,AUTO_DRAFT_COMPLETE
gvs_82485d8243de250c,gvc_f89f3e9a47d2,Trap Bar Overhead Press,Trap Bar Overhead Press,트랩바 오버헤드 프레스,AUTO_PHRASE_DRAFT,Shoulders,MVP_CANDIDATE,Resistance/strength candidate,Trap Bar,source,어깨,source,삼각근,삼두근,name_high,weight_reps,equipment,weight_reps,,1,1,0,AUTO_DRAFT_COMPLETE
gvs_c13e5bc4ed129442,gvc_29b9b66dac88,Trap Bar Squat,Trap Bar Squat,트랩바 스쿼트,AUTO_PHRASE_DRAFT,Thighs,MVP_CANDIDATE,Resistance/strength candidate,Trap Bar,source,하체,source,대퇴사두근,둔근,name_high,weight_reps,equipment,weight_reps,,1,1,0,AUTO_DRAFT_COMPLETE
gvs_c462e634004b2f72,gvc_f1b465bdd558,Trap Bar Standing Shrug,Trap Bar Standing Shrug,트랩바 스탠딩 슈러그,AUTO_PHRASE_DRAFT,Back,MVP_CANDIDATE,Resistance/strength candidate,Trap Bar,source,등,source,,,unsupported,weight_reps,equipment,weight_reps,,1,1,0,AUTO_DRAFT_COMPLETE
gvs_dd94fe9a01ed0804,gvc_d3aa7465ce6a,Triceps Dip,Triceps Dip,,MANUAL,Upper-Arms,MVP_CANDIDATE,Resistance/strength candidate,Bodyweight,inferred_bodyweight,팔,source,,,unsupported,reps,bodyweight,,,2,1,1,MANUAL_QA_REQUIRED
gvs_14770456a87ff2ac,gvc_820c61bfcde4,Triceps Dip (bench Leg),Triceps Dip (Bench Leg),,MANUAL,Upper-Arms,MVP_CANDIDATE,Resistance/strength candidate,Bodyweight,inferred_bodyweight,팔,source,,,unsupported,reps,bodyweight,,,1,1,0,MANUAL_QA_REQUIRED
gvs_ec977fed5d635c85,gvc_e1a5f6ef83c6,Triceps Dip Floor,Triceps Dip Floor,,MANUAL,Upper-Arms,MVP_CANDIDATE,Resistance/strength candidate,Bodyweight,inferred_bodyweight,팔,source,,,unsupported,reps,bodyweight,,,2,1,1,MANUAL_QA_REQUIRED
gvs_fcaf21bfb13b9867,gvc_3a15010ba3ea,Triceps Dip On High Parallel Bars,Triceps Dip On High Parallel Bars,,MANUAL,Upper-Arms,MVP_CANDIDATE,Resistance/strength candidate,Bodyweight,inferred_bodyweight,팔,source,,,unsupported,reps,bodyweight,,,1,1,0,MANUAL_QA_REQUIRED
gvs_d5d235659e573315,gvc_8be057485911,Triceps Dips Floor,Triceps Dips Floor,,MANUAL,Upper-Arms,MVP_CANDIDATE,Resistance/strength candidate,Bodyweight,inferred_bodyweight,팔,source,,,unsupported,reps,bodyweight,,,1,1,0,MANUAL_QA_REQUIRED
gvs_63c2005c52b1908a,gvc_0286f8112dd0,Triceps Press,Triceps Press,,MANUAL,Upper-Arms,MVP_CANDIDATE,Resistance/strength candidate,Bodyweight,inferred_bodyweight,팔,source,,,unsupported,reps,bodyweight,,,1,1,0,MANUAL_QA_REQUIRED
gvs_51c69f10853fb552,gvc_f0af72053bc5,Triceps Press (head Below Bench),Triceps Press (Head Below Bench),,MANUAL,Upper-Arms,MVP_CANDIDATE,Resistance/strength candidate,Bodyweight,inferred_bodyweight,팔,source,,,unsupported,reps,bodyweight,,,2,1,1,MANUAL_QA_REQUIRED
gvs_3664334a9022970c,gvc_5b7227f087f0,Triceps Press (low Bar Position),Triceps Press (Low Bar Position),,MANUAL,Upper-Arms,MVP_CANDIDATE,Resistance/strength candidate,Bodyweight,inferred_bodyweight,팔,source,,,unsupported,reps,bodyweight,,,1,1,0,MANUAL_QA_REQUIRED
gvs_b418353e5cab7b70,gvc_5a859b9fab0f,Tuck Crunch,Tuck Crunch,,MANUAL,Waist,MVP_CANDIDATE,Resistance/strength candidate,Bodyweight,inferred_bodyweight,코어,source,복직근,,name_high,reps,bodyweight,reps,,1,1,0,MANUAL_QA_REQUIRED
gvs_910000f59725b4f9,gvc_91b090c679c4,Twist Crunch Legs Up,Twist Crunch Legs Up,,MANUAL,Waist,MVP_CANDIDATE,Resistance/strength candidate,Bodyweight,inferred_bodyweight,코어,source,복직근,,name_high,reps,bodyweight,reps,,2,1,1,MANUAL_QA_REQUIRED
gvs_b805e5a5d146c2a5,gvc_0480c97a41d0,Twist Hip Lift,Twist Hip Lift,,MANUAL,Hips,MVP_CANDIDATE,Resistance/strength candidate,Bodyweight,inferred_bodyweight,하체,source,,,unsupported,reps,bodyweight,,,1,1,0,MANUAL_QA_REQUIRED
gvs_df8ea89f9ef40967,gvc_a957ddcbb61a,Twist Push Up,Twist Push Up,,MANUAL,Chest,MVP_CANDIDATE,Resistance/strength candidate,Bodyweight,inferred_bodyweight,가슴,source,,,unsupported,reps,bodyweight,reps,,1,1,0,MANUAL_QA_REQUIRED
gvs_c7e8a666169d9d24,gvc_695aaa88e4d4,Twist Sit Up,Twist Sit Up,,MANUAL,Waist,MVP_CANDIDATE,Resistance/strength candidate,Bodyweight,inferred_bodyweight,코어,source,복직근,,name_high,reps,bodyweight,reps,,1,0,1,MANUAL_QA_REQUIRED
gvs_a387e519a93ef625,gvc_f1222c882b76,Twist Squat,Twist Squat,,MANUAL,Thighs,MVP_CANDIDATE,Resistance/strength candidate,Bodyweight,inferred_bodyweight,하체,source,대퇴사두근,둔근,name_high,reps,bodyweight,,,1,0,1,MANUAL_QA_REQUIRED
gvs_f54ea693be2c904b,gvc_7d8d1bdfcb0f,Twist Superman,Twist Superman,,MANUAL,Hips,MVP_CANDIDATE,Resistance/strength candidate,Bodyweight,inferred_bodyweight,하체,source,,,unsupported,reps,bodyweight,,,1,1,0,MANUAL_QA_REQUIRED
gvs_12be5543fa34edcb,gvc_2245044fc287,Twist Turn Lift,Twist Turn Lift,,MANUAL,Waist,MVP_CANDIDATE,Resistance/strength candidate,Bodyweight,inferred_bodyweight,코어,source,,,unsupported,reps,bodyweight,,,1,1,0,MANUAL_QA_REQUIRED
gvs_22b975096dae1195,gvc_3e88131247fe,Twisted Leg Raise,Twisted Leg Raise,,MANUAL,Waist,MVP_CANDIDATE,Resistance/strength candidate,Bodyweight,inferred_bodyweight,코어,source,복직근,,name_high,reps,bodyweight,reps,,2,1,1,MANUAL_QA_REQUIRED
gvs_e76eb6350b573f1d,gvc_7a9e93f10772,Twisting Crunch,Twisting Crunch,,MANUAL,Waist,MVP_CANDIDATE,Resistance/strength candidate,Bodyweight,inferred_bodyweight,코어,source,복직근,,name_high,reps,bodyweight,reps,,2,1,1,MANUAL_QA_REQUIRED
gvs_998db24d45a21371,gvc_10fc6374fd13;gvc_2ecddefe7311,Twisting Crunch (arms Straight) | Twisting Crunch (straight Arms),Twisting Crunch (Arms Straight),,MANUAL,Waist,MVP_CANDIDATE,Resistance/strength candidate,Bodyweight,inferred_bodyweight,코어,source,복직근,,name_high,reps,bodyweight,reps,,2,1,1,MANUAL_QA_REQUIRED
gvs_fb9f22b45b0ddc4e,gvc_23d6b4fc6772,Underhand Circle Draw,Underhand Circle Draw,,MANUAL,Shoulders,MVP_CANDIDATE,Resistance/strength candidate,Bodyweight,inferred_bodyweight,어깨,source,,,unsupported,reps,bodyweight,,,1,1,0,MANUAL_QA_REQUIRED
gvs_d4f50e883806721e,gvc_0ef7a206876d,Underhand Grip Inverted Back Row,Underhand Grip Inverted Back Row,,MANUAL,Back,MVP_CANDIDATE,Resistance/strength candidate,Bodyweight,inferred_bodyweight,등,source,등 상부 / 광배근,이두근,name_high,reps,bodyweight,,,1,1,0,MANUAL_QA_REQUIRED
gvs_ec821675ba43f7a5,gvc_3e9113fffdef,Uneven Pull Up,Uneven Pull Up,,MANUAL,Back,MVP_CANDIDATE,Resistance/strength candidate,Bodyweight,inferred_bodyweight,등,source,광배근,이두근 / 승모근,name_high,reps,bodyweight,,,1,1,0,MANUAL_QA_REQUIRED
gvs_d5f4e3a9c14beab5,gvc_65c111085920,Up And Down,Up And Down,,MANUAL,Shoulders,MVP_CANDIDATE,Resistance/strength candidate,Bodyweight,inferred_bodyweight,어깨,source,,,unsupported,reps,bodyweight,,,1,0,1,MANUAL_QA_REQUIRED
gvs_aeb2844707203317,gvc_932d0b00b063,Upper Body Rotation In Squat Position,Upper Body Rotation In Squat Position,,MANUAL,Waist,MVP_CANDIDATE,Resistance/strength candidate,Bodyweight,inferred_bodyweight,코어,source,,,blank_after_semantic_qa,reps,bodyweight,,,1,1,0,MANUAL_QA_REQUIRED
gvs_92d7e2fa298ecc80,gvc_21d71d831f1f,V Flutter Kick,V Flutter Kick,,MANUAL,Waist,MVP_CANDIDATE,Resistance/strength candidate,Bodyweight,inferred_bodyweight,코어,source,,,unsupported,reps,bodyweight,,,1,1,0,MANUAL_QA_REQUIRED
gvs_36cf9035b5c7c20d,gvc_581c97f492d1,V Hold (beginner Level),V Hold (Beginner Level),,MANUAL,Waist,MVP_CANDIDATE,Resistance/strength candidate,Bodyweight,inferred_bodyweight,코어,source,,,unsupported,duration,semantic,,,2,1,1,MANUAL_QA_REQUIRED
gvs_bd3c0642f290f0b4,gvc_ee9b73e3f289,V Leg Raise,V Leg Raise,,MANUAL,Waist,MVP_CANDIDATE,Resistance/strength candidate,Bodyweight,inferred_bodyweight,코어,source,복직근,,name_high,reps,bodyweight,reps,,1,1,0,MANUAL_QA_REQUIRED
gvs_089920ccadf7a67e,gvc_877a41ebac41,V Sit Against Wall,V Sit Against Wall,,MANUAL,Waist,MVP_CANDIDATE,Resistance/strength candidate,Bodyweight,inferred_bodyweight,코어,source,,,unsupported,reps,bodyweight,,,1,1,0,MANUAL_QA_REQUIRED
gvs_0463c4dfe1397c67,gvc_43f7b5bd2afa,V Sit Cross Punch,V Sit Cross Punch,,MANUAL,Waist,MVP_CANDIDATE,Resistance/strength candidate,Bodyweight,inferred_bodyweight,코어,source,,,unsupported,reps,bodyweight,,,1,1,0,MANUAL_QA_REQUIRED
gvs_b58df136529f41e8,gvc_9f3bc6f11eca,V Sit On Floor,V Sit On Floor,,MANUAL,Waist,MVP_CANDIDATE,Resistance/strength candidate,Bodyweight,inferred_bodyweight,코어,source,,,unsupported,reps,bodyweight,,,1,1,0,MANUAL_QA_REQUIRED
gvs_6ff56c1d67fd136d,gvc_a0234c5cbf88,V Sit Toe Tap,V Sit Toe Tap,,MANUAL,Waist,MVP_CANDIDATE,Resistance/strength candidate,Bodyweight,inferred_bodyweight,코어,source,,,unsupported,reps,bodyweight,,,1,1,0,MANUAL_QA_REQUIRED
gvs_f43f7da1abec51d1,gvc_220d21ffb909,V Up,V Up,,MANUAL,Waist,MVP_CANDIDATE,Resistance/strength candidate,Bodyweight,inferred_bodyweight,코어,source,,,unsupported,reps,bodyweight,,,2,1,1,MANUAL_QA_REQUIRED
gvs_ce0d802c6ebcdbd2,gvc_8f345a95e877,V Up Double Crunch,V Up Double Crunch,,MANUAL,Waist,MVP_CANDIDATE,Resistance/strength candidate,Bodyweight,inferred_bodyweight,코어,source,복직근,,name_high,reps,bodyweight,reps,,2,1,1,MANUAL_QA_REQUIRED
gvs_d97cfa563e7eb820,gvc_dc751ec133ba,V Up Down (with Stability Ball),V Up Down (With Stability Ball),,MANUAL,Waist,MVP_CANDIDATE,Resistance/strength candidate,Stability Ball,source,코어,source,,,unsupported,,review,,,2,1,1,MANUAL_QA_REQUIRED
gvs_dde9247f5db49fdf,gvc_225ea63899a0,V Up Hold,V Up Hold,,MANUAL,Waist,MVP_CANDIDATE,Resistance/strength candidate,Bodyweight,inferred_bodyweight,코어,source,,,unsupported,duration,semantic,,,2,1,1,MANUAL_QA_REQUIRED
gvs_2faca56f52fa56a7,gvc_69c3497e9453,V Up With Clap,V Up With Clap,,MANUAL,Waist,MVP_CANDIDATE,Resistance/strength candidate,Bodyweight,inferred_bodyweight,코어,source,,,unsupported,reps,bodyweight,,,2,1,1,MANUAL_QA_REQUIRED
gvs_e092b3c639f2504e,gvc_3f3b7cc7db46;gvc_8f4131bb50af,Vertical Leg Raise (on Parallel Bars) | Vertical Leg Raise (on Parallel Bars) (version 2),Vertical Leg Raise (On Parallel Bars),,MANUAL,Hips,MVP_CANDIDATE,Resistance/strength candidate,Bodyweight,inferred_bodyweight,코어,source,복직근,장요근,semantic_rule_v2,reps,bodyweight,reps,,2,1,1,MANUAL_QA_REQUIRED
gvs_66263dc2c85072d8,gvc_4d5283f6095d,Vertical Sit Up,Vertical Sit Up,,MANUAL,Waist,MVP_CANDIDATE,Resistance/strength candidate,Bodyweight,inferred_bodyweight,코어,source,복직근,,name_high,reps,bodyweight,reps,,1,1,0,MANUAL_QA_REQUIRED
gvs_d3d248c1d1d53dd1,gvc_b26e20556b15,W To Y Superman,W To Y Superman,,MANUAL,Hips,MVP_CANDIDATE,Resistance/strength candidate,Bodyweight,inferred_bodyweight,하체,source,,,unsupported,reps,bodyweight,,,2,1,1,MANUAL_QA_REQUIRED
gvs_be3dd1a4484b62a2,gvc_c33b32e2e2b2,Walking Lunge,Walking Lunge,워킹 런지,AUTO_PHRASE_DRAFT,Hips;Thighs,MVP_CANDIDATE,Resistance/strength candidate,Bodyweight,inferred_bodyweight,하체,source,대퇴사두근,둔근,name_high,reps,bodyweight,reps,,2,1,1,AUTO_DRAFT_COMPLETE
gvs_cc013f7d9284fae1,gvc_86349954e4c1,Wall Plank,Wall Plank,,MANUAL,Waist,MVP_CANDIDATE,Resistance/strength candidate,Bodyweight,inferred_bodyweight,코어,source,코어,,name_high,duration,semantic,duration,,1,1,0,MANUAL_QA_REQUIRED
gvs_dae40b6f364193d7,gvc_d48acff2eb0d,Wall Press And Twist,Wall Press And Twist,,MANUAL,Waist,MVP_CANDIDATE,Resistance/strength candidate,Bodyweight,inferred_bodyweight,코어,source,,,unsupported,reps,bodyweight,,,1,1,0,MANUAL_QA_REQUIRED
gvs_6a4d4a0f4f14b047,gvc_a271a3135bc6,Wall Pulse,Wall Pulse,,MANUAL,Upper-Arms,MVP_CANDIDATE,Resistance/strength candidate,Bodyweight,inferred_bodyweight,팔,source,,,unsupported,reps,bodyweight,,,1,1,0,MANUAL_QA_REQUIRED
gvs_e9dc4af5ca34495d,gvc_ef5d5b78fbdc,Wall Side Lunge Torso Rotation,Wall Side Lunge Torso Rotation,,MANUAL,Hips,MVP_CANDIDATE,Resistance/strength candidate,Bodyweight,inferred_bodyweight,하체,source,대퇴사두근,둔근,name_high,reps,bodyweight,reps,,1,1,0,MANUAL_QA_REQUIRED
gvs_c5a86c2e9e04c7d0,gvc_6abb8b85d488,Wall Sit (narrow Stance),Wall Sit (Narrow Stance),,MANUAL,Thighs,MVP_CANDIDATE,Resistance/strength candidate,Bodyweight,inferred_bodyweight,하체,source,,,unsupported,duration,semantic,duration,,1,1,0,MANUAL_QA_REQUIRED
gvs_306b6c45bd99b785,gvc_3d2ebd911c32,Wall Sit From Deficit,Wall Sit From Deficit,,MANUAL,Thighs,MVP_CANDIDATE,Resistance/strength candidate,Bodyweight,inferred_bodyweight,하체,source,,,unsupported,duration,semantic,duration,,1,1,0,MANUAL_QA_REQUIRED
gvs_47b8744b42215de3,gvc_0a87de6319b1,Wall Supported Back Leg Lift,Wall Supported Back Leg Lift,,MANUAL,Hips,MVP_CANDIDATE,Resistance/strength candidate,Bodyweight,inferred_bodyweight,하체,source,,,unsupported,reps,bodyweight,,,1,1,0,MANUAL_QA_REQUIRED
gvs_b876c6eb940b918b,gvc_0e468bb39fee,Wall Supported Front Leg Swing,Wall Supported Front Leg Swing,,MANUAL,Hips,MVP_CANDIDATE,Resistance/strength candidate,Bodyweight,inferred_bodyweight,하체,source,,,unsupported,reps,bodyweight,,,1,1,0,MANUAL_QA_REQUIRED
gvs_828ea3fab6000a70,gvc_633a45115328,Wall Supported Reverse Lunge,Wall Supported Reverse Lunge,,MANUAL,Thighs,MVP_CANDIDATE,Resistance/strength candidate,Bodyweight,inferred_bodyweight,하체,source,대퇴사두근,둔근,name_high,reps,bodyweight,reps,,1,1,0,MANUAL_QA_REQUIRED
gvs_1fd6a9328190386c,gvc_e6b34d290a5e,Wall Supported Side Leg Swing,Wall Supported Side Leg Swing,,MANUAL,Hips,MVP_CANDIDATE,Resistance/strength candidate,Bodyweight,inferred_bodyweight,하체,source,,,unsupported,reps,bodyweight,,,1,1,0,MANUAL_QA_REQUIRED
gvs_de39f75c12fc8466,gvc_df004a7fc784,Wall Walks,Wall Walks,,MANUAL,Chest,MVP_CANDIDATE,Resistance/strength candidate,Bodyweight,inferred_bodyweight,가슴,source,,,unsupported,reps,bodyweight,,,1,1,0,MANUAL_QA_REQUIRED
gvs_43e7ae32da032a6c,gvc_41ce68fb8fcd,Weighted Bag Good Morning,Weighted Bag Good Morning,,MANUAL,Hips,MVP_CANDIDATE,Resistance/strength candidate,Other Load,name,하체,source,,,unsupported,weight_reps,equipment,,,1,1,0,MANUAL_QA_REQUIRED
gvs_5cd7c872658af8e8,gvc_15a0148e1cb5,Weighted Bag Half Squat High Pull,Weighted Bag Half Squat High Pull,,MANUAL,Shoulders,MVP_CANDIDATE,Resistance/strength candidate,Other Load,name,어깨,source,,,blank_after_semantic_qa,weight_reps,equipment,,,1,1,0,MANUAL_QA_REQUIRED
gvs_d100dcf11e2569f5,gvc_dd581762e724,Weighted Bag Spin,Weighted Bag Spin,,MANUAL,Waist,MVP_CANDIDATE,Resistance/strength candidate,Other Load,name,코어,source,,,unsupported,weight_reps,equipment,,,1,1,0,MANUAL_QA_REQUIRED
gvs_ec5cf787a923802f,gvc_6f6fa06321cc,Weighted Bag Standing Swing Twist,Weighted Bag Standing Swing Twist,,MANUAL,Waist,MVP_CANDIDATE,Resistance/strength candidate,Other Load,name,코어,source,,,unsupported,weight_reps,equipment,,,1,1,0,MANUAL_QA_REQUIRED
gvs_468610c13a2ab8b9,gvc_f4d2241fefdc,Weighted Bag Walking Lunge,Weighted Bag Walking Lunge,,MANUAL,Thighs,MVP_CANDIDATE,Resistance/strength candidate,Other Load,name,하체,source,대퇴사두근,둔근,name_high,weight_reps,equipment,reps,,1,1,0,MANUAL_QA_REQUIRED
gvs_0bf551ae1ded6328,gvc_1393f79194b6,Weighted Bag Wood Chop Squat,Weighted Bag Wood Chop Squat,,MANUAL,Waist,MVP_CANDIDATE,Resistance/strength candidate,Other Load,name,코어,source,,,blank_after_semantic_qa,weight_reps,equipment,,,1,1,0,MANUAL_QA_REQUIRED
gvs_b1a294736032953b,gvc_afbd4081f663,Weighted Bar Standing Lateral Raise,Weighted Bar Standing Lateral Raise,,MANUAL,Shoulders,MVP_CANDIDATE,Resistance/strength candidate,,unknown,어깨,source,측면 삼각근,,name_high,,review,,,1,1,0,MANUAL_QA_REQUIRED
gvs_3d22d7750e18a87d,gvc_be4af19a8d33,Weighted Captains Chair Leg Raise,Weighted Captains Chair Leg Raise,,MANUAL,Hips,MVP_CANDIDATE,Resistance/strength candidate,,unknown,코어,source,복직근,장요근,semantic_rule_v2,,review,reps,,1,1,0,MANUAL_QA_REQUIRED
gvs_7139ddc2516dc828,gvc_867b7469a75d,Weighted Chain Sumo Deadlift,Weighted Chain Sumo Deadlift,,MANUAL,Hips,MVP_CANDIDATE,Resistance/strength candidate,,unknown,하체,source,둔근 / 햄스트링,등 / 코어,name_high,,review,,,1,1,0,MANUAL_QA_REQUIRED
gvs_c4a2feee51de0d44,gvc_368996c53b48,Weighted Chains Lying Bench Fly,Weighted Chains Lying Bench Fly,,MANUAL,Chest,MVP_CANDIDATE,Resistance/strength candidate,,unknown,가슴,source,,,unsupported,,review,,,1,1,0,MANUAL_QA_REQUIRED
gvs_1b8ca566d7b881f4,gvc_821a0da8ccda,Weighted Counterbalanced Squat,Weighted Counterbalanced Squat,,MANUAL,Thighs,MVP_CANDIDATE,Resistance/strength candidate,,unknown,하체,source,대퇴사두근,둔근,name_high,,review,,,2,1,1,MANUAL_QA_REQUIRED
gvs_bf928d3e100d5b6e,gvc_8a926787df2f;gvc_e879ef623b08,Weighted Crunch | Weighted Crunch (version 2),Weighted Crunch,,MANUAL,Waist,MVP_CANDIDATE,Resistance/strength candidate,,unknown,코어,source,복직근,,name_high,,review,reps,,2,1,1,MANUAL_QA_REQUIRED
gvs_7fc9ea6751b62837,gvc_ee7990f023d9,Weighted Decline Crunch,Weighted Decline Crunch,,MANUAL,Waist,MVP_CANDIDATE,Resistance/strength candidate,,unknown,코어,source,복직근,,name_high,,review,reps,,2,1,1,MANUAL_QA_REQUIRED
gvs_7332c1ecb629fc72,gvc_0f62ac10aeaf,Weighted Decline Sit Up,Weighted Decline Sit Up,,MANUAL,Waist,MVP_CANDIDATE,Resistance/strength candidate,,unknown,코어,source,복직근,,name_high,,review,reps,,1,1,0,MANUAL_QA_REQUIRED
gvs_99bfebfe9cb87df0,gvc_420e16b68d24,Weighted Decline Twist Sit Up,Weighted Decline Twist Sit Up,,MANUAL,Waist,MVP_CANDIDATE,Resistance/strength candidate,,unknown,코어,source,복직근,,name_high,,review,reps,,1,1,0,MANUAL_QA_REQUIRED
gvs_16bc77a6fc7f939c,gvc_8bf81faa7fc1,Weighted Dumbbell Lying Flat Hip Raise,Weighted Dumbbell Lying Flat Hip Raise,,MANUAL,Waist,MVP_CANDIDATE,Resistance/strength candidate,Dumbbell,source,코어,source,,,unsupported,weight_reps,equipment,weight_reps,,2,1,1,MANUAL_QA_REQUIRED
gvs_157057b262de73a0,gvc_00df1181db72,Weighted Dumbbell Lying Knee Raise,Weighted Dumbbell Lying Knee Raise,웨이티드 덤벨 라잉 니 레이즈,AUTO_PHRASE_DRAFT_V3,Hips,MVP_CANDIDATE,Resistance/strength candidate,Dumbbell,source,코어,source,복직근,장요근,semantic_rule_v2,weight_reps,equipment,weight_reps,,1,1,0,AUTO_DRAFT_COMPLETE
gvs_9284467b51a112db,gvc_2593e7507f66,Weighted Dumbbell Straight Leg Diagonal Kickback (,Weighted Dumbbell Straight Leg Diagonal Kickback,,MANUAL,,MVP_CANDIDATE,Resistance/strength candidate,Dumbbell,source,하체,name,,,unsupported,weight_reps,equipment,weight_reps,,1,0,1,MANUAL_QA_REQUIRED
gvs_4542eee96c3e20f5,gvc_320a1616c958,Weighted Dumbbell Table Top Bridge,Weighted Dumbbell Table Top Bridge,,MANUAL,Hips,MVP_CANDIDATE,Resistance/strength candidate,Dumbbell,source,하체,source,,,unsupported,weight_reps,equipment,weight_reps,,2,1,1,MANUAL_QA_REQUIRED
gvs_4afccb6cd3404736,gvc_5f95efad5a6c,Weighted Exercise Ball Wall Squat,Weighted Exercise Ball Wall Squat,,MANUAL,Thighs,MVP_CANDIDATE,Resistance/strength candidate,,unknown,하체,source,대퇴사두근,둔근,name_high,,review,,,1,1,0,MANUAL_QA_REQUIRED
gvs_88312a91131ccf31,gvc_4fb5865b6eec,Weighted Front Plank,Weighted Front Plank,,MANUAL,Waist,MVP_CANDIDATE,Resistance/strength candidate,,unknown,코어,source,코어,,name_high,duration,semantic,duration,,1,1,0,MANUAL_QA_REQUIRED
gvs_da7189637d4e8c73,gvc_1218bf0bfe0d,Weighted Front Raise,Weighted Front Raise,,MANUAL,Shoulders,MVP_CANDIDATE,Resistance/strength candidate,,unknown,어깨,source,전면 삼각근,,name_high,,review,,,2,1,1,MANUAL_QA_REQUIRED
gvs_54d8009db533f635,gvc_7cf80b8084ad,Weighted Front Raise Hold,Weighted Front Raise Hold,,MANUAL,Shoulders,MVP_CANDIDATE,Resistance/strength candidate,,unknown,어깨,source,전면 삼각근,,name_high,duration,semantic,,,1,1,0,MANUAL_QA_REQUIRED
gvs_ab895c782fac235e,gvc_9dd0b28bc9ad,Weighted Full Can Exercise,Weighted Full Can Exercise,,MANUAL,Shoulders,MVP_CANDIDATE,Resistance/strength candidate,,unknown,어깨,source,,,unsupported,,review,,,1,1,0,MANUAL_QA_REQUIRED
gvs_fbecb33bbc752b2b,gvc_3168ea29b1ad,Weighted Full Squat From Deficit,Weighted Full Squat From Deficit,,MANUAL,Thighs,MVP_CANDIDATE,Resistance/strength candidate,,unknown,하체,source,대퇴사두근,둔근,name_high,,review,,,1,1,0,MANUAL_QA_REQUIRED
gvs_687429c78ea2b68f,gvc_526571876e89,Weighted Hammer Grip Pull Up On Dip Cage,Weighted Hammer Grip Pull Up On Dip Cage,,MANUAL,Back,MVP_CANDIDATE,Resistance/strength candidate,,unknown,등,source,광배근,이두근 / 승모근,name_high,,review,,,1,1,0,MANUAL_QA_REQUIRED
gvs_d4189bdabf0fdad4,gvc_bf0672db2a3a,Weighted Hang Chin Up,Weighted Hang Chin Up,,MANUAL,Back,MVP_CANDIDATE,Resistance/strength candidate,,unknown,등,source,광배근,이두근 / 승모근,name_high,,review,,,1,1,0,MANUAL_QA_REQUIRED
gvs_3979e2342dd76672,gvc_6c2e410e409c,Weighted Hanging Leg Hip Raise,Weighted Hanging Leg Hip Raise,,MANUAL,Waist,MVP_CANDIDATE,Resistance/strength candidate,,unknown,코어,source,,,unsupported,,review,,,2,1,1,MANUAL_QA_REQUIRED
gvs_663515f47db2267a,gvc_cc5689c10772,Weighted Hanging Straight Leg Raise,Weighted Hanging Straight Leg Raise,,MANUAL,Hips,MVP_CANDIDATE,Resistance/strength candidate,,unknown,코어,source,복직근,장요근,semantic_rule_v2,,review,reps,,1,1,0,MANUAL_QA_REQUIRED
gvs_1a0b4e85a7140bed,gvc_3b48209d04d7,Weighted Hip Thrusts,Weighted Hip Thrusts,,MANUAL,Hips,MVP_CANDIDATE,Resistance/strength candidate,,unknown,하체,source,,,unsupported,,review,,,1,0,1,MANUAL_QA_REQUIRED
gvs_e9aa9cd6e94189ec,gvc_0d7b71a5c145,Weighted Hollow Body Hover,Weighted Hollow Body Hover,,MANUAL,Waist,MVP_CANDIDATE,Resistance/strength candidate,,unknown,코어,source,,,unsupported,,review,,,1,1,0,MANUAL_QA_REQUIRED
gvs_7151f1df7269499f,gvc_975b56ee5b88,Weighted Hyperextension,Weighted Hyperextension,,MANUAL,Hips,MVP_CANDIDATE,Resistance/strength candidate,,unknown,하체,source,,,unsupported,,review,,,2,1,1,MANUAL_QA_REQUIRED
gvs_61bfe0fb27e5eed3,gvc_2fbcb2732c01,Weighted Hyperextension (on Stability Ball),Weighted Hyperextension (On Stability Ball),,MANUAL,Waist,MVP_CANDIDATE,Resistance/strength candidate,Stability Ball,source,코어,source,,,unsupported,,review,,,1,1,0,MANUAL_QA_REQUIRED
gvs_5346d82d49a500e9,gvc_1f61454453ee,Weighted Inverted Row,Weighted Inverted Row,,MANUAL,Back,MVP_CANDIDATE,Resistance/strength candidate,,unknown,등,source,등 상부 / 광배근,이두근,name_high,,review,,,1,1,0,MANUAL_QA_REQUIRED
gvs_b5190239beb614cd,gvc_a955b1de1b68,Weighted Kettlebell Dead Bug,Weighted Kettlebell Dead Bug,,MANUAL,Waist,MVP_CANDIDATE,Resistance/strength candidate,Kettlebell,source,코어,source,,,unsupported,weight_reps,equipment,weight_reps,,1,1,0,MANUAL_QA_REQUIRED
gvs_4099f25fd33043bf,gvc_3a8db257f49f,Weighted Kettlebell Glute Single Leg Bridge From B,Weighted Kettlebell Glute Single Leg Bridge From B,,MANUAL,,MVP_CANDIDATE,Resistance/strength candidate,Kettlebell,source,하체,name,,,unsupported,weight_reps,equipment,weight_reps,,1,1,0,MANUAL_QA_REQUIRED
gvs_8025ed5656831634,gvc_b818aeba1a60,Weighted Leg Extension Crunch,Weighted Leg Extension Crunch,,MANUAL,Waist,MVP_CANDIDATE,Resistance/strength candidate,,unknown,코어,source,복직근,대퇴사두근 / 장요근,semantic_rule_v2,,review,reps,,1,0,1,MANUAL_QA_REQUIRED
gvs_8709926981b289d5,gvc_7e4f6af1e417,Weighted Lunge With Swing,Weighted Lunge With Swing,,MANUAL,Thighs,MVP_CANDIDATE,Resistance/strength candidate,,unknown,하체,source,대퇴사두근,둔근,name_high,,review,reps,,1,1,0,MANUAL_QA_REQUIRED
gvs_d3f3dc8c2cc964de,gvc_1d281019497f,Weighted Lying Svend Press,Weighted Lying Svend Press,,MANUAL,Chest,MVP_CANDIDATE,Resistance/strength candidate,,unknown,가슴,source,,,unsupported,,review,,,2,1,1,MANUAL_QA_REQUIRED
gvs_9a122c0a3bd66da8,gvc_9753db65e49a,Weighted Lying Twist,Weighted Lying Twist,,MANUAL,Waist,MVP_CANDIDATE,Resistance/strength candidate,,unknown,코어,source,,,unsupported,,review,,,1,0,1,MANUAL_QA_REQUIRED
gvs_2d8803498445912d,gvc_7ed28c2b58a8,Weighted Neutral Grip Chin Up,Weighted Neutral Grip Chin Up,,MANUAL,Back,MVP_CANDIDATE,Resistance/strength candidate,,unknown,등,source,광배근,이두근 / 승모근,name_high,,review,,,1,1,0,MANUAL_QA_REQUIRED
gvs_da383d82eb6eb070,gvc_2e050ec83757,Weighted Overhead Crunch (on Stability Ball),Weighted Overhead Crunch (On Stability Ball),,MANUAL,Waist,MVP_CANDIDATE,Resistance/strength candidate,Stability Ball,source,코어,source,복직근,,name_high,,review,reps,,1,1,0,MANUAL_QA_REQUIRED
gvs_9db3f2c23bcbce64,gvc_6e992154f4b9,Weighted Plate Bent Over Row,Weighted Plate Bent Over Row,,MANUAL,Back,MVP_CANDIDATE,Resistance/strength candidate,Weight Plate,source,등,source,등 상부 / 광배근,이두근,name_high,weight_reps,equipment,weight_reps,,1,1,0,MANUAL_QA_REQUIRED
gvs_adce4ba18d7f7749,gvc_a5e587906c97,Weighted Plate Cossack Squat,Weighted Plate Cossack Squat,,MANUAL,Thighs,MVP_CANDIDATE,Resistance/strength candidate,Weight Plate,source,하체,source,대퇴사두근,둔근,name_high,weight_reps,equipment,weight_reps,,1,1,0,MANUAL_QA_REQUIRED
gvs_275389ce94cdaab8,gvc_0d114a135dec,Weighted Plate Decline Chest Press,Weighted Plate Decline Chest Press,,MANUAL,Chest,MVP_CANDIDATE,Resistance/strength candidate,Weight Plate,source,가슴,source,대흉근,삼두근 / 전면 삼각근,name_high,weight_reps,equipment,weight_reps,,1,1,0,MANUAL_QA_REQUIRED
gvs_54aaf198c315023e,gvc_ea5453bff23f,Weighted Plate Incline Triceps Extension,Weighted Plate Incline Triceps Extension,,MANUAL,Upper-Arms,MVP_CANDIDATE,Resistance/strength candidate,Weight Plate,source,팔,source,삼두근,,name_high,weight_reps,equipment,weight_reps,,1,1,0,MANUAL_QA_REQUIRED
gvs_80c1ea3e375c8a34,gvc_23ba5ac4b32b,Weighted Plate Lying Crunch,Weighted Plate Lying Crunch,,MANUAL,Waist,MVP_CANDIDATE,Resistance/strength candidate,Weight Plate,source,코어,source,복직근,,name_high,weight_reps,equipment,weight_reps,,1,1,0,MANUAL_QA_REQUIRED
gvs_9020d412e433ff84,gvc_7ff5bef81e87,Weighted Plate Pullover,Weighted Plate Pullover,,MANUAL,Back,MVP_CANDIDATE,Resistance/strength candidate,Weight Plate,source,등,source,,,unsupported,weight_reps,equipment,weight_reps,,1,1,0,MANUAL_QA_REQUIRED
gvs_1b4ad09a36adfd10,gvc_0b4455f9727e,Weighted Plate Pullover On Stability Ball B,Weighted Plate Pullover On Stability Ball B,,MANUAL,,MVP_CANDIDATE,Resistance/strength candidate,Stability Ball,source,,unknown,,,unsupported,,review,,,1,1,0,MANUAL_QA_REQUIRED
gvs_c537f0d93c70c8cd,gvc_963f054038f5,Weighted Plate Push Up,Weighted Plate Push Up,,MANUAL,Chest,MVP_CANDIDATE,Resistance/strength candidate,Weight Plate,source,가슴,source,,,unsupported,weight_reps,equipment,weight_reps,,1,1,0,MANUAL_QA_REQUIRED
gvs_9046bf3fbebb15b7,gvc_8b3142a5531b,Weighted Plate Stagged Stance Romanian Deadlift (f,Weighted Plate Stagged Stance Romanian Deadlift,,MANUAL,,MVP_CANDIDATE,Resistance/strength candidate,Weight Plate,source,하체,name,둔근 / 햄스트링,코어,name_high,weight_reps,equipment,weight_reps,,1,0,1,MANUAL_QA_REQUIRED
gvs_18204cad702b5ef5,gvc_b2b7ef7ed9f2,Weighted Plate Standing Around The World,Weighted Plate Standing Around The World,,MANUAL,,MVP_CANDIDATE,Resistance/strength candidate,Weight Plate,source,,unknown,,,unsupported,weight_reps,equipment,weight_reps,,1,0,1,MANUAL_QA_REQUIRED
gvs_3ab8803cc4378c6a,gvc_5d8153a922fd,Weighted Plate Standing Biceps Curl,Weighted Plate Standing Biceps Curl,,MANUAL,Forearms,MVP_CANDIDATE,Resistance/strength candidate,Weight Plate,source,팔,source,이두근,,name_high,weight_reps,equipment,weight_reps,,1,1,0,MANUAL_QA_REQUIRED
gvs_38bc444a77751240,gvc_9926e6e96968,Weighted Plate Standing Front Raise Drive S,Weighted Plate Standing Front Raise Drive S,,MANUAL,,MVP_CANDIDATE,Resistance/strength candidate,Weight Plate,source,어깨,name,전면 삼각근,,name_high,weight_reps,equipment,weight_reps,,1,1,0,MANUAL_QA_REQUIRED
gvs_0994fd6d17892aed,gvc_4102fa654925,Weighted Plate Standing Hands Torsion,Weighted Plate Standing Hands Torsion,,MANUAL,Forearms,MVP_CANDIDATE,Resistance/strength candidate,Weight Plate,source,팔,source,,,unsupported,weight_reps,equipment,weight_reps,,1,1,0,MANUAL_QA_REQUIRED
gvs_fe35df78933964fa,gvc_2d26f903bec2,Weighted Plate Standing Lateral Raise,Weighted Plate Standing Lateral Raise,,MANUAL,Shoulders,MVP_CANDIDATE,Resistance/strength candidate,Weight Plate,source,어깨,source,측면 삼각근,,name_high,weight_reps,equipment,weight_reps,,1,1,0,MANUAL_QA_REQUIRED
gvs_6cd5941064ae068e,gvc_f372c36c190e,Weighted Plate Standing Overhead Press,Weighted Plate Standing Overhead Press,,MANUAL,Shoulders,MVP_CANDIDATE,Resistance/strength candidate,Weight Plate,source,어깨,source,삼각근,삼두근,name_high,weight_reps,equipment,weight_reps,,1,1,0,MANUAL_QA_REQUIRED
gvs_e957d591449acf9d,gvc_e7c04378f325,Weighted Plate Tibialis Anterior Curl,Weighted Plate Tibialis Anterior Curl,,MANUAL,Calves,MVP_CANDIDATE,Resistance/strength candidate,Weight Plate,source,하체,source,,,unsupported,weight_reps,equipment,weight_reps,,1,1,0,MANUAL_QA_REQUIRED
gvs_6577ab5ac31c82c8,gvc_a13f30dc2a17,Weighted Plates Bulgarian Split Squat,Weighted Plates Bulgarian Split Squat,,MANUAL,Thighs,MVP_CANDIDATE,Resistance/strength candidate,,unknown,하체,source,대퇴사두근,둔근,name_high,,review,,,1,1,0,MANUAL_QA_REQUIRED
gvs_8d901979e200ccf9,gvc_6b77be1ef624,Weighted Plates Bulgarian Split Squat With The Ring,Weighted Plates Bulgarian Split Squat With The Ring,,MANUAL,Thighs,MVP_CANDIDATE,Resistance/strength candidate,,unknown,하체,source,대퇴사두근,둔근,name_high,,review,,,1,1,0,MANUAL_QA_REQUIRED
gvs_ad680b6043ce5fa2,gvc_eb7e20ce4a7e,Weighted Round Arm,Weighted Round Arm,,MANUAL,Shoulders,MVP_CANDIDATE,Resistance/strength candidate,,unknown,어깨,source,,,unsupported,,review,,,1,1,0,MANUAL_QA_REQUIRED
gvs_b020f44ead308644,gvc_8c2b3bd62f5a,Weighted Russian Twist,Weighted Russian Twist,,MANUAL,Waist,MVP_CANDIDATE,Resistance/strength candidate,,unknown,코어,source,복사근,코어,name_high,,review,,,1,1,0,MANUAL_QA_REQUIRED
gvs_d1a27327beefaabf,gvc_2e5086a6bcd5,Weighted Russian Twist (legs Up),Weighted Russian Twist (Legs Up),,MANUAL,Waist,MVP_CANDIDATE,Resistance/strength candidate,,unknown,코어,source,복사근,코어,name_high,,review,,,1,1,0,MANUAL_QA_REQUIRED
gvs_81c2737993056869,gvc_85c1aade63d2,Weighted Seated Plate Driver,Weighted Seated Plate Driver,,MANUAL,Shoulders,MVP_CANDIDATE,Resistance/strength candidate,Weight Plate,source,어깨,source,,,unsupported,weight_reps,equipment,weight_reps,,1,1,0,MANUAL_QA_REQUIRED
gvs_4a31981b622776eb,gvc_3d27089b530b,Weighted Seated Tuck Crunch On Floor,Weighted Seated Tuck Crunch On Floor,,MANUAL,Waist,MVP_CANDIDATE,Resistance/strength candidate,,unknown,코어,source,복직근,,name_high,,review,reps,,1,1,0,MANUAL_QA_REQUIRED
gvs_33238b40f2f5262e,gvc_c00707c63fe8,Weighted Side Bend (on Stability Ball),Weighted Side Bend (On Stability Ball),,MANUAL,Waist,MVP_CANDIDATE,Resistance/strength candidate,Stability Ball,source,코어,source,복사근,코어,name_high,,review,,,1,1,0,MANUAL_QA_REQUIRED
gvs_d7fc3a2c2dab8342,gvc_947a43ddb3ad,Weighted Single Leg Lift,Weighted Single Leg Lift,,MANUAL,Thighs,MVP_CANDIDATE,Resistance/strength candidate,,unknown,하체,source,,,unsupported,,review,,,1,1,0,MANUAL_QA_REQUIRED
gvs_0b40c82039a7ad26,gvc_1f88a682cc68,Weighted Sissy Squat,Weighted Sissy Squat,,MANUAL,Thighs,MVP_CANDIDATE,Resistance/strength candidate,,unknown,하체,source,대퇴사두근,둔근,name_high,,review,,,2,1,1,MANUAL_QA_REQUIRED
gvs_8506c96b8ab6b52b,gvc_128e37842f09,Weighted Standing Curl,Weighted Standing Curl,,MANUAL,Forearms,MVP_CANDIDATE,Resistance/strength candidate,,unknown,팔,source,,,unsupported,,review,,,2,1,1,MANUAL_QA_REQUIRED
gvs_7f9b2ec6fbcafc30,gvc_7a07ae6c5304,Weighted Standing Hand Squeeze,Weighted Standing Hand Squeeze,,MANUAL,Forearms,MVP_CANDIDATE,Resistance/strength candidate,,unknown,팔,source,,,unsupported,,review,,,1,1,0,MANUAL_QA_REQUIRED
gvs_2445a5c6e50ef864,gvc_a80dacfe8e96,Weighted Standing Twist,Weighted Standing Twist,,MANUAL,Waist,MVP_CANDIDATE,Resistance/strength candidate,,unknown,코어,source,,,unsupported,,review,,,1,0,1,MANUAL_QA_REQUIRED
gvs_a68c12a5d8f760b5,gvc_0979e5ba06ba,Weighted Svend Press,Weighted Svend Press,,MANUAL,Chest,MVP_CANDIDATE,Resistance/strength candidate,,unknown,가슴,source,,,unsupported,,review,,,2,1,1,MANUAL_QA_REQUIRED
gvs_86bd9c269b4c301c,gvc_a651e0d5faae,Weighted Three Bench Dips,Weighted Three Bench Dips,,MANUAL,Upper-Arms,MVP_CANDIDATE,Resistance/strength candidate,,unknown,팔,source,,,unsupported,,review,,,1,1,0,MANUAL_QA_REQUIRED
gvs_fb456007a482e0cf,gvc_fc3efb727cc6,Weighted Tricep Dips,Weighted Tricep Dips,,MANUAL,Upper-Arms,MVP_CANDIDATE,Resistance/strength candidate,,unknown,팔,source,,,unsupported,,review,,,1,1,0,MANUAL_QA_REQUIRED
gvs_1f898eee97da5d18,gvc_f04d8bc743a2,Weighted Twisting Crunch (on Bench),Weighted Twisting Crunch (On Bench),,MANUAL,Waist,MVP_CANDIDATE,Resistance/strength candidate,,unknown,코어,source,복직근,,name_high,,review,reps,,2,1,1,MANUAL_QA_REQUIRED
gvs_d3d36c965bf54928,gvc_7737057fc4d7,Weighted V Up Passes With Pad,Weighted V Up Passes With Pad,,MANUAL,Waist,MVP_CANDIDATE,Resistance/strength candidate,,unknown,코어,source,,,unsupported,,review,,,2,1,1,MANUAL_QA_REQUIRED
gvs_831a7b170eca5787,gvc_039822a2cc88,Wheel Rollout,Wheel Rollout,,MANUAL,Waist,MVP_CANDIDATE,Resistance/strength candidate,Ab Wheel,source,코어,source,,,unsupported,,review,,,2,1,1,MANUAL_QA_REQUIRED
gvs_27d0f94f69ca907f,gvc_22fbd158a271,Wheel Rollout With Wall Support,Wheel Rollout With Wall Support,,MANUAL,Waist,MVP_CANDIDATE,Resistance/strength candidate,Ab Wheel,source,코어,source,,,unsupported,,review,,,1,1,0,MANUAL_QA_REQUIRED
gvs_53b9f2b8953f5fc2,gvc_e9e1a9639f97,Wide Air Squat,Wide Air Squat,,MANUAL,Hips,MVP_CANDIDATE,Resistance/strength candidate,Bodyweight,inferred_bodyweight,하체,source,대퇴사두근,둔근,name_high,reps,bodyweight,,,1,1,0,MANUAL_QA_REQUIRED
gvs_df36ef541d66207e,gvc_e972ffde867e,Wide Bench Air Squat,Wide Bench Air Squat,,MANUAL,Hips,MVP_CANDIDATE,Resistance/strength candidate,Bodyweight,inferred_bodyweight,하체,source,대퇴사두근,둔근,name_high,reps,bodyweight,,,1,1,0,MANUAL_QA_REQUIRED
gvs_edd9e951a33727e9,gvc_471a4f16c27a,Wide Chin Up,Wide Chin Up,,MANUAL,Back,MVP_CANDIDATE,Resistance/strength candidate,Bodyweight,inferred_bodyweight,등,source,광배근,이두근 / 승모근,name_high,reps,bodyweight,,,2,1,1,MANUAL_QA_REQUIRED
gvs_aba762b6fa4e01a4,gvc_631d0173012b,Wide Front Elbow Plank,Wide Front Elbow Plank,,MANUAL,Waist,MVP_CANDIDATE,Resistance/strength candidate,Bodyweight,inferred_bodyweight,코어,source,코어,,name_high,duration,semantic,duration,,1,1,0,MANUAL_QA_REQUIRED
gvs_663133ede52153f5,gvc_c1cdea4937de,Wide Glute Bridge,Wide Glute Bridge,,MANUAL,Hips,MVP_CANDIDATE,Resistance/strength candidate,Bodyweight,inferred_bodyweight,하체,source,둔근,햄스트링,name_high,reps,bodyweight,,,1,0,1,MANUAL_QA_REQUIRED
gvs_4326e52667b0c6dc,gvc_a2a984da4b3a,Wide Glute Pulse Bridge,Wide Glute Pulse Bridge,,MANUAL,Hips,MVP_CANDIDATE,Resistance/strength candidate,Bodyweight,inferred_bodyweight,하체,source,,,unsupported,reps,bodyweight,,,1,0,1,MANUAL_QA_REQUIRED
gvs_ba713ee573d0f42d,gvc_854ebf8fa996,Wide Grip Chest Dip On High Parallel Bars,Wide Grip Chest Dip On High Parallel Bars,,MANUAL,Chest,MVP_CANDIDATE,Resistance/strength candidate,Bodyweight,inferred_bodyweight,가슴,source,,,unsupported,reps,bodyweight,,,1,1,0,MANUAL_QA_REQUIRED
gvs_da487b2c7d876aca,gvc_646412281947,Wide Grip Pull Up,Wide Grip Pull Up,와이드 그립 풀업,AUTO_PHRASE_DRAFT,Back,MVP_CANDIDATE,Resistance/strength candidate,Bodyweight,inferred_bodyweight,등,source,광배근,이두근 / 승모근,name_high,reps,bodyweight,,,2,1,1,AUTO_DRAFT_COMPLETE
gvs_eb06e98617b09218,gvc_f145e4afc4de,Wide Grip Rear Pull Up,Wide Grip Rear Pull Up,와이드 그립 리어 풀업,AUTO_PHRASE_DRAFT,Back,MVP_CANDIDATE,Resistance/strength candidate,Bodyweight,inferred_bodyweight,등,source,광배근,이두근 / 승모근,name_high,reps,bodyweight,,,2,1,1,AUTO_DRAFT_COMPLETE
gvs_acf955a8a1620aa6,gvc_f1ef677c1f28,Wide Hand Push Up,Wide Hand Push Up,,MANUAL,Chest,MVP_CANDIDATE,Resistance/strength candidate,Bodyweight,inferred_bodyweight,가슴,source,,,unsupported,reps,bodyweight,reps,,2,1,1,MANUAL_QA_REQUIRED
gvs_2f9f2ab0020cd01e,gvc_d47bfaa3da2a,Wide Kneeling Hip Thrust,Wide Kneeling Hip Thrust,,MANUAL,Hips,MVP_CANDIDATE,Resistance/strength candidate,Bodyweight,inferred_bodyweight,하체,source,둔근,햄스트링,name_high,reps,bodyweight,,,1,0,1,MANUAL_QA_REQUIRED
gvs_43264db681f4104c,gvc_2cf6c84e94df,Wide Leg Sit Up,Wide Leg Sit Up,,MANUAL,Waist,MVP_CANDIDATE,Resistance/strength candidate,Bodyweight,inferred_bodyweight,코어,source,복직근,,name_high,reps,bodyweight,reps,,2,1,1,MANUAL_QA_REQUIRED
gvs_c144fb9069efe842,gvc_433ab2a69d1d,Wide Plank Side Tap,Wide Plank Side Tap,,MANUAL,Waist,MVP_CANDIDATE,Resistance/strength candidate,Bodyweight,inferred_bodyweight,코어,source,코어,,name_high,reps,bodyweight,duration,,1,1,0,MANUAL_QA_REQUIRED
gvs_7a14adc70432c347,gvc_c7fbe9403fb2,Wide Push Up (wall),Wide Push Up (Wall),,MANUAL,Chest,MVP_CANDIDATE,Resistance/strength candidate,Bodyweight,inferred_bodyweight,가슴,source,,,unsupported,reps,bodyweight,reps,,1,0,1,MANUAL_QA_REQUIRED
gvs_32cbe89241deedc4,gvc_5ed33cd531e9,Wide Stance Jump Squat To Narrow Stance Jump Squat,Wide Stance Jump Squat To Narrow Stance Jump Squat,,MANUAL,Hips,MVP_CANDIDATE,Resistance/strength candidate,Bodyweight,inferred_bodyweight,하체,source,대퇴사두근,둔근,name_high,reps,bodyweight,,,1,1,0,MANUAL_QA_REQUIRED
gvs_56fcf0c318402d9b,gvc_7d6fc3643649,Wide Stance Side Bend,Wide Stance Side Bend,,MANUAL,Waist,MVP_CANDIDATE,Resistance/strength candidate,Bodyweight,inferred_bodyweight,코어,source,복사근,코어,name_high,reps,bodyweight,,,1,0,1,MANUAL_QA_REQUIRED
gvs_1c01210987ef61f9,gvc_0307188002a7,Wide Stance Side Lunge Against Wall,Wide Stance Side Lunge Against Wall,,MANUAL,Hips,MVP_CANDIDATE,Resistance/strength candidate,Bodyweight,inferred_bodyweight,하체,source,대퇴사두근,둔근,name_high,reps,bodyweight,reps,,1,0,1,MANUAL_QA_REQUIRED
gvs_8b62da1ed9a0cbfc,gvc_ed412cfaeac7,Wide Stance Thoracic Rotation,Wide Stance Thoracic Rotation,,MANUAL,Waist,MVP_CANDIDATE,Resistance/strength candidate,Bodyweight,inferred_bodyweight,코어,source,,,unsupported,reps,bodyweight,,,2,1,1,MANUAL_QA_REQUIRED
gvs_7600a13b1055791b,gvc_e78f9ceebfa8,Wide To Small Step,Wide To Small Step,,MANUAL,Hips,MVP_CANDIDATE,Resistance/strength candidate,Bodyweight,inferred_bodyweight,하체,source,,,unsupported,reps,bodyweight,,,1,0,1,MANUAL_QA_REQUIRED
gvs_72e8159995c3b425,gvc_ae6e3e69ff76,Windmill On Chair,Windmill On Chair,,MANUAL,Waist,MVP_CANDIDATE,Resistance/strength candidate,Bodyweight,inferred_bodyweight,코어,source,,,unsupported,reps,bodyweight,,,1,1,0,MANUAL_QA_REQUIRED
gvs_33742b97431da6f7,gvc_279c0f949426,Wipers (straight Leg),Wipers (Straight Leg),,MANUAL,Waist,MVP_CANDIDATE,Resistance/strength candidate,Bodyweight,inferred_bodyweight,코어,source,,,unsupported,reps,bodyweight,,,2,1,1,MANUAL_QA_REQUIRED
gvs_f39bb914706efdbe,gvc_78a6905a9e34,Woodchops,Woodchops,,MANUAL,Waist,MVP_CANDIDATE,Resistance/strength candidate,Bodyweight,inferred_bodyweight,코어,source,,,unsupported,reps,bodyweight,,,1,0,1,MANUAL_QA_REQUIRED
gvs_46563846e79adfe4,gvc_5b9126e74b56,Wrist Circles,Wrist Circles,,MANUAL,Forearms,MVP_CANDIDATE,Resistance/strength candidate,Bodyweight,inferred_bodyweight,팔,source,,,unsupported,reps,bodyweight,,,2,1,1,MANUAL_QA_REQUIRED
gvs_e4093810b6fa16ce,gvc_96033d1f40e3,Wrist Full Push Up,Wrist Full Push Up,,MANUAL,Chest,MVP_CANDIDATE,Resistance/strength candidate,Bodyweight,inferred_bodyweight,가슴,source,,,unsupported,reps,bodyweight,reps,,1,1,0,MANUAL_QA_REQUIRED
gvs_a12d7a90cab21a82,gvc_fe4050e8ca12,Wrist Push Up,Wrist Push Up,,MANUAL,Forearms,MVP_CANDIDATE,Resistance/strength candidate,Bodyweight,inferred_bodyweight,팔,source,,,unsupported,reps,bodyweight,reps,,1,1,0,MANUAL_QA_REQUIRED
gvs_43410f4fbe7f9d27,gvc_a4e82b713222,Wrist Roller,Wrist Roller,,MANUAL,Forearms,MVP_CANDIDATE,Resistance/strength candidate,Bodyweight,inferred_bodyweight,팔,source,,,unsupported,reps,bodyweight,,,1,1,0,MANUAL_QA_REQUIRED
gvs_1def61799e8ea515,gvc_68f81bfc060c,X Band Side Walk,X Band Side Walk,,MANUAL,Hips,MVP_CANDIDATE,Resistance/strength candidate,Resistance Band,source,하체,source,,,unsupported,reps,apparatus_dynamic_policy,,,1,1,0,MANUAL_QA_REQUIRED
gvs_7f768889c634adf1,gvc_a9ab94dc3021,Y Leg Squeeze And Curl,Y Leg Squeeze And Curl,,MANUAL,Hips,MVP_CANDIDATE,Resistance/strength candidate,Bodyweight,inferred_bodyweight,하체,source,,,unsupported,reps,bodyweight,,,1,0,1,MANUAL_QA_REQUIRED
