working_id,source_candidate_ids,source_name_variants,name_en_normalized,name_ko_draft,name_ko_status,vendor_body_tags,catalog_status,catalog_reason,equipment,equipment_confidence,body_part_ko,body_confidence,primary_muscles_ko,secondary_muscles_ko,muscle_confidence,recording_type,recording_confidence,source_recording_candidates,semantic_flags,source_media_count,male_source_count,female_source_count,qa_status
gvs_818638f381ea9e63,gvc_8a7d5ad315d4,3 Leg Chatarunga Pose,3 Leg Chatarunga Pose,,NOT_NEEDED,Stretching,EXCLUDE_NON_MVP,Outside gym-first weight-training MVP default search,,unknown,하체,name,,,unsupported,,review,,,1,0,1,SCOPE_RESOLVED_EXCLUDED
gvs_48b1fbc222f03a5c,gvc_788be3291e46,3 Leg Dog Pose,3 Leg Dog Pose,,NOT_NEEDED,Stretching,EXCLUDE_NON_MVP,Outside gym-first weight-training MVP default search,,unknown,하체,name,,,unsupported,,review,,,1,0,1,SCOPE_RESOLVED_EXCLUDED
gvs_f53f86e37982be73,gvc_4ed56fb3d716,3 Point Standing Hops,3 Point Standing Hops,,NOT_NEEDED,Plyometrics,EXCLUDE_NON_MVP,Outside gym-first weight-training MVP default search,,unknown,,unknown,,,unsupported,,review,,,1,1,0,SCOPE_RESOLVED_EXCLUDED
gvs_ea5fcd8eb0bcf730,gvc_396a0ab4197c,4 Cone Single Foot Lateral Hops,4 Cone Single Foot Lateral Hops,,NOT_NEEDED,Plyometrics,EXCLUDE_NON_MVP,Outside gym-first weight-training MVP default search,,unknown,,unknown,,,unsupported,,review,,,1,1,0,SCOPE_RESOLVED_EXCLUDED
gvs_b5cb85a49b9f56c2,gvc_aa26bdddc8d7,4 Coners Side Step,4 Coners Side Step,,NOT_NEEDED,Plyometrics,EXCLUDE_NON_MVP,Outside gym-first weight-training MVP default search,,unknown,,unknown,,,unsupported,,review,,,1,0,1,SCOPE_RESOLVED_EXCLUDED
gvs_17130c9b08e15903,gvc_7944dedc5d19,4 Corners Curtsy,4 Corners Curtsy,,NOT_NEEDED,Plyometrics,EXCLUDE_NON_MVP,Outside gym-first weight-training MVP default search,,unknown,,unknown,,,unsupported,,review,,,1,1,0,SCOPE_RESOLVED_EXCLUDED
gvs_e0ac213a84917cbc,gvc_509a87f92407,4 Punches Side Squat,4 Punches Side Squat,,NOT_NEEDED,Plyometrics,EXCLUDE_NON_MVP,Outside gym-first weight-training MVP default search,,unknown,하체,name,대퇴사두근,둔근,name_high,,review,,,1,0,1,SCOPE_RESOLVED_EXCLUDED
gvs_5562a30cd91bca32,gvc_6479df0367a3,4 Reverse Lunge And 4 Side Taps,4 Reverse Lunge And 4 Side Taps,,NOT_NEEDED,Plyometrics,EXCLUDE_NON_MVP,Outside gym-first weight-training MVP default search,,unknown,하체,name,대퇴사두근,둔근,name_high,,review,,,1,0,1,SCOPE_RESOLVED_EXCLUDED
gvs_2714257a75fa744c,gvc_87688a766ab6,4 Way Single Leg Hop,4 Way Single Leg Hop,,NOT_NEEDED,Plyometrics,EXCLUDE_NON_MVP,Outside gym-first weight-training MVP default search,,unknown,하체,name,,,unsupported,,review,,,1,1,0,SCOPE_RESOLVED_EXCLUDED
gvs_4e35b5443abf9c72,gvc_32209b7c78b3,45 Degrees Step Out,45 Degree Step Out,,NOT_NEEDED,Plyometrics,EXCLUDE_NON_MVP,Outside gym-first weight-training MVP default search,,unknown,,unknown,,,unsupported,,review,,,1,0,1,SCOPE_RESOLVED_EXCLUDED
gvs_53110247685a2e37,gvc_be8f26a6d5b4,90 To 90 Overhead Reach,90 To 90 Overhead Reach,,NOT_NEEDED,Stretching,EXCLUDE_NON_MVP,Outside gym-first weight-training MVP default search,,unknown,,unknown,,,unsupported,,review,,,1,0,1,SCOPE_RESOLVED_EXCLUDED
gvs_41f3ad70c7bf9a32,gvc_d470526b1629,90 To 90 Stretch,90 To 90 Stretch,,NOT_NEEDED,Stretching,EXCLUDE_NON_MVP,Outside gym-first weight-training MVP default search,,unknown,,unknown,,,unsupported,,review,,,2,1,1,SCOPE_RESOLVED_EXCLUDED
gvs_7b7484c08c7e761e,gvc_cc426801ce74,90 To 90 Switch,90 To 90 Switch,,NOT_NEEDED,Stretching,EXCLUDE_NON_MVP,Outside gym-first weight-training MVP default search,,unknown,,unknown,,,unsupported,,review,,,2,1,1,SCOPE_RESOLVED_EXCLUDED
gvs_61e55151da8b8509,gvc_145854d3316c,Abdominal Stretch,Abdominal Stretch,,NOT_NEEDED,Waist,EXCLUDE_NON_MVP,Outside gym-first weight-training MVP default search,Bodyweight,inferred_bodyweight,코어,source,,,unsupported,reps,bodyweight,duration,,1,0,1,SCOPE_RESOLVED_EXCLUDED
gvs_5f71432f5da0b6bf,gvc_0c6ada431d0b,Abduction Of One Leg Flexion Stretch,Abduction Of Single Leg Flexion Stretch,,NOT_NEEDED,Hips,EXCLUDE_NON_MVP,Outside gym-first weight-training MVP default search,Bodyweight,inferred_bodyweight,하체,source,,,unsupported,reps,bodyweight,duration,,1,0,1,SCOPE_RESOLVED_EXCLUDED
gvs_e6f97a3be5a39e93,gvc_17084d7a133f,Above Head Chest Stretch,Above Head Chest Stretch,,NOT_NEEDED,Chest,EXCLUDE_NON_MVP,Outside gym-first weight-training MVP default search,Bodyweight,inferred_bodyweight,가슴,source,,,unsupported,reps,bodyweight,duration,,2,1,1,SCOPE_RESOLVED_EXCLUDED
gvs_e65a7ca0aca68902,gvc_3efe01b055f2,Across Chest Shoulder Stretch,Across Chest Shoulder Stretch,,NOT_NEEDED,Back,EXCLUDE_NON_MVP,Outside gym-first weight-training MVP default search,Bodyweight,inferred_bodyweight,등,source,,,unsupported,reps,bodyweight,duration,,2,2,0,SCOPE_RESOLVED_EXCLUDED
gvs_2e242dac05494c46,gvc_9f3d9fd4dadb,Adductor Stretch,Adductor Stretch,,NOT_NEEDED,Hips,EXCLUDE_NON_MVP,Outside gym-first weight-training MVP default search,Bodyweight,inferred_bodyweight,하체,source,,,unsupported,reps,bodyweight,duration,,2,1,1,SCOPE_RESOLVED_EXCLUDED
gvs_9c8677f4f9f37b4a,gvc_34cef51c34f3,Adductors Stretch Coronal Plane,Adductors Stretch Coronal Plane,,NOT_NEEDED,Hips,EXCLUDE_NON_MVP,Outside gym-first weight-training MVP default search,Bodyweight,inferred_bodyweight,하체,source,,,unsupported,reps,bodyweight,duration,,1,1,0,SCOPE_RESOLVED_EXCLUDED
gvs_98c161d771d8aa7f,gvc_0722e1cc658c,Adductors Stretch Sagittal Plane,Adductors Stretch Sagittal Plane,,NOT_NEEDED,Hips,EXCLUDE_NON_MVP,Outside gym-first weight-training MVP default search,Bodyweight,inferred_bodyweight,하체,source,,,unsupported,reps,bodyweight,duration,,1,1,0,SCOPE_RESOLVED_EXCLUDED
gvs_1d12877c70882176,gvc_7098c998e350,Adductors Stretch Transverse Plane,Adductors Stretch Transverse Plane,,NOT_NEEDED,Hips,EXCLUDE_NON_MVP,Outside gym-first weight-training MVP default search,Bodyweight,inferred_bodyweight,하체,source,,,unsupported,reps,bodyweight,duration,,1,1,0,SCOPE_RESOLVED_EXCLUDED
gvs_c341915fba0a59ef,gvc_0462efe9f85e,Air Punches March,Air Punches March,,NOT_NEEDED,Plyometrics,EXCLUDE_NON_MVP,Outside gym-first weight-training MVP default search,,unknown,,unknown,,,unsupported,,review,,,1,0,1,SCOPE_RESOLVED_EXCLUDED
gvs_a9e2811adda55450,gvc_89d4f5b4e5c7,All Fours Squad Stretch,All Fours Squad Stretch,,NOT_NEEDED,Thighs,EXCLUDE_NON_MVP,Outside gym-first weight-training MVP default search,Bodyweight,inferred_bodyweight,하체,source,,,unsupported,reps,bodyweight,duration,,2,1,1,SCOPE_RESOLVED_EXCLUDED
gvs_88d1872c3fd1f7ea,gvc_0243d0f707c4,Alternate Butt Kick To Knee Thrust,Alternate Butt Kick To Knee Thrust,,NOT_NEEDED,Plyometrics,EXCLUDE_NON_MVP,Outside gym-first weight-training MVP default search,,unknown,,unknown,,,unsupported,,review,,,1,0,1,SCOPE_RESOLVED_EXCLUDED
gvs_32dd559284b654c0,gvc_80ce007a3d81,Alternate Foot Hopscotch,Alternate Foot Hopscotch,,NOT_NEEDED,Plyometrics,EXCLUDE_NON_MVP,Outside gym-first weight-training MVP default search,,unknown,,unknown,,,unsupported,,review,,,1,1,0,SCOPE_RESOLVED_EXCLUDED
gvs_1db00ee48240c416,gvc_1bc14c6c2014,Alternate Forward Kick,Alternate Forward Kick,,NOT_NEEDED,Plyometrics,EXCLUDE_NON_MVP,Outside gym-first weight-training MVP default search,,unknown,,unknown,,,unsupported,,review,,,1,0,1,SCOPE_RESOLVED_EXCLUDED
gvs_dc8081b4f626f1aa,gvc_fb54ed37ac13,Alternate Forward Step Arm Swing,Alternate Forward Step Arm Swing,,NOT_NEEDED,Plyometrics,EXCLUDE_NON_MVP,Outside gym-first weight-training MVP default search,,unknown,,unknown,,,unsupported,,review,,,1,1,0,SCOPE_RESOLVED_EXCLUDED
gvs_3dd3556c0dd56756,gvc_942d27ca3ff3,Alternate Front Kick In Place,Alternate Front Kick In Place,,NOT_NEEDED,Plyometrics,EXCLUDE_NON_MVP,Outside gym-first weight-training MVP default search,,unknown,,unknown,,,unsupported,,review,,,1,1,0,SCOPE_RESOLVED_EXCLUDED
gvs_5fbdf8548fb3ac26,gvc_c1e42751d9be,Alternate Front Kick In Place With Arm Circles,Alternate Front Kick In Place With Arm Circles,,NOT_NEEDED,Plyometrics,EXCLUDE_NON_MVP,Outside gym-first weight-training MVP default search,,unknown,,unknown,,,unsupported,,review,,,1,1,0,SCOPE_RESOLVED_EXCLUDED
gvs_d7d5d2a2b91c18ac,gvc_da5858c2e73c,Alternate Front Step Knee Drive,Alternate Front Step Knee Drive,,NOT_NEEDED,Plyometrics,EXCLUDE_NON_MVP,Outside gym-first weight-training MVP default search,,unknown,,unknown,,,unsupported,,review,,,1,0,1,SCOPE_RESOLVED_EXCLUDED
gvs_807b221754147bff,gvc_b32b99a478cc,Alternate Hamstring Curl Sky Punch,Alternate Hamstring Curl Sky Punch,,NOT_NEEDED,Plyometrics,EXCLUDE_NON_MVP,Outside gym-first weight-training MVP default search,,unknown,팔,name,,,unsupported,,review,,,1,1,0,SCOPE_RESOLVED_EXCLUDED
gvs_979352939bd609fb,gvc_ba9c2998c51c,Alternate High Knee Turn Sky Reach,Alternate High Knee Turn Sky Reach,,NOT_NEEDED,Plyometrics,EXCLUDE_NON_MVP,Outside gym-first weight-training MVP default search,,unknown,,unknown,,,unsupported,,review,,,1,0,1,SCOPE_RESOLVED_EXCLUDED
gvs_5156da4a9db65de4,gvc_2a6ad8e34358,Alternate Knee Raise Side Reach,Alternate Knee Raise Side Reach,,NOT_NEEDED,Plyometrics,EXCLUDE_NON_MVP,Outside gym-first weight-training MVP default search,,unknown,,unknown,복직근,,name_high,,review,,,1,1,0,SCOPE_RESOLVED_EXCLUDED
gvs_c5cc53d98615081d,gvc_7bb579d6cffb,Alternate Leg Lift Double Hands Crunch,Alternate Leg Lift Double Hands Crunch,,NOT_NEEDED,Plyometrics,EXCLUDE_NON_MVP,Outside gym-first weight-training MVP default search,,unknown,하체,name,복직근,,name_high,,review,,BODY_MUSCLE_FAMILY_CONFLICT,1,1,0,SCOPE_RESOLVED_EXCLUDED
gvs_ee83c11225716998,gvc_fd1a59cace91,Alternate Leg Lift Tap Arms Circle,Alternate Leg Lift Tap Arms Circle,,NOT_NEEDED,Plyometrics,EXCLUDE_NON_MVP,Outside gym-first weight-training MVP default search,,unknown,하체,name,,,unsupported,,review,,,1,1,0,SCOPE_RESOLVED_EXCLUDED
gvs_cb1a28045e1f3ee2,gvc_17d577a102eb,Alternate Leg Lift Twist,Alternate Leg Lift Twist,,NOT_NEEDED,Plyometrics,EXCLUDE_NON_MVP,Outside gym-first weight-training MVP default search,,unknown,하체,name,,,unsupported,,review,,,1,1,0,SCOPE_RESOLVED_EXCLUDED
gvs_69f436a8bc786b32,gvc_bc1c89a11b05,Alternate Punching,Alternate Punching,,NOT_NEEDED,Cardio,EXCLUDE_NON_MVP,Outside gym-first weight-training MVP default search,,unknown,,unknown,,,unsupported,,review,,,1,0,1,SCOPE_RESOLVED_EXCLUDED
gvs_7830133b8708e7a3,gvc_88a37381d062,Alternate Side Step Bend,Alternate Side Step Bend,,NOT_NEEDED,Plyometrics,EXCLUDE_NON_MVP,Outside gym-first weight-training MVP default search,,unknown,,unknown,,,unsupported,,review,,,1,0,1,SCOPE_RESOLVED_EXCLUDED
gvs_9b1f822742bb3f67,gvc_c4fd895e4f1b,Alternate Side Step Jump Side Bend,Alternate Side Step Jump Side Bend,,NOT_NEEDED,Plyometrics,EXCLUDE_NON_MVP,Outside gym-first weight-training MVP default search,,unknown,코어,name,복사근,코어,name_high,,review,,,1,1,0,SCOPE_RESOLVED_EXCLUDED
gvs_e408a5ce2050c1e4,gvc_af4de32fef9c,Alternate Twisting Knee Thrust,Alternate Twisting Knee Thrust,,NOT_NEEDED,Plyometrics,EXCLUDE_NON_MVP,Outside gym-first weight-training MVP default search,,unknown,,unknown,,,unsupported,,review,,,1,1,0,SCOPE_RESOLVED_EXCLUDED
gvs_f45ff8a7af1f96e7,gvc_d99d551af744,Alternating Ankle Touch,Alternating Ankle Touch,,NOT_NEEDED,Plyometrics,EXCLUDE_NON_MVP,Outside gym-first weight-training MVP default search,,unknown,,unknown,,,unsupported,,review,,,2,1,1,SCOPE_RESOLVED_EXCLUDED
gvs_5ef8125126c26005,gvc_52e2a3038e69,Alternating Celebratory Knee Drives,Alternating Celebratory Knee Drives,,NOT_NEEDED,Plyometrics,EXCLUDE_NON_MVP,Outside gym-first weight-training MVP default search,,unknown,,unknown,,,unsupported,,review,,,1,0,1,SCOPE_RESOLVED_EXCLUDED
gvs_c729a0f053289be6,gvc_bb616046fee5,Alternating Front Kick Forward Push,Alternating Front Kick Forward Push,,NOT_NEEDED,Plyometrics,EXCLUDE_NON_MVP,Outside gym-first weight-training MVP default search,,unknown,,unknown,,,unsupported,,review,,,1,0,1,SCOPE_RESOLVED_EXCLUDED
gvs_d760f5496ca78451,gvc_55f56311ef19,Alternating Hamstring Arm Lift,Alternating Hamstring Arm Lift,,NOT_NEEDED,Plyometrics,EXCLUDE_NON_MVP,Outside gym-first weight-training MVP default search,,unknown,하체,name,,,unsupported,,review,,,1,0,1,SCOPE_RESOLVED_EXCLUDED
gvs_c92600cbc838d2a3,gvc_b1d2771b8df3,Alternating Hamstring Curl Double Kick,Alternating Hamstring Curl Double Kick,,NOT_NEEDED,Plyometrics,EXCLUDE_NON_MVP,Outside gym-first weight-training MVP default search,,unknown,팔,name,,,unsupported,,review,,,1,0,1,SCOPE_RESOLVED_EXCLUDED
gvs_d11d9b5604bdbd14,gvc_ac87f7604f73,Alternating Hamstring Curl Jack,Alternating Hamstring Curl Jack,,NOT_NEEDED,Plyometrics,EXCLUDE_NON_MVP,Outside gym-first weight-training MVP default search,,unknown,팔,name,,,unsupported,,review,,,1,1,0,SCOPE_RESOLVED_EXCLUDED
gvs_a28466b0857533e6,gvc_901093596671,Alternating Hamstring Curl Kick,Alternating Hamstring Curl Kick,,NOT_NEEDED,Plyometrics,EXCLUDE_NON_MVP,Outside gym-first weight-training MVP default search,,unknown,팔,name,,,unsupported,,review,,,1,0,1,SCOPE_RESOLVED_EXCLUDED
gvs_7941dc4894266582,gvc_af0c66eeb7d7,Alternating Hamstring Curl Overhead Clap,Alternating Hamstring Curl Overhead Clap,,NOT_NEEDED,Plyometrics,EXCLUDE_NON_MVP,Outside gym-first weight-training MVP default search,,unknown,팔,name,,,unsupported,,review,,,1,1,0,SCOPE_RESOLVED_EXCLUDED
gvs_03b7924482347fa2,gvc_392d3efea5c0,Alternating Hamstring Curl Pulldown,Alternating Hamstring Curl Pulldown,,NOT_NEEDED,Plyometrics,EXCLUDE_NON_MVP,Outside gym-first weight-training MVP default search,,unknown,팔,name,,,unsupported,,review,,,1,1,0,SCOPE_RESOLVED_EXCLUDED
gvs_08808cabe5f8952b,gvc_4e4c5587c456,Alternating Hamstring Curl With Punche,Alternating Hamstring Curl With Punche,,NOT_NEEDED,Plyometrics,EXCLUDE_NON_MVP,Outside gym-first weight-training MVP default search,,unknown,팔,name,,,unsupported,,review,,,2,1,1,SCOPE_RESOLVED_EXCLUDED
gvs_8d8a3f29448defdd,gvc_5b9740f2e6b7,Alternating Hip Flexor Hamstring Stretch,Alternating Hip Flexor Hamstring Stretch,,NOT_NEEDED,,EXCLUDE_NON_MVP,Outside gym-first weight-training MVP default search,,unknown,하체,name,,,unsupported,,review,duration,,1,0,1,SCOPE_RESOLVED_EXCLUDED
gvs_1b4556ecef633626,gvc_dccaf7afa9ad,Alternating Knee Thrust,Alternating Knee Thrust,,NOT_NEEDED,Plyometrics,EXCLUDE_NON_MVP,Outside gym-first weight-training MVP default search,,unknown,,unknown,,,unsupported,,review,,,1,0,1,SCOPE_RESOLVED_EXCLUDED
gvs_8a08d4f05d1976da,gvc_e817e694aa56,Alternating Leg Downward Dog,Alternating Leg Downward Dog,,NOT_NEEDED,Stretching,EXCLUDE_NON_MVP,Outside gym-first weight-training MVP default search,,unknown,하체,name,,,unsupported,,review,,,2,1,1,SCOPE_RESOLVED_EXCLUDED
gvs_d6ba5b754a5b3b29,gvc_5052a3a83ad0,Alternating Squat And Reach,Alternating Squat And Reach,,NOT_NEEDED,Plyometrics,EXCLUDE_NON_MVP,Outside gym-first weight-training MVP default search,,unknown,하체,name,대퇴사두근,둔근,name_high,,review,,,1,0,1,SCOPE_RESOLVED_EXCLUDED
gvs_69f1ad92a529686c,gvc_e3bc799b0d00,Alternating Step Out,Alternating Step Out,,NOT_NEEDED,Plyometrics,EXCLUDE_NON_MVP,Outside gym-first weight-training MVP default search,,unknown,,unknown,,,unsupported,,review,,,1,1,0,SCOPE_RESOLVED_EXCLUDED
gvs_852b677e9aeaaefc,gvc_107fd24dd81a,Alternating Tip Toe Knees,Alternating Tip Toe Knees,,NOT_NEEDED,Plyometrics,EXCLUDE_NON_MVP,Outside gym-first weight-training MVP default search,,unknown,,unknown,,,unsupported,,review,,,1,0,1,SCOPE_RESOLVED_EXCLUDED
gvs_487a9ce8be616b0e,gvc_7bb78c4b2164,Animal Resting Yoga Pose,Animal Resting Yoga Pose,,NOT_NEEDED,Stretching,EXCLUDE_NON_MVP,Outside gym-first weight-training MVP default search,,unknown,,unknown,,,unsupported,,review,,,1,1,0,SCOPE_RESOLVED_EXCLUDED
gvs_b1146658c0630832,gvc_89808526301d,Ape Traverse,Ape Traverse,,NOT_NEEDED,Plyometrics,EXCLUDE_NON_MVP,Outside gym-first weight-training MVP default search,,unknown,,unknown,,,unsupported,,review,,,1,1,0,SCOPE_RESOLVED_EXCLUDED
gvs_07ea32944b98dbce,gvc_14939a9162e6,Archer Stepback,Archer Stepback,,NOT_NEEDED,Plyometrics,EXCLUDE_NON_MVP,Outside gym-first weight-training MVP default search,,unknown,,unknown,,,unsupported,,review,,,1,0,1,SCOPE_RESOLVED_EXCLUDED
gvs_a37f8453396a54d3,gvc_16616624eabc,Ardha Matsyendrasana Yoga Pose,Ardha Matsyendrasana Yoga Pose,,NOT_NEEDED,Stretching,EXCLUDE_NON_MVP,Outside gym-first weight-training MVP default search,,unknown,,unknown,,,unsupported,,review,,,1,1,0,SCOPE_RESOLVED_EXCLUDED
gvs_33b316ed9452a7a9,gvc_26c8c2a2838a,Arm Circle Stepback,Arm Circle Stepback,,NOT_NEEDED,Plyometrics,EXCLUDE_NON_MVP,Outside gym-first weight-training MVP default search,,unknown,,unknown,,,unsupported,,review,,,2,1,1,SCOPE_RESOLVED_EXCLUDED
gvs_1fcc01c9923eb065,gvc_0b8267ebdbb5,Arm Crossover Curtsy,Arm Crossover Curtsy,,NOT_NEEDED,Plyometrics,EXCLUDE_NON_MVP,Outside gym-first weight-training MVP default search,,unknown,,unknown,,,unsupported,,review,,,2,1,1,SCOPE_RESOLVED_EXCLUDED
gvs_63c5a8073b21035f,gvc_d6af2f18a534,Arm Extension Torso Twist,Arm Extension Torso Twist,,NOT_NEEDED,Plyometrics,EXCLUDE_NON_MVP,Outside gym-first weight-training MVP default search,,unknown,,unknown,,,unsupported,,review,,,1,0,1,SCOPE_RESOLVED_EXCLUDED
gvs_b8ca6f8697b5870c,gvc_5c9b66f88cc9,Arm Flap March,Arm Flap March,,NOT_NEEDED,Plyometrics,EXCLUDE_NON_MVP,Outside gym-first weight-training MVP default search,,unknown,,unknown,,,unsupported,,review,,,1,0,1,SCOPE_RESOLVED_EXCLUDED
gvs_32cd3a6d0202ad59,gvc_11debde653fc,Arm Raise Back Leg Swing,Arm Raise Back Leg Swing,,NOT_NEEDED,Plyometrics,EXCLUDE_NON_MVP,Outside gym-first weight-training MVP default search,,unknown,하체,name,,,unsupported,,review,,,1,0,1,SCOPE_RESOLVED_EXCLUDED
gvs_c2748f19bb8a90d5,gvc_d0ad2f45b944,Arm Raise Step In Place,Arm Raise Step In Place,,NOT_NEEDED,Plyometrics,EXCLUDE_NON_MVP,Outside gym-first weight-training MVP default search,,unknown,,unknown,,,unsupported,,review,,,2,1,1,SCOPE_RESOLVED_EXCLUDED
gvs_da5db50a1df24410,gvc_64cd8044f957,Arm Swing Forward Heel Tap,Arm Swing Forward Heel Tap,,NOT_NEEDED,Plyometrics,EXCLUDE_NON_MVP,Outside gym-first weight-training MVP default search,,unknown,,unknown,,,unsupported,,review,,,1,0,1,SCOPE_RESOLVED_EXCLUDED
gvs_6a3361e92dc9c9b5,gvc_fce90e225435,Arm Swing Side Step,Arm Swing Side Step,,NOT_NEEDED,Plyometrics,EXCLUDE_NON_MVP,Outside gym-first weight-training MVP default search,,unknown,,unknown,,,unsupported,,review,,,1,0,1,SCOPE_RESOLVED_EXCLUDED
gvs_0f3e735dc71af529,gvc_5a31abf3dd21,Arm Up Rotator Stretch,Arm Up Rotator Stretch,,NOT_NEEDED,Shoulders,EXCLUDE_NON_MVP,Outside gym-first weight-training MVP default search,Bodyweight,inferred_bodyweight,어깨,source,,,unsupported,reps,bodyweight,duration,,1,1,0,SCOPE_RESOLVED_EXCLUDED
gvs_69c189194d1c185d,gvc_551544b0c66b,Armless Prayer Stretch,Armless Prayer Stretch,,NOT_NEEDED,Stretching,EXCLUDE_NON_MVP,Outside gym-first weight-training MVP default search,,unknown,,unknown,,,unsupported,,review,,,1,1,0,SCOPE_RESOLVED_EXCLUDED
gvs_474deea7185a27a7,gvc_a2b4caa70e67,Arms Circle Front Step,Arms Circle Front Step,,NOT_NEEDED,Plyometrics,EXCLUDE_NON_MVP,Outside gym-first weight-training MVP default search,,unknown,,unknown,,,unsupported,,review,,,1,0,1,SCOPE_RESOLVED_EXCLUDED
gvs_6121610f5d1b7777,gvc_090fc220627d,Arms Circle Knee Raise,Arms Circle Knee Raise,,NOT_NEEDED,Plyometrics,EXCLUDE_NON_MVP,Outside gym-first weight-training MVP default search,,unknown,,unknown,복직근,,name_high,,review,,,1,0,1,SCOPE_RESOLVED_EXCLUDED
gvs_80dce6b451eb7f9a,gvc_666007df35ab,Arms Circle Marching On Spot,Arms Circle Marching On Spot,,NOT_NEEDED,Plyometrics,EXCLUDE_NON_MVP,Outside gym-first weight-training MVP default search,,unknown,,unknown,,,unsupported,,review,,,2,1,1,SCOPE_RESOLVED_EXCLUDED
gvs_2813c508dbeade1a,gvc_e76b7f6684bc,Arms Curl Knee Drive,Arms Curl Knee Drive,,NOT_NEEDED,Plyometrics,EXCLUDE_NON_MVP,Outside gym-first weight-training MVP default search,,unknown,팔,name,,,unsupported,,review,,,1,0,1,SCOPE_RESOLVED_EXCLUDED
gvs_c35653e099ba6d02,gvc_83cbee8b02a3,Arms Forward Butt Kick,Arms Forward Butt Kick,,NOT_NEEDED,Plyometrics,EXCLUDE_NON_MVP,Outside gym-first weight-training MVP default search,,unknown,,unknown,,,unsupported,,review,,,2,0,2,SCOPE_RESOLVED_EXCLUDED
gvs_4c4c175b39f218f3,gvc_42df857a5467,Arms Full Circle Squat,Arms Full Circle Squat,,NOT_NEEDED,Plyometrics,EXCLUDE_NON_MVP,Outside gym-first weight-training MVP default search,,unknown,하체,name,대퇴사두근,둔근,name_high,,review,,,1,0,1,SCOPE_RESOLVED_EXCLUDED
gvs_f014b241e25cb505,gvc_60aba24f7440,Arms Lift Leg Kickback,Arms Lift Leg Kickback,,NOT_NEEDED,Plyometrics,EXCLUDE_NON_MVP,Outside gym-first weight-training MVP default search,,unknown,하체,name,,,unsupported,,review,,,1,0,1,SCOPE_RESOLVED_EXCLUDED
gvs_6a9bf9a78959a3af,gvc_f4e6c0acae8c,Arms Stretch On A Support,Arms Stretch On A Support,,NOT_NEEDED,Upper-Arms,EXCLUDE_NON_MVP,Outside gym-first weight-training MVP default search,Bodyweight,inferred_bodyweight,팔,source,,,unsupported,reps,bodyweight,duration,,1,1,0,SCOPE_RESOLVED_EXCLUDED
gvs_e8e45630b5668056,gvc_d0bc6be6b156,Arms Swing Butt Kick,Arms Swing Butt Kick,,NOT_NEEDED,Plyometrics,EXCLUDE_NON_MVP,Outside gym-first weight-training MVP default search,,unknown,,unknown,,,unsupported,,review,,,1,0,1,SCOPE_RESOLVED_EXCLUDED
gvs_d643b69a2cfd5620,gvc_682ac0dcd58f,Arms Up And Down,Arms Up And Down,,NOT_NEEDED,Plyometrics,EXCLUDE_NON_MVP,Outside gym-first weight-training MVP default search,,unknown,,unknown,,,unsupported,,review,,,2,1,1,SCOPE_RESOLVED_EXCLUDED
gvs_06f7e01fa1de5b6f,gvc_79ae5930588e,Arms Up Rotational Side Step,Arms Up Rotational Side Step,,NOT_NEEDED,Plyometrics,EXCLUDE_NON_MVP,Outside gym-first weight-training MVP default search,,unknown,,unknown,,,unsupported,,review,,,1,1,0,SCOPE_RESOLVED_EXCLUDED
gvs_b7da9f0903fb7449,gvc_f8918954bbbe,Assault Bike Run,Assault Bike Run,,NOT_NEEDED,Cardio,EXCLUDE_NON_MVP,Outside gym-first weight-training MVP default search,,unknown,,unknown,,,unsupported,,review,,,1,1,0,SCOPE_RESOLVED_EXCLUDED
gvs_9d4db1d25115ac04,gvc_4a5ef8083c98,Assault Run,Assault Run,,NOT_NEEDED,Cardio,EXCLUDE_NON_MVP,Outside gym-first weight-training MVP default search,,unknown,,unknown,,,unsupported,,review,,,1,1,0,SCOPE_RESOLVED_EXCLUDED
gvs_86a93cd8ca3b7ad2,gvc_0d03acf7fdf8,Assisted Side Lying Adductors Stretch,Assisted Side Lying Adductors Stretch,,NOT_NEEDED,Hips,EXCLUDE_NON_MVP,Outside gym-first weight-training MVP default search,,unknown,하체,source,,,unsupported,,review,duration,,1,1,0,SCOPE_RESOLVED_EXCLUDED
gvs_32878a45e163c969,gvc_ef9525888c73,Assisted Straight Arms Lying Stretch Chest,Assisted Straight Arms Lying Stretch Chest,,NOT_NEEDED,Back,EXCLUDE_NON_MVP,Outside gym-first weight-training MVP default search,,unknown,등,source,,,unsupported,,review,duration,,1,1,0,SCOPE_RESOLVED_EXCLUDED
gvs_c0ea00ab5b283ab3,gvc_49122419a36e,Assisted Weighted Push Up,Assisted Weighted Push Up,,NOT_NEEDED,Chest,EXCLUDE_ADDED_WEIGHT_MVP,MVP excludes added-weight bodyweight recording,,unknown,가슴,source,,,unsupported,,out_of_mvp_added_weight,reps,,1,1,0,SCOPE_RESOLVED_EXCLUDED
gvs_649ebed17bc4a129,gvc_da1cecdaab3a,Astride Jumps,Astride Jumps,,NOT_NEEDED,Plyometrics,EXCLUDE_NON_MVP,Outside gym-first weight-training MVP default search,,unknown,,unknown,,,unsupported,,review,,,1,1,0,SCOPE_RESOLVED_EXCLUDED
gvs_e4189d2caecb32f2,gvc_606f776cb36d,Back And Shoulders Stretch,Back And Shoulders Stretch,,NOT_NEEDED,Back,EXCLUDE_NON_MVP,Outside gym-first weight-training MVP default search,Bodyweight,inferred_bodyweight,등,source,,,unsupported,reps,bodyweight,duration,,2,0,2,SCOPE_RESOLVED_EXCLUDED
gvs_7d0d54ac6ff00d7e,gvc_4eabb9b8d555,Back Bend Over Bench Stretch,Back Bend Over Bench Stretch,,NOT_NEEDED,Stretching,EXCLUDE_NON_MVP,Outside gym-first weight-training MVP default search,,unknown,,unknown,,,unsupported,,review,,,1,1,0,SCOPE_RESOLVED_EXCLUDED
gvs_392aa11297e3ec5c,gvc_db5f2ceac2e4,Back Crossover Foot Tap,Back Crossover Foot Tap,,NOT_NEEDED,Plyometrics,EXCLUDE_NON_MVP,Outside gym-first weight-training MVP default search,,unknown,,unknown,,,unsupported,,review,,,1,0,1,SCOPE_RESOLVED_EXCLUDED
gvs_34e8b1320b0f4d98,gvc_a3fe1159ded6,Back Hugs Chest Stretch,Back Hugs Chest Stretch,,NOT_NEEDED,Stretching,EXCLUDE_NON_MVP,Outside gym-first weight-training MVP default search,,unknown,가슴,name,,,unsupported,,review,,,1,0,1,SCOPE_RESOLVED_EXCLUDED
gvs_d1da3f7826d67fda,gvc_1aaa31514c21,Back Kick Heel Touches,Back Kick Heel Touches,,NOT_NEEDED,Plyometrics,EXCLUDE_NON_MVP,Outside gym-first weight-training MVP default search,,unknown,,unknown,,,unsupported,,review,,,1,0,1,SCOPE_RESOLVED_EXCLUDED
gvs_ee30f9d621d8bd94,gvc_2df0d5271ea9,Back Kick Overhead Press,Back Kick Overhead Press,,NOT_NEEDED,Plyometrics,EXCLUDE_NON_MVP,Outside gym-first weight-training MVP default search,,unknown,어깨,name,삼각근,삼두근,name_high,,review,,,2,1,1,SCOPE_RESOLVED_EXCLUDED
gvs_027887cee6892c58,gvc_f655d5df96f2,Back Leg Lift Jack,Back Leg Lift Jack,,NOT_NEEDED,Plyometrics,EXCLUDE_NON_MVP,Outside gym-first weight-training MVP default search,,unknown,하체,name,,,unsupported,,review,,,2,1,1,SCOPE_RESOLVED_EXCLUDED
gvs_54609e390c25cce9,gvc_8f341387bd6e,Back Pec Stretch,Back Pec Stretch,,NOT_NEEDED,Back,EXCLUDE_NON_MVP,Outside gym-first weight-training MVP default search,Bodyweight,inferred_bodyweight,등,source,,,unsupported,reps,bodyweight,duration,,2,1,1,SCOPE_RESOLVED_EXCLUDED
gvs_faee607e38b1a130,gvc_91e58221ee61,Back Shuffle Side Kickout,Back Shuffle Side Kickout,,NOT_NEEDED,Plyometrics,EXCLUDE_NON_MVP,Outside gym-first weight-training MVP default search,,unknown,,unknown,,,unsupported,,review,,,1,1,0,SCOPE_RESOLVED_EXCLUDED
gvs_854cc41dbf81e5d5,gvc_c50a3c6810a0,Back Slaps Wrap Arround Stretch,Back Slaps Wrap Arround Stretch,,NOT_NEEDED,Back,EXCLUDE_NON_MVP,Outside gym-first weight-training MVP default search,Bodyweight,inferred_bodyweight,등,source,,,unsupported,reps,bodyweight,duration,,2,1,1,SCOPE_RESOLVED_EXCLUDED
gvs_af70e282dae75704,gvc_6d708302ca68,Backkick Side Step,Backkick Side Step,,NOT_NEEDED,Plyometrics,EXCLUDE_NON_MVP,Outside gym-first weight-training MVP default search,,unknown,,unknown,,,unsupported,,review,,,1,0,1,SCOPE_RESOLVED_EXCLUDED
gvs_64af42e47d886f6e,gvc_a6f91cc51a73,Backkick Triceps Extension,Backkick Triceps Extension,,NOT_NEEDED,Plyometrics,EXCLUDE_NON_MVP,Outside gym-first weight-training MVP default search,,unknown,팔,name,삼두근,,name_high,,review,,,1,0,1,SCOPE_RESOLVED_EXCLUDED
gvs_a0e4519d1d1bb53d,gvc_c3c0e6a0be65,Backward Abdominal Stretch,Backward Abdominal Stretch,,NOT_NEEDED,Waist,EXCLUDE_NON_MVP,Outside gym-first weight-training MVP default search,Bodyweight,inferred_bodyweight,코어,source,,,unsupported,reps,bodyweight,duration,,2,1,1,SCOPE_RESOLVED_EXCLUDED
gvs_5258b00fa21fdc87,gvc_73ba061270c1,Backward Forward Turn To Side Neck Stretch,Backward Forward Turn To Side Neck Stretch,,NOT_NEEDED,Neck,EXCLUDE_NON_MVP,Outside gym-first weight-training MVP default search,,unknown,기타,source,,,unsupported,,review,duration,,1,1,0,SCOPE_RESOLVED_EXCLUDED
gvs_e32b64105447830e,gvc_23348f1a2273,Backward Neck Stretch,Backward Neck Stretch,,NOT_NEEDED,Neck,EXCLUDE_NON_MVP,Outside gym-first weight-training MVP default search,,unknown,기타,source,,,unsupported,,review,duration,,1,1,0,SCOPE_RESOLVED_EXCLUDED
gvs_cc2fbcf35adb92b3,gvc_58b8b01d705a,Backward Run,Backward Run,,NOT_NEEDED,Plyometrics,EXCLUDE_NON_MVP,Outside gym-first weight-training MVP default search,,unknown,,unknown,,,unsupported,,review,,,1,1,0,SCOPE_RESOLVED_EXCLUDED
gvs_f32bae8ca0185b1e,gvc_193a36370265,Baddha Konasana Flow Pose,Baddha Konasana Flow Pose,,NOT_NEEDED,Stretching,EXCLUDE_NON_MVP,Outside gym-first weight-training MVP default search,,unknown,,unknown,,,unsupported,,review,,,1,0,1,SCOPE_RESOLVED_EXCLUDED
gvs_fca3df5758a70377,gvc_47f730bb9f9b,Balance Plate Standing,Balance Plate Standing,,NOT_NEEDED,Stretching,EXCLUDE_NON_MVP,Outside gym-first weight-training MVP default search,Weight Plate,source,,unknown,,,unsupported,weight_reps,equipment,,,1,1,0,SCOPE_RESOLVED_EXCLUDED
gvs_db2f791abc1a753c,gvc_2b3d42d97d61,Ballerina Foot Tap Adduction,Ballerina Foot Tap Adduction,,NOT_NEEDED,Hips;Plyometrics,EXCLUDE_NON_MVP,Outside gym-first weight-training MVP default search,Bodyweight,inferred_bodyweight,하체,source,,,unsupported,reps,bodyweight,,,2,1,1,SCOPE_RESOLVED_EXCLUDED
gvs_a367b1fe779eb248,gvc_e2dc11becf0d,Barbell Zercher Squat Hold,Barbell Zercher Squat Hold,,MANUAL,Isometrics,EXCLUDE_RESERVED_RECORDING_MVP,Recording type is reserved and has no dedicated MVP UI,Barbell,source,하체,name,대퇴사두근,둔근,name_high,weight_duration,reserved,weight_reps,,1,1,0,SCOPE_RESOLVED_EXCLUDED
gvs_349f94ae222d4620,gvc_3b38aaff1f38,Baseball Hit,Baseball Hit,,NOT_NEEDED,Plyometrics,EXCLUDE_NON_MVP,Outside gym-first weight-training MVP default search,,unknown,,unknown,,,unsupported,,review,,,1,1,0,SCOPE_RESOLVED_EXCLUDED
gvs_38bf865c4a2b5846,gvc_447874eae03f,Basketball Shot Jump,Basketball Shot Jump,,NOT_NEEDED,Plyometrics,EXCLUDE_NON_MVP,Outside gym-first weight-training MVP default search,,unknown,,unknown,,,unsupported,,review,,,1,1,0,SCOPE_RESOLVED_EXCLUDED
gvs_246311a7dc86623f,gvc_5923ad7f10dc,Battling Ropes Alternate Arms Jump Squat,Battling Ropes Alternate Arms Jump Squat,,NOT_NEEDED,Plyometrics,EXCLUDE_NON_MVP,Outside gym-first weight-training MVP default search,,unknown,하체,name,대퇴사두근,둔근,name_high,,review,,,1,1,0,SCOPE_RESOLVED_EXCLUDED
gvs_b1bb1e35c89a9701,gvc_1ed9ed134abb,Battling Ropes Half Kneeling,Battling Ropes Half Kneeling,,NOT_NEEDED,Cardio,EXCLUDE_NON_MVP,Outside gym-first weight-training MVP default search,,unknown,,unknown,,,unsupported,,review,,,1,1,0,SCOPE_RESOLVED_EXCLUDED
gvs_b179c69350d7a93b,gvc_819eb4bfe5f6,Battling Ropes Jumping Jack,Battling Ropes Jumping Jack,,NOT_NEEDED,Plyometrics,EXCLUDE_NON_MVP,Outside gym-first weight-training MVP default search,,unknown,,unknown,,,unsupported,,review,,,1,1,0,SCOPE_RESOLVED_EXCLUDED
gvs_117998324ac7c5fc,gvc_fad3a419fd14,Battling Ropes Power Slam,Battling Ropes Power Slam,,NOT_NEEDED,Plyometrics,EXCLUDE_NON_MVP,Outside gym-first weight-training MVP default search,,unknown,,unknown,,,unsupported,,review,,,1,1,0,SCOPE_RESOLVED_EXCLUDED
gvs_eb206dc0b9f8d88e,gvc_b815bb442f1e,Battling Ropes Seated,Battling Ropes Seated,,NOT_NEEDED,Cardio,EXCLUDE_NON_MVP,Outside gym-first weight-training MVP default search,,unknown,,unknown,,,unsupported,,review,,,1,1,0,SCOPE_RESOLVED_EXCLUDED
gvs_ad08b00c99252136,gvc_6e1a850f24f8,Battling Ropes Split Jump,Battling Ropes Split Jump,,NOT_NEEDED,Plyometrics,EXCLUDE_NON_MVP,Outside gym-first weight-training MVP default search,,unknown,,unknown,,,unsupported,,review,,,1,1,0,SCOPE_RESOLVED_EXCLUDED
gvs_ba4cb8d5fb19973d,gvc_0288e00fdfe7,Bear Crawl,Bear Crawl,,NOT_NEEDED,Plyometrics,EXCLUDE_NON_MVP,Outside gym-first weight-training MVP default search,,unknown,,unknown,,,unsupported,,review,,,1,1,0,SCOPE_RESOLVED_EXCLUDED
gvs_a8822fe584dcfb45,gvc_1894f49523ac,Bear Crawl (low Hip),Bear Crawl (Low Hip),,NOT_NEEDED,Plyometrics,EXCLUDE_NON_MVP,Outside gym-first weight-training MVP default search,,unknown,,unknown,,,unsupported,,review,,,1,1,0,SCOPE_RESOLVED_EXCLUDED
gvs_2bb4845f2a5c7f37,gvc_f0ff5b0594fd,Bear Plank,Bear Plank,,NOT_NEEDED,Plyometrics,EXCLUDE_NON_MVP,Outside gym-first weight-training MVP default search,,unknown,코어,name,코어,,name_high,duration,semantic,,,1,1,0,SCOPE_RESOLVED_EXCLUDED
gvs_eb0f049eed8aa7e8,gvc_8ed6af3d348b,Bear Walk,Bear Walk,,NOT_NEEDED,Plyometrics,EXCLUDE_NON_MVP,Outside gym-first weight-training MVP default search,,unknown,,unknown,,,unsupported,,review,,,1,1,0,SCOPE_RESOLVED_EXCLUDED
gvs_ddd36795d8336f45,gvc_e5be2383128c,Behind Head Push Butt Kick,Behind Head Push Butt Kick,,NOT_NEEDED,Plyometrics,EXCLUDE_NON_MVP,Outside gym-first weight-training MVP default search,,unknown,,unknown,,,unsupported,,review,,,1,0,1,SCOPE_RESOLVED_EXCLUDED
gvs_8a62d2fd4fa1b8ad,gvc_ff1925407566,Behind The Head Ball Slam,Behind The Head Ball Slam,,NOT_NEEDED,Plyometrics,EXCLUDE_NON_MVP,Outside gym-first weight-training MVP default search,,unknown,,unknown,,,unsupported,,review,,,2,1,1,SCOPE_RESOLVED_EXCLUDED
gvs_65e08fd0ebe2ff92,gvc_969b1433d4fa,Bent Arm Chest Stretch,Bent Arm Chest Stretch,,NOT_NEEDED,Chest,EXCLUDE_NON_MVP,Outside gym-first weight-training MVP default search,Bodyweight,inferred_bodyweight,가슴,source,,,unsupported,reps,bodyweight,duration,,1,1,0,SCOPE_RESOLVED_EXCLUDED
gvs_a81fd90e61331e58,gvc_e304998b4383,Between Legs Throw Side Kick,Between Legs Throw Side Kick,,NOT_NEEDED,Plyometrics,EXCLUDE_NON_MVP,Outside gym-first weight-training MVP default search,,unknown,,unknown,,,unsupported,,review,,,1,0,1,SCOPE_RESOLVED_EXCLUDED
gvs_9a1bb5533ee3df33,gvc_6b8413581de2;gvc_dc8f4148c37b,Biceps Curl Front Step | Biceps Curl Front Step (version 2),Biceps Curl Front Step,,NOT_NEEDED,Plyometrics,EXCLUDE_NON_MVP,Outside gym-first weight-training MVP default search,,unknown,팔,name,이두근,,name_high,,review,,,3,1,2,SCOPE_RESOLVED_EXCLUDED
gvs_aa1031eaf5d00708,gvc_65c0d6ceec93,Bicycle,Bicycle,,NOT_NEEDED,Pilates,EXCLUDE_NON_MVP,Outside gym-first weight-training MVP default search,,unknown,,unknown,,,unsupported,,review,,,1,0,1,SCOPE_RESOLVED_EXCLUDED
gvs_efbc35c26ea5b014,gvc_6e7b5b118793,Bicycle Recline Walk,Bicycle Recline Walk,,NOT_NEEDED,Cardio,EXCLUDE_NON_MVP,Outside gym-first weight-training MVP default search,,unknown,,unknown,,,unsupported,,review,,,2,1,1,SCOPE_RESOLVED_EXCLUDED
gvs_736c810b3596ee7b,gvc_fb11c09df3c7,Big Turn Back Stretch,Big Turn Back Stretch,,NOT_NEEDED,Chest,EXCLUDE_NON_MVP,Outside gym-first weight-training MVP default search,Bodyweight,inferred_bodyweight,가슴,source,,,unsupported,reps,bodyweight,duration,,1,0,1,SCOPE_RESOLVED_EXCLUDED
gvs_ca3165ea1b7dbee4,gvc_d3f24c2394ea,Bird Dog Hold,Bird Dog Hold,,NOT_NEEDED,Stretching,EXCLUDE_NON_MVP,Outside gym-first weight-training MVP default search,,unknown,,unknown,,,unsupported,duration,semantic,,,1,0,1,SCOPE_RESOLVED_EXCLUDED
gvs_8e1243406823c8c2,gvc_e1ae9625a2f3,Bird Of Paradise Pose Svarga Dvijasana,Bird Of Paradise Pose Svarga Dvijasana,,NOT_NEEDED,Stretching,EXCLUDE_NON_MVP,Outside gym-first weight-training MVP default search,,unknown,,unknown,,,unsupported,,review,,,1,0,1,SCOPE_RESOLVED_EXCLUDED
gvs_b4fb802685bf6e6c,gvc_9657d9a0a769,Boat Stretch,Boat Stretch,,NOT_NEEDED,Waist,EXCLUDE_NON_MVP,Outside gym-first weight-training MVP default search,Bodyweight,inferred_bodyweight,코어,source,,,unsupported,reps,bodyweight,duration,,1,1,0,SCOPE_RESOLVED_EXCLUDED
gvs_b58da1c465db2f22,gvc_a8e34fadbf6b,Boat Yoga Pose,Boat Yoga Pose,,NOT_NEEDED,Stretching,EXCLUDE_NON_MVP,Outside gym-first weight-training MVP default search,,unknown,,unknown,,,unsupported,,review,,,1,0,1,SCOPE_RESOLVED_EXCLUDED
gvs_8388e3ac6f6d0366,gvc_710a67d2ff39,Body Open Cross Feet,Body Open Cross Feet,,NOT_NEEDED,Plyometrics,EXCLUDE_NON_MVP,Outside gym-first weight-training MVP default search,,unknown,,unknown,,,unsupported,,review,,,1,1,0,SCOPE_RESOLVED_EXCLUDED
gvs_6c40c9be11260bc8,gvc_6d80c388a483,Body Rock To Down Dog,Body Rock To Down Dog,,NOT_NEEDED,Stretching,EXCLUDE_NON_MVP,Outside gym-first weight-training MVP default search,,unknown,,unknown,,,unsupported,,review,,,2,1,1,SCOPE_RESOLVED_EXCLUDED
gvs_9b4c2172d5d08800,gvc_7547e8717d45,Body Throw,Body Throw,,NOT_NEEDED,Plyometrics,EXCLUDE_NON_MVP,Outside gym-first weight-training MVP default search,,unknown,,unknown,,,unsupported,,review,,,1,0,1,SCOPE_RESOLVED_EXCLUDED
gvs_e9a911f5f746437d,gvc_82b748c85b0b,Bodybuilding Pose,Bodybuilding Pose,,NOT_NEEDED,,EXCLUDE_NON_MVP,Outside gym-first weight-training MVP default search,,unknown,,unknown,,,unsupported,,review,duration,,2,1,1,SCOPE_RESOLVED_EXCLUDED
gvs_138032cf5699813f,gvc_a767194b5207,Bodyweight Bouncing Shift,Bodyweight Bouncing Shift,,NOT_NEEDED,Plyometrics,EXCLUDE_NON_MVP,Outside gym-first weight-training MVP default search,,unknown,,unknown,,,unsupported,,review,,,1,0,1,SCOPE_RESOLVED_EXCLUDED
gvs_32f29b4e8a32f528,gvc_2b6113a5e8df,Bodyweight Bouncing Shift Sky Reach,Bodyweight Bouncing Shift Sky Reach,,NOT_NEEDED,Plyometrics,EXCLUDE_NON_MVP,Outside gym-first weight-training MVP default search,,unknown,,unknown,,,unsupported,,review,,,1,0,1,SCOPE_RESOLVED_EXCLUDED
gvs_36c7bd0b9f6fee6b,gvc_269e3c72c409,Bodyweight Front Plank To Downward Dog,Bodyweight Front Plank To Downward Dog,,NOT_NEEDED,Plyometrics,EXCLUDE_NON_MVP,Outside gym-first weight-training MVP default search,,unknown,코어,name,코어,,name_high,duration,semantic,,,1,1,0,SCOPE_RESOLVED_EXCLUDED
gvs_cded11558f944065,gvc_d42ab99a26cb,Bodyweight Full Squat With Overhead Press,Bodyweight Full Squat With Overhead Press,,NOT_NEEDED,Plyometrics,EXCLUDE_NON_MVP,Outside gym-first weight-training MVP default search,,unknown,어깨,name,대퇴사두근,둔근,name_high,,review,,BODY_MUSCLE_FAMILY_CONFLICT,1,1,0,SCOPE_RESOLVED_EXCLUDED
gvs_3f2a9ba5ad20f161,gvc_c68ae0af1ae0,Bodyweight Knee Thrust,Bodyweight Knee Thrust,,NOT_NEEDED,Plyometrics,EXCLUDE_NON_MVP,Outside gym-first weight-training MVP default search,,unknown,,unknown,,,unsupported,,review,,,1,1,0,SCOPE_RESOLVED_EXCLUDED
gvs_9dcd7ecda49be3b5,gvc_27ccc3e5261e,Bodyweight Knee To Hand Tap,Bodyweight Knee To Hand Tap,,NOT_NEEDED,Plyometrics,EXCLUDE_NON_MVP,Outside gym-first weight-training MVP default search,,unknown,,unknown,,,unsupported,,review,,,1,1,0,SCOPE_RESOLVED_EXCLUDED
gvs_8050dc48670a8e22,gvc_f4a957b89a60,Bodyweight Shift,Bodyweight Shift,,NOT_NEEDED,Plyometrics,EXCLUDE_NON_MVP,Outside gym-first weight-training MVP default search,,unknown,,unknown,,,unsupported,,review,,,1,0,1,SCOPE_RESOLVED_EXCLUDED
gvs_84fab20045d4ca18,gvc_1f5e29b8676c;gvc_f88b606a3eff,Bodyweight Skipping | Bodyweight Skipping (version 2),Bodyweight Skipping,,NOT_NEEDED,Plyometrics,EXCLUDE_NON_MVP,Outside gym-first weight-training MVP default search,,unknown,,unknown,,,unsupported,,review,,,3,1,2,SCOPE_RESOLVED_EXCLUDED
gvs_1949198df9a8f1d9,gvc_ec6ddb117280,Bodyweight Squat Hold,Bodyweight Squat Hold,,NOT_NEEDED,Stretching,EXCLUDE_NON_MVP,Outside gym-first weight-training MVP default search,,unknown,하체,name,대퇴사두근,둔근,name_high,duration,semantic,,,1,0,1,SCOPE_RESOLVED_EXCLUDED
gvs_da629cd084100a6e,gvc_e22af8558ee6,Bodyweight Squat Side Shuffle,Bodyweight Squat Side Shuffle,,NOT_NEEDED,Plyometrics,EXCLUDE_NON_MVP,Outside gym-first weight-training MVP default search,,unknown,하체,name,대퇴사두근,둔근,name_high,,review,,,1,1,0,SCOPE_RESOLVED_EXCLUDED
gvs_43132823ac0b5f63,gvc_50d85edd5328,Bodyweight Squat To Front Leg,Bodyweight Squat To Front Leg,,NOT_NEEDED,Plyometrics,EXCLUDE_NON_MVP,Outside gym-first weight-training MVP default search,,unknown,하체,name,대퇴사두근,둔근,name_high,,review,,,1,1,0,SCOPE_RESOLVED_EXCLUDED
gvs_51008a972ca087df,gvc_d93823cd2845,Bodyweight Squat To Side Leg,Bodyweight Squat To Side Leg,,NOT_NEEDED,Plyometrics,EXCLUDE_NON_MVP,Outside gym-first weight-training MVP default search,,unknown,하체,name,대퇴사두근,둔근,name_high,,review,,,1,1,0,SCOPE_RESOLVED_EXCLUDED
gvs_977e1784a9d3994a,gvc_0f7af67420be,Bodyweight Squat To Side To Front Leg,Bodyweight Squat To Side To Front Leg,,NOT_NEEDED,Plyometrics,EXCLUDE_NON_MVP,Outside gym-first weight-training MVP default search,,unknown,하체,name,대퇴사두근,둔근,name_high,,review,,,1,1,0,SCOPE_RESOLVED_EXCLUDED
gvs_166c76c62be4d580,gvc_a6b1ace0d07d,Bodyweight Standing Back Stretch,Bodyweight Standing Back Stretch,,NOT_NEEDED,Back,EXCLUDE_NON_MVP,Outside gym-first weight-training MVP default search,Bodyweight,inferred_bodyweight,등,source,,,unsupported,reps,bodyweight,duration,,1,0,1,SCOPE_RESOLVED_EXCLUDED
gvs_dc10be8729b4ef1f,gvc_386cb6f4085b,Bodyweight Woodchoppers,Bodyweight Woodchoppers,,NOT_NEEDED,Plyometrics,EXCLUDE_NON_MVP,Outside gym-first weight-training MVP default search,,unknown,,unknown,,,unsupported,,review,,,2,1,1,SCOPE_RESOLVED_EXCLUDED
gvs_405e65f422b990fe,gvc_2ae5c8e09c30,Bosu Ball Mountain Climber,Bosu Ball Mountain Climber,,NOT_NEEDED,Cardio,EXCLUDE_NON_MVP,Outside gym-first weight-training MVP default search,,unknown,,unknown,,,unsupported,,review,,,1,1,0,SCOPE_RESOLVED_EXCLUDED
gvs_15ff4d0271ad24e8,gvc_cd94e0a68714,Bosu Ball Step Up High Knee,Bosu Ball Step Up High Knee,,NOT_NEEDED,Plyometrics,EXCLUDE_NON_MVP,Outside gym-first weight-training MVP default search,,unknown,하체,name,대퇴사두근,둔근,name_high,,review,,,1,1,0,SCOPE_RESOLVED_EXCLUDED
gvs_469ae0fc64e99d2a,gvc_7ae203b59e70,Bosu Ball Step Up High Knee Air Twist,Bosu Ball Step Up High Knee Air Twist,,NOT_NEEDED,Plyometrics,EXCLUDE_NON_MVP,Outside gym-first weight-training MVP default search,,unknown,하체,name,대퇴사두근,둔근,name_high,,review,,,1,1,0,SCOPE_RESOLVED_EXCLUDED
gvs_649a08a96d8e0815,gvc_597a8870d66b,Bosu Ball Step Up Single Leg Deadlift,Bosu Ball Step Up Single Leg Deadlift,,NOT_NEEDED,Plyometrics,EXCLUDE_NON_MVP,Outside gym-first weight-training MVP default search,,unknown,하체,name,둔근 / 햄스트링,등 / 코어,name_high,,review,,,1,1,0,SCOPE_RESOLVED_EXCLUDED
gvs_604b4665ec28d785,gvc_586313af56d3,Bottle Weighted Alternate Biceps Curl,Bottle Weighted Alternate Biceps Curl,,NOT_NEEDED,Upper-Arms,EXCLUDE_NON_MVP,Home-prop weighted source outside gym-first MVP,Other Load,home_prop,팔,source,이두근,,name_high,weight_reps,equipment,,,1,0,1,SCOPE_RESOLVED_EXCLUDED
gvs_922d06c79721c05f,gvc_cc6cb716e252,Bottle Weighted Alternate Front Raise,Bottle Weighted Alternate Front Raise,,NOT_NEEDED,Shoulders,EXCLUDE_NON_MVP,Home-prop weighted source outside gym-first MVP,Other Load,home_prop,어깨,source,전면 삼각근,,name_high,weight_reps,equipment,,,1,0,1,SCOPE_RESOLVED_EXCLUDED
gvs_2e171c68af34bcfa,gvc_39bc8ae9be58,Bottle Weighted Alternate Hammer Curl,Bottle Weighted Alternate Hammer Curl,,NOT_NEEDED,Upper-Arms,EXCLUDE_NON_MVP,Home-prop weighted source outside gym-first MVP,Other Load,home_prop,팔,source,이두근,,name_high,weight_reps,equipment,,,1,0,1,SCOPE_RESOLVED_EXCLUDED
gvs_6a1e6b0f58562d97,gvc_cdda19d844b3,Bottle Weighted Armpit Row,Bottle Weighted Armpit Row,,NOT_NEEDED,Shoulders,EXCLUDE_NON_MVP,Home-prop weighted source outside gym-first MVP,Other Load,home_prop,어깨,source,등 상부 / 광배근,이두근,name_high,weight_reps,equipment,,BODY_MUSCLE_FAMILY_CONFLICT,1,0,1,SCOPE_RESOLVED_EXCLUDED
gvs_17c01c2256008634,gvc_472c0d40638c,Bottle Weighted Bent Over Reverse Fly,Bottle Weighted Bent Over Reverse Fly,,NOT_NEEDED,Back,EXCLUDE_NON_MVP,Home-prop weighted source outside gym-first MVP,Other Load,home_prop,등,source,후면 삼각근,,name_high,weight_reps,equipment,,BODY_MUSCLE_FAMILY_CONFLICT,1,0,1,SCOPE_RESOLVED_EXCLUDED
gvs_bdcb31d3af9976db,gvc_a46fe8407b53,Bottle Weighted Bent Over Row,Bottle Weighted Bent Over Row,,NOT_NEEDED,Back,EXCLUDE_NON_MVP,Home-prop weighted source outside gym-first MVP,Other Load,home_prop,등,source,등 상부 / 광배근,이두근,name_high,weight_reps,equipment,,,1,0,1,SCOPE_RESOLVED_EXCLUDED
gvs_0e2cd1d0fc4eaf86,gvc_7632d12a070c,Bottle Weighted Bent Over Y Raise,Bottle Weighted Bent Over Y Raise,,NOT_NEEDED,Shoulders,EXCLUDE_NON_MVP,Home-prop weighted source outside gym-first MVP,Other Load,home_prop,어깨,source,,,unsupported,weight_reps,equipment,,,2,1,1,SCOPE_RESOLVED_EXCLUDED
gvs_71fea928c660725a,gvc_b7a3d9f4755c,Bottle Weighted Concentration Curl,Bottle Weighted Concentration Curl,,NOT_NEEDED,Upper-Arms,EXCLUDE_NON_MVP,Home-prop weighted source outside gym-first MVP,Other Load,home_prop,팔,source,이두근,,name_high,weight_reps,equipment,,,1,0,1,SCOPE_RESOLVED_EXCLUDED
gvs_87acaeebfa418163,gvc_56ac083fb84c,Bottle Weighted Deadlift,Bottle Weighted Deadlift,,NOT_NEEDED,Hips,EXCLUDE_NON_MVP,Home-prop weighted source outside gym-first MVP,Other Load,home_prop,하체,source,둔근 / 햄스트링,등 / 코어,name_high,weight_reps,equipment,,,1,0,1,SCOPE_RESOLVED_EXCLUDED
gvs_2abb6768928cc50e,gvc_0a134be20655,Bottle Weighted Forward Lunge,Bottle Weighted Forward Lunge,,NOT_NEEDED,Thighs,EXCLUDE_NON_MVP,Home-prop weighted source outside gym-first MVP,Other Load,home_prop,하체,source,대퇴사두근,둔근,name_high,weight_reps,equipment,reps,,1,0,1,SCOPE_RESOLVED_EXCLUDED
gvs_44d0d08cd52ce7e6,gvc_d48f46f44df2,Bottle Weighted Frog Crunch,Bottle Weighted Frog Crunch,,NOT_NEEDED,Waist,EXCLUDE_NON_MVP,Home-prop weighted source outside gym-first MVP,Other Load,home_prop,코어,source,복직근,,name_high,weight_reps,equipment,reps,,1,0,1,SCOPE_RESOLVED_EXCLUDED
gvs_2c0302f08c878b6a,gvc_0a38f677c35a,Bottle Weighted Front Raise,Bottle Weighted Front Raise,,NOT_NEEDED,Shoulders,EXCLUDE_NON_MVP,Home-prop weighted source outside gym-first MVP,Other Load,home_prop,어깨,source,전면 삼각근,,name_high,weight_reps,equipment,,,1,0,1,SCOPE_RESOLVED_EXCLUDED
gvs_9095347bd944887b,gvc_3c6cabace0df,Bottle Weighted Front Squat,Bottle Weighted Front Squat,,NOT_NEEDED,Hips,EXCLUDE_NON_MVP,Home-prop weighted source outside gym-first MVP,Other Load,home_prop,하체,source,대퇴사두근,둔근,name_high,weight_reps,equipment,,,2,1,1,SCOPE_RESOLVED_EXCLUDED
gvs_b4c58d7df7b78775,gvc_97ac3e60be7e,Bottle Weighted Glute Bridge,Bottle Weighted Glute Bridge,,NOT_NEEDED,Hips,EXCLUDE_NON_MVP,Home-prop weighted source outside gym-first MVP,Other Load,home_prop,하체,source,둔근,햄스트링,name_high,weight_reps,equipment,,,1,0,1,SCOPE_RESOLVED_EXCLUDED
gvs_d21578225ca02544,gvc_1da944db3a7f,Bottle Weighted Gorilla Row,Bottle Weighted Gorilla Row,,NOT_NEEDED,Back,EXCLUDE_NON_MVP,Home-prop weighted source outside gym-first MVP,Other Load,home_prop,등,source,등 상부 / 광배근,이두근,name_high,weight_reps,equipment,,,1,0,1,SCOPE_RESOLVED_EXCLUDED
gvs_54583148545a6c5a,gvc_1328593620cf,Bottle Weighted Halo,Bottle Weighted Halo,,NOT_NEEDED,Shoulders,EXCLUDE_NON_MVP,Home-prop weighted source outside gym-first MVP,Other Load,home_prop,어깨,source,,,unsupported,weight_reps,equipment,,,1,0,1,SCOPE_RESOLVED_EXCLUDED
gvs_ebe936c093f0c5c2,gvc_4ad3f1eb4fca,Bottle Weighted Kickback,Bottle Weighted Kickback,,NOT_NEEDED,Upper-Arms,EXCLUDE_NON_MVP,Home-prop weighted source outside gym-first MVP,Other Load,home_prop,팔,source,,,unsupported,weight_reps,equipment,,,1,0,1,SCOPE_RESOLVED_EXCLUDED
gvs_78f86a1b1c828043,gvc_24ed1dfb5121,Bottle Weighted Kneeling Squat,Bottle Weighted Kneeling Squat,,NOT_NEEDED,Thighs,EXCLUDE_NON_MVP,Home-prop weighted source outside gym-first MVP,Other Load,home_prop,하체,source,대퇴사두근,둔근,name_high,weight_reps,equipment,,,1,0,1,SCOPE_RESOLVED_EXCLUDED
gvs_787fc768257a1c1a,gvc_a5552379e408,Bottle Weighted Lateral Raise,Bottle Weighted Lateral Raise,,NOT_NEEDED,Shoulders,EXCLUDE_NON_MVP,Home-prop weighted source outside gym-first MVP,Other Load,home_prop,어깨,source,측면 삼각근,,name_high,weight_reps,equipment,,,2,1,1,SCOPE_RESOLVED_EXCLUDED
gvs_dcb5d9e315bbfbfb,gvc_bf1795254b2b,Bottle Weighted Lying Chest Press,Bottle Weighted Lying Chest Press,,NOT_NEEDED,Chest,EXCLUDE_NON_MVP,Home-prop weighted source outside gym-first MVP,Other Load,home_prop,가슴,source,대흉근,삼두근 / 전면 삼각근,name_high,weight_reps,equipment,,,1,0,1,SCOPE_RESOLVED_EXCLUDED
gvs_e39a337c26f31e52,gvc_592a4c2124e2,Bottle Weighted Overhead Crunch,Bottle Weighted Overhead Crunch,,NOT_NEEDED,Waist,EXCLUDE_NON_MVP,Home-prop weighted source outside gym-first MVP,Other Load,home_prop,코어,source,복직근,,name_high,weight_reps,equipment,reps,,1,0,1,SCOPE_RESOLVED_EXCLUDED
gvs_05ad9cfccf835a72,gvc_9c32e53caf39,Bottle Weighted Overhead Triceps Extension (,Bottle Weighted Overhead Triceps Extension,,NOT_NEEDED,,EXCLUDE_NON_MVP,Home-prop weighted source outside gym-first MVP,Other Load,home_prop,팔,name,삼두근,,name_high,weight_reps,equipment,,,1,0,1,SCOPE_RESOLVED_EXCLUDED
gvs_3e1d1a9889a1c642,gvc_a89fd5894f8b,Bottle Weighted Pullover,Bottle Weighted Pullover,,NOT_NEEDED,Back,EXCLUDE_NON_MVP,Home-prop weighted source outside gym-first MVP,Other Load,home_prop,등,source,,,unsupported,weight_reps,equipment,,,1,0,1,SCOPE_RESOLVED_EXCLUDED
gvs_07f600424cda6ee8,gvc_0a4321891d8c,Bottle Weighted Reverse Curl,Bottle Weighted Reverse Curl,,NOT_NEEDED,Forearms,EXCLUDE_NON_MVP,Home-prop weighted source outside gym-first MVP,Other Load,home_prop,팔,source,,,unsupported,weight_reps,equipment,,,1,0,1,SCOPE_RESOLVED_EXCLUDED
gvs_53335c3675e50338,gvc_084c61848332,Bottle Weighted Reverse Grip Concentration Curl (f,Bottle Weighted Reverse Grip Concentration Curl,,NOT_NEEDED,,EXCLUDE_NON_MVP,Home-prop weighted source outside gym-first MVP,Other Load,home_prop,팔,name,이두근,,name_high,weight_reps,equipment,,,1,0,1,SCOPE_RESOLVED_EXCLUDED
gvs_5ac8b4385906004e,gvc_a10654558acc,Bottle Weighted Rear Lunge,Bottle Weighted Reverse Lunge,,NOT_NEEDED,Thighs,EXCLUDE_NON_MVP,Home-prop weighted source outside gym-first MVP,Other Load,home_prop,하체,source,대퇴사두근,둔근,name_high,weight_reps,equipment,reps,,1,0,1,SCOPE_RESOLVED_EXCLUDED
gvs_af9a5488291de932,gvc_abdc5d6f1fc7,Bottle Weighted Romanian Deadlift,Bottle Weighted Romanian Deadlift,,NOT_NEEDED,Hips,EXCLUDE_NON_MVP,Home-prop weighted source outside gym-first MVP,Other Load,home_prop,하체,source,둔근 / 햄스트링,코어,name_high,weight_reps,equipment,,,1,0,1,SCOPE_RESOLVED_EXCLUDED
gvs_cd00325ae46fc740,gvc_6e6eae465e60,Bottle Weighted Russian Twist,Bottle Weighted Russian Twist,,NOT_NEEDED,Waist,EXCLUDE_NON_MVP,Home-prop weighted source outside gym-first MVP,Other Load,home_prop,코어,source,복사근,코어,name_high,weight_reps,equipment,,,1,0,1,SCOPE_RESOLVED_EXCLUDED
gvs_249c31e3cb6be9fb,gvc_634844b75761,Bottle Weighted Shoulder Press,Bottle Weighted Shoulder Press,,NOT_NEEDED,Shoulders,EXCLUDE_NON_MVP,Home-prop weighted source outside gym-first MVP,Other Load,home_prop,어깨,source,삼각근,삼두근,name_high,weight_reps,equipment,,,1,0,1,SCOPE_RESOLVED_EXCLUDED
gvs_1595fadd4d2ded9d,gvc_6afc503502b8,Bottle Weighted Side Bend,Bottle Weighted Side Bend,,NOT_NEEDED,Waist,EXCLUDE_NON_MVP,Home-prop weighted source outside gym-first MVP,Other Load,home_prop,코어,source,복사근,코어,name_high,weight_reps,equipment,,,1,0,1,SCOPE_RESOLVED_EXCLUDED
gvs_3177e822f6cf9ea8,gvc_b8c09df879bd,Bottle Weighted Single Leg Romanian Deadlift (fema,Bottle Weighted Single Leg Romanian Deadlift,,NOT_NEEDED,,EXCLUDE_NON_MVP,Home-prop weighted source outside gym-first MVP,Other Load,home_prop,하체,name,둔근 / 햄스트링,코어,name_high,weight_reps,equipment,,,1,0,1,SCOPE_RESOLVED_EXCLUDED
gvs_9386e129306b62cd,gvc_49c15efdc562,Bottle Weighted Split Squat,Bottle Weighted Split Squat,,NOT_NEEDED,Thighs,EXCLUDE_NON_MVP,Home-prop weighted source outside gym-first MVP,Other Load,home_prop,하체,source,대퇴사두근,둔근,name_high,weight_reps,equipment,,,1,0,1,SCOPE_RESOLVED_EXCLUDED
gvs_a1aece3e5a7de514,gvc_e156937bbbbf,Bottle Weighted Squatting Alternate Waves,Bottle Weighted Squatting Alternate Waves,,NOT_NEEDED,,EXCLUDE_NON_MVP,Home-prop weighted source outside gym-first MVP,Other Load,home_prop,,unknown,,,unsupported,weight_reps,equipment,,,1,0,1,SCOPE_RESOLVED_EXCLUDED
gvs_f6d74b151f02587d,gvc_39140d999986,Bottle Weighted Straight Legs Deadlift,Bottle Weighted Straight Legs Deadlift,,NOT_NEEDED,Hips,EXCLUDE_NON_MVP,Home-prop weighted source outside gym-first MVP,Other Load,home_prop,하체,source,둔근 / 햄스트링,등 / 코어,name_high,weight_reps,equipment,,,1,0,1,SCOPE_RESOLVED_EXCLUDED
gvs_589f41a588a30cb9,gvc_12d0e6820b34,Bottle Weighted Sumo Squat,Bottle Weighted Sumo Squat,,NOT_NEEDED,Hips,EXCLUDE_NON_MVP,Home-prop weighted source outside gym-first MVP,Other Load,home_prop,하체,source,대퇴사두근,둔근,name_high,weight_reps,equipment,,,1,0,1,SCOPE_RESOLVED_EXCLUDED
gvs_d45da0b3605a94f3,gvc_502d3d74a3db,Bottle Weighted Svend Press,Bottle Weighted Svend Press,,NOT_NEEDED,Chest,EXCLUDE_NON_MVP,Home-prop weighted source outside gym-first MVP,Other Load,home_prop,가슴,source,,,unsupported,weight_reps,equipment,,,1,0,1,SCOPE_RESOLVED_EXCLUDED
gvs_c2d69274e6cd6c0a,gvc_76e8e94f7418,Bottle Weighted Swing,Bottle Weighted Swing,,NOT_NEEDED,Hips,EXCLUDE_NON_MVP,Home-prop weighted source outside gym-first MVP,Other Load,home_prop,하체,source,,,unsupported,weight_reps,equipment,,,1,0,1,SCOPE_RESOLVED_EXCLUDED
gvs_351701d545671791,gvc_cb6b917cb545,Bottle Weighted Two Arms Kickback,Bottle Weighted Two Arms Kickback,,NOT_NEEDED,Upper-Arms,EXCLUDE_NON_MVP,Home-prop weighted source outside gym-first MVP,Other Load,home_prop,팔,source,,,unsupported,weight_reps,equipment,,,1,0,1,SCOPE_RESOLVED_EXCLUDED
gvs_c2df65c97f7756ad,gvc_5a4b8453530e,Bottle Weighted Upright Row,Bottle Weighted Upright Row,,NOT_NEEDED,Shoulders,EXCLUDE_NON_MVP,Home-prop weighted source outside gym-first MVP,Other Load,home_prop,어깨,source,등 상부 / 광배근,이두근,name_high,weight_reps,equipment,,BODY_MUSCLE_FAMILY_CONFLICT,1,0,1,SCOPE_RESOLVED_EXCLUDED
gvs_42ab03534739ff43,gvc_dbb887b2805c,Bouncing Circle Draw,Bouncing Circle Draw,,NOT_NEEDED,Plyometrics,EXCLUDE_NON_MVP,Outside gym-first weight-training MVP default search,,unknown,,unknown,,,unsupported,,review,,,2,1,1,SCOPE_RESOLVED_EXCLUDED
gvs_4267eba5f7fcf7ad,gvc_ebe3705bdf42,Bouncing Inner Thigh Tap,Bouncing Inner Thigh Tap,,NOT_NEEDED,Plyometrics,EXCLUDE_NON_MVP,Outside gym-first weight-training MVP default search,,unknown,,unknown,,,unsupported,,review,,,1,1,0,SCOPE_RESOLVED_EXCLUDED
gvs_26ddf290e41bf99e,gvc_6218ef948159,Bound Angle Yoga Pose Baddha Konasana,Bound Angle Yoga Pose Baddha Konasana,,NOT_NEEDED,Stretching,EXCLUDE_NON_MVP,Outside gym-first weight-training MVP default search,,unknown,,unknown,,,unsupported,,review,,,1,0,1,SCOPE_RESOLVED_EXCLUDED
gvs_07c2a4d209a999a4,gvc_90e60ca6616a,Bow Yoga Pose Back,Bow Yoga Pose Back,,NOT_NEEDED,Hips,EXCLUDE_NON_MVP,Outside gym-first weight-training MVP default search,Bodyweight,inferred_bodyweight,하체,source,,,unsupported,reps,bodyweight,duration,,1,1,0,SCOPE_RESOLVED_EXCLUDED
gvs_a4737ba5afa9fd61,gvc_502227f3fc47,Box Drop 2 Foot Land,Box Drop 2 Foot Land,,NOT_NEEDED,Plyometrics,EXCLUDE_NON_MVP,Outside gym-first weight-training MVP default search,,unknown,,unknown,,,unsupported,,review,,,1,1,0,SCOPE_RESOLVED_EXCLUDED
gvs_a466cfdf44ea7bff,gvc_410efa545013,Box Drop Jump,Box Drop Jump,,NOT_NEEDED,Plyometrics,EXCLUDE_NON_MVP,Outside gym-first weight-training MVP default search,,unknown,,unknown,,,unsupported,,review,,,1,1,0,SCOPE_RESOLVED_EXCLUDED
gvs_59910ec3f9e3c39b,gvc_bb4cc0ebfb35,Box Drop Split Stance Land,Box Drop Split Stance Land,,NOT_NEEDED,Plyometrics,EXCLUDE_NON_MVP,Outside gym-first weight-training MVP default search,,unknown,,unknown,,,unsupported,,review,,,1,1,0,SCOPE_RESOLVED_EXCLUDED
gvs_f30042f020963666,gvc_a93f9149dca4,Box Drop To Single Leg Land,Box Drop To Single Leg Land,,NOT_NEEDED,Plyometrics,EXCLUDE_NON_MVP,Outside gym-first weight-training MVP default search,,unknown,하체,name,,,unsupported,,review,,,1,1,0,SCOPE_RESOLVED_EXCLUDED
gvs_52cb3fe4f76dbfbe,gvc_52fd3ee027c2,Boxing Cross Hook Cross,Boxing Cross Hook Cross,,NOT_NEEDED,Plyometrics,EXCLUDE_NON_MVP,Outside gym-first weight-training MVP default search,,unknown,,unknown,,,unsupported,,review,,,1,1,0,SCOPE_RESOLVED_EXCLUDED
gvs_b3e7beb577ec6439,gvc_af455bb8401a,Boxing Duck And Uppercut,Boxing Duck And Uppercut,,NOT_NEEDED,Plyometrics,EXCLUDE_NON_MVP,Outside gym-first weight-training MVP default search,,unknown,,unknown,,,unsupported,,review,,,1,1,0,SCOPE_RESOLVED_EXCLUDED
gvs_862a140545462d2d,gvc_6eb7ddd8159f,Boxing Right Left Hook,Boxing Right Left Hook,,NOT_NEEDED,Plyometrics,EXCLUDE_NON_MVP,Outside gym-first weight-training MVP default search,,unknown,,unknown,,,unsupported,,review,,,1,1,0,SCOPE_RESOLVED_EXCLUDED
gvs_20112480a8e9d1be,gvc_59b6fc419aae,Brettzel,Brettzel,,NOT_NEEDED,Stretching,EXCLUDE_NON_MVP,Outside gym-first weight-training MVP default search,,unknown,,unknown,,,unsupported,,review,,,2,1,1,SCOPE_RESOLVED_EXCLUDED
gvs_f748876079adab6a,gvc_cc1f6349f4f9,Brettzel With Head Turn,Brettzel With Head Turn,,NOT_NEEDED,Stretching,EXCLUDE_NON_MVP,Outside gym-first weight-training MVP default search,,unknown,,unknown,,,unsupported,,review,,,1,1,0,SCOPE_RESOLVED_EXCLUDED
gvs_09852501157b8379,gvc_329d2d92e768,Bridge Mountain Climber (cross Body),Bridge Mountain Climber (Cross Body),,NOT_NEEDED,Waist,EXCLUDE_NON_MVP,Outside gym-first weight-training MVP default search,Bodyweight,inferred_bodyweight,코어,source,,,unsupported,reps,bodyweight,reps,,1,0,1,SCOPE_RESOLVED_EXCLUDED
gvs_2e3ba16bf9b2b9b3,gvc_37e07cb25f67,Bridge Pose (version 2),Bridge Pose,,NOT_NEEDED,Stretching,EXCLUDE_NON_MVP,Outside gym-first weight-training MVP default search,,unknown,,unknown,,,unsupported,,review,,,1,0,1,SCOPE_RESOLVED_EXCLUDED
gvs_52815d23c821f8cb,gvc_6ed08c6f7684,Bridge Pose Setu Bandhasana,Bridge Pose Setu Bandhasana,,NOT_NEEDED,Stretching,EXCLUDE_NON_MVP,Outside gym-first weight-training MVP default search,,unknown,,unknown,,,unsupported,,review,duration,,2,1,1,SCOPE_RESOLVED_EXCLUDED
gvs_270eb1013e20bc89,gvc_a14f65686084;gvc_c2b07e0b0091,Bridge Yoga Pose Setu Bandha Sarvangasana | Bridge Yoga Pose Setu Bandha Sarvangasana S,Bridge Yoga Pose Setu Bandha Sarvangasana,,NOT_NEEDED,,EXCLUDE_NON_MVP,Outside gym-first weight-training MVP default search,,unknown,,unknown,,,unsupported,,review,duration,,3,1,2,SCOPE_RESOLVED_EXCLUDED
gvs_0532b9c4ef344066,gvc_d5627286aa35,Briskly Walking,Briskly Walking,,NOT_NEEDED,Cardio,EXCLUDE_NON_MVP,Outside gym-first weight-training MVP default search,,unknown,,unknown,,,unsupported,,review,,,3,1,2,SCOPE_RESOLVED_EXCLUDED
gvs_e6977ff816b7d10e,gvc_9d31e028ee60,Briskly Walking (360 Degrees),Briskly Walking (360 Degrees),,NOT_NEEDED,Cardio,EXCLUDE_NON_MVP,Outside gym-first weight-training MVP default search,,unknown,,unknown,,,unsupported,,review,,,1,1,0,SCOPE_RESOLVED_EXCLUDED
gvs_29f9ef8db0dab719,gvc_978b20dcc494,Broad Long Jump,Broad Long Jump,,NOT_NEEDED,Plyometrics,EXCLUDE_NON_MVP,Outside gym-first weight-training MVP default search,,unknown,,unknown,,,unsupported,,review,,,1,1,0,SCOPE_RESOLVED_EXCLUDED
gvs_b3be22d6760e1154,gvc_d15c714a3b72,Burpee,Burpee,,NOT_NEEDED,Cardio,EXCLUDE_NON_MVP,Outside gym-first weight-training MVP default search,,unknown,,unknown,,,unsupported,,review,,,2,1,1,SCOPE_RESOLVED_EXCLUDED
gvs_c9d2f15629033c64,gvc_012e6622c4c6,Burpee Alternate Arm Leg Raise,Burpee Alternate Arm Leg Raise,,NOT_NEEDED,Plyometrics,EXCLUDE_NON_MVP,Outside gym-first weight-training MVP default search,,unknown,하체,name,복직근,,name_high,,review,,BODY_MUSCLE_FAMILY_CONFLICT,1,1,0,SCOPE_RESOLVED_EXCLUDED
gvs_dae2f9cdc58f4865,gvc_43d1989ebb06,Burpee Jump Box,Burpee Jump Box,,NOT_NEEDED,Plyometrics,EXCLUDE_NON_MVP,Outside gym-first weight-training MVP default search,,unknown,,unknown,,,unsupported,,review,,,1,1,0,SCOPE_RESOLVED_EXCLUDED
gvs_33d821b58521260d,gvc_91447fc09a07,Burpee Long Jump With Push Up,Burpee Long Jump With Push Up,,NOT_NEEDED,Cardio,EXCLUDE_NON_MVP,Outside gym-first weight-training MVP default search,,unknown,가슴,name,,,unsupported,,review,,,1,1,0,SCOPE_RESOLVED_EXCLUDED
gvs_26a82bd1f8869b25,gvc_a9f217bb5a85,Burpee Shuffle,Burpee Shuffle,,NOT_NEEDED,Plyometrics,EXCLUDE_NON_MVP,Outside gym-first weight-training MVP default search,,unknown,,unknown,,,unsupported,,review,,,1,1,0,SCOPE_RESOLVED_EXCLUDED
gvs_59f15c04dd4cbc6a,gvc_5e1ef24ddbd8,Burpee Side Tap Step Jack,Burpee Side Tap Step Jack,,NOT_NEEDED,Plyometrics,EXCLUDE_NON_MVP,Outside gym-first weight-training MVP default search,,unknown,,unknown,,,unsupported,,review,,,1,1,0,SCOPE_RESOLVED_EXCLUDED
gvs_07e6d1bfdc2d375f,gvc_808a31530eed,Burpee Squat,Burpee Squat,,NOT_NEEDED,Plyometrics,EXCLUDE_NON_MVP,Outside gym-first weight-training MVP default search,,unknown,하체,name,대퇴사두근,둔근,name_high,,review,,,1,1,0,SCOPE_RESOLVED_EXCLUDED
gvs_afeeee5ba8b5c75b,gvc_156515ea3a99,Burpee Tuck Jump,Burpee Tuck Jump,,NOT_NEEDED,Plyometrics,EXCLUDE_NON_MVP,Outside gym-first weight-training MVP default search,,unknown,,unknown,,,unsupported,,review,,,1,1,0,SCOPE_RESOLVED_EXCLUDED
gvs_da92b06f6faf4fc7,gvc_16386f5cf3a1,Burpee Twist,Burpee Twist,,NOT_NEEDED,Plyometrics,EXCLUDE_NON_MVP,Outside gym-first weight-training MVP default search,,unknown,,unknown,,,unsupported,,review,,,1,1,0,SCOPE_RESOLVED_EXCLUDED
gvs_6fd164008a8c64ea,gvc_012948ebf818,Burpee Two Star Jumps,Burpee Two Star Jumps,,NOT_NEEDED,Plyometrics,EXCLUDE_NON_MVP,Outside gym-first weight-training MVP default search,,unknown,,unknown,,,unsupported,,review,,,1,1,0,SCOPE_RESOLVED_EXCLUDED
gvs_0a8eb0f29f6019b0,gvc_2d46cdc37b26,Burpee With Push Up,Burpee With Push Up,,NOT_NEEDED,Cardio,EXCLUDE_NON_MVP,Outside gym-first weight-training MVP default search,,unknown,가슴,name,,,unsupported,,review,,,1,0,1,SCOPE_RESOLVED_EXCLUDED
gvs_b38b9b701f2b269e,gvc_59e52128e040,Butt Kick (version 2),Butt Kick,,NOT_NEEDED,Plyometrics,EXCLUDE_NON_MVP,Outside gym-first weight-training MVP default search,,unknown,,unknown,,,unsupported,,review,,,1,1,0,SCOPE_RESOLVED_EXCLUDED
gvs_f9b010db5629ba5b,gvc_1761b7423c01,Butt Kick And Jumping Jack,Butt Kick And Jumping Jack,,NOT_NEEDED,Plyometrics,EXCLUDE_NON_MVP,Outside gym-first weight-training MVP default search,,unknown,,unknown,,,unsupported,,review,,,1,1,0,SCOPE_RESOLVED_EXCLUDED
gvs_fbb4c5efa61dc32f,gvc_25bd8028e924,Butt Kick Jump,Butt Kick Jump,,NOT_NEEDED,Plyometrics,EXCLUDE_NON_MVP,Outside gym-first weight-training MVP default search,,unknown,,unknown,,,unsupported,,review,,,1,1,0,SCOPE_RESOLVED_EXCLUDED
gvs_c5f7cf39c6e28d9d,gvc_7e4b3e437728,Butt Kick With Row,Butt Kick With Row,,NOT_NEEDED,Plyometrics,EXCLUDE_NON_MVP,Outside gym-first weight-training MVP default search,,unknown,등,name,등 상부 / 광배근,이두근,name_high,,review,,,3,1,2,SCOPE_RESOLVED_EXCLUDED
gvs_855aef6abd219560,gvc_8385b0f7e7c0,Butt Kick With Shoulder Tap,Butt Kick With Shoulder Tap,,NOT_NEEDED,Plyometrics,EXCLUDE_NON_MVP,Outside gym-first weight-training MVP default search,,unknown,어깨,name,,,unsupported,,review,,,1,0,1,SCOPE_RESOLVED_EXCLUDED
gvs_285026428fbf91a4,gvc_a1cd22afdd1a,Butt Kicks,Butt Kicks,,NOT_NEEDED,Cardio,EXCLUDE_NON_MVP,Outside gym-first weight-training MVP default search,,unknown,,unknown,,,unsupported,,review,,,4,3,1,SCOPE_RESOLVED_EXCLUDED
gvs_23277dcdd4156be9,gvc_8a3c3db29105,Butterfly Forward Leaning,Butterfly Forward Leaning,,NOT_NEEDED,Stretching,EXCLUDE_NON_MVP,Outside gym-first weight-training MVP default search,,unknown,,unknown,,,unsupported,,review,,,1,0,1,SCOPE_RESOLVED_EXCLUDED
gvs_f106a8dbfb7564a3,gvc_5aaef5c6e361,Butterfly Pose Forward,Butterfly Pose Forward,,NOT_NEEDED,Stretching,EXCLUDE_NON_MVP,Outside gym-first weight-training MVP default search,,unknown,,unknown,,,unsupported,,review,,,1,0,1,SCOPE_RESOLVED_EXCLUDED
gvs_d31f4a549de17066,gvc_c290aa3049d4,Butterfly Yoga Pose,Butterfly Yoga Pose,,NOT_NEEDED,Thighs,EXCLUDE_NON_MVP,Outside gym-first weight-training MVP default search,Bodyweight,inferred_bodyweight,하체,source,,,unsupported,reps,bodyweight,duration,,2,1,1,SCOPE_RESOLVED_EXCLUDED
gvs_296fcbb63182648e,gvc_2121bc9542a5;gvc_cfd17abcff0c,Cable Standing Jab | Cable Standing Jab (version 2),Cable Standing Jab,,NOT_NEEDED,Plyometrics,EXCLUDE_NON_MVP,Outside gym-first weight-training MVP default search,Cable,source,,unknown,,,unsupported,weight_reps,equipment,,,2,2,0,SCOPE_RESOLVED_EXCLUDED
gvs_97cf4d2dbd55e7e1,gvc_0c02191be7ba,Calf Push Stretch With Hands Against Wall,Calf Push Stretch With Hands Against Wall,,NOT_NEEDED,Calves,EXCLUDE_NON_MVP,Outside gym-first weight-training MVP default search,Bodyweight,inferred_bodyweight,하체,source,,,unsupported,reps,bodyweight,duration,,1,1,0,SCOPE_RESOLVED_EXCLUDED
gvs_f1c8444a81e52ed8,gvc_17465bacad26,Calf Raise Clap,Calf Raise Clap,,NOT_NEEDED,Plyometrics,EXCLUDE_NON_MVP,Outside gym-first weight-training MVP default search,,unknown,하체,name,종아리,,name_high,,review,,,2,1,1,SCOPE_RESOLVED_EXCLUDED
gvs_d22f3a0f5bde10c7,gvc_f838b95fdf0d,Calf Stretch With Hands Against Wall,Calf Stretch With Hands Against Wall,,NOT_NEEDED,Calves,EXCLUDE_NON_MVP,Outside gym-first weight-training MVP default search,Bodyweight,inferred_bodyweight,하체,source,,,unsupported,reps,bodyweight,duration,,1,1,0,SCOPE_RESOLVED_EXCLUDED
gvs_7cec5d7fb8fd1987,gvc_e662fe83a64c,Calf Stretch With Rope,Calf Stretch With Rope,,NOT_NEEDED,Calves,EXCLUDE_NON_MVP,Outside gym-first weight-training MVP default search,Rope,source,하체,source,,,unsupported,,review,duration,,2,1,1,SCOPE_RESOLVED_EXCLUDED
gvs_c48a3c8099e7636a,gvc_9cbf80835ff6,Calves Stretch,Calves Stretch,,NOT_NEEDED,Calves,EXCLUDE_NON_MVP,Outside gym-first weight-training MVP default search,Bodyweight,inferred_bodyweight,하체,source,,,unsupported,reps,bodyweight,duration,,2,1,1,SCOPE_RESOLVED_EXCLUDED
gvs_9d7b02827d7cf35c,gvc_0c34c4be8336,Cardio Lunge,Cardio Lunge,,NOT_NEEDED,Cardio,EXCLUDE_NON_MVP,Outside gym-first weight-training MVP default search,,unknown,하체,name,대퇴사두근,둔근,name_high,,review,,,1,1,0,SCOPE_RESOLVED_EXCLUDED
gvs_b208d8b9ca532845,gvc_d87200b4d30c,Cat Cow Circle,Cat Cow Circle,,NOT_NEEDED,Stretching,EXCLUDE_NON_MVP,Outside gym-first weight-training MVP default search,,unknown,,unknown,,,unsupported,,review,,,1,0,1,SCOPE_RESOLVED_EXCLUDED
gvs_c20969668646cf74,gvc_2b9771fbb1cf,Cat Cow Lookback,Cat Cow Lookback,,NOT_NEEDED,Stretching,EXCLUDE_NON_MVP,Outside gym-first weight-training MVP default search,,unknown,,unknown,,,unsupported,,review,,,1,1,0,SCOPE_RESOLVED_EXCLUDED
gvs_ccb2b4393a0dad31,gvc_51bc79f152a3,Cat Cow Stretch,Cat Cow Stretch,,NOT_NEEDED,Stretching,EXCLUDE_NON_MVP,Outside gym-first weight-training MVP default search,,unknown,,unknown,,,unsupported,,review,,,2,1,1,SCOPE_RESOLVED_EXCLUDED
gvs_024b27179d5c8ac7,gvc_321471480ed2,Cat Cow To Wide Downward Dog Calf Stretch,Cat Cow To Wide Downward Dog Calf Stretch,,NOT_NEEDED,,EXCLUDE_NON_MVP,Outside gym-first weight-training MVP default search,,unknown,하체,name,,,unsupported,,review,duration,,1,0,1,SCOPE_RESOLVED_EXCLUDED
gvs_54dc6ef814467d84,gvc_25201742d9e3;gvc_f80bf8cf0b1e,Cat Stretch | Cat Stretch M,Cat Stretch,,NOT_NEEDED,Waist;Back,EXCLUDE_NON_MVP,Outside gym-first weight-training MVP default search,Bodyweight,inferred_bodyweight,,conflict,,,unsupported,reps,bodyweight,duration,BODY_SOURCE_CONFLICT,2,1,1,SCOPE_RESOLVED_EXCLUDED
gvs_eae7a788986ec37e,gvc_59bc28fe188c,Ceiling Look Stretch,Ceiling Look Stretch,,NOT_NEEDED,Thighs,EXCLUDE_NON_MVP,Outside gym-first weight-training MVP default search,Bodyweight,inferred_bodyweight,하체,source,,,unsupported,reps,bodyweight,duration,,2,1,1,SCOPE_RESOLVED_EXCLUDED
gvs_d470184424fa596e,gvc_fa253d36d73b,Celebratory Knee Drives,Celebratory Knee Drives,,NOT_NEEDED,Plyometrics,EXCLUDE_NON_MVP,Outside gym-first weight-training MVP default search,,unknown,,unknown,,,unsupported,,review,,,2,1,1,SCOPE_RESOLVED_EXCLUDED
gvs_a86efbd8d8e0a2a2,gvc_a6db3b80c8e8,Chaturanga Pose,Chaturanga Pose,,NOT_NEEDED,Stretching,EXCLUDE_NON_MVP,Outside gym-first weight-training MVP default search,,unknown,,unknown,,,unsupported,,review,,,1,0,1,SCOPE_RESOLVED_EXCLUDED
gvs_3de9b3198dba2ae5,gvc_3ff2a7f05cb2,Chest And Front Of Shoulder Stretch,Chest And Front Of Shoulder Stretch,,NOT_NEEDED,Chest,EXCLUDE_NON_MVP,Outside gym-first weight-training MVP default search,Bodyweight,inferred_bodyweight,가슴,source,,,unsupported,reps,bodyweight,duration,,1,1,0,SCOPE_RESOLVED_EXCLUDED
gvs_16e488349e5824ca,gvc_3ef2eed00b60,Chest Fly Side Step,Chest Fly Side Step,,NOT_NEEDED,Plyometrics,EXCLUDE_NON_MVP,Outside gym-first weight-training MVP default search,,unknown,가슴,name,대흉근,삼두근 / 전면 삼각근,name_high,,review,,,2,1,1,SCOPE_RESOLVED_EXCLUDED
gvs_8d18068ae74a880c,gvc_3341c05183d3,Chest Lift With Rotation,Chest Lift With Rotation,,NOT_NEEDED,Pilates,EXCLUDE_NON_MVP,Outside gym-first weight-training MVP default search,,unknown,가슴,name,,,unsupported,,review,,,1,0,1,SCOPE_RESOLVED_EXCLUDED
gvs_b7606e174b97a51f,gvc_60e20377ed11,Chest Out Hands Behind (hold),Chest Out Hands Behind (Hold),,NOT_NEEDED,Stretching,EXCLUDE_NON_MVP,Outside gym-first weight-training MVP default search,,unknown,가슴,name,,,unsupported,duration,semantic,,,1,0,1,SCOPE_RESOLVED_EXCLUDED
gvs_03a28b3424f16ec2,gvc_63ac3e3bd5e6,Chest To Wall Middle Split,Chest To Wall Middle Split,,NOT_NEEDED,Stretching,EXCLUDE_NON_MVP,Outside gym-first weight-training MVP default search,,unknown,가슴,name,,,unsupported,,review,,,1,1,0,SCOPE_RESOLVED_EXCLUDED
gvs_93e2d2f966e07cc5,gvc_87da672ecf68,Child Pose,Child Pose,,NOT_NEEDED,Stretching,EXCLUDE_NON_MVP,Outside gym-first weight-training MVP default search,,unknown,,unknown,,,unsupported,,review,,,2,1,1,SCOPE_RESOLVED_EXCLUDED
gvs_a1ebcc38372c49ae,gvc_ed76a49b5898,Child Pose Arms Rotation,Child Pose Arms Rotation,,NOT_NEEDED,Stretching,EXCLUDE_NON_MVP,Outside gym-first weight-training MVP default search,,unknown,,unknown,,,unsupported,,review,,,2,1,1,SCOPE_RESOLVED_EXCLUDED
gvs_0fe6388046919116,gvc_dd2938d493f2,Child Pose Back Shift,Child Pose Back Shift,,NOT_NEEDED,Stretching,EXCLUDE_NON_MVP,Outside gym-first weight-training MVP default search,,unknown,,unknown,,,unsupported,,review,,,1,0,1,SCOPE_RESOLVED_EXCLUDED
gvs_682618b001040bce,gvc_17fe92acd750,Child Pose Cat Cow,Child Pose Cat Cow,,NOT_NEEDED,Stretching,EXCLUDE_NON_MVP,Outside gym-first weight-training MVP default search,,unknown,,unknown,,,unsupported,,review,,,1,0,1,SCOPE_RESOLVED_EXCLUDED
gvs_4fb1ba256d4bc5c1,gvc_342b00a2ef26,Child Pose Push Up,Child Pose Push Up,,NOT_NEEDED,Stretching,EXCLUDE_NON_MVP,Outside gym-first weight-training MVP default search,,unknown,가슴,name,,,unsupported,,review,,,1,1,0,SCOPE_RESOLVED_EXCLUDED
gvs_9bba9630238ba00a,gvc_3e3f000d659e,Child To Cobra Pose,Child To Cobra Pose,,NOT_NEEDED,Stretching,EXCLUDE_NON_MVP,Outside gym-first weight-training MVP default search,,unknown,,unknown,,,unsupported,,review,,,2,1,1,SCOPE_RESOLVED_EXCLUDED
gvs_585907a6667881b8,gvc_d8a386718bff,Chin To Chest Stretch,Chin To Chest Stretch,,NOT_NEEDED,Waist,EXCLUDE_NON_MVP,Outside gym-first weight-training MVP default search,Bodyweight,inferred_bodyweight,코어,source,,,unsupported,reps,bodyweight,duration,,2,1,1,SCOPE_RESOLVED_EXCLUDED
gvs_030fd64fc4a44807,gvc_a0c76c0b8b2a,Chin Tuck Hold,Chin Tuck Hold,,NOT_NEEDED,Stretching,EXCLUDE_NON_MVP,Outside gym-first weight-training MVP default search,,unknown,,unknown,,,unsupported,duration,semantic,,,1,0,1,SCOPE_RESOLVED_EXCLUDED
gvs_08536d06544deb70,gvc_beba0af2a3bc,Chop Knee Raise,Chop Knee Raise,,NOT_NEEDED,Plyometrics,EXCLUDE_NON_MVP,Outside gym-first weight-training MVP default search,,unknown,,unknown,복직근,,name_high,,review,,,1,1,0,SCOPE_RESOLVED_EXCLUDED
gvs_7fde03827cd848c4,gvc_756d3ebdae1e,Circle Arms Knee Raises On Chair,Circle Arms Knee Raises On Chair,,NOT_NEEDED,Plyometrics,EXCLUDE_NON_MVP,Outside gym-first weight-training MVP default search,,unknown,,unknown,,,unsupported,,review,,,1,1,0,SCOPE_RESOLVED_EXCLUDED
gvs_d91d353d08f4a5b5,gvc_b6ead4c63a9c,Circles Knee Stretch,Circles Knee Stretch,,NOT_NEEDED,Calves,EXCLUDE_NON_MVP,Outside gym-first weight-training MVP default search,Bodyweight,inferred_bodyweight,하체,source,,,unsupported,reps,bodyweight,duration,,3,1,2,SCOPE_RESOLVED_EXCLUDED
gvs_3b91937cfc4f21f6,gvc_4ae65d881eb9,Clap Jack,Clap Jack,,NOT_NEEDED,Plyometrics,EXCLUDE_NON_MVP,Outside gym-first weight-training MVP default search,,unknown,,unknown,,,unsupported,,review,,,1,1,0,SCOPE_RESOLVED_EXCLUDED
gvs_0814bbbb1710854b,gvc_77b414fdd20d,Clap Push Up,Clap Push Up,,NOT_NEEDED,Plyometrics,EXCLUDE_NON_MVP,Outside gym-first weight-training MVP default search,,unknown,가슴,name,,,unsupported,,review,,,1,0,1,SCOPE_RESOLVED_EXCLUDED
gvs_5ef7d08bbae93083,gvc_83194d290557,Cobra Lookback,Cobra Lookback,,NOT_NEEDED,Stretching,EXCLUDE_NON_MVP,Outside gym-first weight-training MVP default search,,unknown,,unknown,,,unsupported,,review,,,1,0,1,SCOPE_RESOLVED_EXCLUDED
gvs_2c9aa753ab160793,gvc_74b422639df0,Cobra Pose With Wide Legs,Cobra Pose With Wide Legs,,NOT_NEEDED,Stretching,EXCLUDE_NON_MVP,Outside gym-first weight-training MVP default search,,unknown,,unknown,,,unsupported,,review,,,1,0,1,SCOPE_RESOLVED_EXCLUDED
gvs_208ae01414aa5d8a,gvc_684a7cb2a07e,Cobra Side Ab Stretch,Cobra Side Ab Stretch,,NOT_NEEDED,Waist,EXCLUDE_NON_MVP,Outside gym-first weight-training MVP default search,Bodyweight,inferred_bodyweight,코어,source,,,unsupported,reps,bodyweight,duration,,1,0,1,SCOPE_RESOLVED_EXCLUDED
gvs_872664ec76405d96,gvc_e8130c94bdcf,Cobra To Child Pose,Cobra To Child Pose,,NOT_NEEDED,Stretching,EXCLUDE_NON_MVP,Outside gym-first weight-training MVP default search,,unknown,,unknown,,,unsupported,,review,,,2,1,1,SCOPE_RESOLVED_EXCLUDED
gvs_f4bda5a08b1bf5be,gvc_01d4214d3500,Cobra Yoga Pose,Cobra Yoga Pose,,NOT_NEEDED,Waist,EXCLUDE_NON_MVP,Outside gym-first weight-training MVP default search,Bodyweight,inferred_bodyweight,코어,source,,,unsupported,reps,bodyweight,duration,,3,1,2,SCOPE_RESOLVED_EXCLUDED
gvs_beb72be7789cc59f,gvc_596d957cc10f;gvc_cb07fd86a06a,Coner Wall Chest Stretch | Coner Wall Chest Stretch (version 2),Coner Wall Chest Stretch,,NOT_NEEDED,Chest,EXCLUDE_NON_MVP,Outside gym-first weight-training MVP default search,Bodyweight,inferred_bodyweight,가슴,source,,,unsupported,reps,bodyweight,duration,,3,2,1,SCOPE_RESOLVED_EXCLUDED
gvs_961cec7668ab2598,gvc_7b8b3d3551c7,Control Balance,Control Balance,,NOT_NEEDED,Pilates,EXCLUDE_NON_MVP,Outside gym-first weight-training MVP default search,,unknown,,unknown,,,unsupported,,review,,,1,0,1,SCOPE_RESOLVED_EXCLUDED
gvs_e9fadd39ae96c40d,gvc_81ebbcc6722b,Corkscrew,Corkscrew,,NOT_NEEDED,Pilates,EXCLUDE_NON_MVP,Outside gym-first weight-training MVP default search,,unknown,,unknown,,,unsupported,,review,,,1,0,1,SCOPE_RESOLVED_EXCLUDED
gvs_1e9b89dcdcc31f7e,gvc_cd6e27024731,Corner Touch,Corner Touch,,NOT_NEEDED,Plyometrics,EXCLUDE_NON_MVP,Outside gym-first weight-training MVP default search,,unknown,,unknown,,,unsupported,,review,,,1,1,0,SCOPE_RESOLVED_EXCLUDED
gvs_0b80e3001850a052,gvc_7f1133e197ad,Corpse Pose Savasana,Corpse Pose Savasana,,NOT_NEEDED,Stretching,EXCLUDE_NON_MVP,Outside gym-first weight-training MVP default search,,unknown,,unknown,,,unsupported,,review,,,1,0,1,SCOPE_RESOLVED_EXCLUDED
gvs_d4b09b021050ade0,gvc_39c1f8706d16,Couch Hip Flexor Stretch,Couch Hip Flexor Stretch,,NOT_NEEDED,Stretching,EXCLUDE_NON_MVP,Outside gym-first weight-training MVP default search,,unknown,,unknown,,,unsupported,,review,,,1,0,1,SCOPE_RESOLVED_EXCLUDED
gvs_8bb9a72c7ae299d6,gvc_b7f9b92f1211,Couch Stretch,Couch Stretch,,NOT_NEEDED,Stretching,EXCLUDE_NON_MVP,Outside gym-first weight-training MVP default search,,unknown,,unknown,,,unsupported,,review,,,1,1,0,SCOPE_RESOLVED_EXCLUDED
gvs_0a755d52214e1cb0,gvc_ab8bbbfef709,Countermovement Jump Arms On Hip,Countermovement Jump Arms On Hip,,NOT_NEEDED,Plyometrics,EXCLUDE_NON_MVP,Outside gym-first weight-training MVP default search,,unknown,,unknown,,,unsupported,,review,,,1,1,0,SCOPE_RESOLVED_EXCLUDED
gvs_212c393c3078515a,gvc_92e7c977756c,Countermovement Jump Arms Pull,Countermovement Jump Arms Pull,,NOT_NEEDED,Plyometrics,EXCLUDE_NON_MVP,Outside gym-first weight-training MVP default search,,unknown,,unknown,,,unsupported,,review,,,1,1,0,SCOPE_RESOLVED_EXCLUDED
gvs_a7105f13e16592d3,gvc_c58cb9baf536,Cow Stretch,Cow Stretch,,NOT_NEEDED,Waist,EXCLUDE_NON_MVP,Outside gym-first weight-training MVP default search,Bodyweight,inferred_bodyweight,코어,source,,,unsupported,reps,bodyweight,duration,,1,1,0,SCOPE_RESOLVED_EXCLUDED
gvs_d82f23f18cf4007d,gvc_95385c128995,Cow Yoga Pose Bitilasana,Cow Yoga Pose Bitilasana,,NOT_NEEDED,Stretching,EXCLUDE_NON_MVP,Outside gym-first weight-training MVP default search,,unknown,,unknown,,,unsupported,,review,,,1,0,1,SCOPE_RESOLVED_EXCLUDED
gvs_6ed91d5b662421b3,gvc_124661908c83,Crab,Crab,,NOT_NEEDED,Pilates,EXCLUDE_NON_MVP,Outside gym-first weight-training MVP default search,,unknown,,unknown,,,unsupported,,review,,,1,0,1,SCOPE_RESOLVED_EXCLUDED
gvs_d3b19159670dad25,gvc_2ac1b7bf9633,Crab Pose,Crab Pose,,NOT_NEEDED,Stretching,EXCLUDE_NON_MVP,Outside gym-first weight-training MVP default search,,unknown,,unknown,,,unsupported,,review,,,1,1,0,SCOPE_RESOLVED_EXCLUDED
gvs_b56de942dd364372,gvc_538e438d120a;gvc_90b4abe96d25,Crab Walk | Crab Walk (version 2),Crab Walk,,NOT_NEEDED,Plyometrics,EXCLUDE_NON_MVP,Outside gym-first weight-training MVP default search,,unknown,,unknown,,,unsupported,,review,,,2,2,0,SCOPE_RESOLVED_EXCLUDED
gvs_45a69ecb246cff3b,gvc_91d35a2cfb7d,Criss Cross Arms Outer Rotation,Criss Cross Arms Outer Rotation,,NOT_NEEDED,Plyometrics,EXCLUDE_NON_MVP,Outside gym-first weight-training MVP default search,,unknown,,unknown,,,unsupported,,review,,,1,1,0,SCOPE_RESOLVED_EXCLUDED
gvs_fa5cf7f86c09c27a,gvc_1a3a7f3a2445,Criss Cross Elbow To Knee,Criss Cross Elbow To Knee,,NOT_NEEDED,Plyometrics,EXCLUDE_NON_MVP,Outside gym-first weight-training MVP default search,,unknown,,unknown,,,unsupported,,review,,,1,1,0,SCOPE_RESOLVED_EXCLUDED
gvs_e330be7349ff619b,gvc_0ebfcee2c411,Criss Cross Jack,Criss Cross Jack,,NOT_NEEDED,Plyometrics,EXCLUDE_NON_MVP,Outside gym-first weight-training MVP default search,,unknown,,unknown,,,unsupported,,review,,,2,1,1,SCOPE_RESOLVED_EXCLUDED
gvs_3490a07f298feecf,gvc_a5edc9e28872,Criss Cross Jump,Criss Cross Jump,,NOT_NEEDED,Plyometrics,EXCLUDE_NON_MVP,Outside gym-first weight-training MVP default search,,unknown,,unknown,,,unsupported,,review,,,2,1,1,SCOPE_RESOLVED_EXCLUDED
gvs_2a3f27f1681e1079,gvc_45a9e016097d,Criss Cross Stepback Hops,Criss Cross Stepback Hops,,NOT_NEEDED,Plyometrics,EXCLUDE_NON_MVP,Outside gym-first weight-training MVP default search,,unknown,,unknown,,,unsupported,,review,,,1,0,1,SCOPE_RESOLVED_EXCLUDED
gvs_b9ece2ab9f7cf793,gvc_450c8459d2ef,Crocodile Crawl,Crocodile Crawl,,NOT_NEEDED,Plyometrics,EXCLUDE_NON_MVP,Outside gym-first weight-training MVP default search,,unknown,,unknown,,,unsupported,,review,,,1,1,0,SCOPE_RESOLVED_EXCLUDED
gvs_76480a00a9cb907e,gvc_a6d11325152e,Cross Arms Alternate Leg Lift,Cross Arms Alternate Leg Lift,,NOT_NEEDED,Plyometrics,EXCLUDE_NON_MVP,Outside gym-first weight-training MVP default search,,unknown,하체,name,,,unsupported,,review,,,1,0,1,SCOPE_RESOLVED_EXCLUDED
gvs_cf01f2f171fda31d,gvc_f99a81f609bf,Cross Body Heel Tap,Cross Body Heel Tap,,NOT_NEEDED,Plyometrics,EXCLUDE_NON_MVP,Outside gym-first weight-training MVP default search,,unknown,,unknown,,,unsupported,,review,,,1,0,1,SCOPE_RESOLVED_EXCLUDED
gvs_074dc9bb328d4c8b,gvc_47cff385b4d1,Cross Body Punch Jack,Cross Body Punch Jack,,NOT_NEEDED,Plyometrics,EXCLUDE_NON_MVP,Outside gym-first weight-training MVP default search,,unknown,,unknown,,,unsupported,,review,,,1,1,0,SCOPE_RESOLVED_EXCLUDED
gvs_af79f2f5f12329c5,gvc_0a9a5e5268ed,Cross Body Push Up,Cross Body Push Up,,NOT_NEEDED,Plyometrics,EXCLUDE_NON_MVP,Outside gym-first weight-training MVP default search,,unknown,가슴,name,,,unsupported,,review,,,1,1,0,SCOPE_RESOLVED_EXCLUDED
gvs_310a520c29a08a36,gvc_687c9a0a8e79,Cross Climber On A Padded Stool,Cross Climber On A Padded Stool,,NOT_NEEDED,Plyometrics,EXCLUDE_NON_MVP,Outside gym-first weight-training MVP default search,,unknown,,unknown,,,unsupported,,review,,,1,1,0,SCOPE_RESOLVED_EXCLUDED
gvs_7f6cf184b6d7dcc6,gvc_190f06647f85,Cross Jump Jack,Cross Jump Jack,,NOT_NEEDED,Plyometrics,EXCLUDE_NON_MVP,Outside gym-first weight-training MVP default search,,unknown,,unknown,,,unsupported,,review,,,1,1,0,SCOPE_RESOLVED_EXCLUDED
gvs_efb34809e6d433c1,gvc_d65383512a0e,Cross Knee To Toe Touch,Cross Knee To Toe Touch,,NOT_NEEDED,Plyometrics,EXCLUDE_NON_MVP,Outside gym-first weight-training MVP default search,,unknown,,unknown,,,unsupported,,review,,,1,0,1,SCOPE_RESOLVED_EXCLUDED
gvs_df4fbff197a20495,gvc_e86a096f1a3c,Cross Mountain Climber Against Wall,Cross Mountain Climber Against Wall,,NOT_NEEDED,Waist,EXCLUDE_NON_MVP,Outside gym-first weight-training MVP default search,Bodyweight,inferred_bodyweight,코어,source,,,unsupported,reps,bodyweight,reps,,1,1,0,SCOPE_RESOLVED_EXCLUDED
gvs_2b56ca76579976b4,gvc_d544da91238c,Cross Mountain Climber Kick Against Wall,Cross Mountain Climber Kick Against Wall,,NOT_NEEDED,Waist,EXCLUDE_NON_MVP,Outside gym-first weight-training MVP default search,Bodyweight,inferred_bodyweight,코어,source,,,unsupported,reps,bodyweight,reps,,1,1,0,SCOPE_RESOLVED_EXCLUDED
gvs_496822ea8ab65b08,gvc_76eaa798c278,Crossed Arms Front Leg Kick,Crossed Arms Front Leg Kick,,NOT_NEEDED,Plyometrics,EXCLUDE_NON_MVP,Outside gym-first weight-training MVP default search,,unknown,하체,name,,,unsupported,,review,,,1,0,1,SCOPE_RESOLVED_EXCLUDED
gvs_50d807eba09a2c23,gvc_42956b801336,Crossed Legs Hip Stretch,Crossed Legs Hip Stretch,,NOT_NEEDED,Stretching,EXCLUDE_NON_MVP,Outside gym-first weight-training MVP default search,,unknown,,unknown,,,unsupported,,review,,,1,0,1,SCOPE_RESOLVED_EXCLUDED
gvs_4f20a34550ae29c9,gvc_9a31b8e8c379,Crossover Kneeling Hip Flexor Stretch,Crossover Kneeling Hip Flexor Stretch,,NOT_NEEDED,Hips,EXCLUDE_NON_MVP,Outside gym-first weight-training MVP default search,Bodyweight,inferred_bodyweight,하체,source,,,unsupported,reps,bodyweight,duration,,3,1,2,SCOPE_RESOLVED_EXCLUDED
gvs_9ff7adf2f8303254,gvc_58027a970efb,Crouching Heel Back Calf Stretch,Crouching Heel Back Calf Stretch,,NOT_NEEDED,Calves,EXCLUDE_NON_MVP,Outside gym-first weight-training MVP default search,Bodyweight,inferred_bodyweight,하체,source,,,unsupported,reps,bodyweight,duration,,1,1,0,SCOPE_RESOLVED_EXCLUDED
gvs_bda17119de7bea8d,gvc_d56cf53b1c1f,Curtsey Cross Punch,Curtsey Cross Punch,,NOT_NEEDED,Plyometrics,EXCLUDE_NON_MVP,Outside gym-first weight-training MVP default search,,unknown,,unknown,,,unsupported,,review,,,1,1,0,SCOPE_RESOLVED_EXCLUDED
gvs_f5c05f00a57ca52a,gvc_aac8bf5c93c0,Curtsey Lunge Hand Swipes,Curtsey Lunge Hand Swipes,,NOT_NEEDED,Plyometrics,EXCLUDE_NON_MVP,Outside gym-first weight-training MVP default search,,unknown,하체,name,대퇴사두근,둔근,name_high,,review,,,1,0,1,SCOPE_RESOLVED_EXCLUDED
gvs_f305b5aa4ea8f52c,gvc_7c6ab784264d,Curtsey Lunge Knee Up,Curtsey Lunge Knee Up,,NOT_NEEDED,Plyometrics,EXCLUDE_NON_MVP,Outside gym-first weight-training MVP default search,,unknown,하체,name,대퇴사두근,둔근,name_high,,review,,,1,0,1,SCOPE_RESOLVED_EXCLUDED
gvs_6afc534183adcee5,gvc_891b0cda5bee,Curtsey Side Step,Curtsey Side Step,,NOT_NEEDED,Plyometrics,EXCLUDE_NON_MVP,Outside gym-first weight-training MVP default search,,unknown,,unknown,,,unsupported,,review,,,1,1,0,SCOPE_RESOLVED_EXCLUDED
gvs_bb68717ad0c7588c,gvc_6c9263e50850,Dancer Bend,Dancer Bend,,NOT_NEEDED,Plyometrics,EXCLUDE_NON_MVP,Outside gym-first weight-training MVP default search,,unknown,,unknown,,,unsupported,,review,,,1,0,1,SCOPE_RESOLVED_EXCLUDED
gvs_d0846c790656a5ed,gvc_225c0b433597,Dead Hang Stretch,Dead Hang Stretch,,NOT_NEEDED,Stretching,EXCLUDE_NON_MVP,Outside gym-first weight-training MVP default search,,unknown,,unknown,,,unsupported,duration,semantic,,,1,1,0,SCOPE_RESOLVED_EXCLUDED
gvs_4efa0a630365d89b,gvc_14a645033dc3,Deadlift Jump,Deadlift Jump,,NOT_NEEDED,Plyometrics,EXCLUDE_NON_MVP,Outside gym-first weight-training MVP default search,,unknown,하체,name,둔근 / 햄스트링,등 / 코어,name_high,,review,,,1,1,0,SCOPE_RESOLVED_EXCLUDED
gvs_972d8b3d66cf7cbd,gvc_e521de484a7a,Deep Lunge Dorsi Flexion,Deep Lunge Dorsi Flexion,,NOT_NEEDED,Stretching,EXCLUDE_NON_MVP,Outside gym-first weight-training MVP default search,,unknown,하체,name,대퇴사두근,둔근,name_high,,review,,,2,1,1,SCOPE_RESOLVED_EXCLUDED
gvs_4aafebcb68fb2f63,gvc_6ad923aca717,Deep Lunge Thoraic Stretch,Deep Lunge Thoraic Stretch,,NOT_NEEDED,Stretching,EXCLUDE_NON_MVP,Outside gym-first weight-training MVP default search,,unknown,하체,name,대퇴사두근,둔근,name_high,,review,,,1,0,1,SCOPE_RESOLVED_EXCLUDED
gvs_afddd1fa9a07bf00,gvc_768b98b83243,Deep Lunge To Hamstring Stretch,Deep Lunge To Hamstring Stretch,,NOT_NEEDED,Stretching,EXCLUDE_NON_MVP,Outside gym-first weight-training MVP default search,,unknown,하체,name,대퇴사두근,둔근,name_high,,review,,,1,0,1,SCOPE_RESOLVED_EXCLUDED
gvs_77b4034c2e08d7d6,gvc_c2c8cfe1435a,Deep Squat Head To Floor,Deep Squat Head To Floor,,NOT_NEEDED,Stretching,EXCLUDE_NON_MVP,Outside gym-first weight-training MVP default search,,unknown,하체,name,대퇴사두근,둔근,name_high,,review,,,1,1,0,SCOPE_RESOLVED_EXCLUDED
gvs_6c13fda6ae66dd1c,gvc_b388b31decfe,Deep Squat Reach Forward Reach Up,Deep Squat Reach Forward Reach Up,,NOT_NEEDED,Stretching,EXCLUDE_NON_MVP,Outside gym-first weight-training MVP default search,,unknown,하체,name,대퇴사두근,둔근,name_high,,review,,,1,1,0,SCOPE_RESOLVED_EXCLUDED
gvs_fede88af7227f6cf,gvc_ca14b843eafe,Deep Squat Turn,Deep Squat Turn,,NOT_NEEDED,Stretching,EXCLUDE_NON_MVP,Outside gym-first weight-training MVP default search,,unknown,하체,name,대퇴사두근,둔근,name_high,,review,,,2,1,1,SCOPE_RESOLVED_EXCLUDED
gvs_144e5556010cd56c,gvc_acf784850b42,Depth Jump,Depth Jump,,NOT_NEEDED,Plyometrics,EXCLUDE_NON_MVP,Outside gym-first weight-training MVP default search,,unknown,,unknown,,,unsupported,,review,,,1,1,0,SCOPE_RESOLVED_EXCLUDED
gvs_ed81e01901dd0d49,gvc_68ee1cb1ac5a,Diagonal Bend Hold,Diagonal Bend Hold,,NOT_NEEDED,Stretching,EXCLUDE_NON_MVP,Outside gym-first weight-training MVP default search,,unknown,,unknown,,,unsupported,duration,semantic,,,1,0,1,SCOPE_RESOLVED_EXCLUDED
gvs_4baa9caf2b98b81f,gvc_5f1aef2e9c55,Diagonal Claps Woodchopper,Diagonal Claps Woodchopper,,NOT_NEEDED,Plyometrics,EXCLUDE_NON_MVP,Outside gym-first weight-training MVP default search,,unknown,,unknown,,,unsupported,,review,,,2,1,1,SCOPE_RESOLVED_EXCLUDED
gvs_5b72ad64d22b8fb2,gvc_1d4bf9ae1711,Diagonal Lunge,Diagonal Lunge,,NOT_NEEDED,Plyometrics,EXCLUDE_NON_MVP,Outside gym-first weight-training MVP default search,,unknown,하체,name,대퇴사두근,둔근,name_high,,review,,,2,1,1,SCOPE_RESOLVED_EXCLUDED
gvs_9544568ae06c4b3c,gvc_114fac8a5583,Diagonal Punch,Diagonal Punch,,NOT_NEEDED,Plyometrics,EXCLUDE_NON_MVP,Outside gym-first weight-training MVP default search,,unknown,,unknown,,,unsupported,,review,,,2,1,1,SCOPE_RESOLVED_EXCLUDED
gvs_672fea529b54bd78,gvc_16b1f5ea3f0d,Diagonal Stepback And Reach,Diagonal Stepback And Reach,,NOT_NEEDED,Plyometrics,EXCLUDE_NON_MVP,Outside gym-first weight-training MVP default search,,unknown,,unknown,,,unsupported,,review,,,1,0,1,SCOPE_RESOLVED_EXCLUDED
gvs_ac7360e8115f66ea,gvc_62439b04d178,Dish Hold,Dish Hold,,NOT_NEEDED,Stretching,EXCLUDE_NON_MVP,Outside gym-first weight-training MVP default search,,unknown,,unknown,,,unsupported,duration,semantic,,,1,1,0,SCOPE_RESOLVED_EXCLUDED
gvs_c06c0dba6a0e8f20,gvc_06860b18fb41,Dive Bomber Push Up,Dive Bomber Push Up,,NOT_NEEDED,Plyometrics,EXCLUDE_NON_MVP,Outside gym-first weight-training MVP default search,,unknown,가슴,name,,,unsupported,,review,,,1,1,0,SCOPE_RESOLVED_EXCLUDED
gvs_68031f6118957889,gvc_6c35adc75bd0,Diver Plank Jack,Diver Plank Jack,,NOT_NEEDED,Plyometrics,EXCLUDE_NON_MVP,Outside gym-first weight-training MVP default search,,unknown,코어,name,코어,,name_high,,review,,,1,1,0,SCOPE_RESOLVED_EXCLUDED
gvs_f608db0ee90c514c,gvc_36f80301b2d7,Dolphin Pose,Dolphin Pose,,NOT_NEEDED,Stretching,EXCLUDE_NON_MVP,Outside gym-first weight-training MVP default search,,unknown,,unknown,,,unsupported,,review,,,2,1,1,SCOPE_RESOLVED_EXCLUDED
gvs_1b60c78852b2a14a,gvc_9f80b7fd406b,Donkey Plank,Donkey Plank,,NOT_NEEDED,Stretching,EXCLUDE_NON_MVP,Outside gym-first weight-training MVP default search,,unknown,코어,name,코어,,name_high,duration,semantic,,,1,0,1,SCOPE_RESOLVED_EXCLUDED
gvs_1f40a3522319c734,gvc_89972b419779,Doorway Chest Stretch,Doorway Chest Stretch,,NOT_NEEDED,Chest,EXCLUDE_NON_MVP,Outside gym-first weight-training MVP default search,Bodyweight,inferred_bodyweight,가슴,source,,,unsupported,reps,bodyweight,duration,,1,1,0,SCOPE_RESOLVED_EXCLUDED
gvs_d8ee3e71704b32a1,gvc_d137f3d22d3b,Double Diagonal Reach,Double Diagonal Reach,,NOT_NEEDED,Plyometrics,EXCLUDE_NON_MVP,Outside gym-first weight-training MVP default search,,unknown,,unknown,,,unsupported,,review,,,1,0,1,SCOPE_RESOLVED_EXCLUDED
gvs_b05fb5647966f86e,gvc_739af18a2662,Double High Knee Side Hop,Double High Knee Side Hop,,NOT_NEEDED,Plyometrics,EXCLUDE_NON_MVP,Outside gym-first weight-training MVP default search,,unknown,,unknown,,,unsupported,,review,,,1,1,0,SCOPE_RESOLVED_EXCLUDED
gvs_002eb13312c36c83,gvc_95a71e81ae4d,Double Hip Rotation Cross Knee Drive,Double Hip Rotation Cross Knee Drive,,NOT_NEEDED,Plyometrics,EXCLUDE_NON_MVP,Outside gym-first weight-training MVP default search,,unknown,,unknown,,,unsupported,,review,,,1,0,1,SCOPE_RESOLVED_EXCLUDED
gvs_08979985db8f64c9,gvc_a1a48d46cb85,Double Jump Rope,Double Jump Rope,,NOT_NEEDED,Cardio,EXCLUDE_NON_MVP,Outside gym-first weight-training MVP default search,Rope,source,,unknown,,,unsupported,,review,,,1,1,0,SCOPE_RESOLVED_EXCLUDED
gvs_8d8bc8ead1cf0970,gvc_98ade4cd7c62,Double Knee Drive,Double Knee Drive,,NOT_NEEDED,Plyometrics,EXCLUDE_NON_MVP,Outside gym-first weight-training MVP default search,,unknown,,unknown,,,unsupported,,review,,,1,1,0,SCOPE_RESOLVED_EXCLUDED
gvs_86ecb646c36a576c,gvc_8e51cad3a555,Double Knee Elbow Pull Up,Double Knee Elbow Pull Up,,NOT_NEEDED,Plyometrics,EXCLUDE_NON_MVP,Outside gym-first weight-training MVP default search,,unknown,등,name,광배근,이두근 / 승모근,name_high,,review,,,1,0,1,SCOPE_RESOLVED_EXCLUDED
gvs_2317a0275980d827,gvc_035aea65310c,Double Knee Side Thrust,Double Knee Side Thrust,,NOT_NEEDED,Plyometrics,EXCLUDE_NON_MVP,Outside gym-first weight-training MVP default search,,unknown,,unknown,,,unsupported,,review,,,1,1,0,SCOPE_RESOLVED_EXCLUDED
gvs_60da4629b7cbf821,gvc_1dd5023bc335,Double Knee Thrust And Swipe,Double Knee Thrust And Swipe,,NOT_NEEDED,Plyometrics,EXCLUDE_NON_MVP,Outside gym-first weight-training MVP default search,,unknown,,unknown,,,unsupported,,review,,,1,1,0,SCOPE_RESOLVED_EXCLUDED
gvs_ab8a0d65f7d0b88d,gvc_4d78d6ca8684,Double Knee To Toe Touch,Double Knee To Toe Touch,,NOT_NEEDED,Plyometrics,EXCLUDE_NON_MVP,Outside gym-first weight-training MVP default search,,unknown,,unknown,,,unsupported,,review,,,1,0,1,SCOPE_RESOLVED_EXCLUDED
gvs_4dbe4dd300c3c9eb,gvc_4ede1efd8ff7,Double Lean Back Quadriceps Stretch,Double Lean Back Quadriceps Stretch,,NOT_NEEDED,Stretching;Thighs,EXCLUDE_NON_MVP,Outside gym-first weight-training MVP default search,Bodyweight,inferred_bodyweight,하체,source,,,unsupported,reps,bodyweight,duration,,2,1,1,SCOPE_RESOLVED_EXCLUDED
gvs_de40e2bd6b3e5bdd,gvc_154dd4f5f9c2,Double Leg Stretch,Double Leg Stretch,,NOT_NEEDED,Pilates,EXCLUDE_NON_MVP,Outside gym-first weight-training MVP default search,,unknown,하체,name,,,unsupported,,review,,,1,0,1,SCOPE_RESOLVED_EXCLUDED
gvs_38398f5983e2eae9,gvc_06b19c0fcab8,Double Pigeon Pose,Double Pigeon Pose,,NOT_NEEDED,Stretching,EXCLUDE_NON_MVP,Outside gym-first weight-training MVP default search,,unknown,,unknown,,,unsupported,,review,,,1,0,1,SCOPE_RESOLVED_EXCLUDED
gvs_acf7a1cd2fd919f5,gvc_59fd5c142211,Double Plank Jack To 4 Mountain Climber,Double Plank Jack To 4 Mountain Climber,,NOT_NEEDED,Plyometrics,EXCLUDE_NON_MVP,Outside gym-first weight-training MVP default search,,unknown,코어,name,코어,,name_high,,review,,,1,1,0,SCOPE_RESOLVED_EXCLUDED
gvs_b526c2038122ca63,gvc_9bbae1752e7e,Double Pulse Squat Kickback,Double Pulse Squat Kickback,,NOT_NEEDED,Plyometrics,EXCLUDE_NON_MVP,Outside gym-first weight-training MVP default search,,unknown,하체,name,대퇴사두근,둔근,name_high,,review,,,1,0,1,SCOPE_RESOLVED_EXCLUDED
gvs_4d37798781b51cff,gvc_c296d59f7282,Double Punch Front Leg Lift,Double Punch Front Leg Lift,,NOT_NEEDED,Plyometrics,EXCLUDE_NON_MVP,Outside gym-first weight-training MVP default search,,unknown,하체,name,,,unsupported,,review,,,2,1,1,SCOPE_RESOLVED_EXCLUDED
gvs_547e507c9f5236e6,gvc_80eed8a74404,Double Punch Knee Raise,Double Punch Knee Raise,,NOT_NEEDED,Plyometrics,EXCLUDE_NON_MVP,Outside gym-first weight-training MVP default search,,unknown,,unknown,복직근,,name_high,,review,,,1,0,1,SCOPE_RESOLVED_EXCLUDED
gvs_712e4289a21fc17d,gvc_013739321437,Double Side Step Kickback Rows,Double Side Step Kickback Rows,,NOT_NEEDED,Plyometrics,EXCLUDE_NON_MVP,Outside gym-first weight-training MVP default search,,unknown,,unknown,,,unsupported,,review,,,1,0,1,SCOPE_RESOLVED_EXCLUDED
gvs_4a0f5a13d4153c83,gvc_91acb9d26aba,Double Side Step Tricep Kickback,Double Side Step Tricep Kickback,,NOT_NEEDED,Plyometrics,EXCLUDE_NON_MVP,Outside gym-first weight-training MVP default search,,unknown,,unknown,,,unsupported,,review,,,1,0,1,SCOPE_RESOLVED_EXCLUDED
gvs_5bdd077226823dfc,gvc_da978b74218e,Double Side Step Walk,Double Side Step Walk,,NOT_NEEDED,Plyometrics,EXCLUDE_NON_MVP,Outside gym-first weight-training MVP default search,,unknown,,unknown,,,unsupported,,review,,,1,0,1,SCOPE_RESOLVED_EXCLUDED
gvs_dd9c426830feded6,gvc_ed0393e8c233,Double Twist Knee Up,Double Twist Knee Up,,NOT_NEEDED,Plyometrics,EXCLUDE_NON_MVP,Outside gym-first weight-training MVP default search,,unknown,,unknown,,,unsupported,,review,,,1,1,0,SCOPE_RESOLVED_EXCLUDED
gvs_b52364c7f54cb267,gvc_b383c6005e39,Double Under Jump Rope,Double Under Jump Rope,,NOT_NEEDED,Cardio,EXCLUDE_NON_MVP,Outside gym-first weight-training MVP default search,Rope,source,,unknown,,,unsupported,,review,,,1,1,0,SCOPE_RESOLVED_EXCLUDED
gvs_bb6108fb68bdccfb,gvc_10716e3baa4b,Double Woodchoppers,Double Woodchoppers,,NOT_NEEDED,Plyometrics,EXCLUDE_NON_MVP,Outside gym-first weight-training MVP default search,,unknown,,unknown,,,unsupported,,review,,,1,1,0,SCOPE_RESOLVED_EXCLUDED
gvs_53b5d8ff44582bbf,gvc_fba7f2ede9bd,Down Dog Knee To Nose,Down Dog Knee To Nose,,NOT_NEEDED,Stretching,EXCLUDE_NON_MVP,Outside gym-first weight-training MVP default search,,unknown,,unknown,,,unsupported,,review,,,1,0,1,SCOPE_RESOLVED_EXCLUDED
gvs_654b1d4707ddf1bf,gvc_7349402359dc,Downward Dog,Downward Dog,,NOT_NEEDED,Stretching,EXCLUDE_NON_MVP,Outside gym-first weight-training MVP default search,,unknown,,unknown,,,unsupported,,review,,,1,1,0,SCOPE_RESOLVED_EXCLUDED
gvs_1d3406a0576ce85a,gvc_9284c6d2d0b8,Downward Dog Hip Circle,Downward Dog Hip Circle,,NOT_NEEDED,Stretching,EXCLUDE_NON_MVP,Outside gym-first weight-training MVP default search,,unknown,,unknown,,,unsupported,,review,,,1,0,1,SCOPE_RESOLVED_EXCLUDED
gvs_1c33643521a32afd,gvc_54df3e4a2362,Downward Dog Leg Raise,Downward Dog Leg Raise,,NOT_NEEDED,Stretching,EXCLUDE_NON_MVP,Outside gym-first weight-training MVP default search,,unknown,하체,name,복직근,,name_high,,review,,BODY_MUSCLE_FAMILY_CONFLICT,1,0,1,SCOPE_RESOLVED_EXCLUDED
gvs_ae0f4c015d9354a9,gvc_ac2fe19cb795,Downward Dog Push Up Against Wall,Downward Dog Push Up Against Wall,,NOT_NEEDED,Plyometrics,EXCLUDE_NON_MVP,Outside gym-first weight-training MVP default search,,unknown,가슴,name,,,unsupported,,review,,,1,1,0,SCOPE_RESOLVED_EXCLUDED
gvs_8558f3d4525b8a36,gvc_6d807731123b,Downward Dog Sprint,Downward Dog Sprint,,NOT_NEEDED,Plyometrics,EXCLUDE_NON_MVP,Outside gym-first weight-training MVP default search,,unknown,,unknown,,,unsupported,,review,,,1,1,0,SCOPE_RESOLVED_EXCLUDED
gvs_64398f2b1a574dbb,gvc_1590adc68600,Downward Dog Squat,Downward Dog Squat,,NOT_NEEDED,Stretching,EXCLUDE_NON_MVP,Outside gym-first weight-training MVP default search,,unknown,하체,name,대퇴사두근,둔근,name_high,,review,,,2,1,1,SCOPE_RESOLVED_EXCLUDED
gvs_380425e06b908b9e,gvc_d57edab6f022,Downward Dog To Chaturanga Pose,Downward Dog To Chaturanga Pose,,NOT_NEEDED,Stretching,EXCLUDE_NON_MVP,Outside gym-first weight-training MVP default search,,unknown,,unknown,,,unsupported,,review,,,1,0,1,SCOPE_RESOLVED_EXCLUDED
gvs_b67187f786c6b14f,gvc_8f263470d6ba,Downward Dog To Chest Press,Downward Dog To Chest Press,,NOT_NEEDED,Stretching,EXCLUDE_NON_MVP,Outside gym-first weight-training MVP default search,,unknown,가슴,name,대흉근,삼두근 / 전면 삼각근,name_high,,review,,,1,1,0,SCOPE_RESOLVED_EXCLUDED
gvs_c1f3c9b98a4fbb01,gvc_bc99862ca468,Downward Facing Dog,Downward Facing Dog,,NOT_NEEDED,Stretching,EXCLUDE_NON_MVP,Outside gym-first weight-training MVP default search,,unknown,,unknown,,,unsupported,,review,,,2,1,1,SCOPE_RESOLVED_EXCLUDED
gvs_424cde93b4fcfe53,gvc_db8c1fd0ec3f,Duck And Forward Punches,Duck And Forward Punches,,NOT_NEEDED,Plyometrics,EXCLUDE_NON_MVP,Outside gym-first weight-training MVP default search,,unknown,,unknown,,,unsupported,,review,,,1,1,0,SCOPE_RESOLVED_EXCLUDED
gvs_599dfba84114f010,gvc_6e67d6bba51d;gvc_d9f43e592876,Duck And Side Punch | Duck Side Punch,Duck And Side Punch,,NOT_NEEDED,Plyometrics,EXCLUDE_NON_MVP,Outside gym-first weight-training MVP default search,,unknown,,unknown,,,unsupported,,review,,,2,1,1,SCOPE_RESOLVED_EXCLUDED
gvs_7324ff280de80a22,gvc_9ff9f9a8b752,Duck Walk,Duck Walk,,NOT_NEEDED,Plyometrics,EXCLUDE_NON_MVP,Outside gym-first weight-training MVP default search,,unknown,,unknown,,,unsupported,,review,,,1,0,1,SCOPE_RESOLVED_EXCLUDED
gvs_3b3afe4de27a18e9,gvc_1f61efe95270,Dumbbell Banded Wall Sit,Dumbbell Banded Wall Sit,,MANUAL,Thighs,EXCLUDE_RESERVED_RECORDING_MVP,Recording type is reserved and has no dedicated MVP UI,Dumbbell,source,하체,source,,,unsupported,weight_duration,reserved,duration,,1,1,0,SCOPE_RESOLVED_EXCLUDED
gvs_a0e5753d32f6263d,gvc_e2a832f46e9f,Dumbbell Burpee,Dumbbell Burpee,,NOT_NEEDED,Cardio,EXCLUDE_NON_MVP,Outside gym-first weight-training MVP default search,Dumbbell,source,,unknown,,,unsupported,weight_reps,equipment,,,2,1,1,SCOPE_RESOLVED_EXCLUDED
gvs_8d050eb6c9a341d8,gvc_21eb5e78a9e0,Dumbbell Crunch Hold With Legs Off,Dumbbell Crunch Hold With Legs Off,,MANUAL,Waist,EXCLUDE_RESERVED_RECORDING_MVP,Recording type is reserved and has no dedicated MVP UI,Dumbbell,source,코어,source,복직근,,name_high,weight_duration,reserved,weight_reps,,1,1,0,SCOPE_RESOLVED_EXCLUDED
gvs_748c6164a83e93ae,gvc_d4818670942e,Dumbbell Devils Press,Dumbbell Devils Press,,NOT_NEEDED,Plyometrics,EXCLUDE_NON_MVP,Outside gym-first weight-training MVP default search,Dumbbell,source,,unknown,,,unsupported,weight_reps,equipment,,,1,1,0,SCOPE_RESOLVED_EXCLUDED
gvs_aec864613c2a5289,gvc_435ac9ae5a4d,Dumbbell Goblet Side Lunge Stretch (version 2) (ma,Dumbbell Goblet Side Lunge Stretch,,NOT_NEEDED,,EXCLUDE_NON_MVP,Outside gym-first weight-training MVP default search,Dumbbell,source,하체,name,대퇴사두근,둔근,name_high,weight_reps,equipment,duration,,1,1,0,SCOPE_RESOLVED_EXCLUDED
gvs_280ac9b755836147,gvc_e9c3aac6fe38,Dumbbell Goblet Squat Side Shuffle,Dumbbell Goblet Squat Side Shuffle,,NOT_NEEDED,Plyometrics,EXCLUDE_NON_MVP,Outside gym-first weight-training MVP default search,Dumbbell,source,하체,name,대퇴사두근,둔근,name_high,weight_reps,equipment,,,1,1,0,SCOPE_RESOLVED_EXCLUDED
gvs_eb189aaa126f3e2c,gvc_1eca05c4f1bc,Dumbbell Goblet Wall Sit,Dumbbell Goblet Wall Sit,,MANUAL,Thighs,EXCLUDE_RESERVED_RECORDING_MVP,Recording type is reserved and has no dedicated MVP UI,Dumbbell,source,하체,source,,,unsupported,weight_duration,reserved,duration,,1,1,0,SCOPE_RESOLVED_EXCLUDED
gvs_e8779cdb9b516863,gvc_465fa67c9d22,Dumbbell Jumping Squat,Dumbbell Jumping Squat,,NOT_NEEDED,Plyometrics,EXCLUDE_NON_MVP,Outside gym-first weight-training MVP default search,Dumbbell,source,하체,name,대퇴사두근,둔근,name_high,weight_reps,equipment,,,1,1,0,SCOPE_RESOLVED_EXCLUDED
gvs_78ac26404ee1639e,gvc_30427fe4ba51,Dumbbell March On Spot Overhead Press,Dumbbell March On Spot Overhead Press,,NOT_NEEDED,Plyometrics,EXCLUDE_NON_MVP,Outside gym-first weight-training MVP default search,Dumbbell,source,어깨,name,삼각근,삼두근,name_high,weight_reps,equipment,,,1,1,0,SCOPE_RESOLVED_EXCLUDED
gvs_480e74ac2844297a,gvc_9e10faffc35a,Dumbbell Plank Jack,Dumbbell Plank Jack,,NOT_NEEDED,Plyometrics,EXCLUDE_NON_MVP,Outside gym-first weight-training MVP default search,Dumbbell,source,코어,name,코어,,name_high,weight_reps,equipment,,,1,0,1,SCOPE_RESOLVED_EXCLUDED
gvs_73ec682bf3d4bdbb,gvc_02ed7f2d4591,Dumbbell Seated Military Hold Alternate Leg Raise On Floor,Dumbbell Seated Military Hold Alternate Leg Raise On Floor,,MANUAL,Waist,EXCLUDE_RESERVED_RECORDING_MVP,Recording type is reserved and has no dedicated MVP UI,Dumbbell,source,코어,source,복직근,,name_high,weight_duration,reserved,weight_reps,,1,1,0,SCOPE_RESOLVED_EXCLUDED
gvs_565646fe58c504e4,gvc_9b2ebe52e33e,Dumbbell Split Lunge Stretch,Dumbbell Split Lunge Stretch,,NOT_NEEDED,Hips,EXCLUDE_NON_MVP,Outside gym-first weight-training MVP default search,Dumbbell,source,하체,source,대퇴사두근,둔근,name_high,weight_reps,equipment,duration,,1,0,1,SCOPE_RESOLVED_EXCLUDED
gvs_62383d4f27f9508f,gvc_ebb181111e6f,Dumbbell Squat Hold Calf Raise,Dumbbell Squat Hold Calf Raise,,MANUAL,Calves,EXCLUDE_RESERVED_RECORDING_MVP,Recording type is reserved and has no dedicated MVP UI,Dumbbell,source,하체,source,종아리,,name_high,weight_duration,reserved,weight_reps,,1,1,0,SCOPE_RESOLVED_EXCLUDED
gvs_24561227bf06fe5f,gvc_f1c9cfcb26a3,Dumbbell Suitcase Carry,Dumbbell Suitcase Carry,,MANUAL,Thighs,EXCLUDE_RESERVED_RECORDING_MVP,Recording type is reserved and has no dedicated MVP UI,Dumbbell,source,하체,source,,,unsupported,distance_weight,reserved,distance_weight,,1,1,0,SCOPE_RESOLVED_EXCLUDED
gvs_91f37e13bc8f225b,gvc_d129365c2044,Dynamic 90 90 Hip Twist,Dynamic 90 Hip Twist,,NOT_NEEDED,Stretching,EXCLUDE_NON_MVP,Outside gym-first weight-training MVP default search,,unknown,,unknown,,,unsupported,,review,,,1,1,0,SCOPE_RESOLVED_EXCLUDED
gvs_f0dd7a57c3b97bff,gvc_1877ee98c279,Dynamic Back Stretch,Dynamic Back Stretch,,NOT_NEEDED,Back,EXCLUDE_NON_MVP,Outside gym-first weight-training MVP default search,Bodyweight,inferred_bodyweight,등,source,,,unsupported,reps,bodyweight,duration,,2,1,1,SCOPE_RESOLVED_EXCLUDED
gvs_a1c000b408663c2e,gvc_27134b944ceb,Dynamic Butterfly Pose,Dynamic Butterfly Pose,,NOT_NEEDED,Stretching,EXCLUDE_NON_MVP,Outside gym-first weight-training MVP default search,,unknown,,unknown,,,unsupported,,review,,,1,0,1,SCOPE_RESOLVED_EXCLUDED
gvs_295f58d569ce462d,gvc_59ec8b4fbd8e,Dynamic Chest Stretch,Dynamic Chest Stretch,,NOT_NEEDED,Chest,EXCLUDE_NON_MVP,Outside gym-first weight-training MVP default search,Bodyweight,inferred_bodyweight,가슴,source,,,unsupported,reps,bodyweight,duration,,2,1,1,SCOPE_RESOLVED_EXCLUDED
gvs_184d4c25da0413ad,gvc_20ba28710ecb,Dynamic Half Child Pose,Dynamic Half Child Pose,,NOT_NEEDED,Stretching,EXCLUDE_NON_MVP,Outside gym-first weight-training MVP default search,,unknown,,unknown,,,unsupported,,review,,,1,0,1,SCOPE_RESOLVED_EXCLUDED
gvs_7cecc96e95aa0fbc,gvc_a3ac5445d0fd,Dynamic Knee Drop,Dynamic Knee Drop,,NOT_NEEDED,Stretching,EXCLUDE_NON_MVP,Outside gym-first weight-training MVP default search,,unknown,,unknown,,,unsupported,,review,,,2,1,1,SCOPE_RESOLVED_EXCLUDED
gvs_e789630316f8625b,gvc_9fe88c815325,Eagle Arms,Eagle Arms,,NOT_NEEDED,Stretching,EXCLUDE_NON_MVP,Outside gym-first weight-training MVP default search,,unknown,,unknown,,,unsupported,,review,,,1,0,1,SCOPE_RESOLVED_EXCLUDED
gvs_3820f294168404b6,gvc_fc4db872c7d0,Easy Pose (hands On Belly And Chest),Easy Pose (Hands On Belly And Chest),,NOT_NEEDED,Stretching,EXCLUDE_NON_MVP,Outside gym-first weight-training MVP default search,,unknown,가슴,name,,,unsupported,,review,,,1,0,1,SCOPE_RESOLVED_EXCLUDED
gvs_4064b8cf3b5c28e7,gvc_9bca6dc4eeba,Easy Pose (hands On Face),Easy Pose (Hands On Face),,NOT_NEEDED,Stretching,EXCLUDE_NON_MVP,Outside gym-first weight-training MVP default search,,unknown,,unknown,,,unsupported,,review,,,1,0,1,SCOPE_RESOLVED_EXCLUDED
gvs_2c237ecf56ca1107,gvc_8d2b48fa4e85,Easy Yoga Pose,Easy Yoga Pose,,NOT_NEEDED,Stretching,EXCLUDE_NON_MVP,Outside gym-first weight-training MVP default search,,unknown,,unknown,,,unsupported,,review,,,1,0,1,SCOPE_RESOLVED_EXCLUDED
gvs_dc5379a9233c0829,gvc_da58e9d7de83,Eight Angle Yoga Pose,Eight Angle Yoga Pose,,NOT_NEEDED,Stretching,EXCLUDE_NON_MVP,Outside gym-first weight-training MVP default search,,unknown,,unknown,,,unsupported,,review,,,1,0,1,SCOPE_RESOLVED_EXCLUDED
gvs_b1f89ac3c3ed2173,gvc_e6536fbd5300,Elbow Flexor Stretch,Elbow Flexor Stretch,,NOT_NEEDED,Upper-Arms,EXCLUDE_NON_MVP,Outside gym-first weight-training MVP default search,Bodyweight,inferred_bodyweight,팔,source,,,unsupported,reps,bodyweight,duration,,1,1,0,SCOPE_RESOLVED_EXCLUDED
gvs_d71d499caf57a28e,gvc_73e3b945fa23,Elbow Plank 3 Point Hops,Elbow Plank 3 Point Hops,,NOT_NEEDED,Plyometrics,EXCLUDE_NON_MVP,Outside gym-first weight-training MVP default search,,unknown,코어,name,코어,,name_high,duration,semantic,,,1,1,0,SCOPE_RESOLVED_EXCLUDED
gvs_ae7eece9ff76d2c5,gvc_2507ab20d903,Elbow To Arm Open Side Step,Elbow To Arm Open Side Step,,NOT_NEEDED,Plyometrics,EXCLUDE_NON_MVP,Outside gym-first weight-training MVP default search,,unknown,,unknown,,,unsupported,,review,,,1,0,1,SCOPE_RESOLVED_EXCLUDED
gvs_21f50284b5261a66,gvc_9216739dcf53,Elbows Back Stretch,Elbows Back Stretch,,NOT_NEEDED,Chest,EXCLUDE_NON_MVP,Outside gym-first weight-training MVP default search,Bodyweight,inferred_bodyweight,가슴,source,,,unsupported,reps,bodyweight,duration,,2,1,1,SCOPE_RESOLVED_EXCLUDED
gvs_88aab8e6efb46ce8,gvc_63f3e1b345fd,Elevanted Deep Lunge Dorsi Flexion,Elevated Deep Lunge Dorsi Flexion,,NOT_NEEDED,Stretching,EXCLUDE_NON_MVP,Outside gym-first weight-training MVP default search,,unknown,하체,name,대퇴사두근,둔근,name_high,,review,,,1,1,0,SCOPE_RESOLVED_EXCLUDED
gvs_c4e83b383ffa9516,gvc_fd5bdcbfd27a,Elevated Mountain Climber With Hands On A Bench (m,Elevated Mountain Climber With Hands On A Bench,,NOT_NEEDED,,EXCLUDE_NON_MVP,Outside gym-first weight-training MVP default search,,unknown,,unknown,,,unsupported,,review,reps,,1,1,0,SCOPE_RESOLVED_EXCLUDED
gvs_ce5852aacc1c455c,gvc_c5fbd0138d57,Elevated Mountain Climber With Hands On A Chair (m,Elevated Mountain Climber With Hands On A Chair,,NOT_NEEDED,,EXCLUDE_NON_MVP,Outside gym-first weight-training MVP default search,,unknown,,unknown,,,unsupported,,review,reps,,1,1,0,SCOPE_RESOLVED_EXCLUDED
gvs_d25a1c842039032a,gvc_6783aa88aa39,Elliptical Lateral Walk,Elliptical Lateral Walk,,NOT_NEEDED,Cardio,EXCLUDE_NON_MVP,Outside gym-first weight-training MVP default search,,unknown,,unknown,,,unsupported,,review,,,1,1,0,SCOPE_RESOLVED_EXCLUDED
gvs_feee93e04e0c648e,gvc_a84aa2b9cc44,Elliptical Machine Skiing,Elliptical Machine Skiing,,NOT_NEEDED,Cardio,EXCLUDE_NON_MVP,Outside gym-first weight-training MVP default search,Machine,source,,unknown,,,unsupported,weight_reps,equipment,,,1,0,1,SCOPE_RESOLVED_EXCLUDED
gvs_e24e5e29f840bcf5,gvc_fed106d99a86,Elliptical Machine Walk,Elliptical Machine Walk,,NOT_NEEDED,Cardio,EXCLUDE_NON_MVP,Outside gym-first weight-training MVP default search,Machine,source,,unknown,,,unsupported,weight_reps,equipment,,,2,1,1,SCOPE_RESOLVED_EXCLUDED
gvs_615c3582951f86dc,gvc_689f7e3bf015,Exercise Ball Lat Stretch,Exercise Ball Lat Stretch,,NOT_NEEDED,Back,EXCLUDE_NON_MVP,Outside gym-first weight-training MVP default search,Stability Ball,name,등,source,,,unsupported,,review,duration,,1,1,0,SCOPE_RESOLVED_EXCLUDED
gvs_3d80e1247aac01b2,gvc_bb0d1c854894,Exercise Ball Lying Side Lat Stretch,Exercise Ball Lying Side Lat Stretch,,NOT_NEEDED,Back,EXCLUDE_NON_MVP,Outside gym-first weight-training MVP default search,Stability Ball,name,등,source,,,unsupported,,review,duration,,1,1,0,SCOPE_RESOLVED_EXCLUDED
gvs_d88d0f1a15d8a0d4,gvc_3d94a89f699d,Extended Side Angle Yoga Pose,Extended Side Angle Yoga Pose,,NOT_NEEDED,Stretching,EXCLUDE_NON_MVP,Outside gym-first weight-training MVP default search,,unknown,,unknown,,,unsupported,,review,,,2,1,1,SCOPE_RESOLVED_EXCLUDED
gvs_640b2638112274ca,gvc_bf5ab75c6e91,Extension And Inclination Neck Stretch,Extension And Inclination Neck Stretch,,NOT_NEEDED,Neck,EXCLUDE_NON_MVP,Outside gym-first weight-training MVP default search,,unknown,기타,source,,,unsupported,,review,duration,,1,1,0,SCOPE_RESOLVED_EXCLUDED
gvs_39d6154c561478a2,gvc_6105656124a9,Extension Of Arms In Vertical Stretch,Extension Of Arms In Vertical Stretch,,NOT_NEEDED,Upper-Arms,EXCLUDE_NON_MVP,Outside gym-first weight-training MVP default search,Bodyweight,inferred_bodyweight,팔,source,,,unsupported,reps,bodyweight,duration,,1,1,0,SCOPE_RESOLVED_EXCLUDED
gvs_c7d6a2d1919a7271,gvc_f733ad4d00d1,Farmers Walk,Farmers Walk,,NOT_NEEDED,Cardio,EXCLUDE_NON_MVP,Outside gym-first weight-training MVP default search,,unknown,,unknown,,,unsupported,,review,,,2,1,1,SCOPE_RESOLVED_EXCLUDED
gvs_f08265d822cbbbca,gvc_d00ea1531aba,Feet And Ankles Rotation Stretch,Feet And Ankles Rotation Stretch,,NOT_NEEDED,Calves,EXCLUDE_NON_MVP,Outside gym-first weight-training MVP default search,Bodyweight,inferred_bodyweight,하체,source,,,unsupported,reps,bodyweight,duration,,2,1,1,SCOPE_RESOLVED_EXCLUDED
gvs_c36b428a82fd7fac,gvc_4115f910fce1,Feet And Ankles Side To Side Stretch,Feet And Ankles Side To Side Stretch,,NOT_NEEDED,Calves,EXCLUDE_NON_MVP,Outside gym-first weight-training MVP default search,Bodyweight,inferred_bodyweight,하체,source,,,unsupported,reps,bodyweight,duration,,1,0,1,SCOPE_RESOLVED_EXCLUDED
gvs_688a5db87052f812,gvc_d6337212792b,Feet And Ankles Stretch,Feet And Ankles Stretch,,NOT_NEEDED,Calves,EXCLUDE_NON_MVP,Outside gym-first weight-training MVP default search,Bodyweight,inferred_bodyweight,하체,source,,,unsupported,reps,bodyweight,duration,,2,1,1,SCOPE_RESOLVED_EXCLUDED
gvs_34ce49976948adaf,gvc_f67583060b9c,Feet Front Tap,Feet Front Tap,,NOT_NEEDED,Plyometrics,EXCLUDE_NON_MVP,Outside gym-first weight-training MVP default search,,unknown,,unknown,,,unsupported,,review,,,2,1,1,SCOPE_RESOLVED_EXCLUDED
gvs_56fa3cc0fa900312,gvc_ba2b8c0e9ab7,Figure 4 Sinal Rotation,Figure 4 Sinal Rotation,,NOT_NEEDED,Stretching,EXCLUDE_NON_MVP,Outside gym-first weight-training MVP default search,,unknown,,unknown,,,unsupported,,review,,,1,1,0,SCOPE_RESOLVED_EXCLUDED
gvs_3ab9920813208172,gvc_87bb0c50d57e,Figure 8 March,Figure 8 March,,NOT_NEEDED,Plyometrics,EXCLUDE_NON_MVP,Outside gym-first weight-training MVP default search,,unknown,,unknown,,,unsupported,,review,,,1,0,1,SCOPE_RESOLVED_EXCLUDED
gvs_ae800116b19b63b8,gvc_61951eec9927,Figure 8 With Towels,Figure 8 With Towels,,NOT_NEEDED,Plyometrics,EXCLUDE_NON_MVP,Outside gym-first weight-training MVP default search,,unknown,,unknown,,,unsupported,,review,,,1,1,0,SCOPE_RESOLVED_EXCLUDED
gvs_586559a660c4be74,gvc_b03b2e0697a7,Finger Flexor Stretch,Finger Flexor Stretch,,NOT_NEEDED,Forearms,EXCLUDE_NON_MVP,Outside gym-first weight-training MVP default search,Bodyweight,inferred_bodyweight,팔,source,,,unsupported,reps,bodyweight,duration,,1,1,0,SCOPE_RESOLVED_EXCLUDED
gvs_a3e5a0c5ad7bbbb1,gvc_3f0ccc36e47f,Fingers Down Forearm Stretch,Fingers Down Forearm Stretch,,NOT_NEEDED,Forearms,EXCLUDE_NON_MVP,Outside gym-first weight-training MVP default search,Bodyweight,inferred_bodyweight,팔,source,,,unsupported,reps,bodyweight,duration,,1,1,0,SCOPE_RESOLVED_EXCLUDED
gvs_2704b078936bf1be,gvc_046dca8c1462,Firefly Yoga Pose,Firefly Yoga Pose,,NOT_NEEDED,Stretching,EXCLUDE_NON_MVP,Outside gym-first weight-training MVP default search,,unknown,,unknown,,,unsupported,,review,,,1,0,1,SCOPE_RESOLVED_EXCLUDED
gvs_ac7996bd7cfaf2b1,gvc_8507cf7408c4,Fixed Bar Back Stretch,Fixed Bar Back Stretch,,NOT_NEEDED,Back,EXCLUDE_NON_MVP,Outside gym-first weight-training MVP default search,Bodyweight,inferred_bodyweight,등,source,,,unsupported,reps,bodyweight,duration,,1,1,0,SCOPE_RESOLVED_EXCLUDED
gvs_797e856956eea0b1,gvc_90b1de63918c,Flexion And Extension Hip Stretch,Flexion And Extension Hip Stretch,,NOT_NEEDED,Hips,EXCLUDE_NON_MVP,Outside gym-first weight-training MVP default search,Bodyweight,inferred_bodyweight,하체,source,,,unsupported,reps,bodyweight,duration,,1,1,0,SCOPE_RESOLVED_EXCLUDED
gvs_fbd0a0840fbdf242,gvc_1373289bef19,Floating Run On Chair,Floating Run On Chair,,NOT_NEEDED,Plyometrics,EXCLUDE_NON_MVP,Outside gym-first weight-training MVP default search,,unknown,,unknown,,,unsupported,,review,,,1,1,0,SCOPE_RESOLVED_EXCLUDED
gvs_310b8a9fbf7e1e97,gvc_1100b46d3f6b;gvc_dfd2108a6706,Floor Hyperextension | Floor Hyperextension (version 2),Floor Hyperextension,,NOT_NEEDED,Hips;Pilates,EXCLUDE_NON_MVP,Outside gym-first weight-training MVP default search,Bodyweight,inferred_bodyweight,하체,source,,,unsupported,reps,bodyweight,,,2,0,2,SCOPE_RESOLVED_EXCLUDED
gvs_ebf57a9000f2ea9e,gvc_ef424a47f7e9,Fly Front Step,Fly Front Step,,NOT_NEEDED,Plyometrics,EXCLUDE_NON_MVP,Outside gym-first weight-training MVP default search,,unknown,가슴,name,,,unsupported,,review,,,1,0,1,SCOPE_RESOLVED_EXCLUDED
gvs_05528b7f0518264f,gvc_2bcb86111f2c,Flying Lizard Yoga Pose Utthan Pristhasana (,Flying Lizard Yoga Pose Utthan Pristhasana,,NOT_NEEDED,,EXCLUDE_NON_MVP,Outside gym-first weight-training MVP default search,,unknown,,unknown,,,unsupported,,review,duration,,1,0,1,SCOPE_RESOLVED_EXCLUDED
gvs_7ac3d61addfa0cd4,gvc_a98a4fe0a8a2,Foot Tap Side Step,Foot Tap Side Step,,NOT_NEEDED,Plyometrics,EXCLUDE_NON_MVP,Outside gym-first weight-training MVP default search,,unknown,,unknown,,,unsupported,,review,,,1,0,1,SCOPE_RESOLVED_EXCLUDED
gvs_1c215f8114e4efa9,gvc_177267b64146,Forefoot Screw One Legged Stand,Forefoot Screw One Legged Stand,,NOT_NEEDED,Stretching,EXCLUDE_NON_MVP,Outside gym-first weight-training MVP default search,,unknown,,unknown,,,unsupported,,review,,,1,1,0,SCOPE_RESOLVED_EXCLUDED
gvs_465edfc1125da9ad,gvc_4053bf14bc3b,Forward Backward Hop,Forward Backward Hop,,NOT_NEEDED,Plyometrics,EXCLUDE_NON_MVP,Outside gym-first weight-training MVP default search,,unknown,,unknown,,,unsupported,,review,,,1,0,1,SCOPE_RESOLVED_EXCLUDED
gvs_c3b45ca2e45c58f4,gvc_af25925acb8b,Forward Backward Quick Step,Forward Backward Quick Step,,NOT_NEEDED,Plyometrics,EXCLUDE_NON_MVP,Outside gym-first weight-training MVP default search,,unknown,,unknown,,,unsupported,,review,,,1,1,0,SCOPE_RESOLVED_EXCLUDED
gvs_b2bca49a8edd6c60,gvc_62fceb239e5d,Forward Backward Shuffle,Forward Backward Shuffle,,NOT_NEEDED,Plyometrics,EXCLUDE_NON_MVP,Outside gym-first weight-training MVP default search,,unknown,,unknown,,,unsupported,,review,,,1,1,0,SCOPE_RESOLVED_EXCLUDED
gvs_dd6bf26fd20ee9ef,gvc_8d02350bd744,Forward Backward Sideward,Forward Backward Sideward,,NOT_NEEDED,Plyometrics,EXCLUDE_NON_MVP,Outside gym-first weight-training MVP default search,,unknown,,unknown,,,unsupported,,review,,,2,1,1,SCOPE_RESOLVED_EXCLUDED
gvs_f2a0d85482919532,gvc_31915c6d8587,Forward Bend Back Stretch,Forward Bend Back Stretch,,NOT_NEEDED,Stretching,EXCLUDE_NON_MVP,Outside gym-first weight-training MVP default search,,unknown,,unknown,,,unsupported,,review,,,2,1,1,SCOPE_RESOLVED_EXCLUDED
gvs_81977ba25c47c440,gvc_b9f33c4f440b,Forward Flexion Neck Stretch,Forward Flexion Neck Stretch,,NOT_NEEDED,Neck,EXCLUDE_NON_MVP,Outside gym-first weight-training MVP default search,,unknown,기타,source,,,unsupported,,review,duration,,1,1,0,SCOPE_RESOLVED_EXCLUDED
gvs_13dde4392d4fac89,gvc_9465ffe7927a,Forward Fold And Rock,Forward Fold And Rock,,NOT_NEEDED,Stretching,EXCLUDE_NON_MVP,Outside gym-first weight-training MVP default search,,unknown,,unknown,,,unsupported,,review,,,2,1,1,SCOPE_RESOLVED_EXCLUDED
gvs_085d806ddad4bb99,gvc_60d0717bb5e4,Forward Fold Twist With Toe Hold,Forward Fold Twist With Toe Hold,,NOT_NEEDED,Stretching,EXCLUDE_NON_MVP,Outside gym-first weight-training MVP default search,,unknown,,unknown,,,unsupported,duration,semantic,,,1,0,1,SCOPE_RESOLVED_EXCLUDED
gvs_341a9fe67133baac,gvc_4e59909cbaed,Forward Head Posture Hold,Forward Head Posture Hold,,NOT_NEEDED,Stretching,EXCLUDE_NON_MVP,Outside gym-first weight-training MVP default search,,unknown,,unknown,,,unsupported,duration,semantic,,,1,0,1,SCOPE_RESOLVED_EXCLUDED
gvs_755aad7230372ba0,gvc_9e126c2d003a,Forward Hop On A Padded Stool,Forward Hop On A Padded Stool,,NOT_NEEDED,Plyometrics,EXCLUDE_NON_MVP,Outside gym-first weight-training MVP default search,,unknown,,unknown,,,unsupported,,review,,,1,1,0,SCOPE_RESOLVED_EXCLUDED
gvs_63a2cf38e87d01d2,gvc_2c70cd454d2d,Forward Neck Stretch,Forward Neck Stretch,,NOT_NEEDED,Neck,EXCLUDE_NON_MVP,Outside gym-first weight-training MVP default search,,unknown,기타,source,,,unsupported,,review,duration,,1,0,1,SCOPE_RESOLVED_EXCLUDED
gvs_bf9498a22fc0b9b8,gvc_4aa9ce9cc338,Forward Punch Toe Tap,Forward Punch Toe Tap,,NOT_NEEDED,Plyometrics,EXCLUDE_NON_MVP,Outside gym-first weight-training MVP default search,,unknown,,unknown,,,unsupported,,review,,,1,0,1,SCOPE_RESOLVED_EXCLUDED
gvs_69eb46cc544b7396,gvc_21fe1d70af4a,Forward Sideward Hop,Forward Sideward Hop,,NOT_NEEDED,Plyometrics,EXCLUDE_NON_MVP,Outside gym-first weight-training MVP default search,,unknown,,unknown,,,unsupported,,review,,,1,1,0,SCOPE_RESOLVED_EXCLUDED
gvs_12af0bb8463a90aa,gvc_3154d2c408ae,Forward Step Air Bike,Forward Step Air Bike,,NOT_NEEDED,Plyometrics,EXCLUDE_NON_MVP,Outside gym-first weight-training MVP default search,,unknown,,unknown,,,unsupported,,review,,,1,0,1,SCOPE_RESOLVED_EXCLUDED
gvs_fb08d3226d7227c8,gvc_5b99dfbbb722,Forward Wide Walk,Forward Wide Walk,,NOT_NEEDED,Plyometrics,EXCLUDE_NON_MVP,Outside gym-first weight-training MVP default search,,unknown,,unknown,,,unsupported,,review,,,1,0,1,SCOPE_RESOLVED_EXCLUDED
gvs_fc65b4c81b134972,gvc_dd6257952240,Four Limbed Staff,Four Limbed Staff,,NOT_NEEDED,Stretching,EXCLUDE_NON_MVP,Outside gym-first weight-training MVP default search,,unknown,,unknown,,,unsupported,,review,,,1,0,1,SCOPE_RESOLVED_EXCLUDED
gvs_279714bc58b56136,gvc_7f845678d7a5,Frog,Frog,,NOT_NEEDED,Plyometrics,EXCLUDE_NON_MVP,Outside gym-first weight-training MVP default search,,unknown,,unknown,,,unsupported,,review,,,1,1,0,SCOPE_RESOLVED_EXCLUDED
gvs_6cff4da871d8f7f2,gvc_ad413856c971,Frog Pose With Bolster,Frog Pose With Bolster,,NOT_NEEDED,Stretching,EXCLUDE_NON_MVP,Outside gym-first weight-training MVP default search,,unknown,,unknown,,,unsupported,,review,,,1,0,1,SCOPE_RESOLVED_EXCLUDED
gvs_3ef92025cf9b3681,gvc_9c6a0c79d2a0,Frog Squat Into Forward Fold,Frog Squat Into Forward Fold,,NOT_NEEDED,Stretching,EXCLUDE_NON_MVP,Outside gym-first weight-training MVP default search,,unknown,하체,name,대퇴사두근,둔근,name_high,,review,,,1,0,1,SCOPE_RESOLVED_EXCLUDED
gvs_37b5d4b6dfd589c4,gvc_262bf92d7307,Front And Back Neck Stretch,Front And Back Neck Stretch,,NOT_NEEDED,Neck,EXCLUDE_NON_MVP,Outside gym-first weight-training MVP default search,,unknown,기타,source,,,unsupported,,review,duration,,1,1,0,SCOPE_RESOLVED_EXCLUDED
gvs_01e49c9fa3b8e56f,gvc_b5bb310d66d0,Front And Side Knee Drive,Front And Side Knee Drive,,NOT_NEEDED,Plyometrics,EXCLUDE_NON_MVP,Outside gym-first weight-training MVP default search,,unknown,,unknown,,,unsupported,,review,,,2,1,1,SCOPE_RESOLVED_EXCLUDED
gvs_b8fc56085a8e513a,gvc_dabb8cfbc08a,Front Crossover Foot Tap,Front Crossover Foot Tap,,NOT_NEEDED,Plyometrics,EXCLUDE_NON_MVP,Outside gym-first weight-training MVP default search,,unknown,,unknown,,,unsupported,,review,,,1,0,1,SCOPE_RESOLVED_EXCLUDED
gvs_984a9a3e4051cde8,gvc_ce06034539d8,Front Hop Back Hop,Front Hop Back Hop,,NOT_NEEDED,Plyometrics,EXCLUDE_NON_MVP,Outside gym-first weight-training MVP default search,,unknown,,unknown,,,unsupported,,review,,,1,1,0,SCOPE_RESOLVED_EXCLUDED
gvs_be4e16b55ded4bf9,gvc_acfe6367e8cd,Front Kick Twist,Front Kick Twist,,NOT_NEEDED,Plyometrics,EXCLUDE_NON_MVP,Outside gym-first weight-training MVP default search,,unknown,,unknown,,,unsupported,,review,,,1,1,0,SCOPE_RESOLVED_EXCLUDED
gvs_7e1a203bd6b9932b,gvc_aa2e21f4c3a2,Front Leg Kick,Front Leg Kick,,NOT_NEEDED,Plyometrics,EXCLUDE_NON_MVP,Outside gym-first weight-training MVP default search,,unknown,하체,name,,,unsupported,,review,,,1,1,0,SCOPE_RESOLVED_EXCLUDED
gvs_8511ab47a594da4f,gvc_79bdd4e6d400,Front Leg Lift Under Knee Tap,Front Leg Lift Under Knee Tap,,NOT_NEEDED,Plyometrics,EXCLUDE_NON_MVP,Outside gym-first weight-training MVP default search,,unknown,하체,name,,,unsupported,,review,,,2,1,1,SCOPE_RESOLVED_EXCLUDED
gvs_cf88a63d5135593d,gvc_3bace98f8b3a,Front Plank Side Hop,Front Plank Side Hop,,NOT_NEEDED,Plyometrics,EXCLUDE_NON_MVP,Outside gym-first weight-training MVP default search,,unknown,코어,name,코어,,name_high,duration,semantic,,,1,0,1,SCOPE_RESOLVED_EXCLUDED
gvs_c63762065f128d74,gvc_c129c11cbace,Front Raise Skater Stepback,Front Raise Skater Stepback,,NOT_NEEDED,Plyometrics,EXCLUDE_NON_MVP,Outside gym-first weight-training MVP default search,,unknown,어깨,name,전면 삼각근,,name_high,,review,,,1,1,0,SCOPE_RESOLVED_EXCLUDED
gvs_01aada3ae1f86154,gvc_59c5721d267c,Front Step Criss Cross Arms,Front Step Criss Cross Arms,,NOT_NEEDED,Plyometrics,EXCLUDE_NON_MVP,Outside gym-first weight-training MVP default search,,unknown,,unknown,,,unsupported,,review,,,1,0,1,SCOPE_RESOLVED_EXCLUDED
gvs_43d214b5f3a025bd,gvc_ba05cffb8be1,Front Step Half Circle Draw,Front Step Half Circle Draw,,NOT_NEEDED,Plyometrics,EXCLUDE_NON_MVP,Outside gym-first weight-training MVP default search,,unknown,,unknown,,,unsupported,,review,,,1,0,1,SCOPE_RESOLVED_EXCLUDED
gvs_a626deca220e376c,gvc_c5f849deac4b,Front To Under Knee Clap,Front To Under Knee Clap,,NOT_NEEDED,Plyometrics,EXCLUDE_NON_MVP,Outside gym-first weight-training MVP default search,,unknown,,unknown,,,unsupported,,review,,,2,1,1,SCOPE_RESOLVED_EXCLUDED
gvs_1ac1d2d9e47b1b59,gvc_c4b8db706cbb,Full Squat Mobility,Full Squat Mobility,,NOT_NEEDED,Thighs,EXCLUDE_NON_MVP,Outside gym-first weight-training MVP default search,Bodyweight,inferred_bodyweight,하체,source,대퇴사두근,둔근,name_high,reps,bodyweight,,,1,1,0,SCOPE_RESOLVED_EXCLUDED
gvs_095956dfdc6cff67,gvc_84836d8ad28a,Garland Pose,Garland Pose,,NOT_NEEDED,Stretching,EXCLUDE_NON_MVP,Outside gym-first weight-training MVP default search,,unknown,,unknown,,,unsupported,,review,,,2,0,2,SCOPE_RESOLVED_EXCLUDED
gvs_1f2cf04881e77222,gvc_f178b77fec59,Garland Pose Sky Reach Hands Hold Stretch,Garland Pose Sky Reach Hands Hold Stretch,,NOT_NEEDED,,EXCLUDE_NON_MVP,Outside gym-first weight-training MVP default search,,unknown,,unknown,,,unsupported,duration,semantic,duration,,1,0,1,SCOPE_RESOLVED_EXCLUDED
gvs_bd2b3bf08847c656,gvc_f4c4ee1e1fbb,Gate Openers (advanced),Gate Openers (Advanced),,NOT_NEEDED,Plyometrics,EXCLUDE_NON_MVP,Outside gym-first weight-training MVP default search,,unknown,,unknown,,,unsupported,,review,,,1,0,1,SCOPE_RESOLVED_EXCLUDED
gvs_8910f0726b0b836c,gvc_cdd1fbcccea5,Gate Openers (beginner),Gate Openers (Beginner),,NOT_NEEDED,Plyometrics,EXCLUDE_NON_MVP,Outside gym-first weight-training MVP default search,,unknown,,unknown,,,unsupported,,review,,,1,0,1,SCOPE_RESOLVED_EXCLUDED
gvs_52b28992a03ae630,gvc_9c1fcfcaeb7f,Gate Rock,Gate Rock,,NOT_NEEDED,Stretching,EXCLUDE_NON_MVP,Outside gym-first weight-training MVP default search,,unknown,,unknown,,,unsupported,,review,,,2,1,1,SCOPE_RESOLVED_EXCLUDED
gvs_93f1d4e6adce45cc,gvc_27d2f6920df0,Gate Rock (advanced),Gate Rock (Advanced),,NOT_NEEDED,Stretching,EXCLUDE_NON_MVP,Outside gym-first weight-training MVP default search,,unknown,,unknown,,,unsupported,,review,,,1,0,1,SCOPE_RESOLVED_EXCLUDED
gvs_0a3a303efb1a7ec0,gvc_deb280a91dca,Half Boat Pose Ardha Navasana,Half Boat Pose Ardha Navasana,,NOT_NEEDED,Stretching,EXCLUDE_NON_MVP,Outside gym-first weight-training MVP default search,,unknown,,unknown,,,unsupported,,review,,,1,0,1,SCOPE_RESOLVED_EXCLUDED
gvs_6373468cd46eee36,gvc_2c7ebef25339,Half Frog Stretch,Half Frog Stretch,,NOT_NEEDED,Hips,EXCLUDE_NON_MVP,Outside gym-first weight-training MVP default search,Bodyweight,inferred_bodyweight,하체,source,,,unsupported,reps,bodyweight,duration,,1,0,1,SCOPE_RESOLVED_EXCLUDED
gvs_f44f2f847d18d24e,gvc_bf04a4c24a03,Half Happy Baby,Half Happy Baby,,NOT_NEEDED,Stretching,EXCLUDE_NON_MVP,Outside gym-first weight-training MVP default search,,unknown,,unknown,,,unsupported,,review,,,1,0,1,SCOPE_RESOLVED_EXCLUDED
gvs_aef1005f74aff37f,gvc_3ac564007ddf;gvc_853320e5b07a,Half Jumping Jack | Half Jumping Jack (version 2),Half Jumping Jack,,NOT_NEEDED,Plyometrics,EXCLUDE_NON_MVP,Outside gym-first weight-training MVP default search,,unknown,,unknown,,,unsupported,,review,,,2,2,0,SCOPE_RESOLVED_EXCLUDED
gvs_a1ae99920b832340,gvc_14618dfccfaa,Half Knee Bends,Half Knee Bends,,NOT_NEEDED,Plyometrics,EXCLUDE_NON_MVP,Outside gym-first weight-training MVP default search,,unknown,,unknown,,,unsupported,,review,,,1,1,0,SCOPE_RESOLVED_EXCLUDED
gvs_76967e8f3a587a6f,gvc_4b86626641aa,Half Kneeling Glute Stretch,Half Kneeling Glute Stretch,,NOT_NEEDED,Hips,EXCLUDE_NON_MVP,Outside gym-first weight-training MVP default search,Bodyweight,inferred_bodyweight,하체,source,,,unsupported,reps,bodyweight,duration,,1,1,0,SCOPE_RESOLVED_EXCLUDED
gvs_702be4b0fcd0814e,gvc_641ee58b4402,Half Kneeling Side Lunge,Half Kneeling Side Lunge,,NOT_NEEDED,Stretching,EXCLUDE_NON_MVP,Outside gym-first weight-training MVP default search,,unknown,하체,name,대퇴사두근,둔근,name_high,,review,,,2,1,1,SCOPE_RESOLVED_EXCLUDED
gvs_85ff2ec73634be2f,gvc_21f0bcc480e5,Half Lotus Pulse,Half Lotus Pulse,,NOT_NEEDED,Stretching,EXCLUDE_NON_MVP,Outside gym-first weight-training MVP default search,,unknown,,unknown,,,unsupported,,review,,,1,0,1,SCOPE_RESOLVED_EXCLUDED
gvs_fe1f494ad747f48c,gvc_e0d6d4bfdd7d,Half Pigeon Hip Stretch,Half Pigeon Hip Stretch,,NOT_NEEDED,Hips,EXCLUDE_NON_MVP,Outside gym-first weight-training MVP default search,Bodyweight,inferred_bodyweight,하체,source,,,unsupported,reps,bodyweight,duration,,1,0,1,SCOPE_RESOLVED_EXCLUDED
gvs_df5d2a4aed1ab708,gvc_cbe683e1bfb1,Half Plyo Forward To Top Arms Raise,Half Plyo Forward To Top Arms Raise,,NOT_NEEDED,Plyometrics,EXCLUDE_NON_MVP,Outside gym-first weight-training MVP default search,,unknown,,unknown,,,unsupported,,review,,,1,0,1,SCOPE_RESOLVED_EXCLUDED
gvs_911e0200f441e972,gvc_6c73aa1fe140,Half Plyo Squat Jack,Half Plyo Squat Jack,,NOT_NEEDED,Plyometrics,EXCLUDE_NON_MVP,Outside gym-first weight-training MVP default search,,unknown,하체,name,대퇴사두근,둔근,name_high,,review,,,1,0,1,SCOPE_RESOLVED_EXCLUDED
gvs_eb623bd2396c7cc0,gvc_54f888934c86,Half To Full Jumping Jack,Half To Full Jumping Jack,,NOT_NEEDED,Plyometrics,EXCLUDE_NON_MVP,Outside gym-first weight-training MVP default search,,unknown,,unknown,,,unsupported,,review,,,1,1,0,SCOPE_RESOLVED_EXCLUDED
gvs_d6c492ac761f2a96,gvc_09808c8b3d36,Hamstring Stretch,Hamstring Stretch,,NOT_NEEDED,Thighs,EXCLUDE_NON_MVP,Outside gym-first weight-training MVP default search,Bodyweight,inferred_bodyweight,하체,source,,,unsupported,reps,bodyweight,duration,,2,1,1,SCOPE_RESOLVED_EXCLUDED
gvs_8d07fe913f5f29a5,gvc_15db411fb735,Hamstrings Lying Stretch,Hamstrings Lying Stretch,,NOT_NEEDED,Thighs,EXCLUDE_NON_MVP,Outside gym-first weight-training MVP default search,Bodyweight,inferred_bodyweight,하체,source,,,unsupported,reps,bodyweight,duration,,2,0,2,SCOPE_RESOLVED_EXCLUDED
gvs_b2240be2a0351994,gvc_d363bc89139e,Hand Spring Wrist Curl,Hand Spring Wrist Curl,,NOT_NEEDED,Hands,EXCLUDE_NON_MVP,Outside gym-first weight-training MVP default search,,unknown,기타,source,,,unsupported,,review,,,1,1,0,SCOPE_RESOLVED_EXCLUDED
gvs_65645d2ef107e0f0,gvc_612ae542e84c,Hand Swipe March,Hand Swipe March,,NOT_NEEDED,Plyometrics,EXCLUDE_NON_MVP,Outside gym-first weight-training MVP default search,,unknown,,unknown,,,unsupported,,review,,,1,0,1,SCOPE_RESOLVED_EXCLUDED
gvs_aa7c7840fd2b0782,gvc_1845cd3fe009,Hand Swipes Side Step,Hand Swipes Side Step,,NOT_NEEDED,Plyometrics,EXCLUDE_NON_MVP,Outside gym-first weight-training MVP default search,,unknown,,unknown,,,unsupported,,review,,,1,0,1,SCOPE_RESOLVED_EXCLUDED
gvs_86fff6145d0f1772,gvc_422a25c114d7,Hand Up Front Step,Hand Up Front Step,,NOT_NEEDED,Plyometrics,EXCLUDE_NON_MVP,Outside gym-first weight-training MVP default search,,unknown,,unknown,,,unsupported,,review,,,1,0,1,SCOPE_RESOLVED_EXCLUDED
gvs_923c986fe8a30a8f,gvc_74f50dda595a,Hands Bike,Hands Bike,,NOT_NEEDED,Cardio,EXCLUDE_NON_MVP,Outside gym-first weight-training MVP default search,,unknown,,unknown,,,unsupported,,review,,,1,1,0,SCOPE_RESOLVED_EXCLUDED
gvs_392b45b1a412dddd,gvc_2e3e2704464e,Hands Hold Step Out,Hands Hold Step Out,,NOT_NEEDED,Plyometrics,EXCLUDE_NON_MVP,Outside gym-first weight-training MVP default search,,unknown,,unknown,,,unsupported,duration,semantic,,,1,0,1,SCOPE_RESOLVED_EXCLUDED
gvs_857336fb4f1c6f7b,gvc_b5bad6fe4491,Hands Up Butt Kick,Hands Up Butt Kick,,NOT_NEEDED,Plyometrics,EXCLUDE_NON_MVP,Outside gym-first weight-training MVP default search,,unknown,,unknown,,,unsupported,,review,,,1,0,1,SCOPE_RESOLVED_EXCLUDED
gvs_86750e8bfba322c3,gvc_520555c984c8,Hands Up Knee Drive,Hands Up Knee Drive,,NOT_NEEDED,Plyometrics,EXCLUDE_NON_MVP,Outside gym-first weight-training MVP default search,,unknown,,unknown,,,unsupported,,review,,,1,0,1,SCOPE_RESOLVED_EXCLUDED
gvs_04d29ca3af9015cb,gvc_f9f12b2d58df,Hands Up Knee Up,Hands Up Knee Up,,NOT_NEEDED,Plyometrics,EXCLUDE_NON_MVP,Outside gym-first weight-training MVP default search,,unknown,,unknown,,,unsupported,,review,,,1,1,0,SCOPE_RESOLVED_EXCLUDED
gvs_36bd04a5af6b9545,gvc_4002748810f3,Hands Up Side Step,Hands Up Side Step,,NOT_NEEDED,Plyometrics,EXCLUDE_NON_MVP,Outside gym-first weight-training MVP default search,,unknown,,unknown,,,unsupported,,review,,,1,0,1,SCOPE_RESOLVED_EXCLUDED
gvs_b91da585ed7e63a1,gvc_3787857c8fc0,Hangback Bar Stretch,Hangback Bar Stretch,,NOT_NEEDED,Stretching,EXCLUDE_NON_MVP,Outside gym-first weight-training MVP default search,,unknown,,unknown,,,unsupported,,review,,,1,1,0,SCOPE_RESOLVED_EXCLUDED
gvs_b4f4f064db1d5476,gvc_cefe8abb5bfc,Hanging Advanced Tucked Front Lever Hold,Hanging Advanced Tucked Front Lever Hold,,MANUAL,Waist,EXCLUDE_RESERVED_RECORDING_MVP,Recording type is reserved and has no dedicated MVP UI,Machine,source,코어,source,,,unsupported,weight_duration,reserved,weight_reps,,1,1,0,SCOPE_RESOLVED_EXCLUDED
gvs_5361bbe8154b7ad2,gvc_0998f193c5b5,Hanging Front Lever Hold,Hanging Front Lever Hold,,MANUAL,Waist,EXCLUDE_RESERVED_RECORDING_MVP,Recording type is reserved and has no dedicated MVP UI,Machine,source,코어,source,,,unsupported,weight_duration,reserved,weight_reps,,1,1,0,SCOPE_RESOLVED_EXCLUDED
gvs_8369cea9bc489359,gvc_88d7bd159665,Hanging Tucked Front Lever Hold,Hanging Tucked Front Lever Hold,,MANUAL,Waist,EXCLUDE_RESERVED_RECORDING_MVP,Recording type is reserved and has no dedicated MVP UI,Machine,source,코어,source,,,unsupported,weight_duration,reserved,weight_reps,,1,1,0,SCOPE_RESOLVED_EXCLUDED
gvs_a656673b8e54e4a3,gvc_ee10caf55802,Happy Baby Pose,Happy Baby Pose,,NOT_NEEDED,Stretching,EXCLUDE_NON_MVP,Outside gym-first weight-training MVP default search,,unknown,,unknown,,,unsupported,,review,,,2,1,1,SCOPE_RESOLVED_EXCLUDED
gvs_5ee1eaf3489f07eb,gvc_2192a263ce78,Head To Knee Janu Sirsasana Yoga Pose,Head To Knee Janu Sirsasana Yoga Pose,,NOT_NEEDED,Stretching,EXCLUDE_NON_MVP,Outside gym-first weight-training MVP default search,,unknown,,unknown,,,unsupported,,review,,,1,1,0,SCOPE_RESOLVED_EXCLUDED
gvs_55150a6af4c05ff4,gvc_55397f12e4e0,Heel Press,Heel Press,,NOT_NEEDED,Stretching,EXCLUDE_NON_MVP,Outside gym-first weight-training MVP default search,,unknown,,unknown,,,unsupported,,review,,,1,1,0,SCOPE_RESOLVED_EXCLUDED
gvs_fc0e8fcafc239350,gvc_930692688816,Heel To Heel Tap,Heel To Heel Tap,,NOT_NEEDED,Plyometrics,EXCLUDE_NON_MVP,Outside gym-first weight-training MVP default search,,unknown,,unknown,,,unsupported,,review,,,1,1,0,SCOPE_RESOLVED_EXCLUDED
gvs_5126680db66e7999,gvc_53536b515b9a,High Jump Rope,High Jump Rope,,NOT_NEEDED,Cardio,EXCLUDE_NON_MVP,Outside gym-first weight-training MVP default search,Rope,source,,unknown,,,unsupported,,review,,,2,1,1,SCOPE_RESOLVED_EXCLUDED
gvs_454c12fec3fbeec4,gvc_ad979193d8c8,High Knee Double Twist,High Knee Double Twist,,NOT_NEEDED,Plyometrics,EXCLUDE_NON_MVP,Outside gym-first weight-training MVP default search,,unknown,,unknown,,,unsupported,,review,,,1,0,1,SCOPE_RESOLVED_EXCLUDED
gvs_171248e671eb91bc,gvc_5b54abd16eda,High Knee Jump Rope,High Knee Jump Rope,,NOT_NEEDED,Cardio,EXCLUDE_NON_MVP,Outside gym-first weight-training MVP default search,Rope,source,,unknown,,,unsupported,,review,,,1,0,1,SCOPE_RESOLVED_EXCLUDED
gvs_25c13087633f8c0f,gvc_a848278eb837,High Knee Lunge On Bosu Ball,High Knee Lunge On Bosu Ball,,NOT_NEEDED,Plyometrics,EXCLUDE_NON_MVP,Outside gym-first weight-training MVP default search,,unknown,하체,name,대퇴사두근,둔근,name_high,,review,,,1,1,0,SCOPE_RESOLVED_EXCLUDED
gvs_0b49791f8921337f,gvc_7bd01f9fece3,High Knee On A Padded Stool,High Knee On A Padded Stool,,NOT_NEEDED,Plyometrics,EXCLUDE_NON_MVP,Outside gym-first weight-training MVP default search,,unknown,,unknown,,,unsupported,,review,,,1,1,0,SCOPE_RESOLVED_EXCLUDED
gvs_ed4650fe1666bb74,gvc_630c53fd2da5,High Knee Run,High Knee Run,,NOT_NEEDED,Cardio;Plyometrics,EXCLUDE_NON_MVP,Outside gym-first weight-training MVP default search,,unknown,,unknown,,,unsupported,,review,,,2,1,1,SCOPE_RESOLVED_EXCLUDED
gvs_a721db5aaa39cc44,gvc_56e1fb575e63,High Knee Skips,High Knee Skips,,NOT_NEEDED,Cardio,EXCLUDE_NON_MVP,Outside gym-first weight-training MVP default search,,unknown,,unknown,,,unsupported,,review,,,2,1,1,SCOPE_RESOLVED_EXCLUDED
gvs_50a97d5cf7a0a84e,gvc_3e83cc8d5260,High Knee Sprints,High Knee Sprints,,NOT_NEEDED,Cardio,EXCLUDE_NON_MVP,Outside gym-first weight-training MVP default search,,unknown,,unknown,,,unsupported,,review,,,2,1,1,SCOPE_RESOLVED_EXCLUDED
gvs_f25244e847521ae2,gvc_4554b77b50df;gvc_9fd0209ce187;gvc_9fd0219ce187,High Knee Squat | High Knee Squat (version 2) | High Knee Squat (version 3),High Knee Squat,,NOT_NEEDED,Cardio;Plyometrics,EXCLUDE_NON_MVP,Outside gym-first weight-training MVP default search,,unknown,하체,name,대퇴사두근,둔근,name_high,,review,,,5,3,2,SCOPE_RESOLVED_EXCLUDED
gvs_6260f43472203fe6,gvc_4b202cb37ee9,High Knee Star Tap,High Knee Star Tap,,NOT_NEEDED,Plyometrics,EXCLUDE_NON_MVP,Outside gym-first weight-training MVP default search,,unknown,,unknown,,,unsupported,,review,,,1,1,0,SCOPE_RESOLVED_EXCLUDED
gvs_dd397001bb2a2251,gvc_308243fd116c,High Knee Tap,High Knee Tap,,NOT_NEEDED,Plyometrics,EXCLUDE_NON_MVP,Outside gym-first weight-training MVP default search,,unknown,,unknown,,,unsupported,,review,,,2,1,1,SCOPE_RESOLVED_EXCLUDED
gvs_a99066d335393103,gvc_6cc9618075a6,High Knee To Butt Kick,High Knee To Butt Kick,,NOT_NEEDED,Cardio,EXCLUDE_NON_MVP,Outside gym-first weight-training MVP default search,,unknown,,unknown,,,unsupported,,review,,,2,1,1,SCOPE_RESOLVED_EXCLUDED
gvs_daa0b84f1ab9dc7f,gvc_c4b5739095a5,High Knee Twist (version 2),High Knee Twist,,NOT_NEEDED,Plyometrics,EXCLUDE_NON_MVP,Outside gym-first weight-training MVP default search,,unknown,,unknown,,,unsupported,,review,,,1,0,1,SCOPE_RESOLVED_EXCLUDED
gvs_1f9b44c12cc1ac11,gvc_818cfa7a25a8,High Lunge,High Lunge,,NOT_NEEDED,Stretching,EXCLUDE_NON_MVP,Outside gym-first weight-training MVP default search,,unknown,하체,name,대퇴사두근,둔근,name_high,,review,,,2,1,1,SCOPE_RESOLVED_EXCLUDED
gvs_e29688f0022ca272,gvc_11b5ab8c02ba,High Lunge To Hamstring Stretch,High Lunge To Hamstring Stretch,,NOT_NEEDED,Stretching,EXCLUDE_NON_MVP,Outside gym-first weight-training MVP default search,,unknown,하체,name,대퇴사두근,둔근,name_high,,review,,,1,0,1,SCOPE_RESOLVED_EXCLUDED
gvs_d0c5b25db853a575,gvc_4c76f744ac6f,High Lunge To Warrior I Pose,High Lunge To Warrior I Pose,,NOT_NEEDED,Stretching,EXCLUDE_NON_MVP,Outside gym-first weight-training MVP default search,,unknown,하체,name,대퇴사두근,둔근,name_high,,review,,,1,0,1,SCOPE_RESOLVED_EXCLUDED
gvs_96ceb6a560021f95,gvc_8458dd46f7a2,Hip Circles Stretch,Hip Circles Stretch,,NOT_NEEDED,Hips,EXCLUDE_NON_MVP,Outside gym-first weight-training MVP default search,Bodyweight,inferred_bodyweight,하체,source,,,unsupported,reps,bodyweight,duration,,3,2,1,SCOPE_RESOLVED_EXCLUDED
gvs_6db52f877cff3a27,gvc_76ee284cf6ad,Hip Extension Stretch,Hip Extension Stretch,,NOT_NEEDED,Hips,EXCLUDE_NON_MVP,Outside gym-first weight-training MVP default search,Bodyweight,inferred_bodyweight,하체,source,,,unsupported,reps,bodyweight,duration,,2,1,1,SCOPE_RESOLVED_EXCLUDED
gvs_b9b746bd0bbf2689,gvc_bbd543fe150b,Hip External Rotator Stretch,Hip External Rotator Stretch,,NOT_NEEDED,Hips,EXCLUDE_NON_MVP,Outside gym-first weight-training MVP default search,Bodyweight,inferred_bodyweight,하체,source,,,unsupported,reps,bodyweight,duration,,1,0,1,SCOPE_RESOLVED_EXCLUDED
gvs_05470d73ab0e7b0b,gvc_a686a0b4ee4c,Hip Flexor Stretch Rear Foot Elevated,Hip Flexor Stretch Rear Foot Elevated,,NOT_NEEDED,Hips,EXCLUDE_NON_MVP,Outside gym-first weight-training MVP default search,Bodyweight,inferred_bodyweight,하체,source,,,unsupported,reps,bodyweight,duration,,2,1,1,SCOPE_RESOLVED_EXCLUDED
gvs_a1223de49373d83e,gvc_5027b6710655,Hip Flexor Stretch With Chair,Hip Flexor Stretch With Chair,,NOT_NEEDED,Hips,EXCLUDE_NON_MVP,Outside gym-first weight-training MVP default search,Bodyweight,inferred_bodyweight,하체,source,,,unsupported,reps,bodyweight,duration,,1,0,1,SCOPE_RESOLVED_EXCLUDED
gvs_874f5e05b4205ef5,gvc_3a85cfb876ae,Hip Twist Supported Arms,Hip Twist Supported Arms,,NOT_NEEDED,Pilates,EXCLUDE_NON_MVP,Outside gym-first weight-training MVP default search,,unknown,,unknown,,,unsupported,,review,,,1,0,1,SCOPE_RESOLVED_EXCLUDED
gvs_eedb79f8865ff45e,gvc_3a66deed977e,Hook Kick Kickboxing (with Boxing Bag),Hook Kick Kickboxing (With Boxing Bag),,NOT_NEEDED,Plyometrics,EXCLUDE_NON_MVP,Outside gym-first weight-training MVP default search,,unknown,,unknown,,,unsupported,,review,,,1,1,0,SCOPE_RESOLVED_EXCLUDED
gvs_c32b8dfd60d2d095,gvc_4d05d298186d,Hop Toe Tap,Hop Toe Tap,,NOT_NEEDED,Plyometrics,EXCLUDE_NON_MVP,Outside gym-first weight-training MVP default search,,unknown,,unknown,,,unsupported,,review,,,1,1,0,SCOPE_RESOLVED_EXCLUDED
gvs_5d05b74a950ee180,gvc_6ee0653ced1a,Hopping Knee Drive,Hopping Knee Drive,,NOT_NEEDED,Plyometrics,EXCLUDE_NON_MVP,Outside gym-first weight-training MVP default search,,unknown,,unknown,,,unsupported,,review,,,1,1,0,SCOPE_RESOLVED_EXCLUDED
gvs_e5947a84d9fc8396,gvc_06c08ceff672,Hopping Pendulum,Hopping Pendulum,,NOT_NEEDED,Plyometrics,EXCLUDE_NON_MVP,Outside gym-first weight-training MVP default search,,unknown,,unknown,,,unsupported,,review,,,1,1,0,SCOPE_RESOLVED_EXCLUDED
gvs_9239d75defee8bad,gvc_6ca4772e23f5,Hundred,Hundred,,NOT_NEEDED,Pilates,EXCLUDE_NON_MVP,Outside gym-first weight-training MVP default search,,unknown,,unknown,,,unsupported,,review,,,2,1,1,SCOPE_RESOLVED_EXCLUDED
gvs_06dc65220a865884,gvc_38823f7f230f,Hurdle Hops,Hurdle Hops,,NOT_NEEDED,Plyometrics,EXCLUDE_NON_MVP,Outside gym-first weight-training MVP default search,,unknown,,unknown,,,unsupported,,review,,,1,0,1,SCOPE_RESOLVED_EXCLUDED
gvs_f3bce9d915dc5125,gvc_3a21e545cc4c,In And Out Squat,In And Out Squat,,NOT_NEEDED,Plyometrics,EXCLUDE_NON_MVP,Outside gym-first weight-training MVP default search,,unknown,하체,name,대퇴사두근,둔근,name_high,,review,,,1,1,0,SCOPE_RESOLVED_EXCLUDED
gvs_95c5eca7f651fac7,gvc_a56632b0f734,Inchworm And Mountain Climbers,Inchworm And Mountain Climbers,,NOT_NEEDED,Plyometrics,EXCLUDE_NON_MVP,Outside gym-first weight-training MVP default search,,unknown,,unknown,,,unsupported,,review,,,2,1,1,SCOPE_RESOLVED_EXCLUDED
gvs_a2d4e7527389d268,gvc_0e71f0e43153,Inchworm And Plank Leg Lift,Inchworm And Plank Leg Lift,,NOT_NEEDED,Plyometrics,EXCLUDE_NON_MVP,Outside gym-first weight-training MVP default search,,unknown,하체,name,코어,,name_high,duration,semantic,,BODY_MUSCLE_FAMILY_CONFLICT,1,1,0,SCOPE_RESOLVED_EXCLUDED
gvs_8f7f3c915346b11d,gvc_8d17e55f870a,Inchworm Front Arm Tap,Inchworm Front Arm Tap,,NOT_NEEDED,Plyometrics,EXCLUDE_NON_MVP,Outside gym-first weight-training MVP default search,,unknown,,unknown,,,unsupported,,review,,,1,1,0,SCOPE_RESOLVED_EXCLUDED
gvs_a05f29b40eb002d2,gvc_7b196f8522c3,Incline Mountain Climber On Stepbox,Incline Mountain Climber On Stepbox,,NOT_NEEDED,Waist,EXCLUDE_NON_MVP,Outside gym-first weight-training MVP default search,Bodyweight,inferred_bodyweight,코어,source,,,unsupported,reps,bodyweight,reps,,1,1,0,SCOPE_RESOLVED_EXCLUDED
gvs_ab7e78cfb19225af,gvc_aefdcac1f76d,Incline Pigeon Stretch,Incline Pigeon Stretch,,NOT_NEEDED,Stretching,EXCLUDE_NON_MVP,Outside gym-first weight-training MVP default search,,unknown,,unknown,,,unsupported,,review,,,1,1,0,SCOPE_RESOLVED_EXCLUDED
gvs_36f7f22db8c5151d,gvc_066919d0d158,Inner Thigh Tap To Chest Open,Inner Thigh Tap To Chest Open,,NOT_NEEDED,Plyometrics,EXCLUDE_NON_MVP,Outside gym-first weight-training MVP default search,,unknown,가슴,name,,,unsupported,,review,,,1,0,1,SCOPE_RESOLVED_EXCLUDED
gvs_690caf2e085b31fc,gvc_4aa5b635b2d3,Intermediate Hip Flexor And Quad Stretch,Intermediate Hip Flexor And Quad Stretch,,NOT_NEEDED,Thighs,EXCLUDE_NON_MVP,Outside gym-first weight-training MVP default search,Bodyweight,inferred_bodyweight,하체,source,,,unsupported,reps,bodyweight,duration,,2,1,1,SCOPE_RESOLVED_EXCLUDED
gvs_07d7ec50de56957a,gvc_7e3bf9210e75,Iron Cross Stretch,Iron Cross Stretch,,NOT_NEEDED,Hips,EXCLUDE_NON_MVP,Outside gym-first weight-training MVP default search,Bodyweight,inferred_bodyweight,하체,source,,,unsupported,reps,bodyweight,duration,,2,1,1,SCOPE_RESOLVED_EXCLUDED
gvs_bab28ec4c986b482,gvc_fe0e848e6128,Isometric Hip Flexion And Glute Stretch S,Isometric Hip Flexion And Glute Stretch S,,NOT_NEEDED,,EXCLUDE_NON_MVP,Outside gym-first weight-training MVP default search,,unknown,하체,name,,,unsupported,,review,duration,,1,0,1,SCOPE_RESOLVED_EXCLUDED
gvs_a18e136cfba2b502,gvc_d2fc3bcf69f0,Jab Jab Right Cross,Jab Right Cross,,NOT_NEEDED,Plyometrics,EXCLUDE_NON_MVP,Outside gym-first weight-training MVP default search,,unknown,,unknown,,,unsupported,,review,,,1,1,0,SCOPE_RESOLVED_EXCLUDED
gvs_4e71c649acd82b55,gvc_5c6fe014b68a,Jack Burpee,Jack Burpee,,NOT_NEEDED,Cardio,EXCLUDE_NON_MVP,Outside gym-first weight-training MVP default search,,unknown,,unknown,,,unsupported,,review,,,1,1,0,SCOPE_RESOLVED_EXCLUDED
gvs_571af1e4b387be26,gvc_0ba701eefcfd,Jack Jump,Jack Jump,,NOT_NEEDED,Plyometrics,EXCLUDE_NON_MVP,Outside gym-first weight-training MVP default search,,unknown,,unknown,,,unsupported,,review,,,1,1,0,SCOPE_RESOLVED_EXCLUDED
gvs_985cddb14f75094d,gvc_a36d43bf6424,Jack Step,Jack Step,,NOT_NEEDED,Plyometrics,EXCLUDE_NON_MVP,Outside gym-first weight-training MVP default search,,unknown,,unknown,,,unsupported,,review,,,2,1,1,SCOPE_RESOLVED_EXCLUDED
gvs_ca462834d628fc5a,gvc_0fed407a559f,Jackknife,Jackknife,,NOT_NEEDED,Pilates,EXCLUDE_NON_MVP,Outside gym-first weight-training MVP default search,,unknown,,unknown,,,unsupported,,review,,,2,1,1,SCOPE_RESOLVED_EXCLUDED
gvs_83bd5ccbec1bfcab,gvc_88dd3d047955,Jaw Stretch,Jaw Stretch,,NOT_NEEDED,Face,EXCLUDE_NON_MVP,Outside gym-first weight-training MVP default search,,unknown,기타,source,,,unsupported,,review,duration,,1,1,0,SCOPE_RESOLVED_EXCLUDED
gvs_7e67f1119c542f51,gvc_503e26556e5d,Jog And Drop,Jog And Drop,,NOT_NEEDED,Plyometrics,EXCLUDE_NON_MVP,Outside gym-first weight-training MVP default search,,unknown,,unknown,,,unsupported,,review,,,1,1,0,SCOPE_RESOLVED_EXCLUDED
gvs_ed34059863c426ce,gvc_9e24c74b1ace,Jump Box,Jump Box,,NOT_NEEDED,Plyometrics,EXCLUDE_NON_MVP,Outside gym-first weight-training MVP default search,,unknown,,unknown,,,unsupported,,review,,,4,2,2,SCOPE_RESOLVED_EXCLUDED
gvs_35654645bc91d50d,gvc_9a103573b24b,Jump Box Over,Jump Box Over,,NOT_NEEDED,Plyometrics,EXCLUDE_NON_MVP,Outside gym-first weight-training MVP default search,,unknown,,unknown,,,unsupported,,review,,,1,1,0,SCOPE_RESOLVED_EXCLUDED
gvs_8f291a7535b60231,gvc_9c061269ccf1,Jump On Fit Box,Jump On Fit Box,,NOT_NEEDED,Plyometrics,EXCLUDE_NON_MVP,Outside gym-first weight-training MVP default search,,unknown,,unknown,,,unsupported,,review,,,1,1,0,SCOPE_RESOLVED_EXCLUDED
gvs_3d40b8fba4b6bb2b,gvc_f009fe0109cb,Jump Pistol Squat Box,Jump Pistol Squat Box,,NOT_NEEDED,Plyometrics,EXCLUDE_NON_MVP,Outside gym-first weight-training MVP default search,,unknown,하체,name,대퇴사두근,둔근,name_high,,review,,,1,1,0,SCOPE_RESOLVED_EXCLUDED
gvs_42d3f5e5bbc36d19,gvc_d918c11b9b18,Jump Rope,Jump Rope,,NOT_NEEDED,Cardio,EXCLUDE_NON_MVP,Outside gym-first weight-training MVP default search,Rope,source,,unknown,,,unsupported,,review,,,2,1,1,SCOPE_RESOLVED_EXCLUDED
gvs_e3e1e098f129f52e,gvc_8b16d4e43968,Jump Skip Rope,Jump Skip Rope,,NOT_NEEDED,Plyometrics,EXCLUDE_NON_MVP,Outside gym-first weight-training MVP default search,Rope,source,,unknown,,,unsupported,,review,,,1,1,0,SCOPE_RESOLVED_EXCLUDED
gvs_521d8a000fbf348a,gvc_50a5dcd8e11e,Jump Split,Jump Split,,NOT_NEEDED,Plyometrics,EXCLUDE_NON_MVP,Outside gym-first weight-training MVP default search,,unknown,,unknown,,,unsupported,,review,,,2,1,1,SCOPE_RESOLVED_EXCLUDED
gvs_a468882487ec21b6,gvc_25550c865113,Jump Step Jump,Jump Step Jump,,NOT_NEEDED,Plyometrics,EXCLUDE_NON_MVP,Outside gym-first weight-training MVP default search,,unknown,,unknown,,,unsupported,,review,,,1,1,0,SCOPE_RESOLVED_EXCLUDED
gvs_082a67ffd31cc167,gvc_4e05d56d692e,Jump Step Up,Jump Step Up,,NOT_NEEDED,Cardio,EXCLUDE_NON_MVP,Outside gym-first weight-training MVP default search,,unknown,하체,name,대퇴사두근,둔근,name_high,,review,,,2,1,1,SCOPE_RESOLVED_EXCLUDED
gvs_7e4f0797f025fbe7,gvc_061a4fa1f9c5,Jump Twist,Jump Twist,,NOT_NEEDED,Plyometrics,EXCLUDE_NON_MVP,Outside gym-first weight-training MVP default search,,unknown,,unknown,,,unsupported,,review,,,1,1,0,SCOPE_RESOLVED_EXCLUDED
gvs_d054b9022bbec154,gvc_59c457cc10ee,Jumping Air Bike,Jumping Air Bike,,NOT_NEEDED,Plyometrics,EXCLUDE_NON_MVP,Outside gym-first weight-training MVP default search,,unknown,,unknown,,,unsupported,,review,,,1,1,0,SCOPE_RESOLVED_EXCLUDED
gvs_d36f6bd34e720d13,gvc_3c43f2e3f6f0,Jumping Air Bike Arm Swing,Jumping Air Bike Arm Swing,,NOT_NEEDED,Plyometrics,EXCLUDE_NON_MVP,Outside gym-first weight-training MVP default search,,unknown,,unknown,,,unsupported,,review,,,1,1,0,SCOPE_RESOLVED_EXCLUDED
gvs_042c2c5e67240fa0,gvc_bfb27bc0e8d9,Jumping Air Clap,Jumping Air Clap,,NOT_NEEDED,Plyometrics,EXCLUDE_NON_MVP,Outside gym-first weight-training MVP default search,,unknown,,unknown,,,unsupported,,review,,,1,1,0,SCOPE_RESOLVED_EXCLUDED
gvs_c945e776f7e1ee6c,gvc_c247f8b71e1b,Jumping Jack,Jumping Jack,,NOT_NEEDED,Cardio,EXCLUDE_NON_MVP,Outside gym-first weight-training MVP default search,,unknown,,unknown,,,unsupported,,review,,,2,1,1,SCOPE_RESOLVED_EXCLUDED
gvs_90f87efda4c0dacd,gvc_15fe75a0fc33,Jumping Jack High Knee,Jumping Jack High Knee,,NOT_NEEDED,Plyometrics,EXCLUDE_NON_MVP,Outside gym-first weight-training MVP default search,,unknown,,unknown,,,unsupported,,review,,,1,1,0,SCOPE_RESOLVED_EXCLUDED
gvs_efb1fac140a94349,gvc_ff4fdc91b2ee,Jumping Jack Punch,Jumping Jack Punch,,NOT_NEEDED,Plyometrics,EXCLUDE_NON_MVP,Outside gym-first weight-training MVP default search,,unknown,,unknown,,,unsupported,,review,,,1,1,0,SCOPE_RESOLVED_EXCLUDED
gvs_94dd221b476b0603,gvc_279f8db4aaa8,Jumping Jack Toe Touch,Jumping Jack Toe Touch,,NOT_NEEDED,Plyometrics,EXCLUDE_NON_MVP,Outside gym-first weight-training MVP default search,,unknown,,unknown,,,unsupported,,review,,,1,1,0,SCOPE_RESOLVED_EXCLUDED
gvs_a1294a3933f7279d,gvc_2c907a8aed01,Jumping Pistol Squat,Jumping Pistol Squat,,NOT_NEEDED,Plyometrics,EXCLUDE_NON_MVP,Outside gym-first weight-training MVP default search,,unknown,하체,name,대퇴사두근,둔근,name_high,,review,,,1,1,0,SCOPE_RESOLVED_EXCLUDED
gvs_38bf74d0eb7d4a06,gvc_b766f3f6e805,Jumping Single Leg Lunge,Jumping Single Leg Lunge,,NOT_NEEDED,Plyometrics,EXCLUDE_NON_MVP,Outside gym-first weight-training MVP default search,,unknown,하체,name,대퇴사두근,둔근,name_high,,review,,,2,1,1,SCOPE_RESOLVED_EXCLUDED
gvs_9eeef016d94cb000,gvc_ec9a73459961,Jumping Split Jack,Jumping Split Jack,,NOT_NEEDED,Plyometrics,EXCLUDE_NON_MVP,Outside gym-first weight-training MVP default search,,unknown,,unknown,,,unsupported,,review,,,1,1,0,SCOPE_RESOLVED_EXCLUDED
gvs_108bb0a482f76166,gvc_c802e2d0fbc1,Jumping Squat Jack,Jumping Squat Jack,,NOT_NEEDED,Plyometrics,EXCLUDE_NON_MVP,Outside gym-first weight-training MVP default search,,unknown,하체,name,대퇴사두근,둔근,name_high,,review,,,1,1,0,SCOPE_RESOLVED_EXCLUDED
gvs_1bf83ba9bacc1e9d,gvc_b414ad9279c3,Kettlebell Burpee,Kettlebell Burpee,,NOT_NEEDED,Plyometrics,EXCLUDE_NON_MVP,Outside gym-first weight-training MVP default search,Kettlebell,source,,unknown,,,unsupported,weight_reps,equipment,,,1,1,0,SCOPE_RESOLVED_EXCLUDED
gvs_4ed72615415f378d,gvc_3c1054920068,Kettlebell Farmers Carry,Kettlebell Farmers Carry,,MANUAL,Weightlifting,EXCLUDE_RESERVED_RECORDING_MVP,Recording type is reserved and has no dedicated MVP UI,Kettlebell,source,,unknown,,,unsupported,distance_weight,reserved,distance_weight,,1,1,0,SCOPE_RESOLVED_EXCLUDED
gvs_1edf302db0c04a71,gvc_0ba2d7558ac7,Kettlebell Goblet Marching On Spot,Kettlebell Goblet Marching On Spot,,NOT_NEEDED,Cardio,EXCLUDE_NON_MVP,Outside gym-first weight-training MVP default search,Kettlebell,source,,unknown,,,unsupported,weight_reps,equipment,,,1,0,1,SCOPE_RESOLVED_EXCLUDED
gvs_7006764c8067b4be,gvc_5a75624f64e3,Kettlebell Goblet Squat Mobility,Kettlebell Goblet Squat Mobility,,NOT_NEEDED,Thighs,EXCLUDE_NON_MVP,Outside gym-first weight-training MVP default search,Kettlebell,source,하체,source,대퇴사두근,둔근,name_high,weight_reps,equipment,weight_reps,,1,1,0,SCOPE_RESOLVED_EXCLUDED
gvs_4458d75accb4c508,gvc_d31d582f0199,Kettlebell Kneeling Shoulder Bottom Up Hold,Kettlebell Kneeling Shoulder Bottom Up Hold,,MANUAL,Shoulders,EXCLUDE_RESERVED_RECORDING_MVP,Recording type is reserved and has no dedicated MVP UI,Kettlebell,source,어깨,source,,,unsupported,weight_duration,reserved,weight_reps,,1,1,0,SCOPE_RESOLVED_EXCLUDED
gvs_856325e20a90bf1c,gvc_4d671735e1e4,Kettlebell Side Plank,Kettlebell Side Plank,케틀벨 사이드 플랭크,AUTO_PHRASE_DRAFT,Waist,EXCLUDE_RESERVED_RECORDING_MVP,Recording type is reserved and has no dedicated MVP UI,Kettlebell,source,코어,source,코어,,name_high,weight_duration,reserved,duration,,1,1,0,SCOPE_RESOLVED_EXCLUDED
gvs_99b3547aa30455b8,gvc_d2b586fd62a6,Kettlebell Suitcase Hold,Kettlebell Suitcase Hold,,MANUAL,Waist,EXCLUDE_RESERVED_RECORDING_MVP,Recording type is reserved and has no dedicated MVP UI,Kettlebell,source,코어,source,,,unsupported,weight_duration,reserved,weight_reps,,1,1,0,SCOPE_RESOLVED_EXCLUDED
gvs_eff4afd3afcb08fb,gvc_fe175a2ca769,Kettlebell Unilateral Farmers Walk,Kettlebell Unilateral Farmers Walk,,MANUAL,Weightlifting,EXCLUDE_RESERVED_RECORDING_MVP,Recording type is reserved and has no dedicated MVP UI,Kettlebell,source,,unknown,,,unsupported,distance_weight,reserved,distance_weight,,1,1,0,SCOPE_RESOLVED_EXCLUDED
gvs_7125e863b0fb1803,gvc_3378b4823715,Kickstand Reach Lat Lean,Kickstand Reach Lat Lean,,NOT_NEEDED,Stretching,EXCLUDE_NON_MVP,Outside gym-first weight-training MVP default search,,unknown,등,name,,,unsupported,,review,,,1,1,0,SCOPE_RESOLVED_EXCLUDED
gvs_d1f2afa0e7806eaa,gvc_8bf2badc8e81,King Pigeon Yoga Pose,King Pigeon Yoga Pose,,NOT_NEEDED,Stretching,EXCLUDE_NON_MVP,Outside gym-first weight-training MVP default search,,unknown,,unknown,,,unsupported,,review,,,1,0,1,SCOPE_RESOLVED_EXCLUDED
gvs_34605db7aaef0e37,gvc_6ac778f2f4ab,Knee And Palm March,Knee And Palm March,,NOT_NEEDED,Plyometrics,EXCLUDE_NON_MVP,Outside gym-first weight-training MVP default search,,unknown,,unknown,,,unsupported,,review,,,1,0,1,SCOPE_RESOLVED_EXCLUDED
gvs_21e34e883d0ec5ea,gvc_4b96d5a043c9,Knee Drive,Knee Drive,,NOT_NEEDED,Plyometrics,EXCLUDE_NON_MVP,Outside gym-first weight-training MVP default search,,unknown,,unknown,,,unsupported,,review,,,2,1,1,SCOPE_RESOLVED_EXCLUDED
gvs_9dc5bbbc97879eaa,gvc_c4f81921d64f,Knee Drive To Leg Lift,Knee Drive To Leg Lift,,NOT_NEEDED,Plyometrics,EXCLUDE_NON_MVP,Outside gym-first weight-training MVP default search,,unknown,하체,name,,,unsupported,,review,,,1,0,1,SCOPE_RESOLVED_EXCLUDED
gvs_f05ef9f3964fc2cb,gvc_134aca132930,Knee Hug Glute Stretch,Knee Hug Glute Stretch,,NOT_NEEDED,Hips;Stretching,EXCLUDE_NON_MVP,Outside gym-first weight-training MVP default search,Bodyweight,inferred_bodyweight,하체,source,,,unsupported,reps,bodyweight,duration,,3,1,2,SCOPE_RESOLVED_EXCLUDED
gvs_1dba1b6e8c75e950,gvc_e7de8fd43d3c,Knee Leg Lifts,Knee Leg Lifts,,NOT_NEEDED,Plyometrics,EXCLUDE_NON_MVP,Outside gym-first weight-training MVP default search,,unknown,하체,name,,,unsupported,,review,,,1,0,1,SCOPE_RESOLVED_EXCLUDED
gvs_dd13ee8383148aeb,gvc_e41cca7879eb,Knee Raise Jack,Knee Raise Jack,,NOT_NEEDED,Plyometrics,EXCLUDE_NON_MVP,Outside gym-first weight-training MVP default search,,unknown,,unknown,복직근,,name_high,,review,,,1,0,1,SCOPE_RESOLVED_EXCLUDED
gvs_70fe5c78ea835e74,gvc_11b13add9d9a;gvc_aa51c192ccf6,Knee Raise Side Jab | Knee Raise Side Jabs,Knee Raise Side Jabs,,NOT_NEEDED,Plyometrics,EXCLUDE_NON_MVP,Outside gym-first weight-training MVP default search,,unknown,,unknown,복직근,,name_high,,review,,,2,1,1,SCOPE_RESOLVED_EXCLUDED
gvs_140333d2275b0034,gvc_e2efc211c0d0,Knee Raise Step Jack,Knee Raise Step Jack,,NOT_NEEDED,Plyometrics,EXCLUDE_NON_MVP,Outside gym-first weight-training MVP default search,,unknown,,unknown,복직근,,name_high,,review,,,2,1,1,SCOPE_RESOLVED_EXCLUDED
gvs_cea644165d86f914,gvc_299a39017117,Knee Raise Stretch,Knee Raise Stretch,,NOT_NEEDED,Thighs,EXCLUDE_NON_MVP,Outside gym-first weight-training MVP default search,Bodyweight,inferred_bodyweight,하체,source,복직근,,name_high,reps,bodyweight,duration,BODY_MUSCLE_FAMILY_CONFLICT,1,1,0,SCOPE_RESOLVED_EXCLUDED
gvs_bd488b4faa0e55e7,gvc_8b7e83557de6,Knee Raise Torso Twist Punch,Knee Raise Torso Twist Punch,,NOT_NEEDED,Plyometrics,EXCLUDE_NON_MVP,Outside gym-first weight-training MVP default search,,unknown,,unknown,복직근,,name_high,,review,,,1,0,1,SCOPE_RESOLVED_EXCLUDED
gvs_1ee306703f76095e,gvc_a284ce5b27d7,Knee Stand Kick Side Bend,Knee Stand Kick Side Bend,,NOT_NEEDED,Stretching,EXCLUDE_NON_MVP,Outside gym-first weight-training MVP default search,,unknown,코어,name,복사근,코어,name_high,,review,,,1,0,1,SCOPE_RESOLVED_EXCLUDED
gvs_3d8cb638efe08b9e,gvc_a9f1e25577f8,Knee Tap Sky Reach,Knee Tap Sky Reach,,NOT_NEEDED,Plyometrics,EXCLUDE_NON_MVP,Outside gym-first weight-training MVP default search,,unknown,,unknown,,,unsupported,,review,,,2,1,1,SCOPE_RESOLVED_EXCLUDED
gvs_5df0f99c54f23bf2,gvc_6e03be529e2d,Knee Thrust,Knee Thrust,,NOT_NEEDED,Plyometrics,EXCLUDE_NON_MVP,Outside gym-first weight-training MVP default search,,unknown,,unknown,,,unsupported,,review,,,2,1,1,SCOPE_RESOLVED_EXCLUDED
gvs_c326ec9d17d27021,gvc_a4708e101536,Knee Thrust Floor Tap,Knee Thrust Floor Tap,,NOT_NEEDED,Plyometrics,EXCLUDE_NON_MVP,Outside gym-first weight-training MVP default search,,unknown,,unknown,,,unsupported,,review,,,1,0,1,SCOPE_RESOLVED_EXCLUDED
gvs_0301b6675899e24f,gvc_1b6ae3aad33a,Knee To Chest Stretch,Knee To Chest Stretch,,NOT_NEEDED,Thighs,EXCLUDE_NON_MVP,Outside gym-first weight-training MVP default search,Bodyweight,inferred_bodyweight,하체,source,,,unsupported,reps,bodyweight,duration,,2,0,2,SCOPE_RESOLVED_EXCLUDED
gvs_ff51a29fcecba50f,gvc_d70b45d374b3,Knee Tuck Jump,Knee Tuck Jump,,NOT_NEEDED,Plyometrics,EXCLUDE_NON_MVP,Outside gym-first weight-training MVP default search,,unknown,,unknown,,,unsupported,,review,,,1,1,0,SCOPE_RESOLVED_EXCLUDED
gvs_3f88fbc0822f7d1e,gvc_b16d13ce8946,Kneeling Adductor Backward Stretch,Kneeling Adductor Backward Stretch,,NOT_NEEDED,Hips,EXCLUDE_NON_MVP,Outside gym-first weight-training MVP default search,Bodyweight,inferred_bodyweight,하체,source,,,unsupported,reps,bodyweight,duration,,1,1,0,SCOPE_RESOLVED_EXCLUDED
gvs_7bb89c356cda0cc9,gvc_0dae3f9cc6cb,Kneeling Adductors Side Stretch,Kneeling Adductors Side Stretch,,NOT_NEEDED,Stretching,EXCLUDE_NON_MVP,Outside gym-first weight-training MVP default search,,unknown,,unknown,,,unsupported,,review,,,1,0,1,SCOPE_RESOLVED_EXCLUDED
gvs_7b91b45dd6a62041,gvc_de386435cbd0,Kneeling Ankle Stretch,Kneeling Ankle Stretch,,NOT_NEEDED,Calves,EXCLUDE_NON_MVP,Outside gym-first weight-training MVP default search,Bodyweight,inferred_bodyweight,하체,source,,,unsupported,reps,bodyweight,duration,,1,1,0,SCOPE_RESOLVED_EXCLUDED
gvs_5639d3ec87c23066,gvc_d401361c03ba,Kneeling Back Rotation Stretch,Kneeling Back Rotation Stretch,,NOT_NEEDED,Back;Stretching,EXCLUDE_NON_MVP,Outside gym-first weight-training MVP default search,Bodyweight,inferred_bodyweight,등,source,,,unsupported,reps,bodyweight,duration,,3,1,2,SCOPE_RESOLVED_EXCLUDED
gvs_d956f8cb6d76ead3,gvc_5a2fc671ce6d,Kneeling Backwards Reach,Kneeling Backwards Reach,,NOT_NEEDED,Stretching,EXCLUDE_NON_MVP,Outside gym-first weight-training MVP default search,,unknown,,unknown,,,unsupported,,review,,,2,1,1,SCOPE_RESOLVED_EXCLUDED
gvs_aa1458f08c3b864a,gvc_bc2d1c918e7c,Kneeling Cat Cow (version 2),Kneeling Cat Cow,,NOT_NEEDED,Stretching,EXCLUDE_NON_MVP,Outside gym-first weight-training MVP default search,,unknown,,unknown,,,unsupported,,review,,,1,0,1,SCOPE_RESOLVED_EXCLUDED
gvs_ff6515b2ffd07340,gvc_c4140139388f,Kneeling Cat Cow Diagonal Reach Stretch S,Kneeling Cat Cow Diagonal Reach Stretch S,,NOT_NEEDED,,EXCLUDE_NON_MVP,Outside gym-first weight-training MVP default search,,unknown,,unknown,,,unsupported,,review,duration,,1,0,1,SCOPE_RESOLVED_EXCLUDED
gvs_c21b11848e0529d6,gvc_2398dbb6a5c9,Kneeling Cat Cow Look Back,Kneeling Cat Cow Look Back,,NOT_NEEDED,Stretching,EXCLUDE_NON_MVP,Outside gym-first weight-training MVP default search,,unknown,,unknown,,,unsupported,,review,,,1,0,1,SCOPE_RESOLVED_EXCLUDED
gvs_a6c23ff3eec007fb,gvc_5c4b8cb8a12d,Kneeling Core Mobilization,Kneeling Core Mobilization,,NOT_NEEDED,Stretching,EXCLUDE_NON_MVP,Outside gym-first weight-training MVP default search,,unknown,코어,name,,,unsupported,,review,,,1,0,1,SCOPE_RESOLVED_EXCLUDED
gvs_7a4bb927b065b8ff,gvc_8f8d3bec3ce3,Kneeling Elbow Supported Downward Dog,Kneeling Elbow Supported Downward Dog,,NOT_NEEDED,Stretching,EXCLUDE_NON_MVP,Outside gym-first weight-training MVP default search,,unknown,,unknown,,,unsupported,,review,,,1,0,1,SCOPE_RESOLVED_EXCLUDED
gvs_10655659c0898105,gvc_4b3ff5e191b9,Kneeling Finger Pulse,Kneeling Finger Pulse,,NOT_NEEDED,Hands,EXCLUDE_NON_MVP,Outside gym-first weight-training MVP default search,,unknown,기타,source,,,unsupported,,review,,,1,1,0,SCOPE_RESOLVED_EXCLUDED
gvs_36e8291e3303a7b0,gvc_afec4f094ba3,Kneeling Fist Circle,Kneeling Fist Circle,,NOT_NEEDED,Stretching,EXCLUDE_NON_MVP,Outside gym-first weight-training MVP default search,,unknown,,unknown,,,unsupported,,review,,,1,0,1,SCOPE_RESOLVED_EXCLUDED
gvs_82c3015b146ad50b,gvc_e61651efd47a,Kneeling Hamstring Reach,Kneeling Hamstring Reach,,NOT_NEEDED,Stretching,EXCLUDE_NON_MVP,Outside gym-first weight-training MVP default search,,unknown,하체,name,,,unsupported,,review,,,1,0,1,SCOPE_RESOLVED_EXCLUDED
gvs_7dd8eff904527f05,gvc_5a033f991ce2,Kneeling Hip Flexor Stretch,Kneeling Hip Flexor Stretch,,NOT_NEEDED,Hips,EXCLUDE_NON_MVP,Outside gym-first weight-training MVP default search,Bodyweight,inferred_bodyweight,하체,source,,,unsupported,reps,bodyweight,duration,,2,1,1,SCOPE_RESOLVED_EXCLUDED
gvs_f3256990a4a59c2a,gvc_0166b44928e9,Kneeling Iliopsoas Stretch,Kneeling Iliopsoas Stretch,,NOT_NEEDED,Thighs,EXCLUDE_NON_MVP,Outside gym-first weight-training MVP default search,Bodyweight,inferred_bodyweight,하체,source,,,unsupported,reps,bodyweight,duration,,1,0,1,SCOPE_RESOLVED_EXCLUDED
gvs_ea297ae398e051eb,gvc_177bd763d3ef,Kneeling Lat Stretch,Kneeling Lat Stretch,,NOT_NEEDED,Back,EXCLUDE_NON_MVP,Outside gym-first weight-training MVP default search,Bodyweight,inferred_bodyweight,등,source,,,unsupported,reps,bodyweight,duration,,2,1,1,SCOPE_RESOLVED_EXCLUDED
gvs_db4875bce11f191a,gvc_d969c7580e93,Kneeling Lateral Lunge,Kneeling Lateral Lunge,,NOT_NEEDED,Stretching,EXCLUDE_NON_MVP,Outside gym-first weight-training MVP default search,,unknown,하체,name,대퇴사두근,둔근,name_high,,review,,,1,0,1,SCOPE_RESOLVED_EXCLUDED
gvs_c0eb34bc9cd7ff32,gvc_d5b8dded17d2,Kneeling Leg Out Side Walk,Kneeling Leg Out Side Walk,,NOT_NEEDED,Stretching,EXCLUDE_NON_MVP,Outside gym-first weight-training MVP default search,,unknown,하체,name,,,unsupported,,review,,,1,0,1,SCOPE_RESOLVED_EXCLUDED
gvs_35539ffbbacf4abb,gvc_e815243ea89d,Kneeling Leg Out Twist Reach,Kneeling Leg Out Twist Reach,,NOT_NEEDED,Stretching,EXCLUDE_NON_MVP,Outside gym-first weight-training MVP default search,,unknown,하체,name,,,unsupported,,review,,,1,0,1,SCOPE_RESOLVED_EXCLUDED
gvs_72711157fed7053f,gvc_15d174724de5,Kneeling Medial Hamstring Groin Reach,Kneeling Medial Hamstring Groin Reach,,NOT_NEEDED,Stretching,EXCLUDE_NON_MVP,Outside gym-first weight-training MVP default search,,unknown,하체,name,,,unsupported,,review,,,1,0,1,SCOPE_RESOLVED_EXCLUDED
gvs_e2aa03bfb5644827,gvc_2a15baea6a08,Kneeling Neck Stretch,Kneeling Neck Stretch,,NOT_NEEDED,Stretching,EXCLUDE_NON_MVP,Outside gym-first weight-training MVP default search,,unknown,,unknown,,,unsupported,,review,,,1,1,0,SCOPE_RESOLVED_EXCLUDED
gvs_4bb18393937079db,gvc_53ccbc0e9e43,Kneeling Push Up Jack,Kneeling Push Up Jack,,NOT_NEEDED,Plyometrics,EXCLUDE_NON_MVP,Outside gym-first weight-training MVP default search,,unknown,가슴,name,,,unsupported,,review,,,1,1,0,SCOPE_RESOLVED_EXCLUDED
gvs_e283ab9cdf43aaee,gvc_1f5c715077b4,Kneeling Quadriceps Stretch,Kneeling Quadriceps Stretch,,NOT_NEEDED,Stretching,EXCLUDE_NON_MVP,Outside gym-first weight-training MVP default search,,unknown,하체,name,,,unsupported,,review,,,1,0,1,SCOPE_RESOLVED_EXCLUDED
gvs_6ef3ad51bca16bf1,gvc_bf5004d8adda,Kneeling Reach And Thread,Kneeling Reach And Thread,,NOT_NEEDED,Stretching,EXCLUDE_NON_MVP,Outside gym-first weight-training MVP default search,,unknown,,unknown,,,unsupported,,review,,,1,1,0,SCOPE_RESOLVED_EXCLUDED
gvs_96d6a9520c81b200,gvc_389cbbb4e1e6,Kneeling Rotation Torso Thread Through,Kneeling Rotation Torso Thread Through,,NOT_NEEDED,Stretching,EXCLUDE_NON_MVP,Outside gym-first weight-training MVP default search,,unknown,,unknown,,,unsupported,,review,,,1,0,1,SCOPE_RESOLVED_EXCLUDED
gvs_2710a17deaf3884d,gvc_cb0a2739351e,Kneeling Sartorius Stretch,Kneeling Sartorius Stretch,,NOT_NEEDED,Thighs,EXCLUDE_NON_MVP,Outside gym-first weight-training MVP default search,Bodyweight,inferred_bodyweight,하체,source,,,unsupported,reps,bodyweight,duration,,1,0,1,SCOPE_RESOLVED_EXCLUDED
gvs_7a2a284267124040,gvc_5e67f14fabfa,Kneeling Shoulder Tap Push Up,Kneeling Shoulder Tap Push Up,,NOT_NEEDED,Chest;Plyometrics,EXCLUDE_NON_MVP,Outside gym-first weight-training MVP default search,Bodyweight,inferred_bodyweight,가슴,source,,,unsupported,reps,bodyweight,reps,,2,1,1,SCOPE_RESOLVED_EXCLUDED
gvs_5e2647a7ab7cdde7,gvc_4b208ce62b45,Kneeling T Spine Mobility,Kneeling T Spine Mobility,,NOT_NEEDED,Stretching,EXCLUDE_NON_MVP,Outside gym-first weight-training MVP default search,,unknown,,unknown,,,unsupported,,review,,,1,1,0,SCOPE_RESOLVED_EXCLUDED
gvs_561af9b5a9f49e7d,gvc_09111d3c0577,Kneeling Thoracic Rotation,Kneeling Thoracic Rotation,,NOT_NEEDED,Hips;Stretching,EXCLUDE_NON_MVP,Outside gym-first weight-training MVP default search,Bodyweight,inferred_bodyweight,하체,source,,,unsupported,reps,bodyweight,,,2,1,1,SCOPE_RESOLVED_EXCLUDED
gvs_89387a762185d6f8,gvc_376d09588fa7,Kneeling Thread The Needle,Kneeling Thread The Needle,,NOT_NEEDED,Stretching,EXCLUDE_NON_MVP,Outside gym-first weight-training MVP default search,,unknown,,unknown,,,unsupported,,review,,,1,1,0,SCOPE_RESOLVED_EXCLUDED
gvs_aa36736bc597fe4b,gvc_be5ff33c294e,Kneeling Toe Up Hamstring Stretch,Kneeling Toe Up Hamstring Stretch,,NOT_NEEDED,Thighs,EXCLUDE_NON_MVP,Outside gym-first weight-training MVP default search,Bodyweight,inferred_bodyweight,하체,source,,,unsupported,reps,bodyweight,duration,,1,1,0,SCOPE_RESOLVED_EXCLUDED
gvs_6f69912cae440912,gvc_a24e6c292121,Kneeling Torso Rotation Chest And Shoulder Stretch,Kneeling Torso Rotation Chest And Shoulder Stretch,,NOT_NEEDED,,EXCLUDE_NON_MVP,Outside gym-first weight-training MVP default search,,unknown,가슴,name,,,unsupported,,review,duration,,2,1,1,SCOPE_RESOLVED_EXCLUDED
gvs_679ef9d3ad01fa83,gvc_f0a6e16d10ba,Kneeling Wrist Flexor Stretch,Kneeling Wrist Flexor Stretch,,NOT_NEEDED,Forearms,EXCLUDE_NON_MVP,Outside gym-first weight-training MVP default search,Bodyweight,inferred_bodyweight,팔,source,,,unsupported,reps,bodyweight,duration,,1,0,1,SCOPE_RESOLVED_EXCLUDED
gvs_69c4ad152fee3ce1,gvc_833c9fb485ea,Lat Lean To Cat Cow,Lat Lean To Cat Cow,,NOT_NEEDED,Stretching,EXCLUDE_NON_MVP,Outside gym-first weight-training MVP default search,,unknown,등,name,,,unsupported,,review,,,1,1,0,SCOPE_RESOLVED_EXCLUDED
gvs_f3a6ec20a4b9998e,gvc_95ab5d53d0b0,Lat Shoulder Stretch Into Shoulder Shrug,Lat Shoulder Stretch Into Shoulder Shrug,,NOT_NEEDED,Stretching,EXCLUDE_NON_MVP,Outside gym-first weight-training MVP default search,,unknown,어깨,name,,,unsupported,,review,duration,,2,1,1,SCOPE_RESOLVED_EXCLUDED
gvs_54845f82a322ede0,gvc_5495507389af,Lat Stretch Against Wall,Lat Stretch Against Wall,,NOT_NEEDED,Stretching,EXCLUDE_NON_MVP,Outside gym-first weight-training MVP default search,,unknown,등,name,,,unsupported,,review,,,1,0,1,SCOPE_RESOLVED_EXCLUDED
gvs_f819511103fc19fd,gvc_964599ed69f5,Lat Stretch With Chair,Lat Stretch With Chair,,NOT_NEEDED,Back,EXCLUDE_NON_MVP,Outside gym-first weight-training MVP default search,Bodyweight,inferred_bodyweight,등,source,,,unsupported,reps,bodyweight,duration,,1,0,1,SCOPE_RESOLVED_EXCLUDED
gvs_efe614fbc61b1be3,gvc_739b46ea8b73,Lateral Box Jump,Lateral Box Jump,,NOT_NEEDED,Plyometrics,EXCLUDE_NON_MVP,Outside gym-first weight-training MVP default search,,unknown,,unknown,,,unsupported,,review,,,1,0,1,SCOPE_RESOLVED_EXCLUDED
gvs_ac31acb092016d2a,gvc_e857f517bab7,Lateral Cone Hop,Lateral Cone Hop,,NOT_NEEDED,Plyometrics,EXCLUDE_NON_MVP,Outside gym-first weight-training MVP default search,,unknown,,unknown,,,unsupported,,review,,,1,1,0,SCOPE_RESOLVED_EXCLUDED
gvs_247c4f2ad203fb38,gvc_282effe48b13,Lateral Hops,Lateral Hops,,NOT_NEEDED,Plyometrics,EXCLUDE_NON_MVP,Outside gym-first weight-training MVP default search,,unknown,,unknown,,,unsupported,,review,,,1,1,0,SCOPE_RESOLVED_EXCLUDED
gvs_88e6d2da0fe23010,gvc_0e53439de2ff,Lateral Hurdle Jump,Lateral Hurdle Jump,,NOT_NEEDED,Plyometrics,EXCLUDE_NON_MVP,Outside gym-first weight-training MVP default search,,unknown,,unknown,,,unsupported,,review,,,1,1,0,SCOPE_RESOLVED_EXCLUDED
gvs_7a581c143c703cb0,gvc_d7c0672a4ec3;gvc_f616cf3a8800,Lateral Raise Side Step | Side Step Lateral Raise,Lateral Raise Side Step,,NOT_NEEDED,Plyometrics,EXCLUDE_NON_MVP,Outside gym-first weight-training MVP default search,,unknown,어깨,name,측면 삼각근,,name_high,,review,,,2,1,1,SCOPE_RESOLVED_EXCLUDED
gvs_7a094c33308a622b,gvc_4f1d8525c531,Lateral Shuffle Crunches,Lateral Shuffle Crunches,,NOT_NEEDED,Plyometrics,EXCLUDE_NON_MVP,Outside gym-first weight-training MVP default search,,unknown,,unknown,,,unsupported,,review,,,2,1,1,SCOPE_RESOLVED_EXCLUDED
gvs_fe092de290654650,gvc_640cdc7a016a,Lateral Shuffle Squat Tap,Lateral Shuffle Squat Tap,,NOT_NEEDED,Plyometrics,EXCLUDE_NON_MVP,Outside gym-first weight-training MVP default search,,unknown,하체,name,대퇴사두근,둔근,name_high,,review,,,2,1,1,SCOPE_RESOLVED_EXCLUDED
gvs_81ab14b7bd49e147,gvc_84aa8224bb05,Lateral Swing And Knee Raise,Lateral Swing And Knee Raise,,NOT_NEEDED,Plyometrics,EXCLUDE_NON_MVP,Outside gym-first weight-training MVP default search,,unknown,,unknown,복직근,,name_high,,review,,,1,0,1,SCOPE_RESOLVED_EXCLUDED
gvs_3060827b5e92bdeb,gvc_8398e8778f26,Lateral Tap In Squat Position,Lateral Tap In Squat Position,,NOT_NEEDED,Plyometrics,EXCLUDE_NON_MVP,Outside gym-first weight-training MVP default search,,unknown,하체,name,대퇴사두근,둔근,name_high,,review,,,3,1,2,SCOPE_RESOLVED_EXCLUDED
gvs_4073e0f017cff842,gvc_55161b95e8e6,Lean Forward Stretch,Lean Forward Stretch,,NOT_NEEDED,Hips,EXCLUDE_NON_MVP,Outside gym-first weight-training MVP default search,Bodyweight,inferred_bodyweight,하체,source,,,unsupported,reps,bodyweight,duration,,1,0,1,SCOPE_RESOLVED_EXCLUDED
gvs_7f7ecb1f6dc8a32f,gvc_b9050102843c,Leg Front Lift Jack,Leg Front Lift Jack,,NOT_NEEDED,Plyometrics,EXCLUDE_NON_MVP,Outside gym-first weight-training MVP default search,,unknown,하체,name,,,unsupported,,review,,,2,1,1,SCOPE_RESOLVED_EXCLUDED
gvs_44b5c42edbeb8598,gvc_56f16245bc28,Leg Lift To Chest Front Plank,Leg Lift To Chest Front Plank,,NOT_NEEDED,Plyometrics,EXCLUDE_NON_MVP,Outside gym-first weight-training MVP default search,,unknown,가슴,name,코어,,name_high,duration,semantic,,BODY_MUSCLE_FAMILY_CONFLICT,1,1,0,SCOPE_RESOLVED_EXCLUDED
gvs_5af8e8823015ce70,gvc_e7d78aa65d22,Leg Over Head Calve Stretch,Leg Over Head Calve Stretch,,NOT_NEEDED,Stretching,EXCLUDE_NON_MVP,Outside gym-first weight-training MVP default search,,unknown,하체,name,,,unsupported,,review,,,1,0,1,SCOPE_RESOLVED_EXCLUDED
gvs_692038414830eab9,gvc_d19c9c1c9902,Leg Pull,Leg Pull,,NOT_NEEDED,Pilates,EXCLUDE_NON_MVP,Outside gym-first weight-training MVP default search,,unknown,하체,name,,,unsupported,,review,,,1,0,1,SCOPE_RESOLVED_EXCLUDED
gvs_0cf5730c24eea00a,gvc_a5003f4367f3,Leg Pull Side,Leg Pull Side,,NOT_NEEDED,Pilates,EXCLUDE_NON_MVP,Outside gym-first weight-training MVP default search,,unknown,하체,name,,,unsupported,,review,,,1,0,1,SCOPE_RESOLVED_EXCLUDED
gvs_3dc2c2e156ecf9ed,gvc_7032087bbbf2,Lizard Extension To Twist,Lizard Extension To Twist,,NOT_NEEDED,Stretching,EXCLUDE_NON_MVP,Outside gym-first weight-training MVP default search,,unknown,,unknown,,,unsupported,,review,,,1,0,1,SCOPE_RESOLVED_EXCLUDED
gvs_e4aee88432b9123a,gvc_f74da0f3ee10,Lizard Lunge (advanced),Lizard Lunge (Advanced),,NOT_NEEDED,Stretching,EXCLUDE_NON_MVP,Outside gym-first weight-training MVP default search,,unknown,하체,name,대퇴사두근,둔근,name_high,,review,,,1,0,1,SCOPE_RESOLVED_EXCLUDED
gvs_ed5bafc9cd6c6cc5,gvc_3d5c7bb4ae18,Lizard Lunge (beginner),Lizard Lunge (Beginner),,NOT_NEEDED,Stretching,EXCLUDE_NON_MVP,Outside gym-first weight-training MVP default search,,unknown,하체,name,대퇴사두근,둔근,name_high,,review,,,1,0,1,SCOPE_RESOLVED_EXCLUDED
gvs_8739daf88a05c290,gvc_53d67afbab23;gvc_e0db49af7f6a,Lizard Pose | Lizard Pose (version 2),Lizard Pose,,NOT_NEEDED,Stretching,EXCLUDE_NON_MVP,Outside gym-first weight-training MVP default search,,unknown,,unknown,,,unsupported,,review,,,3,1,2,SCOPE_RESOLVED_EXCLUDED
gvs_8771758144a757b9,gvc_4118ddbae2d5,Locust Pose,Locust Pose,,NOT_NEEDED,Stretching,EXCLUDE_NON_MVP,Outside gym-first weight-training MVP default search,,unknown,,unknown,,,unsupported,,review,,,1,0,1,SCOPE_RESOLVED_EXCLUDED
gvs_48438f8514d3f851,gvc_cb9d94c3e9f4,Long Arms Step Back,Long Arms Step Back,,NOT_NEEDED,Plyometrics,EXCLUDE_NON_MVP,Outside gym-first weight-training MVP default search,,unknown,,unknown,,,unsupported,,review,,,1,0,1,SCOPE_RESOLVED_EXCLUDED
gvs_59703f1dd32c0039,gvc_04c9d1545c69,Long Distance Running,Long Distance Running,,NOT_NEEDED,Cardio,EXCLUDE_NON_MVP,Outside gym-first weight-training MVP default search,,unknown,,unknown,,,unsupported,,review,,,2,1,1,SCOPE_RESOLVED_EXCLUDED
gvs_4402522b8bbefc8b,gvc_a43a669b87bd,Long Jump,Long Jump,,NOT_NEEDED,Plyometrics,EXCLUDE_NON_MVP,Outside gym-first weight-training MVP default search,,unknown,,unknown,,,unsupported,,review,,,1,1,0,SCOPE_RESOLVED_EXCLUDED
gvs_b557334dd9e68b9d,gvc_5c498dafe819,Lotus Pose Breathing,Lotus Pose Breathing,,NOT_NEEDED,Stretching,EXCLUDE_NON_MVP,Outside gym-first weight-training MVP default search,,unknown,,unknown,,,unsupported,,review,,,1,1,0,SCOPE_RESOLVED_EXCLUDED
gvs_3f46018169a9ae6d,gvc_47d36add5f21,Low Lunge,Low Lunge,,NOT_NEEDED,Stretching,EXCLUDE_NON_MVP,Outside gym-first weight-training MVP default search,,unknown,하체,name,대퇴사두근,둔근,name_high,,review,,,2,1,1,SCOPE_RESOLVED_EXCLUDED
gvs_7f4396f22731f2f4,gvc_637179485bf2,Low Lunge (left),Low Lunge (Left),,NOT_NEEDED,Stretching,EXCLUDE_NON_MVP,Outside gym-first weight-training MVP default search,,unknown,하체,name,대퇴사두근,둔근,name_high,,review,,,2,1,1,SCOPE_RESOLVED_EXCLUDED
gvs_c6c64ced458e37b1,gvc_3fec0179d263,Low Lunge To Hamstring Stretch,Low Lunge To Hamstring Stretch,,NOT_NEEDED,Stretching,EXCLUDE_NON_MVP,Outside gym-first weight-training MVP default search,,unknown,하체,name,대퇴사두근,둔근,name_high,,review,,,2,1,1,SCOPE_RESOLVED_EXCLUDED
gvs_f3969dfdc92deed1,gvc_dc446a4ff232,Low Lunge To Hamstring Stretch (advanced),Low Lunge To Hamstring Stretch (Advanced),,NOT_NEEDED,,EXCLUDE_NON_MVP,Outside gym-first weight-training MVP default search,,unknown,하체,name,대퇴사두근,둔근,name_high,,review,duration,,1,0,1,SCOPE_RESOLVED_EXCLUDED
gvs_6931ec7a1934b884,gvc_e83c272d3753,Low Lunge Twist,Low Lunge Twist,,NOT_NEEDED,Hips;Stretching,EXCLUDE_NON_MVP,Outside gym-first weight-training MVP default search,Bodyweight,inferred_bodyweight,하체,source,대퇴사두근,둔근,name_high,reps,bodyweight,reps,,2,1,1,SCOPE_RESOLVED_EXCLUDED
gvs_f2ca67d4e090e812,gvc_87a4a64630bb,Low Lunge Yoga Pose Anjaneyasana I,Low Lunge Yoga Pose Anjaneyasana I,,NOT_NEEDED,Hips,EXCLUDE_NON_MVP,Outside gym-first weight-training MVP default search,Bodyweight,inferred_bodyweight,하체,source,대퇴사두근,둔근,name_high,reps,bodyweight,duration,,1,0,1,SCOPE_RESOLVED_EXCLUDED
gvs_11063d2f69226cff,gvc_d19688f3884f,Low To High Lunge Pose,Low To High Lunge Pose,,NOT_NEEDED,Stretching,EXCLUDE_NON_MVP,Outside gym-first weight-training MVP default search,,unknown,하체,name,대퇴사두근,둔근,name_high,,review,,,1,0,1,SCOPE_RESOLVED_EXCLUDED
gvs_8ec5a986d0d45dfc,gvc_27793fa99102,Lunge Stretch,Lunge Stretch,,NOT_NEEDED,Thighs,EXCLUDE_NON_MVP,Outside gym-first weight-training MVP default search,Bodyweight,inferred_bodyweight,하체,source,대퇴사두근,둔근,name_high,reps,bodyweight,duration,,3,2,1,SCOPE_RESOLVED_EXCLUDED
gvs_335ace2e11f422f4,gvc_d7113854b83d,Lunge With Leg Lift,Lunge With Leg Lift,,NOT_NEEDED,Plyometrics,EXCLUDE_NON_MVP,Outside gym-first weight-training MVP default search,,unknown,하체,name,대퇴사두근,둔근,name_high,,review,,,1,0,1,SCOPE_RESOLVED_EXCLUDED
gvs_5e56879fd6dd27c7,gvc_f60f228eafc8,Lying (prone) Abdominal Stretch,Lying (Prone) Abdominal Stretch,,NOT_NEEDED,Waist,EXCLUDE_NON_MVP,Outside gym-first weight-training MVP default search,Bodyweight,inferred_bodyweight,코어,source,,,unsupported,reps,bodyweight,duration,,2,1,1,SCOPE_RESOLVED_EXCLUDED
gvs_bab319ad54cd9821,gvc_16c72310199f;gvc_3ec9f28d9abf,Lying (side) Quadriceps Stretch | Side Lying Quadriceps Stretch,Lying (Side) Quadriceps Stretch,,NOT_NEEDED,Thighs;Stretching,EXCLUDE_NON_MVP,Outside gym-first weight-training MVP default search,Bodyweight,inferred_bodyweight,하체,source,,,unsupported,reps,bodyweight,duration,,2,1,1,SCOPE_RESOLVED_EXCLUDED
gvs_67e915869904ce2c,gvc_26fc268368f2,Lying 90 To 90 Switch,Lying 90 To 90 Switch,,NOT_NEEDED,Stretching,EXCLUDE_NON_MVP,Outside gym-first weight-training MVP default search,,unknown,,unknown,,,unsupported,,review,,,1,0,1,SCOPE_RESOLVED_EXCLUDED
gvs_1594b38ed5b8518c,gvc_3c82320efed1,Lying Abduction Leg Raise On Floor,Lying Abduction Leg Raise On Floor,,NOT_NEEDED,Pilates,EXCLUDE_NON_MVP,Outside gym-first weight-training MVP default search,,unknown,하체,name,복직근,,name_high,,review,,BODY_MUSCLE_FAMILY_CONFLICT,1,1,0,SCOPE_RESOLVED_EXCLUDED
gvs_5f709b18dee903b2,gvc_62a7e949ad4f,Lying Abductor Stretch,Lying Abductor Stretch,,NOT_NEEDED,Hips,EXCLUDE_NON_MVP,Outside gym-first weight-training MVP default search,Bodyweight,inferred_bodyweight,하체,source,,,unsupported,reps,bodyweight,duration,,1,1,0,SCOPE_RESOLVED_EXCLUDED
gvs_19ea91989436983a,gvc_8ba6dfbaa4e0,Lying Air Cycles,Lying Air Cycles,,NOT_NEEDED,Plyometrics,EXCLUDE_NON_MVP,Outside gym-first weight-training MVP default search,,unknown,,unknown,,,unsupported,,review,,,2,1,1,SCOPE_RESOLVED_EXCLUDED
gvs_064582f4d0a7fd72,gvc_c883df50e1b5,Lying Ankle Flexion And Extension Stretch,Lying Ankle Flexion And Extension Stretch,,NOT_NEEDED,,EXCLUDE_NON_MVP,Outside gym-first weight-training MVP default search,,unknown,,unknown,,,unsupported,,review,duration,,1,0,1,SCOPE_RESOLVED_EXCLUDED
gvs_09903c01c2e8a0ad,gvc_b43d6fd79392,Lying Anterior Pelvic Shift Hold,Lying Anterior Pelvic Shift Hold,,NOT_NEEDED,Stretching,EXCLUDE_NON_MVP,Outside gym-first weight-training MVP default search,,unknown,,unknown,,,unsupported,duration,semantic,,,1,0,1,SCOPE_RESOLVED_EXCLUDED
gvs_32990c6e31387818,gvc_63891eb5ded8,Lying Arm Abduction,Lying Arm Abduction,,NOT_NEEDED,Stretching,EXCLUDE_NON_MVP,Outside gym-first weight-training MVP default search,,unknown,하체,name,,,unsupported,,review,,,1,0,1,SCOPE_RESOLVED_EXCLUDED
gvs_3cf8ebbd2d8418e5,gvc_b562e7a919aa,Lying Back Opener,Lying Back Opener,,NOT_NEEDED,Stretching,EXCLUDE_NON_MVP,Outside gym-first weight-training MVP default search,,unknown,,unknown,,,unsupported,,review,,,1,1,0,SCOPE_RESOLVED_EXCLUDED
gvs_a68c79428b3632a8,gvc_feaed7ff5526,Lying Calf Stretch,Lying Calf Stretch,,NOT_NEEDED,Calves,EXCLUDE_NON_MVP,Outside gym-first weight-training MVP default search,Bodyweight,inferred_bodyweight,하체,source,,,unsupported,reps,bodyweight,duration,,1,0,1,SCOPE_RESOLVED_EXCLUDED
gvs_c6560f77f322807f,gvc_811d7b84bf02,Lying Cross Over Knee Pull Down Stretch,Lying Cross Over Knee Pull Down Stretch,,NOT_NEEDED,Hips,EXCLUDE_NON_MVP,Outside gym-first weight-training MVP default search,Bodyweight,inferred_bodyweight,하체,source,,,unsupported,reps,bodyweight,duration,,1,1,0,SCOPE_RESOLVED_EXCLUDED
gvs_8cab080a1f29208c,gvc_4d4ac05e5c2d,Lying Crossed Stacked Arms Stretch,Lying Crossed Stacked Arms Stretch,,NOT_NEEDED,Stretching,EXCLUDE_NON_MVP,Outside gym-first weight-training MVP default search,,unknown,,unknown,,,unsupported,,review,,,1,0,1,SCOPE_RESOLVED_EXCLUDED
gvs_9f67e75b03c875d3,gvc_38190c59e1dc,Lying Crossover Stretch,Lying Crossover Stretch,,NOT_NEEDED,Hips,EXCLUDE_NON_MVP,Outside gym-first weight-training MVP default search,Bodyweight,inferred_bodyweight,하체,source,,,unsupported,reps,bodyweight,duration,,3,1,2,SCOPE_RESOLVED_EXCLUDED
gvs_c79252fa1e189ec4,gvc_95670e8ef2a4,Lying Double Leg Kick,Lying Double Leg Kick,,NOT_NEEDED,Pilates,EXCLUDE_NON_MVP,Outside gym-first weight-training MVP default search,,unknown,하체,name,,,unsupported,,review,,,2,1,1,SCOPE_RESOLVED_EXCLUDED
gvs_7556a7cbb25255fb,gvc_57854c582de3,Lying Figure 4 With Rotation,Lying Figure 4 With Rotation,,NOT_NEEDED,Stretching,EXCLUDE_NON_MVP,Outside gym-first weight-training MVP default search,,unknown,,unknown,,,unsupported,,review,,,1,0,1,SCOPE_RESOLVED_EXCLUDED
gvs_755959c242c9a768,gvc_b402626120cd,Lying Glute Stretch,Lying Glute Stretch,,NOT_NEEDED,Hips,EXCLUDE_NON_MVP,Outside gym-first weight-training MVP default search,Bodyweight,inferred_bodyweight,하체,source,,,unsupported,reps,bodyweight,duration,,2,1,1,SCOPE_RESOLVED_EXCLUDED
gvs_c62b9cc23971f6cc,gvc_797312f969a0,Lying Hip Internal Rotation,Lying Hip Internal Rotation,,NOT_NEEDED,Stretching,EXCLUDE_NON_MVP,Outside gym-first weight-training MVP default search,,unknown,,unknown,,,unsupported,,review,,,2,1,1,SCOPE_RESOLVED_EXCLUDED
gvs_e5afed31b33f15c5,gvc_0e8cfc579ba8,Lying Hip Internal Rotation Pullover,Lying Hip Internal Rotation Pullover,,NOT_NEEDED,Stretching,EXCLUDE_NON_MVP,Outside gym-first weight-training MVP default search,,unknown,,unknown,,,unsupported,,review,,,1,0,1,SCOPE_RESOLVED_EXCLUDED
gvs_d2ea7b632874854b,gvc_1b8eddd5571e,Lying Knee Hug,Lying Knee Hug,,NOT_NEEDED,Stretching,EXCLUDE_NON_MVP,Outside gym-first weight-training MVP default search,,unknown,,unknown,,,unsupported,,review,,,2,0,2,SCOPE_RESOLVED_EXCLUDED
gvs_e0d6d42f0406194f,gvc_f21e97830895,Lying Knee Hugs,Lying Knee Hugs,,NOT_NEEDED,Stretching,EXCLUDE_NON_MVP,Outside gym-first weight-training MVP default search,,unknown,,unknown,,,unsupported,,review,,,1,0,1,SCOPE_RESOLVED_EXCLUDED
gvs_400eb5b67cde9f98,gvc_90c44e103a1c,Lying Knee To Chest Stretch,Lying Knee To Chest Stretch,,NOT_NEEDED,Hips,EXCLUDE_NON_MVP,Outside gym-first weight-training MVP default search,Bodyweight,inferred_bodyweight,하체,source,,,unsupported,reps,bodyweight,duration,,1,1,0,SCOPE_RESOLVED_EXCLUDED
gvs_792ed2f4a5d58576,gvc_54aafb6eaf1f,Lying Lean Forward Pilates,Lying Lean Forward Pilates,,NOT_NEEDED,Stretching,EXCLUDE_NON_MVP,Outside gym-first weight-training MVP default search,,unknown,,unknown,,,unsupported,,review,,,1,0,1,SCOPE_RESOLVED_EXCLUDED
gvs_8135e280ff98d7ba,gvc_151df4cd49b3,Lying Leg Over Knee Hip Twist Stretch,Lying Leg Over Knee Hip Twist Stretch,,NOT_NEEDED,Stretching,EXCLUDE_NON_MVP,Outside gym-first weight-training MVP default search,,unknown,하체,name,,,unsupported,,review,,,1,0,1,SCOPE_RESOLVED_EXCLUDED
gvs_a5c4774e0aa1c948,gvc_f2695fb9e0f0,Lying Leg Tuck Hip Stretch,Lying Leg Tuck Hip Stretch,,NOT_NEEDED,Stretching,EXCLUDE_NON_MVP,Outside gym-first weight-training MVP default search,,unknown,하체,name,,,unsupported,,review,,,1,1,0,SCOPE_RESOLVED_EXCLUDED
gvs_b8e016dc4471a3b2,gvc_8820bc31e08b,Lying Lower Back Knee To Chest,Lying Lower Back Knee To Chest,,NOT_NEEDED,Stretching,EXCLUDE_NON_MVP,Outside gym-first weight-training MVP default search,,unknown,가슴,name,,,unsupported,,review,,,1,1,0,SCOPE_RESOLVED_EXCLUDED
gvs_2f7b63b15ccac125,gvc_9c3e9ee8a546,Lying Lower Back Stretch,Lying Lower Back Stretch,,NOT_NEEDED,Back,EXCLUDE_NON_MVP,Outside gym-first weight-training MVP default search,Bodyweight,inferred_bodyweight,등,source,,,unsupported,reps,bodyweight,duration,,1,0,1,SCOPE_RESOLVED_EXCLUDED
gvs_4a7369d6c7698154,gvc_a8e4853e52d0,Lying Lower Back Stretch (bent Knee),Lying Lower Back Stretch (Bent Knee),,NOT_NEEDED,Back,EXCLUDE_NON_MVP,Outside gym-first weight-training MVP default search,Bodyweight,inferred_bodyweight,등,source,,,unsupported,reps,bodyweight,duration,,1,0,1,SCOPE_RESOLVED_EXCLUDED
gvs_77facd714b7a6629,gvc_3e42ef663436,Lying Pelvic Tilt,Lying Pelvic Tilt,,NOT_NEEDED,Stretching,EXCLUDE_NON_MVP,Outside gym-first weight-training MVP default search,,unknown,,unknown,,,unsupported,,review,,,1,0,1,SCOPE_RESOLVED_EXCLUDED
gvs_90073b5e18c95558,gvc_534d286cee85,Lying Rest Pose,Lying Rest Pose,,NOT_NEEDED,Cardio,EXCLUDE_NON_MVP,Outside gym-first weight-training MVP default search,,unknown,,unknown,,,unsupported,,review,,,2,1,1,SCOPE_RESOLVED_EXCLUDED
gvs_4e9aba9f82e39f4f,gvc_f151deebb3c6,Lying Reverse Twist,Lying Reverse Twist,,NOT_NEEDED,Stretching,EXCLUDE_NON_MVP,Outside gym-first weight-training MVP default search,,unknown,,unknown,,,unsupported,,review,,,1,1,0,SCOPE_RESOLVED_EXCLUDED
gvs_b5d5970056014062,gvc_418e512f044d,Lying Roll Up Pilates,Lying Roll Up Pilates,,NOT_NEEDED,Stretching,EXCLUDE_NON_MVP,Outside gym-first weight-training MVP default search,,unknown,,unknown,,,unsupported,,review,,,1,0,1,SCOPE_RESOLVED_EXCLUDED
gvs_ac443b48ac189406,gvc_f06105739b0a,Lying Rollover Pilates,Lying Rollover Pilates,,NOT_NEEDED,Stretching,EXCLUDE_NON_MVP,Outside gym-first weight-training MVP default search,,unknown,,unknown,,,unsupported,,review,,,1,0,1,SCOPE_RESOLVED_EXCLUDED
gvs_bc2783f90d1f2a0d,gvc_f830d7ea2f1d,Lying Sartorius Stretch,Lying Sartorius Stretch,,NOT_NEEDED,Stretching,EXCLUDE_NON_MVP,Outside gym-first weight-training MVP default search,,unknown,,unknown,,,unsupported,,review,,,1,0,1,SCOPE_RESOLVED_EXCLUDED
gvs_1edcdf0e30317f7c,gvc_b325f7a40c50,Lying Side Bend,Lying Side Bend,,NOT_NEEDED,Stretching,EXCLUDE_NON_MVP,Outside gym-first weight-training MVP default search,,unknown,코어,name,복사근,코어,name_high,,review,,,1,0,1,SCOPE_RESOLVED_EXCLUDED
gvs_ffc7ed42c3ec193c,gvc_361ac17be665,Lying Side Lift Free Lateral Flexion,Lying Side Lift Free Lateral Flexion,,NOT_NEEDED,Stretching,EXCLUDE_NON_MVP,Outside gym-first weight-training MVP default search,,unknown,,unknown,,,unsupported,,review,,,1,0,1,SCOPE_RESOLVED_EXCLUDED
gvs_699928e011de5cae,gvc_6c32c814afc6,Lying Side Stretch,Lying Side Stretch,,NOT_NEEDED,Stretching,EXCLUDE_NON_MVP,Outside gym-first weight-training MVP default search,,unknown,,unknown,,,unsupported,,review,,,2,1,1,SCOPE_RESOLVED_EXCLUDED
gvs_c983b8cc02f926d2,gvc_4b0d5d8fa868,Lying Side To Side Neck Stretch,Lying Side To Side Neck Stretch,,NOT_NEEDED,Stretching,EXCLUDE_NON_MVP,Outside gym-first weight-training MVP default search,,unknown,,unknown,,,unsupported,,review,,,1,0,1,SCOPE_RESOLVED_EXCLUDED
gvs_dcece99e2daa20b8,gvc_c59dfbfea339,Lying Single Knee Swing,Lying Single Knee Swing,,NOT_NEEDED,Stretching,EXCLUDE_NON_MVP,Outside gym-first weight-training MVP default search,,unknown,,unknown,,,unsupported,,review,,,1,0,1,SCOPE_RESOLVED_EXCLUDED
gvs_3e671be98f5f4ac5,gvc_ccf04807bc83,Lying Single Leg Hamstring Stretch Against Wall (m,Lying Single Leg Hamstring Stretch Against Wall,,NOT_NEEDED,,EXCLUDE_NON_MVP,Outside gym-first weight-training MVP default search,,unknown,하체,name,,,unsupported,,review,duration,,1,1,0,SCOPE_RESOLVED_EXCLUDED
gvs_4aa466421d58c210,gvc_f623ed3e2563,Lying Single Leg Kick,Lying Single Leg Kick,,NOT_NEEDED,Pilates,EXCLUDE_NON_MVP,Outside gym-first weight-training MVP default search,,unknown,하체,name,,,unsupported,,review,,,1,0,1,SCOPE_RESOLVED_EXCLUDED
gvs_921ba06f2447a72f,gvc_7a781c02371e,Lying Sole To Sole Groin Stretch,Lying Sole To Sole Groin Stretch,,NOT_NEEDED,Stretching,EXCLUDE_NON_MVP,Outside gym-first weight-training MVP default search,,unknown,,unknown,,,unsupported,,review,,,1,0,1,SCOPE_RESOLVED_EXCLUDED
gvs_b6a9680108551739,gvc_e5349fac3c7d,Lying Stretch,Lying Stretch,,NOT_NEEDED,Stretching,EXCLUDE_NON_MVP,Outside gym-first weight-training MVP default search,,unknown,,unknown,,,unsupported,,review,,,1,0,1,SCOPE_RESOLVED_EXCLUDED
gvs_acb3844ef52cd1a8,gvc_0f8f38073e91,Lying Swimmer,Lying Swimmer,,NOT_NEEDED,Stretching,EXCLUDE_NON_MVP,Outside gym-first weight-training MVP default search,,unknown,,unknown,,,unsupported,,review,,,1,0,1,SCOPE_RESOLVED_EXCLUDED
gvs_0ca993186ac09d32,gvc_689d9dda7cb5,Lying Vertical Hamstring Stretch,Lying Vertical Hamstring Stretch,,NOT_NEEDED,Stretching,EXCLUDE_NON_MVP,Outside gym-first weight-training MVP default search,,unknown,하체,name,,,unsupported,,review,,,1,0,1,SCOPE_RESOLVED_EXCLUDED
gvs_b0650dedc2c2d495,gvc_ff7852313145,Lever Abduction Leg Raise,Machine Abduction Leg Raise,,NOT_NEEDED,Pilates,EXCLUDE_NON_MVP,Outside gym-first weight-training MVP default search,Machine,source,하체,name,복직근,,name_high,weight_reps,equipment,,BODY_MUSCLE_FAMILY_CONFLICT,1,1,0,SCOPE_RESOLVED_EXCLUDED
gvs_0fbb6a453bd6be95,gvc_51eb56b9d9c4,Lever Air Walk,Machine Air Walk,,NOT_NEEDED,Cardio,EXCLUDE_NON_MVP,Outside gym-first weight-training MVP default search,Machine,source,,unknown,,,unsupported,weight_reps,equipment,,,1,1,0,SCOPE_RESOLVED_EXCLUDED
gvs_627411f347caf2cb,gvc_00e05b9cbafd,Lever Elliptical Static Walk,Machine Elliptical Static Walk,,NOT_NEEDED,Cardio,EXCLUDE_NON_MVP,Outside gym-first weight-training MVP default search,Machine,source,,unknown,,,unsupported,weight_reps,equipment,,,1,1,0,SCOPE_RESOLVED_EXCLUDED
gvs_f5373ed0d826df86,gvc_340dad09a82d,Lever Gripper Hands (plate Loaded),Machine Gripper Hands (Plate Loaded),,NOT_NEEDED,Hands,EXCLUDE_NON_MVP,Outside gym-first weight-training MVP default search,Machine,source,기타,source,,,unsupported,weight_reps,equipment,weight_reps,,1,1,0,SCOPE_RESOLVED_EXCLUDED
gvs_b2f16d2d23e8c0e1,gvc_fed92e2007ef,Lever Step (version 2),Machine Step,,NOT_NEEDED,Cardio,EXCLUDE_NON_MVP,Outside gym-first weight-training MVP default search,Machine,source,,unknown,,,unsupported,weight_reps,equipment,,,2,1,1,SCOPE_RESOLVED_EXCLUDED
gvs_1ae1326c622f103a,gvc_c7f3cbc0d58f,Lever Stepper,Machine Stepper,,NOT_NEEDED,Cardio,EXCLUDE_NON_MVP,Outside gym-first weight-training MVP default search,Machine,source,,unknown,,,unsupported,weight_reps,equipment,,,2,1,1,SCOPE_RESOLVED_EXCLUDED
gvs_1c9c24431a0c837b,gvc_bada35ed217d,Majorette Twist Rep,Majorette Twist Rep,,NOT_NEEDED,Stretching,EXCLUDE_NON_MVP,Outside gym-first weight-training MVP default search,,unknown,,unknown,,,unsupported,,review,,,1,0,1,SCOPE_RESOLVED_EXCLUDED
gvs_ce36ff3c9048573a,gvc_6dce07da1ef2,March On Spot Arm Circles,March On Spot Arm Circles,,NOT_NEEDED,Plyometrics,EXCLUDE_NON_MVP,Outside gym-first weight-training MVP default search,,unknown,,unknown,,,unsupported,,review,,,1,0,1,SCOPE_RESOLVED_EXCLUDED
gvs_61c13b32ab9bffc8,gvc_51be7b759311,March On Spot Bicep Curl,March On Spot Bicep Curl,,NOT_NEEDED,Plyometrics,EXCLUDE_NON_MVP,Outside gym-first weight-training MVP default search,,unknown,팔,name,,,unsupported,,review,,,1,0,1,SCOPE_RESOLVED_EXCLUDED
gvs_6f062b6e81360388,gvc_531aadaf7abf,Marching Kick On Spot,Marching Kick On Spot,,NOT_NEEDED,Cardio,EXCLUDE_NON_MVP,Outside gym-first weight-training MVP default search,,unknown,,unknown,,,unsupported,,review,,,2,0,2,SCOPE_RESOLVED_EXCLUDED
gvs_009b94535ff5bcab,gvc_22d95f3776f9;gvc_6f8a1be8bcee,Marching On Spot | Marching On Spot (version 2),Marching On Spot,,NOT_NEEDED,Cardio,EXCLUDE_NON_MVP,Outside gym-first weight-training MVP default search,,unknown,,unknown,,,unsupported,,review,,,3,2,1,SCOPE_RESOLVED_EXCLUDED
gvs_413ac6a80884ac64,gvc_865d6f863de6;gvc_bfbcedd2c124,Marching On Spot Press | Marching On Spot Press (version 2),Marching On Spot Press,,NOT_NEEDED,Plyometrics,EXCLUDE_NON_MVP,Outside gym-first weight-training MVP default search,,unknown,,unknown,,,unsupported,,review,,,3,1,2,SCOPE_RESOLVED_EXCLUDED
gvs_f263eaba5c91a874,gvc_c648750d9611,Max Speed Uppercut,Max Speed Uppercut,,NOT_NEEDED,Plyometrics,EXCLUDE_NON_MVP,Outside gym-first weight-training MVP default search,,unknown,,unknown,,,unsupported,,review,,,1,1,0,SCOPE_RESOLVED_EXCLUDED
gvs_a3a55fb98b8caff1,gvc_f3e347b9e88c,Medicine Ball Mountain Climber,Medicine Ball Mountain Climber,,NOT_NEEDED,Waist,EXCLUDE_NON_MVP,Outside gym-first weight-training MVP default search,Medicine Ball,source,코어,source,,,unsupported,,review,reps,,1,1,0,SCOPE_RESOLVED_EXCLUDED
gvs_7a9a37184214b11a,gvc_687f1e8dfffc,Medicine Ball Overhead Throw,Medicine Ball Overhead Throw,,NOT_NEEDED,Plyometrics,EXCLUDE_NON_MVP,Outside gym-first weight-training MVP default search,Medicine Ball,source,,unknown,,,unsupported,,review,,,1,1,0,SCOPE_RESOLVED_EXCLUDED
gvs_a17ce94f7be30e77,gvc_e336efa8155c,Medicine Ball Side To Side Slam,Medicine Ball Side To Side Slam,,NOT_NEEDED,Plyometrics,EXCLUDE_NON_MVP,Outside gym-first weight-training MVP default search,Medicine Ball,source,,unknown,,,unsupported,,review,,,1,1,0,SCOPE_RESOLVED_EXCLUDED
gvs_e41787e83cd7003a,gvc_1a058a4174fb,Medicine Ball Single Leg Slam,Medicine Ball Single Leg Slam,,NOT_NEEDED,Plyometrics,EXCLUDE_NON_MVP,Outside gym-first weight-training MVP default search,Medicine Ball,source,하체,name,,,unsupported,,review,,,1,1,0,SCOPE_RESOLVED_EXCLUDED
gvs_acfc0afd0bba462d,gvc_f034eb01294a,Medicine Ball Slam Burpee,Medicine Ball Slam Burpee,,NOT_NEEDED,Plyometrics,EXCLUDE_NON_MVP,Outside gym-first weight-training MVP default search,Medicine Ball,source,,unknown,,,unsupported,,review,,,1,1,0,SCOPE_RESOLVED_EXCLUDED
gvs_2404f5b73ca9ed37,gvc_5211446e150a,Medicine Ball Step Behind Rotational Throw,Medicine Ball Step Behind Rotational Throw,,NOT_NEEDED,Plyometrics,EXCLUDE_NON_MVP,Outside gym-first weight-training MVP default search,Medicine Ball,source,,unknown,,,unsupported,,review,,,1,1,0,SCOPE_RESOLVED_EXCLUDED
gvs_2176a08588661d4d,gvc_ed2165df6d5a,Medicine Ball Twist Turn Slam,Medicine Ball Twist Turn Slam,,NOT_NEEDED,Plyometrics,EXCLUDE_NON_MVP,Outside gym-first weight-training MVP default search,Medicine Ball,source,,unknown,,,unsupported,,review,,,1,1,0,SCOPE_RESOLVED_EXCLUDED
gvs_559b9f4dcaa0e42d,gvc_e3b66eb3b412,Middle Back Stretch,Middle Back Stretch,,NOT_NEEDED,Waist,EXCLUDE_NON_MVP,Outside gym-first weight-training MVP default search,Bodyweight,inferred_bodyweight,코어,source,,,unsupported,reps,bodyweight,duration,,3,1,2,SCOPE_RESOLVED_EXCLUDED
gvs_f6ed28f2c6a3a30c,gvc_5eb6f7839b85,Mindful Breathing Meditation,Mindful Breathing Meditation,,NOT_NEEDED,Stretching,EXCLUDE_NON_MVP,Outside gym-first weight-training MVP default search,,unknown,,unknown,,,unsupported,,review,,,1,0,1,SCOPE_RESOLVED_EXCLUDED
gvs_827b4fe688200ef8,gvc_a6d29015e540,Mini Side Shuffles Slight Knee Raise,Mini Side Shuffles Slight Knee Raise,,NOT_NEEDED,Plyometrics,EXCLUDE_NON_MVP,Outside gym-first weight-training MVP default search,,unknown,,unknown,복직근,,name_high,,review,,,1,1,0,SCOPE_RESOLVED_EXCLUDED
gvs_1cc3e2e1ec4d77a5,gvc_06bb4a793ecc,Mini Squat Hop,Mini Squat Hop,,NOT_NEEDED,Plyometrics,EXCLUDE_NON_MVP,Outside gym-first weight-training MVP default search,,unknown,하체,name,대퇴사두근,둔근,name_high,,review,,,1,1,0,SCOPE_RESOLVED_EXCLUDED
gvs_df0c3ae458561f26,gvc_9d4389467faa,Modified Hindu Push Up,Modified Hindu Push Up,,NOT_NEEDED,Plyometrics,EXCLUDE_NON_MVP,Outside gym-first weight-training MVP default search,,unknown,가슴,name,,,unsupported,,review,,,1,1,0,SCOPE_RESOLVED_EXCLUDED
gvs_82a240d4e1e1f4a4,gvc_4b6625013256;gvc_b5556ef55a33,Mountain Climber | Mountain Climber (version 2),Mountain Climber,,NOT_NEEDED,Cardio;Plyometrics,EXCLUDE_NON_MVP,Outside gym-first weight-training MVP default search,,unknown,,unknown,,,unsupported,,review,,,3,1,2,SCOPE_RESOLVED_EXCLUDED
gvs_f68022b2af8d8578,gvc_3b408807d2a1,Mountain Climber Against Wall,Mountain Climber Against Wall,,NOT_NEEDED,Cardio,EXCLUDE_NON_MVP,Outside gym-first weight-training MVP default search,,unknown,,unknown,,,unsupported,,review,,,1,1,0,SCOPE_RESOLVED_EXCLUDED
gvs_52224f2ee4671738,gvc_922cfe34efcb,Mountain Climber And Dynamic Plank,Mountain Climber And Dynamic Plank,,NOT_NEEDED,Plyometrics;Waist,EXCLUDE_NON_MVP,Outside gym-first weight-training MVP default search,Bodyweight,inferred_bodyweight,코어,source,코어,,name_high,reps,bodyweight,duration,,2,1,1,SCOPE_RESOLVED_EXCLUDED
gvs_6e899754b50ee77e,gvc_de4ed4ffaf43,Mountain Climber Burpee,Mountain Climber Burpee,,NOT_NEEDED,Plyometrics,EXCLUDE_NON_MVP,Outside gym-first weight-training MVP default search,,unknown,,unknown,,,unsupported,,review,,,1,1,0,SCOPE_RESOLVED_EXCLUDED
gvs_20c797c7157f0007,gvc_79069630c897,Mountain Climber Cross,Mountain Climber Cross,,NOT_NEEDED,Cardio,EXCLUDE_NON_MVP,Outside gym-first weight-training MVP default search,,unknown,,unknown,,,unsupported,,review,,,1,1,0,SCOPE_RESOLVED_EXCLUDED
gvs_04518f9f726af497,gvc_4d90fefae66c,Mountain Climber Cross Kick,Mountain Climber Cross Kick,,NOT_NEEDED,Plyometrics,EXCLUDE_NON_MVP,Outside gym-first weight-training MVP default search,,unknown,,unknown,,,unsupported,,review,,,1,1,0,SCOPE_RESOLVED_EXCLUDED
gvs_286004164a3c931c,gvc_4bd6a3faeb8f,Mountain Climber Kickout,Mountain Climber Kickout,,NOT_NEEDED,Plyometrics,EXCLUDE_NON_MVP,Outside gym-first weight-training MVP default search,,unknown,,unknown,,,unsupported,,review,,,1,1,0,SCOPE_RESOLVED_EXCLUDED
gvs_beee314be5c972b3,gvc_bd0fe4ec8b15,Mountain Climber Low Lunge,Mountain Climber Low Lunge,,NOT_NEEDED,Waist,EXCLUDE_NON_MVP,Outside gym-first weight-training MVP default search,Bodyweight,inferred_bodyweight,코어,source,대퇴사두근,둔근,name_high,reps,bodyweight,reps,BODY_MUSCLE_FAMILY_CONFLICT,1,1,0,SCOPE_RESOLVED_EXCLUDED
gvs_da9327a724fad9ff,gvc_ac0154c2d855,Mountain Climber Lunge,Mountain Climber Lunge,,NOT_NEEDED,Hips;Plyometrics,EXCLUDE_NON_MVP,Outside gym-first weight-training MVP default search,Bodyweight,inferred_bodyweight,하체,source,대퇴사두근,둔근,name_high,reps,bodyweight,reps,,2,1,1,SCOPE_RESOLVED_EXCLUDED
gvs_fd07f5ca1160ad24,gvc_8c64850300be,Mountain Climber Over Bench,Mountain Climber Over Bench,,NOT_NEEDED,Waist,EXCLUDE_NON_MVP,Outside gym-first weight-training MVP default search,Bodyweight,inferred_bodyweight,코어,source,,,unsupported,reps,bodyweight,reps,,1,1,0,SCOPE_RESOLVED_EXCLUDED
gvs_2f38f27af9c6973c,gvc_c8a7e3d9e469,Mountain Climber Plank,Mountain Climber Plank,,NOT_NEEDED,Stretching,EXCLUDE_NON_MVP,Outside gym-first weight-training MVP default search,,unknown,코어,name,코어,,name_high,,review,,,1,1,0,SCOPE_RESOLVED_EXCLUDED
gvs_18938f42caf14710,gvc_cbb26bf1b684,Mountain Climber Slide With Towel,Mountain Climber Slide With Towel,,NOT_NEEDED,Plyometrics,EXCLUDE_NON_MVP,Outside gym-first weight-training MVP default search,,unknown,,unknown,,,unsupported,,review,,,1,1,0,SCOPE_RESOLVED_EXCLUDED
gvs_0312a385caa7fc2d,gvc_49d68a871f56,Mountain Climber Walk,Mountain Climber Walk,,NOT_NEEDED,Plyometrics,EXCLUDE_NON_MVP,Outside gym-first weight-training MVP default search,,unknown,,unknown,,,unsupported,,review,,,2,1,1,SCOPE_RESOLVED_EXCLUDED
gvs_6581f4e87ea7855a,gvc_80fad1debd32,Mountain Climbers Shoulder Tap,Mountain Climbers Shoulder Tap,,NOT_NEEDED,Plyometrics,EXCLUDE_NON_MVP,Outside gym-first weight-training MVP default search,,unknown,어깨,name,,,unsupported,,review,,,1,1,0,SCOPE_RESOLVED_EXCLUDED
gvs_76a6083dae638109,gvc_827939c93dcc,Mountain Hops,Mountain Hops,,NOT_NEEDED,Plyometrics,EXCLUDE_NON_MVP,Outside gym-first weight-training MVP default search,,unknown,,unknown,,,unsupported,,review,,,2,1,1,SCOPE_RESOLVED_EXCLUDED
gvs_891310c926f8b961,gvc_b2a5382e0dd5,Mouth Lips Vibration 3qpov,Mouth Lips Vibration 3qpov,,NOT_NEEDED,Face,EXCLUDE_NON_MVP,Outside gym-first weight-training MVP default search,,unknown,기타,source,,,unsupported,,review,,,1,0,1,SCOPE_RESOLVED_EXCLUDED
gvs_c50c56981e276b1e,gvc_1df85b3fbeae,Mouth Lips Vibration Fpov,Mouth Lips Vibration Fpov,,NOT_NEEDED,Face,EXCLUDE_NON_MVP,Outside gym-first weight-training MVP default search,,unknown,기타,source,,,unsupported,,review,,,1,0,1,SCOPE_RESOLVED_EXCLUDED
gvs_25721e43a42a1e93,gvc_cd8b09467dee,Mouth Open Wide 3qpov,Mouth Open Wide 3qpov,,NOT_NEEDED,Face,EXCLUDE_NON_MVP,Outside gym-first weight-training MVP default search,,unknown,기타,source,,,unsupported,,review,,,1,0,1,SCOPE_RESOLVED_EXCLUDED
gvs_fe134f453b1497d9,gvc_4d9900cd639d,Mouth Open Wide Fpov,Mouth Open Wide Fpov,,NOT_NEEDED,Face,EXCLUDE_NON_MVP,Outside gym-first weight-training MVP default search,,unknown,기타,source,,,unsupported,,review,,,1,0,1,SCOPE_RESOLVED_EXCLUDED
gvs_186b24eac81df6c0,gvc_4cf907d8f131,Mouth Side To Side 3qpov,Mouth Side To Side 3qpov,,NOT_NEEDED,Face,EXCLUDE_NON_MVP,Outside gym-first weight-training MVP default search,,unknown,기타,source,,,unsupported,,review,,,1,0,1,SCOPE_RESOLVED_EXCLUDED
gvs_10c28c4d9d090c8d,gvc_20ca693fba08,Mouth Side To Side Fpov,Mouth Side To Side Fpov,,NOT_NEEDED,Face,EXCLUDE_NON_MVP,Outside gym-first weight-training MVP default search,,unknown,기타,source,,,unsupported,,review,,,1,0,1,SCOPE_RESOLVED_EXCLUDED
gvs_717acb6da0339691,gvc_7145bd67cf9c,Mouth Two 3qpov,Mouth Two 3qpov,,NOT_NEEDED,Face,EXCLUDE_NON_MVP,Outside gym-first weight-training MVP default search,,unknown,기타,source,,,unsupported,,review,,,1,0,1,SCOPE_RESOLVED_EXCLUDED
gvs_004c1c7f99da3b87,gvc_1966e4fbf3fa,Mouth Two Fpov,Mouth Two Fpov,,NOT_NEEDED,Face,EXCLUDE_NON_MVP,Outside gym-first weight-training MVP default search,,unknown,기타,source,,,unsupported,,review,,,1,0,1,SCOPE_RESOLVED_EXCLUDED
gvs_56a1389b2c45072b,gvc_b1df480524ab,Moving Child Pose,Moving Child Pose,,NOT_NEEDED,Stretching,EXCLUDE_NON_MVP,Outside gym-first weight-training MVP default search,,unknown,,unknown,,,unsupported,,review,,,1,0,1,SCOPE_RESOLVED_EXCLUDED
gvs_8ab870effefb9def,gvc_589d6fc3f380,Namaskarasana Yoga Pose,Namaskarasana Yoga Pose,,NOT_NEEDED,Stretching,EXCLUDE_NON_MVP,Outside gym-first weight-training MVP default search,,unknown,,unknown,,,unsupported,,review,,,1,1,0,SCOPE_RESOLVED_EXCLUDED
gvs_b609241330392243,gvc_2ee29d2841bc,Neck Circle Stretch,Neck Circle Stretch,,NOT_NEEDED,Neck,EXCLUDE_NON_MVP,Outside gym-first weight-training MVP default search,,unknown,기타,source,,,unsupported,,review,duration,,2,1,1,SCOPE_RESOLVED_EXCLUDED
gvs_c8f1818965c2605d,gvc_8c2631ce4235,Neck Side Stretch,Neck Side Stretch,,NOT_NEEDED,Neck,EXCLUDE_NON_MVP,Outside gym-first weight-training MVP default search,,unknown,기타,source,,,unsupported,,review,duration,,2,1,1,SCOPE_RESOLVED_EXCLUDED
gvs_4c257fa10768a1e1,gvc_e3774e9fc327,Neck Stretch With Hand Assisted,Neck Stretch With Hand Assisted,,NOT_NEEDED,Neck,EXCLUDE_NON_MVP,Outside gym-first weight-training MVP default search,,unknown,기타,source,,,unsupported,,review,duration,,1,0,1,SCOPE_RESOLVED_EXCLUDED
gvs_c350011332448c53,gvc_181df5867bde,Obliques Twist High Knee And Kick,Obliques Twist High Knee And Kick,,NOT_NEEDED,Plyometrics,EXCLUDE_NON_MVP,Outside gym-first weight-training MVP default search,,unknown,,unknown,,,unsupported,,review,,,2,1,1,SCOPE_RESOLVED_EXCLUDED
gvs_bf3357cfe1237f07,gvc_a16f1ebda23e,One Handed Hang Stretch,One Handed Hang Stretch,,NOT_NEEDED,Back,EXCLUDE_NON_MVP,Outside gym-first weight-training MVP default search,Bodyweight,inferred_bodyweight,등,source,,,unsupported,reps,bodyweight,duration,,1,1,0,SCOPE_RESOLVED_EXCLUDED
gvs_fa8859832c584493,gvc_29bbd8755519,Open And Knee Tuck On A Padded Stool,Open And Knee Tuck On A Padded Stool,,NOT_NEEDED,Plyometrics,EXCLUDE_NON_MVP,Outside gym-first weight-training MVP default search,,unknown,,unknown,,,unsupported,,review,,,1,1,0,SCOPE_RESOLVED_EXCLUDED
gvs_211b08ecb35f07da,gvc_7d3a33a022aa,Open Book Stretch,Open Book Stretch,,NOT_NEEDED,Stretching,EXCLUDE_NON_MVP,Outside gym-first weight-training MVP default search,,unknown,,unknown,,,unsupported,,review,,,1,1,0,SCOPE_RESOLVED_EXCLUDED
gvs_d87c2eecd20ae262,gvc_84ffec8e84a8,Open Up Crab Walk,Open Up Crab Walk,,NOT_NEEDED,Plyometrics,EXCLUDE_NON_MVP,Outside gym-first weight-training MVP default search,,unknown,,unknown,,,unsupported,,review,,,1,1,0,SCOPE_RESOLVED_EXCLUDED
gvs_af635e8d2d5791a5,gvc_c79efe1ec148,Opposite Marching Knee Tap,Opposite Marching Knee Tap,,NOT_NEEDED,Plyometrics,EXCLUDE_NON_MVP,Outside gym-first weight-training MVP default search,,unknown,,unknown,,,unsupported,,review,,,1,0,1,SCOPE_RESOLVED_EXCLUDED
gvs_8159d9b901ef8db5,gvc_18c06749b012,Outward Hand Wave,Outward Hand Wave,,NOT_NEEDED,Plyometrics,EXCLUDE_NON_MVP,Outside gym-first weight-training MVP default search,,unknown,,unknown,,,unsupported,,review,,,1,0,1,SCOPE_RESOLVED_EXCLUDED
gvs_60ac1c935cbf3e73,gvc_898a317651a5,Outward Wrist Stretch Clasped Fingers,Outward Wrist Stretch Clasped Fingers,,NOT_NEEDED,Stretching,EXCLUDE_NON_MVP,Outside gym-first weight-training MVP default search,,unknown,팔,name,,,unsupported,,review,,,1,0,1,SCOPE_RESOLVED_EXCLUDED
gvs_49f172e1f3191331,gvc_28dfb440604a,Overhead And Under Knee Clap,Overhead And Under Knee Clap,,NOT_NEEDED,Plyometrics,EXCLUDE_NON_MVP,Outside gym-first weight-training MVP default search,,unknown,,unknown,,,unsupported,,review,,,2,1,1,SCOPE_RESOLVED_EXCLUDED
gvs_49ea90fa3f326738,gvc_c95dab0535f9,Overhead Clap Knee Raise,Overhead Clap Knee Raise,,NOT_NEEDED,Plyometrics,EXCLUDE_NON_MVP,Outside gym-first weight-training MVP default search,,unknown,,unknown,복직근,,name_high,,review,,,1,0,1,SCOPE_RESOLVED_EXCLUDED
gvs_3ad44dcb4b204343,gvc_37a579e52e68,Overhead Clap March,Overhead Clap March,,NOT_NEEDED,Plyometrics,EXCLUDE_NON_MVP,Outside gym-first weight-training MVP default search,,unknown,,unknown,,,unsupported,,review,,,1,0,1,SCOPE_RESOLVED_EXCLUDED
gvs_31fc6d4b472dec93,gvc_2da23c896409,Overhead Jack To Jumping Jack,Overhead Jack To Jumping Jack,,NOT_NEEDED,Plyometrics,EXCLUDE_NON_MVP,Outside gym-first weight-training MVP default search,,unknown,,unknown,,,unsupported,,review,,,1,1,0,SCOPE_RESOLVED_EXCLUDED
gvs_cd51ff711391a34d,gvc_b56b8eb15447,Overhead Knee Raise,Overhead Knee Raise,,NOT_NEEDED,Plyometrics,EXCLUDE_NON_MVP,Outside gym-first weight-training MVP default search,,unknown,,unknown,복직근,,name_high,,review,,,2,1,1,SCOPE_RESOLVED_EXCLUDED
gvs_dfc910d5bd0ea739,gvc_23a64c10e6f2,Overhead Leg Lift Tap,Overhead Leg Lift Tap,,NOT_NEEDED,Plyometrics,EXCLUDE_NON_MVP,Outside gym-first weight-training MVP default search,,unknown,하체,name,,,unsupported,,review,,,1,1,0,SCOPE_RESOLVED_EXCLUDED
gvs_599ef5a9ff586a11,gvc_433c217e60de,Overhead Push Alternate Knee Raise,Overhead Push Alternate Knee Raise,,NOT_NEEDED,Plyometrics,EXCLUDE_NON_MVP,Outside gym-first weight-training MVP default search,,unknown,,unknown,복직근,,name_high,,review,,,1,0,1,SCOPE_RESOLVED_EXCLUDED
gvs_3b93a4d13b5c1615,gvc_9ed2aaacd98b,Overhead Triceps Stretch,Overhead Triceps Stretch,,NOT_NEEDED,Upper-Arms,EXCLUDE_NON_MVP,Outside gym-first weight-training MVP default search,Bodyweight,inferred_bodyweight,팔,source,,,unsupported,reps,bodyweight,duration,,3,1,2,SCOPE_RESOLVED_EXCLUDED
gvs_daccfd971177fbef,gvc_ce7f46d94942,Palm Push March,Palm Push March,,NOT_NEEDED,Plyometrics,EXCLUDE_NON_MVP,Outside gym-first weight-training MVP default search,,unknown,,unknown,,,unsupported,,review,,,1,0,1,SCOPE_RESOLVED_EXCLUDED
gvs_40a6179be4a8a9e3,gvc_cad92676783a,Parsva Balasana Yoga Pose,Parsva Balasana Yoga Pose,,NOT_NEEDED,Stretching,EXCLUDE_NON_MVP,Outside gym-first weight-training MVP default search,,unknown,,unknown,,,unsupported,,review,,,1,1,0,SCOPE_RESOLVED_EXCLUDED
gvs_db63ddc4a205ff06,gvc_a6a800d3b6f5,Partner Shuffle,Partner Shuffle,,NOT_NEEDED,Plyometrics,EXCLUDE_NON_MVP,Outside gym-first weight-training MVP default search,,unknown,,unknown,,,unsupported,,review,,,1,1,0,SCOPE_RESOLVED_EXCLUDED
gvs_dd6dee86b212b9f8,gvc_eb6a790ea714,Pendulum Arms Side Leg Raise,Pendulum Arms Side Leg Raise,,NOT_NEEDED,Plyometrics,EXCLUDE_NON_MVP,Outside gym-first weight-training MVP default search,,unknown,하체,name,복직근,,name_high,,review,,BODY_MUSCLE_FAMILY_CONFLICT,1,1,0,SCOPE_RESOLVED_EXCLUDED
gvs_aecaf72a4357a57c,gvc_0f681eec7edf,Pendulum Leg Plus,Pendulum Leg Plus,,NOT_NEEDED,Plyometrics,EXCLUDE_NON_MVP,Outside gym-first weight-training MVP default search,,unknown,하체,name,,,unsupported,,review,,,2,1,1,SCOPE_RESOLVED_EXCLUDED
gvs_6f4787775a046887,gvc_786e7426a623,Penguin Step,Penguin Step,,NOT_NEEDED,Stretching,EXCLUDE_NON_MVP,Outside gym-first weight-training MVP default search,,unknown,,unknown,,,unsupported,,review,,,1,0,1,SCOPE_RESOLVED_EXCLUDED
gvs_41ecd66b76b1b383,gvc_41e274433750,Peroneals Stretch,Peroneals Stretch,,NOT_NEEDED,Calves,EXCLUDE_NON_MVP,Outside gym-first weight-training MVP default search,Bodyweight,inferred_bodyweight,하체,source,,,unsupported,reps,bodyweight,duration,,2,1,1,SCOPE_RESOLVED_EXCLUDED
gvs_f07a8208bab9a226,gvc_bdb8ca9093ef,Pick And Carry,Pick And Carry,,NOT_NEEDED,Plyometrics,EXCLUDE_NON_MVP,Outside gym-first weight-training MVP default search,,unknown,,unknown,,,unsupported,,review,,,1,0,1,SCOPE_RESOLVED_EXCLUDED
gvs_158545824e157114,gvc_28b9e400237b,Pigeon Hip Stretch,Pigeon Hip Stretch,,NOT_NEEDED,Hips,EXCLUDE_NON_MVP,Outside gym-first weight-training MVP default search,Bodyweight,inferred_bodyweight,하체,source,,,unsupported,reps,bodyweight,duration,,2,1,1,SCOPE_RESOLVED_EXCLUDED
gvs_a704b921a571f57d,gvc_7677c4d26c0f,Pigeon Pose,Pigeon Pose,,NOT_NEEDED,Stretching,EXCLUDE_NON_MVP,Outside gym-first weight-training MVP default search,,unknown,,unknown,,,unsupported,,review,,,1,1,0,SCOPE_RESOLVED_EXCLUDED
gvs_7df3abd16e09a49d,gvc_7ae80d7fd7b8,Pigeon Pose Rock To Active Quad Stretch S,Pigeon Pose Rock To Active Quad Stretch S,,NOT_NEEDED,,EXCLUDE_NON_MVP,Outside gym-first weight-training MVP default search,,unknown,,unknown,,,unsupported,,review,duration,,1,0,1,SCOPE_RESOLVED_EXCLUDED
gvs_94c69e7f8535d82f,gvc_3cbf6a4e6e08,Pike Stand,Pike Stand,,NOT_NEEDED,Stretching,EXCLUDE_NON_MVP,Outside gym-first weight-training MVP default search,,unknown,,unknown,,,unsupported,,review,,,1,1,0,SCOPE_RESOLVED_EXCLUDED
gvs_496391670243f18f,gvc_e317948fb5ab,Place Jog,Place Jog,,NOT_NEEDED,Cardio,EXCLUDE_NON_MVP,Outside gym-first weight-training MVP default search,,unknown,,unknown,,,unsupported,,review,,,2,1,1,SCOPE_RESOLVED_EXCLUDED
gvs_9e421d412f0f4659,gvc_6987b97a0d1a,Plank 3 Point Hops,Plank 3 Point Hops,,NOT_NEEDED,Plyometrics,EXCLUDE_NON_MVP,Outside gym-first weight-training MVP default search,,unknown,코어,name,코어,,name_high,duration,semantic,,,1,1,0,SCOPE_RESOLVED_EXCLUDED
gvs_e13a4aba4ef0c124,gvc_521df4f40caf,Plank Jack On A Padded Stool,Plank Jack On A Padded Stool,,NOT_NEEDED,Plyometrics,EXCLUDE_NON_MVP,Outside gym-first weight-training MVP default search,,unknown,코어,name,코어,,name_high,,review,,,1,1,0,SCOPE_RESOLVED_EXCLUDED
gvs_31695f997bd6eee9,gvc_ff553f368fc8,Plank Jack On Elbows,Plank Jack On Elbows,,NOT_NEEDED,Plyometrics,EXCLUDE_NON_MVP,Outside gym-first weight-training MVP default search,,unknown,코어,name,코어,,name_high,,review,,,2,1,1,SCOPE_RESOLVED_EXCLUDED
gvs_42f2b3c3605bdbb3,gvc_3f0e1083ac5f,Plank Power Tuck,Plank Power Tuck,,NOT_NEEDED,Plyometrics,EXCLUDE_NON_MVP,Outside gym-first weight-training MVP default search,,unknown,코어,name,코어,,name_high,duration,semantic,,,1,1,0,SCOPE_RESOLVED_EXCLUDED
gvs_8e8aaa42d96c3e04,gvc_d714ddf5af20,Plank Prone Plate Switch,Plank Prone Plate Switch,,MANUAL,Waist,EXCLUDE_RESERVED_RECORDING_MVP,Recording type is reserved and has no dedicated MVP UI,Weight Plate,source,코어,source,코어,,name_high,weight_duration,reserved,duration,,1,1,0,SCOPE_RESOLVED_EXCLUDED
gvs_b14074bb059ca87b,gvc_fb0cf194d093,Plank Walk Squat,Plank Walk Squat,,NOT_NEEDED,Plyometrics,EXCLUDE_NON_MVP,Outside gym-first weight-training MVP default search,,unknown,하체,name,대퇴사두근,둔근,name_high,,review,,,1,1,0,SCOPE_RESOLVED_EXCLUDED
gvs_cf0503288961c546,gvc_0c123f6ef572,Plate Push,Plate Push,,NOT_NEEDED,Plyometrics,EXCLUDE_NON_MVP,Outside gym-first weight-training MVP default search,Weight Plate,source,,unknown,,,unsupported,weight_reps,equipment,,,1,1,0,SCOPE_RESOLVED_EXCLUDED
gvs_09248b8ae3800b34,gvc_c759800d3fd7,Plyo Side Lunge Stretch,Plyo Side Lunge Stretch,,NOT_NEEDED,Thighs,EXCLUDE_NON_MVP,Outside gym-first weight-training MVP default search,Bodyweight,inferred_bodyweight,하체,source,대퇴사두근,둔근,name_high,reps,bodyweight,duration,,2,1,1,SCOPE_RESOLVED_EXCLUDED
gvs_8d26f62d681a166d,gvc_580bb717de48,Pogo Jump 2 Foot,Pogo Jump 2 Foot,,NOT_NEEDED,Plyometrics,EXCLUDE_NON_MVP,Outside gym-first weight-training MVP default search,,unknown,,unknown,,,unsupported,,review,,,1,1,0,SCOPE_RESOLVED_EXCLUDED
gvs_91367df80b11c9c6,gvc_ab34578b38e6,Power Jack,Power Jack,,NOT_NEEDED,Plyometrics,EXCLUDE_NON_MVP,Outside gym-first weight-training MVP default search,,unknown,,unknown,,,unsupported,,review,,,1,1,0,SCOPE_RESOLVED_EXCLUDED
gvs_47d73eea51e7f4dc,gvc_f828560a4105,Power Up Jump,Power Up Jump,,NOT_NEEDED,Plyometrics,EXCLUDE_NON_MVP,Outside gym-first weight-training MVP default search,,unknown,,unknown,,,unsupported,,review,,,1,1,0,SCOPE_RESOLVED_EXCLUDED
gvs_9f42e31f177ba53f,gvc_df93744bbc32,Prayer Push Jump,Prayer Push Jump,,NOT_NEEDED,Plyometrics,EXCLUDE_NON_MVP,Outside gym-first weight-training MVP default search,,unknown,,unknown,,,unsupported,,review,,,1,1,0,SCOPE_RESOLVED_EXCLUDED
gvs_145270e51fe2407d,gvc_9f8857f2ce3a,Prayer Push Knee Thrust,Prayer Push Knee Thrust,,NOT_NEEDED,Plyometrics,EXCLUDE_NON_MVP,Outside gym-first weight-training MVP default search,,unknown,,unknown,,,unsupported,,review,,,1,0,1,SCOPE_RESOLVED_EXCLUDED
gvs_62e2bea8cb14a776,gvc_c9f8e65f1a91,Prayer Squat Yoga Pose,Prayer Squat Yoga Pose,,NOT_NEEDED,Stretching,EXCLUDE_NON_MVP,Outside gym-first weight-training MVP default search,,unknown,하체,name,대퇴사두근,둔근,name_high,,review,,,1,1,0,SCOPE_RESOLVED_EXCLUDED
gvs_b8fde6e6621d63c8,gvc_f549653907f0,Predator Jack,Predator Jack,,NOT_NEEDED,Plyometrics,EXCLUDE_NON_MVP,Outside gym-first weight-training MVP default search,,unknown,,unknown,,,unsupported,,review,,,1,1,0,SCOPE_RESOLVED_EXCLUDED
gvs_7e14742d61f96ed1,gvc_e6c7df2bb891,Prisoner High Knee,Prisoner High Knee,,NOT_NEEDED,Plyometrics,EXCLUDE_NON_MVP,Outside gym-first weight-training MVP default search,,unknown,,unknown,,,unsupported,,review,,,1,1,0,SCOPE_RESOLVED_EXCLUDED
gvs_e5c12f646b83e78e,gvc_33df36bff630,Prone I Stretch,Prone I Stretch,,NOT_NEEDED,Stretching,EXCLUDE_NON_MVP,Outside gym-first weight-training MVP default search,,unknown,,unknown,,,unsupported,,review,,,1,1,0,SCOPE_RESOLVED_EXCLUDED
gvs_6093749a8045a2f0,gvc_0af8dd0ecf7d,Prone Press Swan Pilates,Prone Press Swan Pilates,,NOT_NEEDED,Pilates,EXCLUDE_NON_MVP,Outside gym-first weight-training MVP default search,,unknown,,unknown,,,unsupported,,review,,,1,0,1,SCOPE_RESOLVED_EXCLUDED
gvs_5fb0e371357b051d,gvc_0f1361026c87,Prone Shoulders Cars,Prone Shoulders Cars,,NOT_NEEDED,Stretching,EXCLUDE_NON_MVP,Outside gym-first weight-training MVP default search,,unknown,,unknown,,,unsupported,,review,,,1,0,1,SCOPE_RESOLVED_EXCLUDED
gvs_bd0509608551fa86,gvc_befc9626bb30,Prone Thoracic Rotation,Prone Thoracic Rotation,,NOT_NEEDED,Stretching,EXCLUDE_NON_MVP,Outside gym-first weight-training MVP default search,,unknown,,unknown,,,unsupported,,review,,,1,0,1,SCOPE_RESOLVED_EXCLUDED
gvs_6cfecb5834ec6eea,gvc_33b899112f02,Punch March,Punch March,,NOT_NEEDED,Plyometrics,EXCLUDE_NON_MVP,Outside gym-first weight-training MVP default search,,unknown,,unknown,,,unsupported,,review,,,1,0,1,SCOPE_RESOLVED_EXCLUDED
gvs_16508786ea7ee97c,gvc_3eb4fd87717f,Punch Step Forward,Punch Step Forward,,NOT_NEEDED,Plyometrics,EXCLUDE_NON_MVP,Outside gym-first weight-training MVP default search,,unknown,,unknown,,,unsupported,,review,,,2,1,1,SCOPE_RESOLVED_EXCLUDED
gvs_2d3c767c5638664e,gvc_9130b4c3516a,Punch Stepback,Punch Stepback,,NOT_NEEDED,Plyometrics,EXCLUDE_NON_MVP,Outside gym-first weight-training MVP default search,,unknown,,unknown,,,unsupported,,review,,,2,0,2,SCOPE_RESOLVED_EXCLUDED
gvs_5b41b5bb14b98173,gvc_dc0b450b4104,Punch Twist,Punch Twist,,NOT_NEEDED,Plyometrics,EXCLUDE_NON_MVP,Outside gym-first weight-training MVP default search,,unknown,,unknown,,,unsupported,,review,,,1,1,0,SCOPE_RESOLVED_EXCLUDED
gvs_d193bd7695ffd824,gvc_0e49ce76d2b7,Punching Jack,Punching Jack,,NOT_NEEDED,Plyometrics,EXCLUDE_NON_MVP,Outside gym-first weight-training MVP default search,,unknown,,unknown,,,unsupported,,review,,,1,1,0,SCOPE_RESOLVED_EXCLUDED
gvs_53b4e0898b76ef61,gvc_caa0338c82a2,Puppy Pose,Puppy Pose,,NOT_NEEDED,Stretching,EXCLUDE_NON_MVP,Outside gym-first weight-training MVP default search,,unknown,,unknown,,,unsupported,,review,,,2,1,1,SCOPE_RESOLVED_EXCLUDED
gvs_a02e66c4a65f9b8e,gvc_75c3aee51021,Push Jumping Jack,Push Jumping Jack,,NOT_NEEDED,Cardio,EXCLUDE_NON_MVP,Outside gym-first weight-training MVP default search,,unknown,,unknown,,,unsupported,,review,,,1,0,1,SCOPE_RESOLVED_EXCLUDED
gvs_785c3e40c485461e,gvc_2b3ccc8265ed,Push Knees Out,Push Knees Out,,NOT_NEEDED,Stretching,EXCLUDE_NON_MVP,Outside gym-first weight-training MVP default search,,unknown,,unknown,,,unsupported,,review,,,1,1,0,SCOPE_RESOLVED_EXCLUDED
gvs_996c4d773f1c7da7,gvc_dbd67886b662,Push Up 3 Points Hops,Push Up 3 Points Hops,,NOT_NEEDED,Plyometrics,EXCLUDE_NON_MVP,Outside gym-first weight-training MVP default search,,unknown,가슴,name,,,unsupported,,review,,,1,1,0,SCOPE_RESOLVED_EXCLUDED
gvs_cc6f83879a60189f,gvc_0d2c7e3543fc,Push Up Mountain Climber,Push Up Mountain Climber,,NOT_NEEDED,Plyometrics,EXCLUDE_NON_MVP,Outside gym-first weight-training MVP default search,,unknown,가슴,name,,,unsupported,,review,,,1,1,0,SCOPE_RESOLVED_EXCLUDED
gvs_87f12ce75bda38cf,gvc_c7cfc2e6c294,Push Up Plank Jack Burpee,Push Up Plank Jack Burpee,,NOT_NEEDED,Plyometrics,EXCLUDE_NON_MVP,Outside gym-first weight-training MVP default search,,unknown,가슴,name,코어,,name_high,,review,,BODY_MUSCLE_FAMILY_CONFLICT,1,1,0,SCOPE_RESOLVED_EXCLUDED
gvs_c4b3fe60d5afaf9e,gvc_c2b46fcdf64f,Pvc Figure,Pvc Figure,,NOT_NEEDED,Plyometrics,EXCLUDE_NON_MVP,Outside gym-first weight-training MVP default search,,unknown,,unknown,,,unsupported,,review,,,1,1,0,SCOPE_RESOLVED_EXCLUDED
gvs_87c3b687d1b54f97,gvc_657ba8c6b566,Pvc Front Rack Stretch,Pvc Front Rack Stretch,,NOT_NEEDED,Back,EXCLUDE_NON_MVP,Outside gym-first weight-training MVP default search,Bodyweight,inferred_bodyweight,등,source,,,unsupported,reps,bodyweight,duration,,1,1,0,SCOPE_RESOLVED_EXCLUDED
gvs_f1e2548647fd17a4,gvc_a3df7b2847bb,Pyramid Pose,Pyramid Pose,,NOT_NEEDED,Stretching,EXCLUDE_NON_MVP,Outside gym-first weight-training MVP default search,,unknown,,unknown,,,unsupported,,review,,,1,0,1,SCOPE_RESOLVED_EXCLUDED
gvs_cb4d9dd772d373e7,gvc_285d6fe4f1e1,Quadriceps Lying Stretch,Quadriceps Lying Stretch,,NOT_NEEDED,Thighs,EXCLUDE_NON_MVP,Outside gym-first weight-training MVP default search,Bodyweight,inferred_bodyweight,하체,source,,,unsupported,reps,bodyweight,duration,,2,1,1,SCOPE_RESOLVED_EXCLUDED
gvs_1fa4f901add4e15d,gvc_df2e80424994,Quadriceps Stretch,Quadriceps Stretch,,NOT_NEEDED,Thighs,EXCLUDE_NON_MVP,Outside gym-first weight-training MVP default search,Bodyweight,inferred_bodyweight,하체,source,,,unsupported,reps,bodyweight,duration,,2,1,1,SCOPE_RESOLVED_EXCLUDED
gvs_b85cfb81fc291a75,gvc_7bc880c9e51c;gvc_b37bae67eb80,Quadruped Shoulder Cars | Quadruped Shoulder Cars (version 2),Quadruped Shoulder Cars,,NOT_NEEDED,Stretching,EXCLUDE_NON_MVP,Outside gym-first weight-training MVP default search,,unknown,어깨,name,,,unsupported,,review,,,2,0,2,SCOPE_RESOLVED_EXCLUDED
gvs_93ae999fddd919e7,gvc_338064ff07c1,Quadruped To Down Dog,Quadruped To Down Dog,,NOT_NEEDED,Stretching,EXCLUDE_NON_MVP,Outside gym-first weight-training MVP default search,,unknown,,unknown,,,unsupported,,review,,,1,0,1,SCOPE_RESOLVED_EXCLUDED
gvs_9e4284a8be498a02,gvc_6930fa066dba,Quick Feet (version 2),Quick Feet,,NOT_NEEDED,Cardio,EXCLUDE_NON_MVP,Outside gym-first weight-training MVP default search,,unknown,,unknown,,,unsupported,,review,,,2,1,1,SCOPE_RESOLVED_EXCLUDED
gvs_840d23bd5e7e46a1,gvc_500779f188a1,Quick Feet Run,Quick Feet Run,,NOT_NEEDED,Cardio,EXCLUDE_NON_MVP,Outside gym-first weight-training MVP default search,,unknown,,unknown,,,unsupported,,review,,,2,1,1,SCOPE_RESOLVED_EXCLUDED
gvs_728de62a15e16474,gvc_978911635c77,Quick Sumo Quarter Squat,Quick Sumo Quarter Squat,,NOT_NEEDED,Plyometrics,EXCLUDE_NON_MVP,Outside gym-first weight-training MVP default search,,unknown,하체,name,대퇴사두근,둔근,name_high,,review,,,1,0,1,SCOPE_RESOLVED_EXCLUDED
gvs_45945dc671aa81e8,gvc_5d5ff87292e5,Rainbow Switching Toe Tap,Rainbow Switching Toe Tap,,NOT_NEEDED,Plyometrics,EXCLUDE_NON_MVP,Outside gym-first weight-training MVP default search,,unknown,,unknown,,,unsupported,,review,,,1,1,0,SCOPE_RESOLVED_EXCLUDED
gvs_04e8bd2129b1ab5d,gvc_94c9c2c85e0b,Rear Deltoid Stretch,Rear Deltoid Stretch,,NOT_NEEDED,Shoulders,EXCLUDE_NON_MVP,Outside gym-first weight-training MVP default search,Bodyweight,inferred_bodyweight,어깨,source,,,unsupported,reps,bodyweight,duration,,3,1,2,SCOPE_RESOLVED_EXCLUDED
gvs_f4786b02128b233c,gvc_c6aa85a3335e,Rear Fly Stepback,Rear Fly Stepback,,NOT_NEEDED,Plyometrics,EXCLUDE_NON_MVP,Outside gym-first weight-training MVP default search,,unknown,가슴,name,,,unsupported,,review,,,2,1,1,SCOPE_RESOLVED_EXCLUDED
gvs_a40617407e7b345a,gvc_7ad620c74220,Repeated Small Jumps,Repeated Small Jumps,,NOT_NEEDED,Plyometrics,EXCLUDE_NON_MVP,Outside gym-first weight-training MVP default search,,unknown,,unknown,,,unsupported,,review,,,1,1,0,SCOPE_RESOLVED_EXCLUDED
gvs_b43e49d96cfc0c75,gvc_b255b1467713,Resistance Band Assisted Front Rack Stretch,Resistance Band Assisted Front Rack Stretch,,NOT_NEEDED,Stretching,EXCLUDE_NON_MVP,Outside gym-first weight-training MVP default search,Resistance Band,source,,unknown,,,unsupported,,review_equipment_semantics,,,1,1,0,SCOPE_RESOLVED_EXCLUDED
gvs_cd32a87f2d52e4cf,gvc_7c2885af0d72,Resistance Band Fingers Extension,Resistance Band Fingers Extension,,NOT_NEEDED,Hands,EXCLUDE_NON_MVP,Outside gym-first weight-training MVP default search,Resistance Band,source,기타,source,,,unsupported,,review_equipment_semantics,,,1,1,0,SCOPE_RESOLVED_EXCLUDED
gvs_4c1f673d806e2aad,gvc_3debabef8fb1,Resistance Band Jumping Jack,Resistance Band Jumping Jack,,NOT_NEEDED,Hips,EXCLUDE_NON_MVP,Outside gym-first weight-training MVP default search,Resistance Band,source,하체,source,,,unsupported,,review_equipment_semantics,,,1,0,1,SCOPE_RESOLVED_EXCLUDED
gvs_ee33b90961afefdd,gvc_c19e6ab0a9d0,Resistance Band Seated Shoulder Stretch Behind The,Resistance Band Seated Shoulder Stretch Behind The,,NOT_NEEDED,,EXCLUDE_NON_MVP,Outside gym-first weight-training MVP default search,Resistance Band,source,어깨,name,,,unsupported,,review_equipment_semantics,duration,,2,1,1,SCOPE_RESOLVED_EXCLUDED
gvs_5d9b30ef9a5e853f,gvc_3796491b4f46,Resistance Band Shoulder Stretch Behind The Back,Resistance Band Shoulder Stretch Behind The Back,,NOT_NEEDED,Shoulders,EXCLUDE_NON_MVP,Outside gym-first weight-training MVP default search,Resistance Band,source,어깨,source,,,unsupported,,review_equipment_semantics,duration,,1,1,0,SCOPE_RESOLVED_EXCLUDED
gvs_3366fff1bdab2845,gvc_5317649fb307,Resistance Band Side Lunge Stretch (version 2) (ma,Resistance Band Side Lunge Stretch,,NOT_NEEDED,,EXCLUDE_NON_MVP,Outside gym-first weight-training MVP default search,Resistance Band,source,하체,name,대퇴사두근,둔근,name_high,,review_equipment_semantics,duration,,1,1,0,SCOPE_RESOLVED_EXCLUDED
gvs_6fbd6a2831b35056,gvc_17d84b09fce7,Band Warm Up Shoulder Stretch,Resistance Band Warm Up Shoulder Stretch,,NOT_NEEDED,Chest,EXCLUDE_NON_MVP,Outside gym-first weight-training MVP default search,Resistance Band,source,가슴,source,,,unsupported,,review_equipment_semantics,duration,,2,1,1,SCOPE_RESOLVED_EXCLUDED
gvs_e26d186873ac5ba6,gvc_643bb52ebb9d,Resistance Band X Side Walk,Resistance Band X Side Walk,,NOT_NEEDED,Plyometrics,EXCLUDE_NON_MVP,Outside gym-first weight-training MVP default search,Resistance Band,source,,unknown,,,unsupported,,review_equipment_semantics,,,1,1,0,SCOPE_RESOLVED_EXCLUDED
gvs_230ebc27c3b4d577,gvc_16a4e38b15ab,Reverse Lunge Quick Arms,Reverse Lunge Quick Arms,,NOT_NEEDED,Plyometrics,EXCLUDE_NON_MVP,Outside gym-first weight-training MVP default search,,unknown,하체,name,대퇴사두근,둔근,name_high,,review,,,2,1,1,SCOPE_RESOLVED_EXCLUDED
gvs_b93dd9e7d1c6342f,gvc_84ac516a04d2,Reverse Warrior Pose,Reverse Warrior Pose,,NOT_NEEDED,Stretching,EXCLUDE_NON_MVP,Outside gym-first weight-training MVP default search,,unknown,,unknown,,,unsupported,,review,,,1,0,1,SCOPE_RESOLVED_EXCLUDED
gvs_d1e05a6a0e3ad448,gvc_c04f5437d8b8,Revolved Chair,Revolved Chair,,NOT_NEEDED,Stretching,EXCLUDE_NON_MVP,Outside gym-first weight-training MVP default search,,unknown,,unknown,,,unsupported,,review,,,1,0,1,SCOPE_RESOLVED_EXCLUDED
gvs_a1127ac590f5e215,gvc_d3b23de2a694,Revolved Head To Knee Pose,Revolved Head To Knee Pose,,NOT_NEEDED,Stretching,EXCLUDE_NON_MVP,Outside gym-first weight-training MVP default search,,unknown,,unknown,,,unsupported,,review,,,1,0,1,SCOPE_RESOLVED_EXCLUDED
gvs_670666627bfc9f20,gvc_d3d5056cd381,Revolved Side Angle Pose,Revolved Side Angle Pose,,NOT_NEEDED,Stretching,EXCLUDE_NON_MVP,Outside gym-first weight-training MVP default search,,unknown,,unknown,,,unsupported,,review,,,1,0,1,SCOPE_RESOLVED_EXCLUDED
gvs_27a276de56589b7c,gvc_7893bfdfedc9,Revolved Triangle Pose,Revolved Triangle Pose,,NOT_NEEDED,Stretching,EXCLUDE_NON_MVP,Outside gym-first weight-training MVP default search,,unknown,,unknown,,,unsupported,,review,,,1,0,1,SCOPE_RESOLVED_EXCLUDED
gvs_db98e954ce6f74fe,gvc_9a7d284540df,Riding Outdoor Bicycle,Riding Outdoor Bicycle,,NOT_NEEDED,Cardio,EXCLUDE_NON_MVP,Outside gym-first weight-training MVP default search,,unknown,,unknown,,,unsupported,,review,,,2,1,1,SCOPE_RESOLVED_EXCLUDED
gvs_27ea9457d3de856f,gvc_12ea7df94cc4,Right Cross Hook Kick (kickboxing),Right Cross Hook Kick (Kickboxing),,NOT_NEEDED,Plyometrics,EXCLUDE_NON_MVP,Outside gym-first weight-training MVP default search,,unknown,,unknown,,,unsupported,,review,,,1,1,0,SCOPE_RESOLVED_EXCLUDED
gvs_0344150dd4679881,gvc_819f1a5e1f9c,Ring Back Roll To Support,Ring Back Roll To Support,,NOT_NEEDED,Plyometrics,EXCLUDE_NON_MVP,Outside gym-first weight-training MVP default search,Rings,name,,unknown,,,unsupported,,review_equipment_semantics,,,1,1,0,SCOPE_RESOLVED_EXCLUDED
gvs_c3a4fef48a10195e,gvc_a74721c942c1,Ring Maltese Cross,Ring Maltese Cross,,NOT_NEEDED,Plyometrics,EXCLUDE_NON_MVP,Outside gym-first weight-training MVP default search,Rings,name,,unknown,,,unsupported,,review_equipment_semantics,,,1,1,0,SCOPE_RESOLVED_EXCLUDED
gvs_b3e2c3980db39d4e,gvc_165f6361fa8c,Ring Mountain Climber,Ring Mountain Climber,,NOT_NEEDED,Waist,EXCLUDE_NON_MVP,Outside gym-first weight-training MVP default search,Rings,name,코어,source,,,unsupported,,review_equipment_semantics,reps,,1,1,0,SCOPE_RESOLVED_EXCLUDED
gvs_c89a5aa739fa39ef,gvc_7b50aee8b167,Rocking Frog Stretch,Rocking Frog Stretch,,NOT_NEEDED,Hips,EXCLUDE_NON_MVP,Outside gym-first weight-training MVP default search,Bodyweight,inferred_bodyweight,하체,source,,,unsupported,reps,bodyweight,duration,,2,1,1,SCOPE_RESOLVED_EXCLUDED
gvs_b56e98493c52d709,gvc_43af5e429938,Rocking Half Frog Stretch,Rocking Half Frog Stretch,,NOT_NEEDED,Hips,EXCLUDE_NON_MVP,Outside gym-first weight-training MVP default search,Bodyweight,inferred_bodyweight,하체,source,,,unsupported,reps,bodyweight,duration,,1,1,0,SCOPE_RESOLVED_EXCLUDED
gvs_fa9fea1de93ee305,gvc_dbc8d24e451c,Rocking Happy Baby,Rocking Happy Baby,,NOT_NEEDED,Stretching,EXCLUDE_NON_MVP,Outside gym-first weight-training MVP default search,,unknown,,unknown,,,unsupported,,review,,,1,0,1,SCOPE_RESOLVED_EXCLUDED
gvs_b921f1e9a62379c1,gvc_5f3a624491a5,Roll Ball Back Head Stretch,Roll Ball Back Head Stretch,,NOT_NEEDED,Neck,EXCLUDE_NON_MVP,Outside gym-first weight-training MVP default search,,unknown,기타,source,,,unsupported,,review,duration,,1,1,0,SCOPE_RESOLVED_EXCLUDED
gvs_2cfbb22075afaae6,gvc_3e48c3fb9762,Roll Ball Calf Stretch,Roll Ball Calf Stretch,,NOT_NEEDED,Calves,EXCLUDE_NON_MVP,Outside gym-first weight-training MVP default search,Bodyweight,inferred_bodyweight,하체,source,,,unsupported,reps,bodyweight,duration,,1,1,0,SCOPE_RESOLVED_EXCLUDED
gvs_700afadd347e4125,gvc_53bf6e9d63fb,Roll Ball Foot,Roll Ball Foot,,NOT_NEEDED,Feet,EXCLUDE_NON_MVP,Outside gym-first weight-training MVP default search,,unknown,기타,source,,,unsupported,,review,,,1,1,0,SCOPE_RESOLVED_EXCLUDED
gvs_d3e1b912c72c9d1c,gvc_78c9ed2ca479,Roll Ball Infraspinatus Stretch,Roll Ball Infraspinatus Stretch,,NOT_NEEDED,Back,EXCLUDE_NON_MVP,Outside gym-first weight-training MVP default search,Bodyweight,inferred_bodyweight,등,source,,,unsupported,reps,bodyweight,duration,,1,1,0,SCOPE_RESOLVED_EXCLUDED
gvs_859bb457ab882037,gvc_e8c2abbe644c,Roll Ball Pectoralis Major Clavicular Stretch,Roll Ball Pectoralis Major Clavicular Stretch,,NOT_NEEDED,Chest,EXCLUDE_NON_MVP,Outside gym-first weight-training MVP default search,Bodyweight,inferred_bodyweight,가슴,source,,,unsupported,reps,bodyweight,duration,,1,1,0,SCOPE_RESOLVED_EXCLUDED
gvs_7300a383e03f6863,gvc_05d0ea7d0d96,Roll Ball Rectus Femoris Stretch,Roll Ball Rectus Femoris Stretch,,NOT_NEEDED,Thighs,EXCLUDE_NON_MVP,Outside gym-first weight-training MVP default search,Bodyweight,inferred_bodyweight,하체,source,,,unsupported,reps,bodyweight,duration,,1,1,0,SCOPE_RESOLVED_EXCLUDED
gvs_d4de3ba7eb5f49ef,gvc_e9fdca196e55,Roll Ball Seated Pectineus Activation,Roll Ball Seated Pectineus Activation,,NOT_NEEDED,Stretching,EXCLUDE_NON_MVP,Outside gym-first weight-training MVP default search,,unknown,,unknown,,,unsupported,,review,,,1,1,0,SCOPE_RESOLVED_EXCLUDED
gvs_4413106bc5954d13,gvc_432670c73d06,Roll Ball Trapezius Upper Stretch,Roll Ball Trapezius Upper Stretch,,NOT_NEEDED,Back,EXCLUDE_NON_MVP,Outside gym-first weight-training MVP default search,Bodyweight,inferred_bodyweight,등,source,,,unsupported,reps,bodyweight,duration,,1,1,0,SCOPE_RESOLVED_EXCLUDED
gvs_2af754e214453480,gvc_2164d62a495f,Roll Ball Triceps Latissimus Dorsi Stretch,Roll Ball Triceps Latissimus Dorsi Stretch,,NOT_NEEDED,Back,EXCLUDE_NON_MVP,Outside gym-first weight-training MVP default search,Bodyweight,inferred_bodyweight,등,source,,,unsupported,reps,bodyweight,duration,,1,1,0,SCOPE_RESOLVED_EXCLUDED
gvs_905589006deb8996,gvc_289c3928a993,Roll Foot,Roll Foot,,NOT_NEEDED,Feet,EXCLUDE_NON_MVP,Outside gym-first weight-training MVP default search,,unknown,기타,source,,,unsupported,,review,,,2,1,1,SCOPE_RESOLVED_EXCLUDED
gvs_17e8d5608ed4cdd2,gvc_c82c755db1bd,Roll Hip Lat Stretch,Roll Hip Lat Stretch,,NOT_NEEDED,Thighs,EXCLUDE_NON_MVP,Outside gym-first weight-training MVP default search,Bodyweight,inferred_bodyweight,하체,source,,,unsupported,reps,bodyweight,duration,,1,1,0,SCOPE_RESOLVED_EXCLUDED
gvs_001a96d5d6e05e31,gvc_e9cd9292a9d0,Roll Hip Stretch,Roll Hip Stretch,,NOT_NEEDED,Hips,EXCLUDE_NON_MVP,Outside gym-first weight-training MVP default search,Bodyweight,inferred_bodyweight,하체,source,,,unsupported,reps,bodyweight,duration,,2,1,1,SCOPE_RESOLVED_EXCLUDED
gvs_cff30b020391a090,gvc_74452a6cf578,Roll Pigeon Stretch,Roll Pigeon Stretch,,NOT_NEEDED,Hips,EXCLUDE_NON_MVP,Outside gym-first weight-training MVP default search,Bodyweight,inferred_bodyweight,하체,source,,,unsupported,reps,bodyweight,duration,,2,1,1,SCOPE_RESOLVED_EXCLUDED
gvs_5966021b90c42773,gvc_221ae871d118,Roll Side Lat Stretch,Roll Side Lat Stretch,,NOT_NEEDED,Back,EXCLUDE_NON_MVP,Outside gym-first weight-training MVP default search,Bodyweight,inferred_bodyweight,등,source,,,unsupported,reps,bodyweight,duration,,1,1,0,SCOPE_RESOLVED_EXCLUDED
gvs_c120f20e4369471c,gvc_d3a208531e75,Rolling Back,Rolling Back,,NOT_NEEDED,Pilates,EXCLUDE_NON_MVP,Outside gym-first weight-training MVP default search,,unknown,,unknown,,,unsupported,,review,,,1,0,1,SCOPE_RESOLVED_EXCLUDED
gvs_02cb7d4ad650eef8,gvc_597721cdff37,Rope Pull Side Step,Rope Pull Side Step,,NOT_NEEDED,Plyometrics,EXCLUDE_NON_MVP,Outside gym-first weight-training MVP default search,Rope,source,,unknown,,,unsupported,,review,,,2,1,1,SCOPE_RESOLVED_EXCLUDED
gvs_cf56b922cbdda314,gvc_9ca3421ff467,Rotating Neck Stretch,Rotating Neck Stretch,,NOT_NEEDED,Neck,EXCLUDE_NON_MVP,Outside gym-first weight-training MVP default search,,unknown,기타,source,,,unsupported,,review,duration,,2,1,1,SCOPE_RESOLVED_EXCLUDED
gvs_fb43a58b4eae0c13,gvc_836174598a1b,Rotating Stomach Stretch,Rotating Stomach Stretch,,NOT_NEEDED,Waist,EXCLUDE_NON_MVP,Outside gym-first weight-training MVP default search,Bodyweight,inferred_bodyweight,코어,source,,,unsupported,reps,bodyweight,duration,,1,1,0,SCOPE_RESOLVED_EXCLUDED
gvs_4f0ec4b74f09d26f,gvc_9e7f3225eaf6,Round The World Curtsey,Round The World Curtsey,,NOT_NEEDED,Plyometrics,EXCLUDE_NON_MVP,Outside gym-first weight-training MVP default search,,unknown,,unknown,,,unsupported,,review,,,1,0,1,SCOPE_RESOLVED_EXCLUDED
gvs_e00181c36a14562b,gvc_45896ac75d6c,Row And Stepover,Row And Stepover,,NOT_NEEDED,Plyometrics,EXCLUDE_NON_MVP,Outside gym-first weight-training MVP default search,,unknown,등,name,등 상부 / 광배근,이두근,name_high,,review,,,1,0,1,SCOPE_RESOLVED_EXCLUDED
gvs_f8fbbe2aa572efa0,gvc_d990e670abd7,Rowing (with Rowing Machine),Rowing (With Rowing Machine),,NOT_NEEDED,Cardio,EXCLUDE_NON_MVP,Outside gym-first weight-training MVP default search,Machine,source,,unknown,,,unsupported,weight_reps,equipment,,,2,1,1,SCOPE_RESOLVED_EXCLUDED
gvs_8c20568e4668d634,gvc_c16e63a5e2da,Rowing Straight Back (with Rowing Machine),Rowing Straight Back (With Rowing Machine),,NOT_NEEDED,Cardio,EXCLUDE_NON_MVP,Outside gym-first weight-training MVP default search,Machine,source,,unknown,,,unsupported,weight_reps,equipment,,,1,0,1,SCOPE_RESOLVED_EXCLUDED
gvs_413e5bd891f066b2,gvc_89b2a81960c5,Run,Run,,NOT_NEEDED,Cardio,EXCLUDE_NON_MVP,Outside gym-first weight-training MVP default search,,unknown,,unknown,,,unsupported,,review,,,2,1,1,SCOPE_RESOLVED_EXCLUDED
gvs_ecbc4056792dc774,gvc_0044ed2bea56,Run (equipment),Run (Equipment),,NOT_NEEDED,Cardio,EXCLUDE_NON_MVP,Outside gym-first weight-training MVP default search,,unknown,,unknown,,,unsupported,,review,,,1,1,0,SCOPE_RESOLVED_EXCLUDED
gvs_aa103dc8b9a69cda,gvc_a30d3ac4c4ae,Run And Half Knee Bend,Run And Half Knee Bend,,NOT_NEEDED,Cardio,EXCLUDE_NON_MVP,Outside gym-first weight-training MVP default search,,unknown,,unknown,,,unsupported,,review,,,1,0,1,SCOPE_RESOLVED_EXCLUDED
gvs_90a3b6fecb498c60,gvc_632f6d95c6ee,Run And Hop,Run And Hop,,NOT_NEEDED,Cardio,EXCLUDE_NON_MVP,Outside gym-first weight-training MVP default search,,unknown,,unknown,,,unsupported,,review,,,1,0,1,SCOPE_RESOLVED_EXCLUDED
gvs_03dbbaea96bb1408,gvc_1a50f94a43d0,Run And Jack Jump,Run And Jack Jump,,NOT_NEEDED,Cardio,EXCLUDE_NON_MVP,Outside gym-first weight-training MVP default search,,unknown,,unknown,,,unsupported,,review,,,1,0,1,SCOPE_RESOLVED_EXCLUDED
gvs_883d09af5b4daff7,gvc_a98f617de877,Run And Semi Squat Jump,Run And Semi Squat Jump,,NOT_NEEDED,Cardio,EXCLUDE_NON_MVP,Outside gym-first weight-training MVP default search,,unknown,하체,name,대퇴사두근,둔근,name_high,,review,,,1,0,1,SCOPE_RESOLVED_EXCLUDED
gvs_e54a7e9b165c64a3,gvc_5a8465759607,Run On Treadmill,Run On Treadmill,,NOT_NEEDED,Cardio,EXCLUDE_NON_MVP,Outside gym-first weight-training MVP default search,,unknown,,unknown,,,unsupported,,review,,,1,0,1,SCOPE_RESOLVED_EXCLUDED
gvs_ffa009a091244c8e,gvc_b3e1f8e5b2d5,Runners Stretch,Runners Stretch,,NOT_NEEDED,Thighs,EXCLUDE_NON_MVP,Outside gym-first weight-training MVP default search,Bodyweight,inferred_bodyweight,하체,source,,,unsupported,reps,bodyweight,duration,,3,1,2,SCOPE_RESOLVED_EXCLUDED
gvs_45fa50d2b28a9564,gvc_23ea3b332ee2,Running Plank,Running Plank,,NOT_NEEDED,Plyometrics,EXCLUDE_NON_MVP,Outside gym-first weight-training MVP default search,,unknown,코어,name,코어,,name_high,duration,semantic,,,1,1,0,SCOPE_RESOLVED_EXCLUDED
gvs_9b1bf62646820fb4,gvc_822d98195cd5,Saw,Saw,,NOT_NEEDED,Pilates,EXCLUDE_NON_MVP,Outside gym-first weight-training MVP default search,,unknown,,unknown,,,unsupported,,review,,,1,0,1,SCOPE_RESOLVED_EXCLUDED
gvs_57a03d37ef31020f,gvc_2de28f53cfeb,Scissors,Scissors,,NOT_NEEDED,Pilates,EXCLUDE_NON_MVP,Outside gym-first weight-training MVP default search,,unknown,,unknown,,,unsupported,,review,,,1,0,1,SCOPE_RESOLVED_EXCLUDED
gvs_3de5c7126ab32adc,gvc_25a9ac5813f8,Scissors Jump,Scissors Jump,,NOT_NEEDED,Plyometrics,EXCLUDE_NON_MVP,Outside gym-first weight-training MVP default search,,unknown,,unknown,,,unsupported,,review,,,1,1,0,SCOPE_RESOLVED_EXCLUDED
gvs_e51e80b0eb1eec6e,gvc_d2c326ac26d2,Scorpion Stretch,Scorpion Stretch,,NOT_NEEDED,Stretching,EXCLUDE_NON_MVP,Outside gym-first weight-training MVP default search,,unknown,,unknown,,,unsupported,,review,,,2,1,1,SCOPE_RESOLVED_EXCLUDED
gvs_1461a7a8901b855e,gvc_b401923de23e,Seal Pose,Seal Pose,,NOT_NEEDED,Stretching,EXCLUDE_NON_MVP,Outside gym-first weight-training MVP default search,,unknown,,unknown,,,unsupported,,review,,,1,0,1,SCOPE_RESOLVED_EXCLUDED
gvs_30160ce9ee271e21,gvc_f2d652442835,Seal To Puppy Pose,Seal To Puppy Pose,,NOT_NEEDED,Stretching,EXCLUDE_NON_MVP,Outside gym-first weight-training MVP default search,,unknown,,unknown,,,unsupported,,review,,,1,0,1,SCOPE_RESOLVED_EXCLUDED
gvs_d9b305557d087125,gvc_5216b6df8f09,Seated Alternate Arms Rotation,Seated Alternate Arms Rotation,,NOT_NEEDED,Stretching,EXCLUDE_NON_MVP,Outside gym-first weight-training MVP default search,,unknown,,unknown,,,unsupported,,review,,,1,0,1,SCOPE_RESOLVED_EXCLUDED
gvs_846ebe66a372aa80,gvc_37bf137d6de2,Seated Alternate Dynamic Chest Stretch On A Chair,Seated Alternate Dynamic Chest Stretch On A Chair,,NOT_NEEDED,,EXCLUDE_NON_MVP,Outside gym-first weight-training MVP default search,,unknown,가슴,name,,,unsupported,,review,duration,,1,1,0,SCOPE_RESOLVED_EXCLUDED
gvs_88e959a416f6747a,gvc_3bd8252017c5,Seated Alternate Hamstrings Stretch On A Chair (fe,Seated Alternate Hamstrings Stretch On A Chair,,NOT_NEEDED,,EXCLUDE_NON_MVP,Outside gym-first weight-training MVP default search,,unknown,,unknown,,,unsupported,,review,duration,,1,0,1,SCOPE_RESOLVED_EXCLUDED
gvs_3a7548d3a57c1083,gvc_73f7ef5966e4,Sitting Alternating Quads Stretch Stretch,Seated Alternating Quads Stretch,,NOT_NEEDED,,EXCLUDE_NON_MVP,Outside gym-first weight-training MVP default search,,unknown,,unknown,,,unsupported,,review,duration,,1,0,1,SCOPE_RESOLVED_EXCLUDED
gvs_025c65f406828562,gvc_0b6c0f46833c,Seated Ankle Circle (anti Clockwise),Seated Ankle Circle (Anti Clockwise),,NOT_NEEDED,Stretching,EXCLUDE_NON_MVP,Outside gym-first weight-training MVP default search,,unknown,,unknown,,,unsupported,,review,,,1,0,1,SCOPE_RESOLVED_EXCLUDED
gvs_bc4492a7b8b599f7,gvc_8aa1e06f5941,Seated Ankle Circle (clockwise),Seated Ankle Circle (Clockwise),,NOT_NEEDED,Stretching,EXCLUDE_NON_MVP,Outside gym-first weight-training MVP default search,,unknown,,unknown,,,unsupported,,review,,,1,0,1,SCOPE_RESOLVED_EXCLUDED
gvs_44dc6c9472b545a2,gvc_bcaa0913ec93,Seated Ankle Stretch,Seated Ankle Stretch,,NOT_NEEDED,Calves,EXCLUDE_NON_MVP,Outside gym-first weight-training MVP default search,Bodyweight,inferred_bodyweight,하체,source,,,unsupported,reps,bodyweight,duration,,1,1,0,SCOPE_RESOLVED_EXCLUDED
gvs_d30f6c17fb69635f,gvc_33ab9a178efa,Sitting Arms Curl Stepout On A Chair,Seated Arms Curl Stepout On A Chair,,NOT_NEEDED,Plyometrics,EXCLUDE_NON_MVP,Outside gym-first weight-training MVP default search,,unknown,팔,name,,,unsupported,,review,,,1,0,1,SCOPE_RESOLVED_EXCLUDED
gvs_b78c3c6cd2175312,gvc_07d9eedc5ae0,Seated Back Stretch Both Hands To Feet,Seated Back Stretch Both Hands To Feet,,NOT_NEEDED,Stretching,EXCLUDE_NON_MVP,Outside gym-first weight-training MVP default search,,unknown,,unknown,,,unsupported,,review,,,1,0,1,SCOPE_RESOLVED_EXCLUDED
gvs_ea417e98dde0c5a2,gvc_d2b7464f6e46,Sitting Bent Over Back Stretch,Seated Bent Over Back Stretch,,NOT_NEEDED,Back,EXCLUDE_NON_MVP,Outside gym-first weight-training MVP default search,Bodyweight,inferred_bodyweight,등,source,,,unsupported,reps,bodyweight,duration,,2,1,1,SCOPE_RESOLVED_EXCLUDED
gvs_11a04a9dbf3d81ad,gvc_3c309604ea9c;gvc_4c64ef3ac51c,Seated Calf Stretch | Seated Calf Stretch (version 2),Seated Calf Stretch,,NOT_NEEDED,Calves,EXCLUDE_NON_MVP,Outside gym-first weight-training MVP default search,Bodyweight,inferred_bodyweight,하체,source,,,unsupported,reps,bodyweight,duration,,4,1,3,SCOPE_RESOLVED_EXCLUDED
gvs_95e9ef7b1c682a63,gvc_b9c3ab2f1c90,Sitting Calf Stretch With Towel,Seated Calf Stretch With Towel,,NOT_NEEDED,Stretching,EXCLUDE_NON_MVP,Outside gym-first weight-training MVP default search,,unknown,하체,name,,,unsupported,,review,,,1,0,1,SCOPE_RESOLVED_EXCLUDED
gvs_6ede414b2cde5493,gvc_d36b32392d89,Sitting Cat Cow Pose,Seated Cat Cow Pose,,NOT_NEEDED,Stretching,EXCLUDE_NON_MVP,Outside gym-first weight-training MVP default search,,unknown,,unknown,,,unsupported,,review,,,3,1,2,SCOPE_RESOLVED_EXCLUDED
gvs_46106de0530ba46a,gvc_cf8d7c6728ca,Sitting Cat Cow Stretch On A Chair,Seated Cat Cow Stretch On A Chair,,NOT_NEEDED,Stretching,EXCLUDE_NON_MVP,Outside gym-first weight-training MVP default search,,unknown,,unknown,,,unsupported,,review,,,1,0,1,SCOPE_RESOLVED_EXCLUDED
gvs_e7de72e1fbd1c925,gvc_f58f224d615d,Seated Chest Clam,Seated Chest Clam,,NOT_NEEDED,Stretching,EXCLUDE_NON_MVP,Outside gym-first weight-training MVP default search,,unknown,가슴,name,,,unsupported,,review,,,2,1,1,SCOPE_RESOLVED_EXCLUDED
gvs_0b3bdb1158909d81,gvc_c70e622dcbb1,Sitting Chest Open,Seated Chest Open,,NOT_NEEDED,Stretching,EXCLUDE_NON_MVP,Outside gym-first weight-training MVP default search,,unknown,가슴,name,,,unsupported,,review,,,2,0,2,SCOPE_RESOLVED_EXCLUDED
gvs_72e3670cb14fab4a,gvc_9b8cd07ef96e,Sitting Chest Opener Cat Cow Pose Stretch,Seated Chest Opener Cat Cow Pose Stretch,,NOT_NEEDED,,EXCLUDE_NON_MVP,Outside gym-first weight-training MVP default search,,unknown,가슴,name,,,unsupported,,review,duration,,1,0,1,SCOPE_RESOLVED_EXCLUDED
gvs_20dc1b2833a4a44e,gvc_b6d1c4900c9a,Sitting Chest Stretch On A Chair,Seated Chest Stretch On A Chair,,NOT_NEEDED,Stretching,EXCLUDE_NON_MVP,Outside gym-first weight-training MVP default search,,unknown,가슴,name,,,unsupported,,review,,,1,0,1,SCOPE_RESOLVED_EXCLUDED
gvs_123f5eb6213377a4,gvc_586794413a26,Seated Cross Body Hamstring Reach Stretch,Seated Cross Body Hamstring Reach Stretch,,NOT_NEEDED,,EXCLUDE_NON_MVP,Outside gym-first weight-training MVP default search,,unknown,하체,name,,,unsupported,,review,duration,,1,0,1,SCOPE_RESOLVED_EXCLUDED
gvs_aa329d4150e450ad,gvc_6db35089d549,Seated Cross Body Stretch,Seated Cross Body Stretch,,NOT_NEEDED,Stretching,EXCLUDE_NON_MVP,Outside gym-first weight-training MVP default search,,unknown,,unknown,,,unsupported,,review,,,1,0,1,SCOPE_RESOLVED_EXCLUDED
gvs_454d6e95b8417d89,gvc_c95f607c4eb7,Seated Cross Leg Stretch Hold,Seated Cross Leg Stretch Hold,,NOT_NEEDED,Stretching,EXCLUDE_NON_MVP,Outside gym-first weight-training MVP default search,,unknown,하체,name,,,unsupported,duration,semantic,,,1,0,1,SCOPE_RESOLVED_EXCLUDED
gvs_46612fa0691ee9ae,gvc_0eeea5b1b626,Sitting Crossed Legged Reach Forward Stretch,Seated Crossed Legged Reach Forward Stretch,,NOT_NEEDED,Back,EXCLUDE_NON_MVP,Outside gym-first weight-training MVP default search,Bodyweight,inferred_bodyweight,등,source,,,unsupported,reps,bodyweight,duration,,1,1,0,SCOPE_RESOLVED_EXCLUDED
gvs_805e52f0908f6a82,gvc_1d4cb4b0479b,Seated Crossover Shoulders Stretch,Seated Crossover Shoulders Stretch,,NOT_NEEDED,Stretching,EXCLUDE_NON_MVP,Outside gym-first weight-training MVP default search,,unknown,,unknown,,,unsupported,,review,,,1,0,1,SCOPE_RESOLVED_EXCLUDED
gvs_f3355dd00c433a3e,gvc_1ee908c61c49,Seated Deep Neck Stretch,Seated Deep Neck Stretch,,NOT_NEEDED,Stretching,EXCLUDE_NON_MVP,Outside gym-first weight-training MVP default search,,unknown,,unknown,,,unsupported,,review,,,1,0,1,SCOPE_RESOLVED_EXCLUDED
gvs_699425eb566cffc3,gvc_80e0ce11f552,Sitting Delts Stretch On A Chair,Seated Delts Stretch On A Chair,,NOT_NEEDED,Stretching,EXCLUDE_NON_MVP,Outside gym-first weight-training MVP default search,,unknown,,unknown,,,unsupported,,review,,,1,0,1,SCOPE_RESOLVED_EXCLUDED
gvs_72d0f43ffe355367,gvc_a4d1e96eb5b5,Sitting Diagonal Side Stretch,Seated Diagonal Side Stretch,,NOT_NEEDED,Stretching,EXCLUDE_NON_MVP,Outside gym-first weight-training MVP default search,,unknown,,unknown,,,unsupported,,review,duration,,2,0,2,SCOPE_RESOLVED_EXCLUDED
gvs_0416ed590fafe401,gvc_62c414e78818,Seated Dynamic Chest Stretch,Seated Dynamic Chest Stretch,,NOT_NEEDED,Stretching,EXCLUDE_NON_MVP,Outside gym-first weight-training MVP default search,,unknown,가슴,name,,,unsupported,,review,,,1,0,1,SCOPE_RESOLVED_EXCLUDED
gvs_78bc647fcc6135f7,gvc_a82c61e88d0e,Sitting Dynamic Side Stretch,Seated Dynamic Side Stretch,,NOT_NEEDED,Waist,EXCLUDE_NON_MVP,Outside gym-first weight-training MVP default search,Bodyweight,inferred_bodyweight,코어,source,,,unsupported,reps,bodyweight,duration,,1,1,0,SCOPE_RESOLVED_EXCLUDED
gvs_5cde2cd592360f91,gvc_d559de38f23c,Seated Figure 4 Stretch,Seated Figure 4 Stretch,,NOT_NEEDED,Stretching,EXCLUDE_NON_MVP,Outside gym-first weight-training MVP default search,,unknown,,unknown,,,unsupported,,review,,,1,1,0,SCOPE_RESOLVED_EXCLUDED
gvs_23b45882fd77a980,gvc_ecae9e3c1c4f,Sitting Figure Four Rock,Seated Figure Four Rock,,NOT_NEEDED,Stretching,EXCLUDE_NON_MVP,Outside gym-first weight-training MVP default search,,unknown,,unknown,,,unsupported,,review,,,1,0,1,SCOPE_RESOLVED_EXCLUDED
gvs_0a0f8c8ef9ebbeb4,gvc_5584b7256716,Sitting Finger Stretch On A Chair,Seated Finger Stretch On A Chair,,NOT_NEEDED,Hands,EXCLUDE_NON_MVP,Outside gym-first weight-training MVP default search,,unknown,기타,source,,,unsupported,,review,duration,,1,0,1,SCOPE_RESOLVED_EXCLUDED
gvs_1efe3778f789b08e,gvc_d42fbd7d8ba4,Sitting Floor Tibialis Raise,Seated Floor Tibialis Raise,,NOT_NEEDED,Stretching,EXCLUDE_NON_MVP,Outside gym-first weight-training MVP default search,,unknown,,unknown,,,unsupported,,review,,,1,1,0,SCOPE_RESOLVED_EXCLUDED
gvs_58736cfc0f4e4a1a,gvc_c2b12191ffe0,Sitting Foot Extensors Stretch On A Chair,Seated Foot Extensors Stretch On A Chair,,NOT_NEEDED,,EXCLUDE_NON_MVP,Outside gym-first weight-training MVP default search,,unknown,,unknown,,,unsupported,,review,duration,,1,0,1,SCOPE_RESOLVED_EXCLUDED
gvs_ae0d7a39ce50ce7d,gvc_b00b6c10dbda,Seated Forearms Stretch,Seated Forearms Stretch,,NOT_NEEDED,Stretching,EXCLUDE_NON_MVP,Outside gym-first weight-training MVP default search,,unknown,,unknown,,,unsupported,,review,,,1,1,0,SCOPE_RESOLVED_EXCLUDED
gvs_313f3ff08b1c3786,gvc_62c604c673c5,Sitting Forearms Stretch On A Chair,Seated Forearms Stretch On A Chair,,NOT_NEEDED,Stretching,EXCLUDE_NON_MVP,Outside gym-first weight-training MVP default search,,unknown,,unknown,,,unsupported,,review,,,1,0,1,SCOPE_RESOLVED_EXCLUDED
gvs_fd9639553d10dfc1,gvc_2f6b18b97817,Seated Forward Bend Stretch On A Chair,Seated Forward Bend Stretch On A Chair,,NOT_NEEDED,Stretching,EXCLUDE_NON_MVP,Outside gym-first weight-training MVP default search,,unknown,,unknown,,,unsupported,,review,,,1,1,0,SCOPE_RESOLVED_EXCLUDED
gvs_549a7618e39ada1a,gvc_cfc1831c5add,Seated Forward Bend Yoga Pose,Seated Forward Bend Yoga Pose,,NOT_NEEDED,Stretching,EXCLUDE_NON_MVP,Outside gym-first weight-training MVP default search,,unknown,,unknown,,,unsupported,,review,,,2,1,1,SCOPE_RESOLVED_EXCLUDED
gvs_6db80812c1959e54,gvc_a798b5aa46f6,Seated Forward Reach,Seated Forward Reach,,NOT_NEEDED,Stretching,EXCLUDE_NON_MVP,Outside gym-first weight-training MVP default search,,unknown,,unknown,,,unsupported,,review,,,1,0,1,SCOPE_RESOLVED_EXCLUDED
gvs_075ce75a4dcd0938,gvc_0ae73c178c8d,Seated Forward Reach Arms Interlock,Seated Forward Reach Arms Interlock,,NOT_NEEDED,Stretching,EXCLUDE_NON_MVP,Outside gym-first weight-training MVP default search,,unknown,,unknown,,,unsupported,,review,,,1,0,1,SCOPE_RESOLVED_EXCLUDED
gvs_d1a2b12e804bf0fc,gvc_a26054337605,Seated Forward Reach To W Pose,Seated Forward Reach To W Pose,,NOT_NEEDED,Stretching,EXCLUDE_NON_MVP,Outside gym-first weight-training MVP default search,,unknown,,unknown,,,unsupported,,review,,,1,0,1,SCOPE_RESOLVED_EXCLUDED
gvs_45e56875181d6bbd,gvc_0c014bbac49d,Seated Glute Stretch,Seated Glute Stretch,,NOT_NEEDED,Hips,EXCLUDE_NON_MVP,Outside gym-first weight-training MVP default search,Bodyweight,inferred_bodyweight,하체,source,,,unsupported,reps,bodyweight,duration,,1,1,0,SCOPE_RESOLVED_EXCLUDED
gvs_6572f9d454f802ba,gvc_a04f665b9b6a,Seated Hamstring Kick Out,Seated Hamstring Kick Out,,NOT_NEEDED,Stretching,EXCLUDE_NON_MVP,Outside gym-first weight-training MVP default search,,unknown,하체,name,,,unsupported,,review,,,1,0,1,SCOPE_RESOLVED_EXCLUDED
gvs_8689253b4378ac03,gvc_07cc77a18a2e,Seated Hamstring Side Stretch,Seated Hamstring Side Stretch,,NOT_NEEDED,Stretching,EXCLUDE_NON_MVP,Outside gym-first weight-training MVP default search,,unknown,하체,name,,,unsupported,,review,,,1,0,1,SCOPE_RESOLVED_EXCLUDED
gvs_99987713136ff9c3,gvc_83f09371e7a1,Seated Hamstring Stretch With Chair,Seated Hamstring Stretch With Chair,,NOT_NEEDED,Thighs,EXCLUDE_NON_MVP,Outside gym-first weight-training MVP default search,Bodyweight,inferred_bodyweight,하체,source,,,unsupported,reps,bodyweight,duration,,1,0,1,SCOPE_RESOLVED_EXCLUDED
gvs_39433d78858f7cea,gvc_340031a8436a,Seated Hand To Knee Back Stretch,Seated Hand To Knee Back Stretch,,NOT_NEEDED,Stretching,EXCLUDE_NON_MVP,Outside gym-first weight-training MVP default search,,unknown,,unknown,,,unsupported,,review,,,1,0,1,SCOPE_RESOLVED_EXCLUDED
gvs_3156c3e1100026c9,gvc_c8481d77f656,Sitting Hands Behind Chest Stretch On A Chair (fem,Seated Hands Behind Chest Stretch On A Chair,,NOT_NEEDED,,EXCLUDE_NON_MVP,Outside gym-first weight-training MVP default search,,unknown,가슴,name,,,unsupported,,review,duration,,1,0,1,SCOPE_RESOLVED_EXCLUDED
gvs_d8df7731c39e5d55,gvc_18d86dc75cd2,Seated Hands To Feet Hold,Seated Hands To Feet Hold,,NOT_NEEDED,Stretching,EXCLUDE_NON_MVP,Outside gym-first weight-training MVP default search,,unknown,,unknown,,,unsupported,duration,semantic,,,1,0,1,SCOPE_RESOLVED_EXCLUDED
gvs_76922684fd3730fa,gvc_75d3ff2b9a7f,Sitting Hip Sway Cut On A Chair,Seated Hip Sway Cut On A Chair,,NOT_NEEDED,Plyometrics,EXCLUDE_NON_MVP,Outside gym-first weight-training MVP default search,,unknown,,unknown,,,unsupported,,review,,,1,0,1,SCOPE_RESOLVED_EXCLUDED
gvs_a7569a6ddb775439,gvc_1b67d7f942cc;gvc_f8ec1d99bd30,Seated Jack On A Chair | Sitting Jack On A Chair,Seated Jack On A Chair,,NOT_NEEDED,Hips;Plyometrics,EXCLUDE_NON_MVP,Outside gym-first weight-training MVP default search,Bodyweight,inferred_bodyweight,하체,source,,,unsupported,reps,bodyweight,,,2,1,1,SCOPE_RESOLVED_EXCLUDED
gvs_9aba86dbde883603,gvc_75d7cd8f396e,Sitting Jump Rope Knee Tuck On Chair,Seated Jump Rope Knee Tuck On Chair,,NOT_NEEDED,Plyometrics,EXCLUDE_NON_MVP,Outside gym-first weight-training MVP default search,Rope,source,,unknown,,,unsupported,,review,,,1,1,0,SCOPE_RESOLVED_EXCLUDED
gvs_87233ade3b0d81f0,gvc_6708b88399d2,Seated Knee Flexor And Hip Adductor Stretch,Seated Knee Flexor And Hip Adductor Stretch,,NOT_NEEDED,Thighs,EXCLUDE_NON_MVP,Outside gym-first weight-training MVP default search,Bodyweight,inferred_bodyweight,하체,source,,,unsupported,reps,bodyweight,duration,,1,1,0,SCOPE_RESOLVED_EXCLUDED
gvs_57c14fb408280786,gvc_f43e4daaa856,Seated Knee Hug Glute Stretch,Seated Knee Hug Glute Stretch,,NOT_NEEDED,Stretching,EXCLUDE_NON_MVP,Outside gym-first weight-training MVP default search,,unknown,하체,name,,,unsupported,,review,,,1,0,1,SCOPE_RESOLVED_EXCLUDED
gvs_039557abac2dffa3,gvc_8ece9ccdbdde,Sitting Knee Raise Hold On A Chair,Seated Knee Raise Hold On A Chair,,NOT_NEEDED,Stretching,EXCLUDE_NON_MVP,Outside gym-first weight-training MVP default search,,unknown,,unknown,복직근,,name_high,duration,semantic,,,1,0,1,SCOPE_RESOLVED_EXCLUDED
gvs_afbae1edc22aa7dd,gvc_1ef4d427859f,Seated Knee Slide,Seated Knee Slide,,NOT_NEEDED,Stretching,EXCLUDE_NON_MVP,Outside gym-first weight-training MVP default search,,unknown,,unknown,,,unsupported,,review,,,1,0,1,SCOPE_RESOLVED_EXCLUDED
gvs_e07fac77f3677e37,gvc_03073cebda38,Seated Knee To Nose Stretch,Seated Knee To Nose Stretch,,NOT_NEEDED,Hips,EXCLUDE_NON_MVP,Outside gym-first weight-training MVP default search,Bodyweight,inferred_bodyweight,하체,source,,,unsupported,reps,bodyweight,duration,,1,0,1,SCOPE_RESOLVED_EXCLUDED
gvs_32afd98ff8209967,gvc_6b06ffc9c9b7,Seated Knee Up Rotation Stretch,Seated Knee Up Rotation Stretch,,NOT_NEEDED,Hips,EXCLUDE_NON_MVP,Outside gym-first weight-training MVP default search,Bodyweight,inferred_bodyweight,하체,source,,,unsupported,reps,bodyweight,duration,,1,0,1,SCOPE_RESOLVED_EXCLUDED
gvs_17d2288a49152100,gvc_a3e91f1e8f7b,Sitting Lean Forward Groin Stretch On A Chair (fem,Seated Lean Forward Groin Stretch On A Chair,,NOT_NEEDED,,EXCLUDE_NON_MVP,Outside gym-first weight-training MVP default search,,unknown,,unknown,,,unsupported,,review,duration,,1,0,1,SCOPE_RESOLVED_EXCLUDED
gvs_6ba53a98507a6f8e,gvc_8a06b64bfe6b,Seated Leaning Back Stretch,Seated Leaning Back Stretch,,NOT_NEEDED,Stretching,EXCLUDE_NON_MVP,Outside gym-first weight-training MVP default search,,unknown,,unknown,,,unsupported,,review,,,1,1,0,SCOPE_RESOLVED_EXCLUDED
gvs_6509abec95302ff2,gvc_ef920f7f7ebe,Seated Learning Back Stretch,Seated Learning Back Stretch,,NOT_NEEDED,Back,EXCLUDE_NON_MVP,Outside gym-first weight-training MVP default search,Bodyweight,inferred_bodyweight,등,source,,,unsupported,reps,bodyweight,duration,,1,1,0,SCOPE_RESOLVED_EXCLUDED
gvs_609bfd73d9f461ab,gvc_a13ee111aebe,Seated Leg Hug Cat Cow,Seated Leg Hug Cat Cow,,NOT_NEEDED,Stretching,EXCLUDE_NON_MVP,Outside gym-first weight-training MVP default search,,unknown,하체,name,,,unsupported,,review,,,1,0,1,SCOPE_RESOLVED_EXCLUDED
gvs_e3e8cd414d5fba15,gvc_ae840c484541,Sitting Legs Extended To Butterfly Stretch (,Seated Legs Extended To Butterfly Stretch,,NOT_NEEDED,,EXCLUDE_NON_MVP,Outside gym-first weight-training MVP default search,,unknown,,unknown,,,unsupported,,review,duration,,1,0,1,SCOPE_RESOLVED_EXCLUDED
gvs_a68b76d1e511838d,gvc_f6af2c5b7045,Sitting Lotus Dynamic Side Stretch,Seated Lotus Dynamic Side Stretch,,NOT_NEEDED,Waist,EXCLUDE_NON_MVP,Outside gym-first weight-training MVP default search,Bodyweight,inferred_bodyweight,코어,source,,,unsupported,reps,bodyweight,duration,,1,0,1,SCOPE_RESOLVED_EXCLUDED
gvs_0bb5dcbbec13600b,gvc_ea102ecda199,Sitting Lotus Rest Pose,Seated Lotus Rest Pose,,NOT_NEEDED,Cardio,EXCLUDE_NON_MVP,Outside gym-first weight-training MVP default search,,unknown,,unknown,,,unsupported,,review,,,2,1,1,SCOPE_RESOLVED_EXCLUDED
gvs_2bfeab1f7b4e22a7,gvc_e527bc700c83,Seated Lower Back Stretch,Seated Lower Back Stretch,,NOT_NEEDED,Back,EXCLUDE_NON_MVP,Outside gym-first weight-training MVP default search,Bodyweight,inferred_bodyweight,등,source,,,unsupported,reps,bodyweight,duration,,2,1,1,SCOPE_RESOLVED_EXCLUDED
gvs_d80bfdd68dcdf780,gvc_4a1e76f89b98,Sitting Lumbar Spine Extension,Seated Lumbar Spine Extension,,NOT_NEEDED,Stretching,EXCLUDE_NON_MVP,Outside gym-first weight-training MVP default search,,unknown,,unknown,,,unsupported,,review,,,1,1,0,SCOPE_RESOLVED_EXCLUDED
gvs_abca4479471ba089,gvc_b80dc77da15e,Sitting March On A Chair,Seated March On A Chair,,NOT_NEEDED,Plyometrics,EXCLUDE_NON_MVP,Outside gym-first weight-training MVP default search,,unknown,,unknown,,,unsupported,,review,,,2,1,1,SCOPE_RESOLVED_EXCLUDED
gvs_ff85f48306fa26f3,gvc_a855e2122714,Seated Neck Backward Stretch,Seated Neck Backward Stretch,,NOT_NEEDED,Stretching,EXCLUDE_NON_MVP,Outside gym-first weight-training MVP default search,,unknown,,unknown,,,unsupported,,review,,,1,1,0,SCOPE_RESOLVED_EXCLUDED
gvs_fcc50007fd057167,gvc_035fc78a26b8;gvc_af29e42005c6;gvc_b4eaa77ce527,Seated Neck Side Stretch | Sitting Side Neck Stretch | Sitting Side Neck Stretch (version 2),Seated Neck Side Stretch,,NOT_NEEDED,Stretching,EXCLUDE_NON_MVP,Outside gym-first weight-training MVP default search,,unknown,,unknown,,,unsupported,,review,,,3,1,2,SCOPE_RESOLVED_EXCLUDED
gvs_c5304106c71e84c8,gvc_b5238e6ff746,Seated Neck Side Upward Stretch,Seated Neck Side Upward Stretch,,NOT_NEEDED,Stretching,EXCLUDE_NON_MVP,Outside gym-first weight-training MVP default search,,unknown,,unknown,,,unsupported,,review,,,1,1,0,SCOPE_RESOLVED_EXCLUDED
gvs_14a63dbaac709e28,gvc_63b0bc53b761,Seated Neck Stretch,Seated Neck Stretch,,NOT_NEEDED,Stretching,EXCLUDE_NON_MVP,Outside gym-first weight-training MVP default search,,unknown,,unknown,,,unsupported,,review,,,2,1,1,SCOPE_RESOLVED_EXCLUDED
gvs_21c4457a8629f1c0,gvc_8959888ea823,Sitting Neck Stretch,Seated Neck Stretch,,NOT_NEEDED,Neck,EXCLUDE_NON_MVP,Outside gym-first weight-training MVP default search,,unknown,기타,source,,,unsupported,,review,duration,,1,0,1,SCOPE_RESOLVED_EXCLUDED
gvs_e90ade5e85709594,gvc_2ec2936ee141,Sitting Neck Stretch Circle,Seated Neck Stretch Circle,,NOT_NEEDED,Stretching,EXCLUDE_NON_MVP,Outside gym-first weight-training MVP default search,,unknown,,unknown,,,unsupported,,review,,,1,0,1,SCOPE_RESOLVED_EXCLUDED
gvs_8017b49f8a98cac7,gvc_a686492d5448,Seated Over Head Straight Arm Stretch,Seated Over Head Straight Arm Stretch,,NOT_NEEDED,Chest,EXCLUDE_NON_MVP,Outside gym-first weight-training MVP default search,Bodyweight,inferred_bodyweight,가슴,source,,,unsupported,reps,bodyweight,duration,,1,0,1,SCOPE_RESOLVED_EXCLUDED
gvs_181a31c39c96a99b,gvc_1560e6d22047;gvc_a1556637f57d,Seated Overhead Stretch On A Chair | Sitting Overhead Stretch On A Chair,Seated Overhead Stretch On A Chair,,NOT_NEEDED,Stretching,EXCLUDE_NON_MVP,Outside gym-first weight-training MVP default search,,unknown,,unknown,,,unsupported,,review,,,2,1,1,SCOPE_RESOLVED_EXCLUDED
gvs_4be59b035496159b,gvc_c4faa9ab8de5,Seated Pigeon Stretch,Seated Pigeon Stretch,,NOT_NEEDED,Hips,EXCLUDE_NON_MVP,Outside gym-first weight-training MVP default search,Bodyweight,inferred_bodyweight,하체,source,,,unsupported,reps,bodyweight,duration,,1,0,1,SCOPE_RESOLVED_EXCLUDED
gvs_9c4365dee92f4e68,gvc_933e60efa9da,Sitting Pigeon Stretch On A Chair Stretch,Seated Pigeon Stretch On A Chair Stretch,,NOT_NEEDED,,EXCLUDE_NON_MVP,Outside gym-first weight-training MVP default search,,unknown,,unknown,,,unsupported,,review,duration,,1,0,1,SCOPE_RESOLVED_EXCLUDED
gvs_a2e100583fda9bda,gvc_a9b5f67b8893,Seated Piriformis Stretch,Seated Piriformis Stretch,,NOT_NEEDED,Hips,EXCLUDE_NON_MVP,Outside gym-first weight-training MVP default search,Bodyweight,inferred_bodyweight,하체,source,,,unsupported,reps,bodyweight,duration,,1,1,0,SCOPE_RESOLVED_EXCLUDED
gvs_f668a10d50840b65,gvc_8d2f15a5d56f,Seated Piriformis Stretch On A Chair,Seated Piriformis Stretch On A Chair,,NOT_NEEDED,Stretching,EXCLUDE_NON_MVP,Outside gym-first weight-training MVP default search,,unknown,,unknown,,,unsupported,,review,,,1,1,0,SCOPE_RESOLVED_EXCLUDED
gvs_555d597697a1612c,gvc_2370ce9ef2cc,Sitting Punch Knee Tap On A Padded Stool,Seated Punch Knee Tap On A Padded Stool,,NOT_NEEDED,Plyometrics,EXCLUDE_NON_MVP,Outside gym-first weight-training MVP default search,,unknown,,unknown,,,unsupported,,review,,,2,1,1,SCOPE_RESOLVED_EXCLUDED
gvs_1756b1abaee90a53,gvc_49a495fd643f,Seated Quadriceps Stretch,Seated Quadriceps Stretch,,NOT_NEEDED,Stretching,EXCLUDE_NON_MVP,Outside gym-first weight-training MVP default search,,unknown,하체,name,,,unsupported,,review,,,1,1,0,SCOPE_RESOLVED_EXCLUDED
gvs_b8fdae0ef7839d94,gvc_b01bacde303f,Sitting Quads Stretch On A Chair,Seated Quads Stretch On A Chair,,NOT_NEEDED,Stretching,EXCLUDE_NON_MVP,Outside gym-first weight-training MVP default search,,unknown,,unknown,,,unsupported,,review,,,1,0,1,SCOPE_RESOLVED_EXCLUDED
gvs_8bc14f9f1f66717f,gvc_82416395e318,Seated Raised Arms Inhale,Seated Raised Arms Inhale,,NOT_NEEDED,Stretching,EXCLUDE_NON_MVP,Outside gym-first weight-training MVP default search,,unknown,,unknown,,,unsupported,,review,,,1,0,1,SCOPE_RESOLVED_EXCLUDED
gvs_fe1c8555bf4cbbc1,gvc_2886cf2d85d5,Sitting Rest Pose,Seated Rest Pose,,NOT_NEEDED,Cardio,EXCLUDE_NON_MVP,Outside gym-first weight-training MVP default search,,unknown,,unknown,,,unsupported,,review,,,2,1,1,SCOPE_RESOLVED_EXCLUDED
gvs_59783b8e963a4c08,gvc_1845c8faae4b,Seated Rhomboid Stretch,Seated Rhomboid Stretch,,NOT_NEEDED,Back,EXCLUDE_NON_MVP,Outside gym-first weight-training MVP default search,Bodyweight,inferred_bodyweight,등,source,,,unsupported,reps,bodyweight,duration,,1,1,0,SCOPE_RESOLVED_EXCLUDED
gvs_67ba32bf7fcd658f,gvc_c1b8e08b7b69,Seated Rotating Boxing Rolls On A Chair,Seated Rotating Boxing Rolls On A Chair,,NOT_NEEDED,Plyometrics,EXCLUDE_NON_MVP,Outside gym-first weight-training MVP default search,,unknown,,unknown,,,unsupported,,review,,,1,1,0,SCOPE_RESOLVED_EXCLUDED
gvs_fddf95cab48b2cb4,gvc_dd2d0815ecc1,Seated Rotation Stretch,Seated Rotation Stretch,,NOT_NEEDED,Stretching,EXCLUDE_NON_MVP,Outside gym-first weight-training MVP default search,,unknown,,unknown,,,unsupported,,review,,,1,0,1,SCOPE_RESOLVED_EXCLUDED
gvs_dc277bd41005f8f2,gvc_e6ec729f4a75,Seated Shoulder Flexor Depresor Retractor Stretch,Seated Shoulder Flexor Depresor Retractor Stretch,,NOT_NEEDED,,EXCLUDE_NON_MVP,Outside gym-first weight-training MVP default search,,unknown,어깨,name,,,unsupported,,review,duration,,1,1,0,SCOPE_RESOLVED_EXCLUDED
gvs_46397f5c77c7d1c6,gvc_8f873096d1ae,Seated Shoulder Flexor Depresor Retractor Stretch Bent Knee,Seated Shoulder Flexor Depresor Retractor Stretch Bent Knee,,NOT_NEEDED,Shoulders,EXCLUDE_NON_MVP,Outside gym-first weight-training MVP default search,Bodyweight,inferred_bodyweight,어깨,source,,,unsupported,reps,bodyweight,duration,,2,1,1,SCOPE_RESOLVED_EXCLUDED
gvs_ff33f9571682ae4f,gvc_ac2d8eb91620,Seated Shoulder Rotation,Seated Shoulder Rotation,,NOT_NEEDED,Stretching,EXCLUDE_NON_MVP,Outside gym-first weight-training MVP default search,,unknown,어깨,name,,,unsupported,,review,,,1,0,1,SCOPE_RESOLVED_EXCLUDED
gvs_2c5dae23fd12c81b,gvc_bee8230ebd2c,Seated Shoulder Shrug,Seated Shoulder Shrug,,NOT_NEEDED,Stretching,EXCLUDE_NON_MVP,Outside gym-first weight-training MVP default search,,unknown,어깨,name,,,unsupported,,review,,,1,0,1,SCOPE_RESOLVED_EXCLUDED
gvs_af46a910accc7c8a,gvc_f9410dca52de,Seated Shoulder Stretch,Seated Shoulder Stretch,,NOT_NEEDED,Stretching,EXCLUDE_NON_MVP,Outside gym-first weight-training MVP default search,,unknown,어깨,name,,,unsupported,,review,,,1,0,1,SCOPE_RESOLVED_EXCLUDED
gvs_b666c04b40a708e3,gvc_78a7223ada2e,Sitting Shoulder Stretch On A Chair,Seated Shoulder Stretch On A Chair,,NOT_NEEDED,Stretching,EXCLUDE_NON_MVP,Outside gym-first weight-training MVP default search,,unknown,어깨,name,,,unsupported,,review,,,1,0,1,SCOPE_RESOLVED_EXCLUDED
gvs_70894bf4ddf2ddee,gvc_04397fae298d,Seated Side Bend Shoulder Stretch Stretch,Seated Side Bend Shoulder Stretch,,NOT_NEEDED,,EXCLUDE_NON_MVP,Outside gym-first weight-training MVP default search,,unknown,어깨,name,복사근,코어,name_high,,review,duration,BODY_MUSCLE_FAMILY_CONFLICT,1,0,1,SCOPE_RESOLVED_EXCLUDED
gvs_184da2688b6bb87a,gvc_6a3372835303,Sitting Side Bend Stretch,Seated Side Bend Stretch,,NOT_NEEDED,Stretching,EXCLUDE_NON_MVP,Outside gym-first weight-training MVP default search,,unknown,코어,name,복사근,코어,name_high,,review,,,1,1,0,SCOPE_RESOLVED_EXCLUDED
gvs_4cf4e8ad12c2d059,gvc_5ff4c9298fed,Sitting Side Neck Stretch On A Chair,Seated Side Neck Stretch On A Chair,,NOT_NEEDED,Stretching,EXCLUDE_NON_MVP,Outside gym-first weight-training MVP default search,,unknown,,unknown,,,unsupported,,review,,,1,0,1,SCOPE_RESOLVED_EXCLUDED
gvs_c40086c99003e72d,gvc_f8241c333cda,Seated Side Neck Stretch On A Padded Stool (,Seated Side Neck Stretch On A Padded Stool,,NOT_NEEDED,,EXCLUDE_NON_MVP,Outside gym-first weight-training MVP default search,,unknown,,unknown,,,unsupported,,review,duration,,1,0,1,SCOPE_RESOLVED_EXCLUDED
gvs_6497eba398c85533,gvc_dff08886ec3d,Sitting Side Reach Stretch,Seated Side Reach Stretch,,NOT_NEEDED,Back,EXCLUDE_NON_MVP,Outside gym-first weight-training MVP default search,Bodyweight,inferred_bodyweight,등,source,,,unsupported,reps,bodyweight,duration,,1,1,0,SCOPE_RESOLVED_EXCLUDED
gvs_52f70b68a6f6cf1e,gvc_539cb1d28245,Sitting Side Step On Chair,Seated Side Step On Chair,,NOT_NEEDED,Plyometrics,EXCLUDE_NON_MVP,Outside gym-first weight-training MVP default search,,unknown,,unknown,,,unsupported,,review,,,1,1,0,SCOPE_RESOLVED_EXCLUDED
gvs_01510238e8e38fe2,gvc_d46cdb8a8eab,Sitting Side Step Row On Chair,Seated Side Step Row On Chair,,NOT_NEEDED,Plyometrics,EXCLUDE_NON_MVP,Outside gym-first weight-training MVP default search,,unknown,등,name,등 상부 / 광배근,이두근,name_high,,review,,,2,1,1,SCOPE_RESOLVED_EXCLUDED
gvs_e0c41daa264b6788,gvc_4e20085b3a24,Sitting Side To Side Forward Backward Neck Stretch,Seated Side To Side Forward Backward Neck Stretch,,NOT_NEEDED,,EXCLUDE_NON_MVP,Outside gym-first weight-training MVP default search,,unknown,,unknown,,,unsupported,,review,duration,,1,0,1,SCOPE_RESOLVED_EXCLUDED
gvs_2547c3493b18c395,gvc_e043a9867d2f,Sitting Single Chest Stretch On A Chair S,Seated Single Chest Stretch On A Chair S,,NOT_NEEDED,,EXCLUDE_NON_MVP,Outside gym-first weight-training MVP default search,,unknown,가슴,name,,,unsupported,,review,duration,,1,0,1,SCOPE_RESOLVED_EXCLUDED
gvs_a5a4009f676ff74f,gvc_2d3614021527,Seated Single Leg Hamstring Stretch,Seated Single Leg Hamstring Stretch,,NOT_NEEDED,Thighs,EXCLUDE_NON_MVP,Outside gym-first weight-training MVP default search,Bodyweight,inferred_bodyweight,하체,source,,,unsupported,reps,bodyweight,duration,,2,1,1,SCOPE_RESOLVED_EXCLUDED
gvs_ef1d957ee377ef80,gvc_89e135935761,Seated Skater On A Chair,Seated Skater On A Chair,,NOT_NEEDED,Plyometrics,EXCLUDE_NON_MVP,Outside gym-first weight-training MVP default search,,unknown,,unknown,,,unsupported,,review,,,1,1,0,SCOPE_RESOLVED_EXCLUDED
gvs_2786275f229c8147,gvc_cc9af405a5cc,Seated Sky Look,Seated Sky Look,,NOT_NEEDED,Stretching,EXCLUDE_NON_MVP,Outside gym-first weight-training MVP default search,,unknown,,unknown,,,unsupported,,review,,,2,1,1,SCOPE_RESOLVED_EXCLUDED
gvs_3e71b93e72373386,gvc_e510d6b21d09;gvc_e54178911a31,Sitting Stepout Knee Tuck On A Padded Stool | Sitting Stepout Knee Tuck On A Padded Stool (femal,Seated Stepout Knee Tuck On A Padded Stool,,NOT_NEEDED,Plyometrics,EXCLUDE_NON_MVP,Outside gym-first weight-training MVP default search,,unknown,,unknown,,,unsupported,,review,,,2,1,1,SCOPE_RESOLVED_EXCLUDED
gvs_91c7f834ed865702,gvc_f7fe6633013f,Seated Stick Pass Around Stretch,Seated Stick Pass Around Stretch,,NOT_NEEDED,Shoulders,EXCLUDE_NON_MVP,Outside gym-first weight-training MVP default search,Bodyweight,inferred_bodyweight,어깨,source,,,unsupported,reps,bodyweight,duration,,2,1,1,SCOPE_RESOLVED_EXCLUDED
gvs_674c9ae57b745859,gvc_9eacfd62fca7,Seated Straight Leg Calf Stretch,Seated Straight Leg Calf Stretch,,NOT_NEEDED,Calves,EXCLUDE_NON_MVP,Outside gym-first weight-training MVP default search,Bodyweight,inferred_bodyweight,하체,source,,,unsupported,reps,bodyweight,duration,,1,0,1,SCOPE_RESOLVED_EXCLUDED
gvs_9de5aa8a67847bc0,gvc_e5cabc3ee7d7,Sitting Swimmer On A Chair,Seated Swimmer On A Chair,,NOT_NEEDED,Plyometrics;Shoulders,EXCLUDE_NON_MVP,Outside gym-first weight-training MVP default search,Bodyweight,inferred_bodyweight,어깨,source,,,unsupported,reps,bodyweight,,,2,1,1,SCOPE_RESOLVED_EXCLUDED
gvs_c4a492f4710ae4e2,gvc_16baaee3987d,Sitting Thoracic Spine Flexion,Seated Thoracic Spine Flexion,,NOT_NEEDED,Stretching,EXCLUDE_NON_MVP,Outside gym-first weight-training MVP default search,,unknown,,unknown,,,unsupported,,review,,,1,1,0,SCOPE_RESOLVED_EXCLUDED
gvs_b716b366a24f1fa8,gvc_bc0a9ca68ff5,Sitting Tip Toe Clap On A Chair,Seated Tip Toe Clap On A Chair,,NOT_NEEDED,Plyometrics,EXCLUDE_NON_MVP,Outside gym-first weight-training MVP default search,,unknown,,unknown,,,unsupported,,review,,,1,0,1,SCOPE_RESOLVED_EXCLUDED
gvs_d1c56cb9e2fb1d59,gvc_1a62f7163a94,Sitting Toe Pull Calf Stretch,Seated Toe Pull Calf Stretch,,NOT_NEEDED,Calves,EXCLUDE_NON_MVP,Outside gym-first weight-training MVP default search,Bodyweight,inferred_bodyweight,하체,source,,,unsupported,reps,bodyweight,duration,,1,1,0,SCOPE_RESOLVED_EXCLUDED
gvs_05c5c109166dba8d,gvc_89b573381c2b,Sitting Toe Tapping Stretch On A Chair,Seated Toe Tapping Stretch On A Chair,,NOT_NEEDED,Stretching,EXCLUDE_NON_MVP,Outside gym-first weight-training MVP default search,,unknown,,unknown,,,unsupported,,review,,,1,0,1,SCOPE_RESOLVED_EXCLUDED
gvs_930338ef43fb8d17,gvc_177c16daae07,Sitting Toes Stretch On A Chair,Seated Toes Stretch On A Chair,,NOT_NEEDED,Stretching,EXCLUDE_NON_MVP,Outside gym-first weight-training MVP default search,,unknown,,unknown,,,unsupported,,review,,,1,0,1,SCOPE_RESOLVED_EXCLUDED
gvs_eba0bf557fd2e649,gvc_aaaf8c0ba2fd,Sitting Trapezius Stretch On A Chair,Seated Trapezius Stretch On A Chair,,NOT_NEEDED,Stretching,EXCLUDE_NON_MVP,Outside gym-first weight-training MVP default search,,unknown,,unknown,,,unsupported,,review,,,1,0,1,SCOPE_RESOLVED_EXCLUDED
gvs_0ae516877c0a5ae7,gvc_be3f4203fd22,Sitting Triceps Stretch On A Chair,Seated Triceps Stretch On A Chair,,NOT_NEEDED,Stretching,EXCLUDE_NON_MVP,Outside gym-first weight-training MVP default search,,unknown,팔,name,,,unsupported,,review,,,1,0,1,SCOPE_RESOLVED_EXCLUDED
gvs_8b2aa6d42da5ae62,gvc_348227e8d89d,Seated Twist Stretch,Seated Twist Stretch,,NOT_NEEDED,Stretching,EXCLUDE_NON_MVP,Outside gym-first weight-training MVP default search,,unknown,,unknown,,,unsupported,,review,,,1,1,0,SCOPE_RESOLVED_EXCLUDED
gvs_41ddfe64d070186a,gvc_d8aaf00e0227,Sitting Uppercut On Chair,Seated Uppercut On Chair,,NOT_NEEDED,Plyometrics,EXCLUDE_NON_MVP,Outside gym-first weight-training MVP default search,,unknown,,unknown,,,unsupported,,review,,,1,1,0,SCOPE_RESOLVED_EXCLUDED
gvs_b19b9675d21fe381,gvc_30f44da91d4c,Sitting Wide Leg Adductor Stretch,Seated Wide Leg Adductor Stretch,,NOT_NEEDED,Hips,EXCLUDE_NON_MVP,Outside gym-first weight-training MVP default search,Bodyweight,inferred_bodyweight,하체,source,,,unsupported,reps,bodyweight,duration,,1,1,0,SCOPE_RESOLVED_EXCLUDED
gvs_3ba537007fd8e5ae,gvc_1e8c2a9c0682,Semi Squat Jump,Semi Squat Jump,,NOT_NEEDED,Plyometrics,EXCLUDE_NON_MVP,Outside gym-first weight-training MVP default search,,unknown,하체,name,대퇴사두근,둔근,name_high,,review,,,1,1,0,SCOPE_RESOLVED_EXCLUDED
gvs_594122e8141a6c22,gvc_dde29efe3aaa,Shin Box Switch,Shin Box Switch,,NOT_NEEDED,Stretching,EXCLUDE_NON_MVP,Outside gym-first weight-training MVP default search,,unknown,,unknown,,,unsupported,,review,,,1,1,0,SCOPE_RESOLVED_EXCLUDED
gvs_bb4c5daf927b8e87,gvc_93f76fab739d;gvc_ac594dd39821,Shoulder Backbend Stretch | Shoulder Backbend Stretch (version 2),Shoulder Backbend Stretch,,NOT_NEEDED,Shoulders,EXCLUDE_NON_MVP,Outside gym-first weight-training MVP default search,Bodyweight,inferred_bodyweight,어깨,source,,,unsupported,reps,bodyweight,duration,,2,2,0,SCOPE_RESOLVED_EXCLUDED
gvs_a530a6882332bffa,gvc_d009cface546,Shoulder Rotation Twist Split Lunge Stretch,Shoulder Rotation Twist Split Lunge Stretch,,NOT_NEEDED,,EXCLUDE_NON_MVP,Outside gym-first weight-training MVP default search,,unknown,어깨,name,대퇴사두근,둔근,name_high,,review,duration,BODY_MUSCLE_FAMILY_CONFLICT,1,1,0,SCOPE_RESOLVED_EXCLUDED
gvs_d9caaabcd57fda42,gvc_c0e60685ce38,Shoulder Stretch Behind The Back,Shoulder Stretch Behind The Back,,NOT_NEEDED,Shoulders,EXCLUDE_NON_MVP,Outside gym-first weight-training MVP default search,Bodyweight,inferred_bodyweight,어깨,source,,,unsupported,reps,bodyweight,duration,,1,1,0,SCOPE_RESOLVED_EXCLUDED
gvs_583611fdff2a6865,gvc_1a541d63924c,Shoulder Tap Jack Plank,Shoulder Tap Jack Plank,,NOT_NEEDED,Plyometrics,EXCLUDE_NON_MVP,Outside gym-first weight-training MVP default search,,unknown,어깨,name,코어,,name_high,,review,,BODY_MUSCLE_FAMILY_CONFLICT,1,1,0,SCOPE_RESOLVED_EXCLUDED
gvs_5aec4e8af4009f38,gvc_4e9983b7831a,Shoulder Tap Push Up,Shoulder Tap Push Up,,NOT_NEEDED,Plyometrics,EXCLUDE_NON_MVP,Outside gym-first weight-training MVP default search,,unknown,가슴,name,,,unsupported,,review,,,1,1,0,SCOPE_RESOLVED_EXCLUDED
gvs_5f1a5810f0b188ae,gvc_65def61fa363,Shuffle Air Bike,Shuffle Air Bike,,NOT_NEEDED,Plyometrics,EXCLUDE_NON_MVP,Outside gym-first weight-training MVP default search,,unknown,,unknown,,,unsupported,,review,,,1,1,0,SCOPE_RESOLVED_EXCLUDED
gvs_c27b27fd9669c265,gvc_5e83a16664f2,Shuffle Leg Lift,Shuffle Leg Lift,,NOT_NEEDED,Plyometrics,EXCLUDE_NON_MVP,Outside gym-first weight-training MVP default search,,unknown,하체,name,,,unsupported,,review,,,1,1,0,SCOPE_RESOLVED_EXCLUDED
gvs_75d42a012688ef31,gvc_66ea5abd24d9,Side Bend Side Lunge,Side Bend Side Lunge,,NOT_NEEDED,Plyometrics,EXCLUDE_NON_MVP,Outside gym-first weight-training MVP default search,,unknown,하체,name,대퇴사두근,둔근,name_high,,review,,,1,0,1,SCOPE_RESOLVED_EXCLUDED
gvs_3127961c3c8eae46,gvc_7fb14ecb6947,Side Bow Stretch,Side Bow Stretch,,NOT_NEEDED,Waist,EXCLUDE_NON_MVP,Outside gym-first weight-training MVP default search,Bodyweight,inferred_bodyweight,코어,source,,,unsupported,reps,bodyweight,duration,,1,0,1,SCOPE_RESOLVED_EXCLUDED
gvs_9283ce93e9e8a33b,gvc_2181ea2c467e,Side Camel,Side Camel,,NOT_NEEDED,Stretching,EXCLUDE_NON_MVP,Outside gym-first weight-training MVP default search,,unknown,,unknown,,,unsupported,,review,,,2,1,1,SCOPE_RESOLVED_EXCLUDED
gvs_9d4259a52cb14bd1,gvc_b01301e23b62,Side Crab Walk Back Fly,Side Crab Walk Back Fly,,NOT_NEEDED,Plyometrics,EXCLUDE_NON_MVP,Outside gym-first weight-training MVP default search,,unknown,가슴,name,,,unsupported,,review,,,1,0,1,SCOPE_RESOLVED_EXCLUDED
gvs_90fa84d0904775ee,gvc_6eebb90df81b,Side Crow Yoga Pose,Side Crow Yoga Pose,,NOT_NEEDED,Stretching,EXCLUDE_NON_MVP,Outside gym-first weight-training MVP default search,,unknown,,unknown,,,unsupported,,review,,,1,0,1,SCOPE_RESOLVED_EXCLUDED
gvs_38e43e33513703bb,gvc_d9e4caf152c2,Side Crunch Squat,Side Crunch Squat,,NOT_NEEDED,Plyometrics,EXCLUDE_NON_MVP,Outside gym-first weight-training MVP default search,,unknown,하체,name,대퇴사두근,둔근,name_high,,review,,,1,1,0,SCOPE_RESOLVED_EXCLUDED
gvs_f8871697f87c6587,gvc_387558ca5147,Side Hands Standing Crunch,Side Hands Standing Crunch,,NOT_NEEDED,Plyometrics,EXCLUDE_NON_MVP,Outside gym-first weight-training MVP default search,,unknown,코어,name,복직근,,name_high,,review,,,1,0,1,SCOPE_RESOLVED_EXCLUDED
gvs_52e34b1d3a7a4cf9,gvc_b00fcb97b875,Side Hop Ski,Side Hop Ski,,NOT_NEEDED,Plyometrics,EXCLUDE_NON_MVP,Outside gym-first weight-training MVP default search,,unknown,,unknown,,,unsupported,,review,,,1,1,0,SCOPE_RESOLVED_EXCLUDED
gvs_ba0c42998bb0a8cd,gvc_d45a6c127c4a,Side Jump Twist,Side Jump Twist,,NOT_NEEDED,Plyometrics,EXCLUDE_NON_MVP,Outside gym-first weight-training MVP default search,,unknown,,unknown,,,unsupported,,review,,,2,1,1,SCOPE_RESOLVED_EXCLUDED
gvs_8840a600fe3b0302,gvc_3b7b177c5b09,Side Kick Burpee,Side Kick Burpee,,NOT_NEEDED,HIIT,EXCLUDE_NON_MVP,Outside gym-first weight-training MVP default search,,unknown,,unknown,,,unsupported,,review,reps,,2,1,1,SCOPE_RESOLVED_EXCLUDED
gvs_bf2c44c23ede59c4,gvc_0527664c070d,Side Knee Leg Raise,Side Knee Leg Raise,,NOT_NEEDED,Plyometrics,EXCLUDE_NON_MVP,Outside gym-first weight-training MVP default search,,unknown,하체,name,복직근,,name_high,,review,,BODY_MUSCLE_FAMILY_CONFLICT,1,0,1,SCOPE_RESOLVED_EXCLUDED
gvs_b42685427a850e2c,gvc_bc76d2171209,Side Knee Leg Raise Pressdown,Side Knee Leg Raise Pressdown,,NOT_NEEDED,Plyometrics,EXCLUDE_NON_MVP,Outside gym-first weight-training MVP default search,,unknown,하체,name,복직근,,name_high,,review,,BODY_MUSCLE_FAMILY_CONFLICT,1,0,1,SCOPE_RESOLVED_EXCLUDED
gvs_1bfb3bd01a98e806,gvc_b62bf2084c70,Side Leg Raise Jack,Side Leg Raise Jack,,NOT_NEEDED,Plyometrics,EXCLUDE_NON_MVP,Outside gym-first weight-training MVP default search,,unknown,하체,name,복직근,,name_high,,review,,BODY_MUSCLE_FAMILY_CONFLICT,1,1,0,SCOPE_RESOLVED_EXCLUDED
gvs_ff5163a737bed95f,gvc_f6d4148c142f,Side Lunge Adductor Stretch,Side Lunge Adductor Stretch,,NOT_NEEDED,Hips,EXCLUDE_NON_MVP,Outside gym-first weight-training MVP default search,Bodyweight,inferred_bodyweight,하체,source,대퇴사두근,둔근,name_high,reps,bodyweight,duration,,1,1,0,SCOPE_RESOLVED_EXCLUDED
gvs_4d40852c3b85fb32,gvc_ee5457c6606d,Side Lunge Hop,Side Lunge Hop,,NOT_NEEDED,Plyometrics,EXCLUDE_NON_MVP,Outside gym-first weight-training MVP default search,,unknown,하체,name,대퇴사두근,둔근,name_high,,review,,,1,0,1,SCOPE_RESOLVED_EXCLUDED
gvs_d1f4c77ab72bf55e,gvc_54f55635d80a;gvc_6db3579b372c,Side Lunge Stretch | Side Lunge Stretch (version 2),Side Lunge Stretch,,NOT_NEEDED,Thighs;Stretching,EXCLUDE_NON_MVP,Outside gym-first weight-training MVP default search,Bodyweight,inferred_bodyweight,하체,source,대퇴사두근,둔근,name_high,reps,bodyweight,duration,,3,1,2,SCOPE_RESOLVED_EXCLUDED
gvs_64795e56e0629bfc,gvc_e76da8be5236,Side Lunge Stretch (version 2) (advanced),Side Lunge Stretch (Advanced),,NOT_NEEDED,,EXCLUDE_NON_MVP,Outside gym-first weight-training MVP default search,,unknown,하체,name,대퇴사두근,둔근,name_high,,review,duration,,1,0,1,SCOPE_RESOLVED_EXCLUDED
gvs_010e2464edb5f386,gvc_b9e818171d5a,Side Lunge Windmill,Side Lunge Windmill,,NOT_NEEDED,Plyometrics,EXCLUDE_NON_MVP,Outside gym-first weight-training MVP default search,,unknown,하체,name,대퇴사두근,둔근,name_high,,review,,,1,1,0,SCOPE_RESOLVED_EXCLUDED
gvs_e3a4ebe98056cfdd,gvc_e9b153b03bb3,Side Lunge Wood Chop,Side Lunge Wood Chop,,NOT_NEEDED,Plyometrics,EXCLUDE_NON_MVP,Outside gym-first weight-training MVP default search,,unknown,하체,name,대퇴사두근,둔근,name_high,,review,,,1,0,1,SCOPE_RESOLVED_EXCLUDED
gvs_753db38dfedcf2e1,gvc_e7c185a8b4bc,Side Lying Chest Stretch,Side Lying Chest Stretch,,NOT_NEEDED,Chest,EXCLUDE_NON_MVP,Outside gym-first weight-training MVP default search,Bodyweight,inferred_bodyweight,가슴,source,,,unsupported,reps,bodyweight,duration,,1,1,0,SCOPE_RESOLVED_EXCLUDED
gvs_0435b5c954677961,gvc_e6f953e85df5,Side Lying Single Leg Adduction Hold,Side Lying Single Leg Adduction Hold,,NOT_NEEDED,Stretching,EXCLUDE_NON_MVP,Outside gym-first weight-training MVP default search,,unknown,하체,name,,,unsupported,duration,semantic,,,1,0,1,SCOPE_RESOLVED_EXCLUDED
gvs_55934855273d2035,gvc_d4be58cd6e83,Side Lying Thoracic Open Book,Side Lying Thoracic Open Book,,NOT_NEEDED,Stretching,EXCLUDE_NON_MVP,Outside gym-first weight-training MVP default search,,unknown,,unknown,,,unsupported,,review,,,1,0,1,SCOPE_RESOLVED_EXCLUDED
gvs_e96d833c02c99f4a,gvc_4735e293761d,Side Lying Wide Opener,Side Lying Wide Opener,,NOT_NEEDED,Stretching,EXCLUDE_NON_MVP,Outside gym-first weight-training MVP default search,,unknown,,unknown,,,unsupported,,review,,,1,1,0,SCOPE_RESOLVED_EXCLUDED
gvs_c688b475ffeb7355,gvc_a25f6b7b8518,Side Mountain Climber,Side Mountain Climber,,NOT_NEEDED,Cardio,EXCLUDE_NON_MVP,Outside gym-first weight-training MVP default search,,unknown,,unknown,,,unsupported,,review,,,2,1,1,SCOPE_RESOLVED_EXCLUDED
gvs_0085ee125693078c,gvc_9cc370312913,Side Neck Stretch,Side Neck Stretch,,NOT_NEEDED,Neck,EXCLUDE_NON_MVP,Outside gym-first weight-training MVP default search,,unknown,기타,source,,,unsupported,,review,duration,,2,2,0,SCOPE_RESOLVED_EXCLUDED
gvs_d6927413c337f863,gvc_ad01ba3edbbf,Side Punch With Opposite Leg Lift,Side Punch With Opposite Leg Lift,,NOT_NEEDED,Plyometrics,EXCLUDE_NON_MVP,Outside gym-first weight-training MVP default search,,unknown,하체,name,,,unsupported,,review,,,1,1,0,SCOPE_RESOLVED_EXCLUDED
gvs_d3d261f11e41fbe5,gvc_0f164d0d7212,Side Push Neck Stretch,Side Push Neck Stretch,,NOT_NEEDED,Neck,EXCLUDE_NON_MVP,Outside gym-first weight-training MVP default search,,unknown,기타,source,,,unsupported,,review,duration,,1,1,0,SCOPE_RESOLVED_EXCLUDED
gvs_11d64785ce057c61,gvc_9d6dc9ee6d6b,Side Reach Diagonal Reach,Side Reach Diagonal Reach,,NOT_NEEDED,Plyometrics,EXCLUDE_NON_MVP,Outside gym-first weight-training MVP default search,,unknown,,unknown,,,unsupported,,review,,,1,0,1,SCOPE_RESOLVED_EXCLUDED
gvs_86c89b9f576a861f,gvc_cba18cff9cd9,Side Shuffle Forward Punch,Side Shuffle Forward Punch,,NOT_NEEDED,Plyometrics,EXCLUDE_NON_MVP,Outside gym-first weight-training MVP default search,,unknown,,unknown,,,unsupported,,review,,,1,0,1,SCOPE_RESOLVED_EXCLUDED
gvs_ad6deba2e182850c,gvc_e067c80c7078,Side Shuffle High Knee,Side Shuffle High Knee,,NOT_NEEDED,Plyometrics,EXCLUDE_NON_MVP,Outside gym-first weight-training MVP default search,,unknown,,unknown,,,unsupported,,review,,,1,1,0,SCOPE_RESOLVED_EXCLUDED
gvs_0e79768082ba76fe,gvc_af3f3bcd353c,Side Shuffle Leg Side Lift,Side Shuffle Leg Side Lift,,NOT_NEEDED,Plyometrics,EXCLUDE_NON_MVP,Outside gym-first weight-training MVP default search,,unknown,하체,name,,,unsupported,,review,,,2,1,1,SCOPE_RESOLVED_EXCLUDED
gvs_5a29f432aafcb628,gvc_b804f918b783,Side Shuffle Obliques Twist,Side Shuffle Obliques Twist,,NOT_NEEDED,Plyometrics,EXCLUDE_NON_MVP,Outside gym-first weight-training MVP default search,,unknown,,unknown,,,unsupported,,review,,,1,1,0,SCOPE_RESOLVED_EXCLUDED
gvs_2240747ea0fff148,gvc_e0fb5147dc38,Side Shuffle Overhead Punches,Side Shuffle Overhead Punches,,NOT_NEEDED,Plyometrics,EXCLUDE_NON_MVP,Outside gym-first weight-training MVP default search,,unknown,,unknown,,,unsupported,,review,,,1,1,0,SCOPE_RESOLVED_EXCLUDED
gvs_6f55cb20b8ef92c6,gvc_32c97212b412,Side Shuffle Swing,Side Shuffle Swing,,NOT_NEEDED,Plyometrics,EXCLUDE_NON_MVP,Outside gym-first weight-training MVP default search,,unknown,,unknown,,,unsupported,,review,,,1,1,0,SCOPE_RESOLVED_EXCLUDED
gvs_ebbfa23465bcc27a,gvc_90f37b26eeb3,Side Split,Side Split,,NOT_NEEDED,Stretching,EXCLUDE_NON_MVP,Outside gym-first weight-training MVP default search,,unknown,,unknown,,,unsupported,,review,,,1,0,1,SCOPE_RESOLVED_EXCLUDED
gvs_56734529969650f9,gvc_7260b1aefd83,Side Squat Jack,Side Squat Jack,,NOT_NEEDED,Plyometrics,EXCLUDE_NON_MVP,Outside gym-first weight-training MVP default search,,unknown,하체,name,대퇴사두근,둔근,name_high,,review,,,2,1,1,SCOPE_RESOLVED_EXCLUDED
gvs_81c5ec058f574551,gvc_af9dd6d6c583,Side Squat Touchdown,Side Squat Touchdown,,NOT_NEEDED,Plyometrics,EXCLUDE_NON_MVP,Outside gym-first weight-training MVP default search,,unknown,하체,name,대퇴사두근,둔근,name_high,,review,,,2,1,1,SCOPE_RESOLVED_EXCLUDED
gvs_bfffa6f891dba4b4,gvc_572d0ccca1f9;gvc_e33607e96ce5,Side Squat Walk | Side Walk Squat,Side Squat Walk,,NOT_NEEDED,Plyometrics;Hips,EXCLUDE_NON_MVP,Outside gym-first weight-training MVP default search,Bodyweight,inferred_bodyweight,하체,source,대퇴사두근,둔근,name_high,reps,bodyweight,,,2,1,1,SCOPE_RESOLVED_EXCLUDED
gvs_95360a6f9d834ddf,gvc_d473c714d069;gvc_fea196c1cc04,Side Step Arm Circle | Side Step Arm Circle (version 2),Side Step Arm Circle,,NOT_NEEDED,Plyometrics,EXCLUDE_NON_MVP,Outside gym-first weight-training MVP default search,,unknown,,unknown,,,unsupported,,review,,,2,0,2,SCOPE_RESOLVED_EXCLUDED
gvs_b39b05677bfb89c7,gvc_68a50f425e5f,Side Step Arm Curl,Side Step Arm Curl,,NOT_NEEDED,Plyometrics,EXCLUDE_NON_MVP,Outside gym-first weight-training MVP default search,,unknown,팔,name,,,unsupported,,review,,,1,0,1,SCOPE_RESOLVED_EXCLUDED
gvs_659888fa935dbfb8,gvc_d9b201f6043a,Side Step Arm Pulse,Side Step Arm Pulse,,NOT_NEEDED,Plyometrics,EXCLUDE_NON_MVP,Outside gym-first weight-training MVP default search,,unknown,,unknown,,,unsupported,,review,,,1,0,1,SCOPE_RESOLVED_EXCLUDED
gvs_0d768e20635dcd9a,gvc_78dab908d126,Side Step Arm Stretched,Side Step Arm Stretched,,NOT_NEEDED,Plyometrics,EXCLUDE_NON_MVP,Outside gym-first weight-training MVP default search,,unknown,,unknown,,,unsupported,,review,,,1,0,1,SCOPE_RESOLVED_EXCLUDED
gvs_08100a3ec3e929e8,gvc_cc893be7e41d,Side Step Arms Rainbow,Side Step Arms Rainbow,,NOT_NEEDED,Plyometrics,EXCLUDE_NON_MVP,Outside gym-first weight-training MVP default search,,unknown,,unknown,,,unsupported,,review,,,1,0,1,SCOPE_RESOLVED_EXCLUDED
gvs_dd0b05300a75951a,gvc_ab431de4e1c3,Side Step Boxing Handroll,Side Step Boxing Handroll,,NOT_NEEDED,Plyometrics,EXCLUDE_NON_MVP,Outside gym-first weight-training MVP default search,,unknown,,unknown,,,unsupported,,review,,,2,1,1,SCOPE_RESOLVED_EXCLUDED
gvs_e232b448f3afd25a,gvc_7499126b4d53,Side Step Chest Fly Walk,Side Step Chest Fly Walk,,NOT_NEEDED,Plyometrics,EXCLUDE_NON_MVP,Outside gym-first weight-training MVP default search,,unknown,가슴,name,대흉근,삼두근 / 전면 삼각근,name_high,,review,,,1,0,1,SCOPE_RESOLVED_EXCLUDED
gvs_10eb0c837668e15b,gvc_81a3e8d3712d,Side Step Chest Squeez,Side Step Chest Squeez,,NOT_NEEDED,Plyometrics,EXCLUDE_NON_MVP,Outside gym-first weight-training MVP default search,,unknown,가슴,name,,,unsupported,,review,,,1,0,1,SCOPE_RESOLVED_EXCLUDED
gvs_bf1681e0c9cf1218,gvc_85f494a263a3;gvc_a469a99514ce,Side Step Arm Crossover | Side Step Crossover Arms,Side Step Crossover Arms,,NOT_NEEDED,Plyometrics,EXCLUDE_NON_MVP,Outside gym-first weight-training MVP default search,,unknown,,unknown,,,unsupported,,review,,,2,1,1,SCOPE_RESOLVED_EXCLUDED
gvs_137e6730e9cf1c72,gvc_2ddbb0dd2ba3,Side Step Crunch,Side Step Crunch,,NOT_NEEDED,Plyometrics,EXCLUDE_NON_MVP,Outside gym-first weight-training MVP default search,,unknown,코어,name,복직근,,name_high,,review,,,1,1,0,SCOPE_RESOLVED_EXCLUDED
gvs_99ebd4d7ecb6e0ef,gvc_77ca232fda63,Side Step Deep Squat,Side Step Deep Squat,,NOT_NEEDED,Plyometrics,EXCLUDE_NON_MVP,Outside gym-first weight-training MVP default search,,unknown,하체,name,대퇴사두근,둔근,name_high,,review,,,2,1,1,SCOPE_RESOLVED_EXCLUDED
gvs_0d654ba32b8d8af3,gvc_32a6e8e5792b,Side Step Diagonal Punches,Side Step Diagonal Punches,,NOT_NEEDED,Plyometrics,EXCLUDE_NON_MVP,Outside gym-first weight-training MVP default search,,unknown,,unknown,,,unsupported,,review,,,2,1,1,SCOPE_RESOLVED_EXCLUDED
gvs_9aa28a43e8bf8373,gvc_e471f7bfbad6,Side Step Diagonal Reaches,Side Step Diagonal Reaches,,NOT_NEEDED,Plyometrics,EXCLUDE_NON_MVP,Outside gym-first weight-training MVP default search,,unknown,,unknown,,,unsupported,,review,,,1,0,1,SCOPE_RESOLVED_EXCLUDED
gvs_f4ab4cebfc170c93,gvc_269592f2acac,Side Step Downward Punch,Side Step Downward Punch,,NOT_NEEDED,Plyometrics,EXCLUDE_NON_MVP,Outside gym-first weight-training MVP default search,,unknown,,unknown,,,unsupported,,review,,,1,0,1,SCOPE_RESOLVED_EXCLUDED
gvs_e20a1a6e5e7d41f0,gvc_36338788b63c,Side Step Fly,Side Step Fly,,NOT_NEEDED,Plyometrics,EXCLUDE_NON_MVP,Outside gym-first weight-training MVP default search,,unknown,가슴,name,,,unsupported,,review,,,2,1,1,SCOPE_RESOLVED_EXCLUDED
gvs_78da4b880fe69732,gvc_2585d1532c2b,Side Step Front Punches,Side Step Front Punches,,NOT_NEEDED,Plyometrics,EXCLUDE_NON_MVP,Outside gym-first weight-training MVP default search,,unknown,,unknown,,,unsupported,,review,,,1,0,1,SCOPE_RESOLVED_EXCLUDED
gvs_c4101f32325688a8,gvc_729c025491e7,Side Step Grab,Side Step Grab,,NOT_NEEDED,Plyometrics,EXCLUDE_NON_MVP,Outside gym-first weight-training MVP default search,,unknown,,unknown,,,unsupported,,review,,,1,0,1,SCOPE_RESOLVED_EXCLUDED
gvs_3ea640499f1d8af1,gvc_358c2f2260ca,Side Step Hands On Waist,Side Step Hands On Waist,,NOT_NEEDED,Plyometrics,EXCLUDE_NON_MVP,Outside gym-first weight-training MVP default search,,unknown,,unknown,,,unsupported,,review,,,1,0,1,SCOPE_RESOLVED_EXCLUDED
gvs_c2cbc2fe818c0fbc,gvc_b13edf7e6d2a,Side Step Jack Punch,Side Step Jack Punch,,NOT_NEEDED,Plyometrics,EXCLUDE_NON_MVP,Outside gym-first weight-training MVP default search,,unknown,,unknown,,,unsupported,,review,,,1,1,0,SCOPE_RESOLVED_EXCLUDED
gvs_50132a75d9202539,gvc_910e9de89a3a,Side Step Knee Reach,Side Step Knee Reach,,NOT_NEEDED,Plyometrics,EXCLUDE_NON_MVP,Outside gym-first weight-training MVP default search,,unknown,,unknown,,,unsupported,,review,,,1,0,1,SCOPE_RESOLVED_EXCLUDED
gvs_25142310dbaf9306,gvc_c63dccea8d35,Side Step L Pose,Side Step L Pose,,NOT_NEEDED,Plyometrics,EXCLUDE_NON_MVP,Outside gym-first weight-training MVP default search,,unknown,,unknown,,,unsupported,,review,,,1,1,0,SCOPE_RESOLVED_EXCLUDED
gvs_96cb8ec52d1fed89,gvc_21ddc2fd2e00,Side Step Overhead Front Raise,Side Step Overhead Front Raise,,NOT_NEEDED,Plyometrics,EXCLUDE_NON_MVP,Outside gym-first weight-training MVP default search,,unknown,어깨,name,전면 삼각근,,name_high,,review,,,1,0,1,SCOPE_RESOLVED_EXCLUDED
gvs_63229c6d065c99bd,gvc_b755167081e8,Side Step Overhead Swing,Side Step Overhead Swing,,NOT_NEEDED,Plyometrics,EXCLUDE_NON_MVP,Outside gym-first weight-training MVP default search,,unknown,,unknown,,,unsupported,,review,,,1,1,0,SCOPE_RESOLVED_EXCLUDED
gvs_9d3186bc6fa97e3e,gvc_d781f09651fc,Side Step Overhead Swing Side Leg Raise,Side Step Overhead Swing Side Leg Raise,,NOT_NEEDED,Plyometrics,EXCLUDE_NON_MVP,Outside gym-first weight-training MVP default search,,unknown,하체,name,복직근,,name_high,,review,,BODY_MUSCLE_FAMILY_CONFLICT,1,1,0,SCOPE_RESOLVED_EXCLUDED
gvs_dddf072f02552a07,gvc_5eb6153dc2d9,Side Step Pick And Carry,Side Step Pick And Carry,,NOT_NEEDED,Plyometrics,EXCLUDE_NON_MVP,Outside gym-first weight-training MVP default search,,unknown,,unknown,,,unsupported,,review,,,1,1,0,SCOPE_RESOLVED_EXCLUDED
gvs_9786ebace1817192,gvc_6580066e2ddf,Side Step Punch,Side Step Punch,,NOT_NEEDED,Plyometrics,EXCLUDE_NON_MVP,Outside gym-first weight-training MVP default search,,unknown,,unknown,,,unsupported,,review,,,1,0,1,SCOPE_RESOLVED_EXCLUDED
gvs_e6d7c40569d78f75,gvc_668559bb974b,Side Step Rear Delt Row,Side Step Rear Delt Row,,NOT_NEEDED,Plyometrics,EXCLUDE_NON_MVP,Outside gym-first weight-training MVP default search,,unknown,어깨,name,후면 삼각근,,name_high,,review,,,2,1,1,SCOPE_RESOLVED_EXCLUDED
gvs_8aaedc18dfab2bda,gvc_9edf6d88f1b9,Side Step Row,Side Step Row,,NOT_NEEDED,Plyometrics,EXCLUDE_NON_MVP,Outside gym-first weight-training MVP default search,,unknown,등,name,등 상부 / 광배근,이두근,name_high,,review,,,2,1,1,SCOPE_RESOLVED_EXCLUDED
gvs_274ec5c89e2d3d06,gvc_9a0556d69148,Side Step Shoulder Circle,Side Step Shoulder Circle,,NOT_NEEDED,Plyometrics,EXCLUDE_NON_MVP,Outside gym-first weight-training MVP default search,,unknown,어깨,name,,,unsupported,,review,,,1,0,1,SCOPE_RESOLVED_EXCLUDED
gvs_13c71c2f3c69d7af,gvc_7888de463394,Side Step Shuffles,Side Step Shuffles,,NOT_NEEDED,Plyometrics,EXCLUDE_NON_MVP,Outside gym-first weight-training MVP default search,,unknown,,unknown,,,unsupported,,review,,,1,1,0,SCOPE_RESOLVED_EXCLUDED
gvs_0fd38f687f40633e,gvc_7b89292bd595,Side Step Sprinting Arms,Side Step Sprinting Arms,,NOT_NEEDED,Plyometrics,EXCLUDE_NON_MVP,Outside gym-first weight-training MVP default search,,unknown,,unknown,,,unsupported,,review,,,1,0,1,SCOPE_RESOLVED_EXCLUDED
gvs_f49a3c847c6e8206,gvc_bb3710e53bfd,Side Step Squat Arms Lateral Raise,Side Step Squat Arms Lateral Raise,,NOT_NEEDED,Plyometrics,EXCLUDE_NON_MVP,Outside gym-first weight-training MVP default search,,unknown,어깨,name,대퇴사두근,둔근,name_high,,review,,BODY_MUSCLE_FAMILY_CONFLICT,1,0,1,SCOPE_RESOLVED_EXCLUDED
gvs_182ea0015ff229bd,gvc_3f09228ba55d,Side Step Squat Pick And Carry,Side Step Squat Pick And Carry,,NOT_NEEDED,Plyometrics,EXCLUDE_NON_MVP,Outside gym-first weight-training MVP default search,,unknown,하체,name,대퇴사두근,둔근,name_high,,review,,,1,0,1,SCOPE_RESOLVED_EXCLUDED
gvs_935df40c75442632,gvc_742655d5c62e,Side Step Swing,Side Step Swing,,NOT_NEEDED,Plyometrics,EXCLUDE_NON_MVP,Outside gym-first weight-training MVP default search,,unknown,,unknown,,,unsupported,,review,,,2,1,1,SCOPE_RESOLVED_EXCLUDED
gvs_b8057781aef8f63d,gvc_879b013f2d76,Side Step Swipes,Side Step Swipes,,NOT_NEEDED,Plyometrics,EXCLUDE_NON_MVP,Outside gym-first weight-training MVP default search,,unknown,,unknown,,,unsupported,,review,,,1,1,0,SCOPE_RESOLVED_EXCLUDED
gvs_28dd2519c2de4381,gvc_ba9e45428cec,Side Step Tip Toes,Side Step Tip Toes,,NOT_NEEDED,Plyometrics,EXCLUDE_NON_MVP,Outside gym-first weight-training MVP default search,,unknown,,unknown,,,unsupported,,review,,,1,0,1,SCOPE_RESOLVED_EXCLUDED
gvs_9ce267bb479c397b,gvc_62b0f0ada007,Side Step Top And Forward Punch,Side Step Top And Forward Punch,,NOT_NEEDED,Plyometrics,EXCLUDE_NON_MVP,Outside gym-first weight-training MVP default search,,unknown,,unknown,,,unsupported,,review,,,1,0,1,SCOPE_RESOLVED_EXCLUDED
gvs_2bb0a09c64203fb2,gvc_4e9691318fe5,Side Step Tricep Kickback,Side Step Tricep Kickback,,NOT_NEEDED,Plyometrics,EXCLUDE_NON_MVP,Outside gym-first weight-training MVP default search,,unknown,,unknown,,,unsupported,,review,,,1,0,1,SCOPE_RESOLVED_EXCLUDED
gvs_5640a3175cd3efdf,gvc_a401e12e0b86,Side Step Upright Row,Side Step Upright Row,,NOT_NEEDED,Plyometrics,EXCLUDE_NON_MVP,Outside gym-first weight-training MVP default search,,unknown,어깨,name,등 상부 / 광배근,이두근,name_high,,review,,BODY_MUSCLE_FAMILY_CONFLICT,1,1,0,SCOPE_RESOLVED_EXCLUDED
gvs_7fd254d9a59a150d,gvc_358a6d4ca433,Side Step Walking,Side Step Walking,,NOT_NEEDED,Plyometrics,EXCLUDE_NON_MVP,Outside gym-first weight-training MVP default search,,unknown,,unknown,,,unsupported,,review,,,1,0,1,SCOPE_RESOLVED_EXCLUDED
gvs_0704fa048397b39a,gvc_d6ec1f50a2be,Side Swing Skater Stepback,Side Swing Skater Stepback,,NOT_NEEDED,Plyometrics,EXCLUDE_NON_MVP,Outside gym-first weight-training MVP default search,,unknown,,unknown,,,unsupported,,review,,,2,1,1,SCOPE_RESOLVED_EXCLUDED
gvs_bbdc9caa84b2ff9c,gvc_c70454ea7910,Side To Front Knee Up,Side To Front Knee Up,,NOT_NEEDED,Plyometrics,EXCLUDE_NON_MVP,Outside gym-first weight-training MVP default search,,unknown,,unknown,,,unsupported,,review,,,1,1,0,SCOPE_RESOLVED_EXCLUDED
gvs_21f623fc90a5c796,gvc_a492c4e5f272,Side To Side Bicep Curl,Side To Side Bicep Curl,,NOT_NEEDED,Plyometrics,EXCLUDE_NON_MVP,Outside gym-first weight-training MVP default search,,unknown,팔,name,,,unsupported,,review,,,1,0,1,SCOPE_RESOLVED_EXCLUDED
gvs_22ee63fb9e36bd8b,gvc_1cd024726d7e,Side To Side Garland Pose,Side To Side Garland Pose,,NOT_NEEDED,Stretching,EXCLUDE_NON_MVP,Outside gym-first weight-training MVP default search,,unknown,,unknown,,,unsupported,,review,,,2,0,2,SCOPE_RESOLVED_EXCLUDED
gvs_72cc622e56924474,gvc_7dbf6364b3d7,Side To Side Hamstring Stretch,Side To Side Hamstring Stretch,,NOT_NEEDED,Stretching,EXCLUDE_NON_MVP,Outside gym-first weight-training MVP default search,,unknown,하체,name,,,unsupported,,review,,,1,0,1,SCOPE_RESOLVED_EXCLUDED
gvs_e9711185bf2c5355,gvc_0fed394e5a18,Side To Side Hop,Side To Side Hop,,NOT_NEEDED,Plyometrics,EXCLUDE_NON_MVP,Outside gym-first weight-training MVP default search,,unknown,,unknown,,,unsupported,,review,,,3,2,1,SCOPE_RESOLVED_EXCLUDED
gvs_577a6303eb308273,gvc_69c42a4bb554,Side To Side Jump Rope,Side To Side Jump Rope,,NOT_NEEDED,Cardio,EXCLUDE_NON_MVP,Outside gym-first weight-training MVP default search,Rope,source,,unknown,,,unsupported,,review,,,1,1,0,SCOPE_RESOLVED_EXCLUDED
gvs_5bffe503addc1f3b,gvc_7798c29d753c,Side To Side Knee Hugs,Side To Side Knee Hugs,,NOT_NEEDED,Stretching,EXCLUDE_NON_MVP,Outside gym-first weight-training MVP default search,,unknown,,unknown,,,unsupported,,review,,,1,0,1,SCOPE_RESOLVED_EXCLUDED
gvs_fff10d638a667d43,gvc_3aca98107851,Side To Side Side Punch,Side To Side Punch,,NOT_NEEDED,Plyometrics,EXCLUDE_NON_MVP,Outside gym-first weight-training MVP default search,,unknown,,unknown,,,unsupported,,review,,,1,0,1,SCOPE_RESOLVED_EXCLUDED
gvs_f5e4195ca9b24b22,gvc_fb52a1c13075,Side To Side Punches,Side To Side Punches,,NOT_NEEDED,Plyometrics,EXCLUDE_NON_MVP,Outside gym-first weight-training MVP default search,,unknown,,unknown,,,unsupported,,review,,,2,1,1,SCOPE_RESOLVED_EXCLUDED
gvs_72fd29a243e050a4,gvc_730e122b3836,Side To Side Quick Step,Side To Side Quick Step,,NOT_NEEDED,Plyometrics,EXCLUDE_NON_MVP,Outside gym-first weight-training MVP default search,,unknown,,unknown,,,unsupported,,review,,,1,1,0,SCOPE_RESOLVED_EXCLUDED
gvs_b58fb2ae6d7fe450,gvc_8df6b07804ba,Side To Side Rotational Arm Extension,Side To Side Rotational Arm Extension,,NOT_NEEDED,Plyometrics,EXCLUDE_NON_MVP,Outside gym-first weight-training MVP default search,,unknown,,unknown,,,unsupported,,review,,,1,0,1,SCOPE_RESOLVED_EXCLUDED
gvs_dd23bf4428402bca,gvc_88f2b6a1fe98,Side To Side Skandasana Yoga Pose Stretch,Side To Side Skandasana Yoga Pose Stretch,,NOT_NEEDED,,EXCLUDE_NON_MVP,Outside gym-first weight-training MVP default search,,unknown,,unknown,,,unsupported,,review,duration,,1,0,1,SCOPE_RESOLVED_EXCLUDED
gvs_05c4febe40b5fb34,gvc_7744d2f658f5,Side To Side Step With Raise Hands,Side To Side Step With Raise Hands,,NOT_NEEDED,Plyometrics,EXCLUDE_NON_MVP,Outside gym-first weight-training MVP default search,,unknown,,unknown,,,unsupported,,review,,,1,1,0,SCOPE_RESOLVED_EXCLUDED
gvs_5e8d5446dc74dda8,gvc_6dab034e8ec1,Side To Side Way,Side To Side Way,,NOT_NEEDED,Plyometrics,EXCLUDE_NON_MVP,Outside gym-first weight-training MVP default search,,unknown,,unknown,,,unsupported,,review,,,1,0,1,SCOPE_RESOLVED_EXCLUDED
gvs_fe23206f86725617,gvc_e09b2169cfaa,Side Up Squat,Side Up Squat,,NOT_NEEDED,Plyometrics,EXCLUDE_NON_MVP,Outside gym-first weight-training MVP default search,,unknown,하체,name,대퇴사두근,둔근,name_high,,review,,,2,1,1,SCOPE_RESOLVED_EXCLUDED
gvs_bfd571979b02e797,gvc_2a53f21d4f9b,Side Walk Double Leg Lift,Side Walk Double Leg Lift,,NOT_NEEDED,Plyometrics,EXCLUDE_NON_MVP,Outside gym-first weight-training MVP default search,,unknown,하체,name,,,unsupported,,review,,,1,0,1,SCOPE_RESOLVED_EXCLUDED
gvs_d25c1b3e059a3e04,gvc_d98ebed45619,Side Walk Elbow Open,Side Walk Elbow Open,,NOT_NEEDED,Plyometrics,EXCLUDE_NON_MVP,Outside gym-first weight-training MVP default search,,unknown,,unknown,,,unsupported,,review,,,1,0,1,SCOPE_RESOLVED_EXCLUDED
gvs_b619325f3fe1c867,gvc_73e14767cbea,Side Walk Tip Toes,Side Walk Tip Toes,,NOT_NEEDED,Plyometrics,EXCLUDE_NON_MVP,Outside gym-first weight-training MVP default search,,unknown,,unknown,,,unsupported,,review,,,1,0,1,SCOPE_RESOLVED_EXCLUDED
gvs_bfa6d3783eb0b82e,gvc_85a6df83b29d,Side Wrist Pull Stretch,Side Wrist Pull Stretch,,NOT_NEEDED,Forearms,EXCLUDE_NON_MVP,Outside gym-first weight-training MVP default search,Bodyweight,inferred_bodyweight,팔,source,,,unsupported,reps,bodyweight,duration,,2,1,1,SCOPE_RESOLVED_EXCLUDED
gvs_02c46044b07e4f82,gvc_e34a3587fb2f,Sideward Shuffle,Sideward Shuffle,,NOT_NEEDED,Plyometrics,EXCLUDE_NON_MVP,Outside gym-first weight-training MVP default search,,unknown,,unknown,,,unsupported,,review,,,1,1,0,SCOPE_RESOLVED_EXCLUDED
gvs_2662fab92d101bad,gvc_062c3f631e11,Silent Burpee,Silent Burpee,,NOT_NEEDED,Plyometrics,EXCLUDE_NON_MVP,Outside gym-first weight-training MVP default search,,unknown,,unknown,,,unsupported,,review,,,2,1,1,SCOPE_RESOLVED_EXCLUDED
gvs_2e9c2b831d24c0db,gvc_8f7f619f33a1,Single Arm Lat Stretch Against Wall Stretch,Single Arm Lat Stretch Against Wall Stretch,,NOT_NEEDED,,EXCLUDE_NON_MVP,Outside gym-first weight-training MVP default search,,unknown,등,name,,,unsupported,,review,duration,,1,1,0,SCOPE_RESOLVED_EXCLUDED
gvs_07656753345f7723,gvc_d62e528f5ff2,Single Arm Punch And Side Knee Raise,Single Arm Punch And Side Knee Raise,,NOT_NEEDED,Plyometrics,EXCLUDE_NON_MVP,Outside gym-first weight-training MVP default search,,unknown,,unknown,복직근,,name_high,,review,,,1,1,0,SCOPE_RESOLVED_EXCLUDED
gvs_2f5d6b8a5ef77bfe,gvc_24a892ab4c0d;gvc_b4d37cfb48bf,Single Arm Scapular Push Up To Rotation | Single Arm Scapular Push Up To Rotation S,Single Arm Scapular Push Up To Rotation,,NOT_NEEDED,Stretching,EXCLUDE_NON_MVP,Outside gym-first weight-training MVP default search,,unknown,가슴,name,,,unsupported,,review,reps,,2,1,1,SCOPE_RESOLVED_EXCLUDED
gvs_c7fc012cbca07d3a,gvc_349709210694,Single Downward Dog,Single Downward Dog,,NOT_NEEDED,Stretching,EXCLUDE_NON_MVP,Outside gym-first weight-training MVP default search,,unknown,,unknown,,,unsupported,,review,,,1,0,1,SCOPE_RESOLVED_EXCLUDED
gvs_526ff49625d6e1d4,gvc_6cfca7665c04,Single Lean Back Quadriceps Stretch,Single Lean Back Quadriceps Stretch,,NOT_NEEDED,Stretching;Thighs,EXCLUDE_NON_MVP,Outside gym-first weight-training MVP default search,Bodyweight,inferred_bodyweight,하체,source,,,unsupported,reps,bodyweight,duration,,2,1,1,SCOPE_RESOLVED_EXCLUDED
gvs_5d57bd6c5a65d3a2,gvc_4a534b75b15e,Single Leg Balance Cross Punch,Single Leg Balance Cross Punch,,NOT_NEEDED,Plyometrics,EXCLUDE_NON_MVP,Outside gym-first weight-training MVP default search,,unknown,하체,name,,,unsupported,,review,,,1,1,0,SCOPE_RESOLVED_EXCLUDED
gvs_fac07789db8d7711,gvc_306e7ffd682f,Single Leg Board Jump,Single Leg Board Jump,,NOT_NEEDED,Plyometrics,EXCLUDE_NON_MVP,Outside gym-first weight-training MVP default search,,unknown,하체,name,,,unsupported,,review,,,1,1,0,SCOPE_RESOLVED_EXCLUDED
gvs_bbb120d1a669fdc5,gvc_4b1a2c3a7665,Single Leg Box Jump,Single Leg Box Jump,,NOT_NEEDED,Plyometrics,EXCLUDE_NON_MVP,Outside gym-first weight-training MVP default search,,unknown,하체,name,,,unsupported,,review,,,1,1,0,SCOPE_RESOLVED_EXCLUDED
gvs_f54461f72487de3f,gvc_f90e9d15c89f,Single Leg Bridge Pose,Single Leg Bridge Pose,,NOT_NEEDED,Stretching,EXCLUDE_NON_MVP,Outside gym-first weight-training MVP default search,,unknown,하체,name,,,unsupported,,review,,,1,1,0,SCOPE_RESOLVED_EXCLUDED
gvs_ce4505df2716fa9f,gvc_74d632ec3819,Single Leg Calve Stretch,Single Leg Calve Stretch,,NOT_NEEDED,Calves,EXCLUDE_NON_MVP,Outside gym-first weight-training MVP default search,Bodyweight,inferred_bodyweight,하체,source,,,unsupported,reps,bodyweight,duration,,1,0,1,SCOPE_RESOLVED_EXCLUDED
gvs_5b17bcdaf11e7080,gvc_433c04400a8d,Single Leg Forward Bend,Single Leg Forward Bend,,NOT_NEEDED,Stretching,EXCLUDE_NON_MVP,Outside gym-first weight-training MVP default search,,unknown,하체,name,,,unsupported,,review,,,1,1,0,SCOPE_RESOLVED_EXCLUDED
gvs_4f65b550b1ad423a,gvc_3f977ce457f2,Single Leg Hip Thrust Jump,Single Leg Hip Thrust Jump,,NOT_NEEDED,Plyometrics,EXCLUDE_NON_MVP,Outside gym-first weight-training MVP default search,,unknown,하체,name,둔근,햄스트링,name_high,,review,,,1,1,0,SCOPE_RESOLVED_EXCLUDED
gvs_46c81ee95ddd3c4d,gvc_7916a5069872,Single Leg Hopping,Single Leg Hopping,,NOT_NEEDED,Plyometrics,EXCLUDE_NON_MVP,Outside gym-first weight-training MVP default search,,unknown,하체,name,,,unsupported,,review,,,1,1,0,SCOPE_RESOLVED_EXCLUDED
gvs_3d7c472360edcd63,gvc_7a07f3a4c50b,Single Leg Lateral Hop,Single Leg Lateral Hop,,NOT_NEEDED,Plyometrics,EXCLUDE_NON_MVP,Outside gym-first weight-training MVP default search,,unknown,하체,name,,,unsupported,,review,,,1,1,0,SCOPE_RESOLVED_EXCLUDED
gvs_bc1675ccaaf098ae,gvc_3822f034fdbd,Single Leg Sprinter,Single Leg Sprinter,,NOT_NEEDED,Plyometrics,EXCLUDE_NON_MVP,Outside gym-first weight-training MVP default search,,unknown,하체,name,,,unsupported,,review,,,1,0,1,SCOPE_RESOLVED_EXCLUDED
gvs_c01a6ced9e88c405,gvc_e200ab5cc1d9,Single Leg Stand,Single Leg Stand,,NOT_NEEDED,Plyometrics,EXCLUDE_NON_MVP,Outside gym-first weight-training MVP default search,,unknown,하체,name,,,unsupported,,review,,,1,1,0,SCOPE_RESOLVED_EXCLUDED
gvs_f3e27ccea18a12d0,gvc_dd358c160df8,Single Leg Stand On Bosu Ball,Single Leg Stand On Bosu Ball,,NOT_NEEDED,Plyometrics,EXCLUDE_NON_MVP,Outside gym-first weight-training MVP default search,,unknown,하체,name,,,unsupported,,review,,,1,1,0,SCOPE_RESOLVED_EXCLUDED
gvs_2eb8666a62ff1084,gvc_919ea8d006d9,One Leg Star Balance,Single Leg Star Balance,,NOT_NEEDED,Plyometrics,EXCLUDE_NON_MVP,Outside gym-first weight-training MVP default search,,unknown,하체,name,,,unsupported,,review,,,1,1,0,SCOPE_RESOLVED_EXCLUDED
gvs_bca9c4447374f366,gvc_12e5cabc4fe5,Single Leg Stretch (bent Knee),Single Leg Stretch (Bent Knee),,NOT_NEEDED,Pilates,EXCLUDE_NON_MVP,Outside gym-first weight-training MVP default search,,unknown,하체,name,,,unsupported,,review,,,3,2,1,SCOPE_RESOLVED_EXCLUDED
gvs_bd1bcdff04ec6f57,gvc_62d03f463f4a,Single Leg Stride Jump,Single Leg Stride Jump,,NOT_NEEDED,Plyometrics,EXCLUDE_NON_MVP,Outside gym-first weight-training MVP default search,,unknown,하체,name,,,unsupported,,review,,,1,1,0,SCOPE_RESOLVED_EXCLUDED
gvs_3e50395d3125e911,gvc_ed6c0e312d71,Single Leg Support Balance,Single Leg Support Balance,,NOT_NEEDED,Stretching,EXCLUDE_NON_MVP,Outside gym-first weight-training MVP default search,,unknown,하체,name,,,unsupported,,review,,,1,1,0,SCOPE_RESOLVED_EXCLUDED
gvs_f6a2bcb33504c96b,gvc_f76252665512,Single Leg Vertical Jump,Single Leg Vertical Jump,,NOT_NEEDED,Plyometrics,EXCLUDE_NON_MVP,Outside gym-first weight-training MVP default search,,unknown,하체,name,,,unsupported,,review,,,1,1,0,SCOPE_RESOLVED_EXCLUDED
gvs_51907e6868980ff6,gvc_308a20a2ebc5,Single Russian Twist,Single Russian Twist,,NOT_NEEDED,Plyometrics,EXCLUDE_NON_MVP,Outside gym-first weight-training MVP default search,,unknown,코어,name,복사근,코어,name_high,,review,,,1,0,1,SCOPE_RESOLVED_EXCLUDED
gvs_117092039a9624fb,gvc_f4045b36da55,Single Split Stretch (beginner),Single Split Stretch (Beginner),,NOT_NEEDED,Stretching,EXCLUDE_NON_MVP,Outside gym-first weight-training MVP default search,,unknown,,unknown,,,unsupported,,review,,,1,0,1,SCOPE_RESOLVED_EXCLUDED
gvs_a574278cae12daca,gvc_2188208c4750,Single Straight Leg Stretch,Single Straight Leg Stretch,,NOT_NEEDED,Pilates,EXCLUDE_NON_MVP,Outside gym-first weight-training MVP default search,,unknown,하체,name,,,unsupported,,review,,,2,1,1,SCOPE_RESOLVED_EXCLUDED
gvs_72a320b65db5eddc,gvc_3f5efa59067c,Sit Up To Mountain Hop,Sit Up To Mountain Hop,,NOT_NEEDED,Plyometrics,EXCLUDE_NON_MVP,Outside gym-first weight-training MVP default search,,unknown,코어,name,복직근,,name_high,,review,,,1,1,0,SCOPE_RESOLVED_EXCLUDED
gvs_9738df277c8fd117,gvc_e9e49a777a4f,Sittiing W Pose,Sittiing W Pose,,NOT_NEEDED,Stretching,EXCLUDE_NON_MVP,Outside gym-first weight-training MVP default search,,unknown,,unknown,,,unsupported,,review,,,1,0,1,SCOPE_RESOLVED_EXCLUDED
gvs_13178770d2f8b30e,gvc_47cbdd51e1e1,Skater Arm Swings,Skater Arm Swings,,NOT_NEEDED,Plyometrics,EXCLUDE_NON_MVP,Outside gym-first weight-training MVP default search,,unknown,,unknown,,,unsupported,,review,,,2,1,1,SCOPE_RESOLVED_EXCLUDED
gvs_26b8c722375f5b8c,gvc_17202e91baca,Skater Hop Tap,Skater Hop Tap,,NOT_NEEDED,Plyometrics,EXCLUDE_NON_MVP,Outside gym-first weight-training MVP default search,,unknown,,unknown,,,unsupported,,review,,,1,1,0,SCOPE_RESOLVED_EXCLUDED
gvs_88c637a884989c0a,gvc_122674c8f96b,Skater Hops,Skater Hops,,NOT_NEEDED,Plyometrics,EXCLUDE_NON_MVP,Outside gym-first weight-training MVP default search,,unknown,,unknown,,,unsupported,,review,,,2,1,1,SCOPE_RESOLVED_EXCLUDED
gvs_eece2f07e4e64d5f,gvc_f6bc0505bbdf,Skater Stepback,Skater Stepback,,NOT_NEEDED,Plyometrics,EXCLUDE_NON_MVP,Outside gym-first weight-training MVP default search,,unknown,,unknown,,,unsupported,,review,,,1,1,0,SCOPE_RESOLVED_EXCLUDED
gvs_d85585b4bc01867e,gvc_9a993fa0f5d9,Ski Ergometer,Ski Ergometer,,NOT_NEEDED,Cardio,EXCLUDE_NON_MVP,Outside gym-first weight-training MVP default search,,unknown,,unknown,,,unsupported,,review,,,1,1,0,SCOPE_RESOLVED_EXCLUDED
gvs_e54035984bda3d0c,gvc_2d857e5c50af;gvc_819958a07a76,Ski Runners | Ski Runners (version 2),Ski Runners,,NOT_NEEDED,Plyometrics,EXCLUDE_NON_MVP,Outside gym-first weight-training MVP default search,,unknown,,unknown,,,unsupported,,review,,,4,2,2,SCOPE_RESOLVED_EXCLUDED
gvs_5e6f4be34bc43fe3,gvc_0e7351c36767,Skipping Without Rope Marching On Spot,Skipping Without Rope Marching On Spot,,NOT_NEEDED,Plyometrics,EXCLUDE_NON_MVP,Outside gym-first weight-training MVP default search,Rope,source,,unknown,,,unsupported,,review,,,1,0,1,SCOPE_RESOLVED_EXCLUDED
gvs_f2e4a48502d22d8d,gvc_17e8a1411e0c,Sleepers Stretch,Sleepers Stretch,,NOT_NEEDED,Stretching,EXCLUDE_NON_MVP,Outside gym-first weight-training MVP default search,,unknown,,unknown,,,unsupported,,review,,,1,0,1,SCOPE_RESOLVED_EXCLUDED
gvs_07a920c2d9a5c018,gvc_228d39ac6983,Sleeping Swan Yoga Pose,Sleeping Swan Yoga Pose,,NOT_NEEDED,Stretching,EXCLUDE_NON_MVP,Outside gym-first weight-training MVP default search,,unknown,,unknown,,,unsupported,,review,,,1,0,1,SCOPE_RESOLVED_EXCLUDED
gvs_194e37a3a3433c23,gvc_1518f7c51358,Slight Squat Back Shoulder Rotation,Slight Squat Back Shoulder Rotation,,NOT_NEEDED,Plyometrics,EXCLUDE_NON_MVP,Outside gym-first weight-training MVP default search,,unknown,어깨,name,대퇴사두근,둔근,name_high,,review,,BODY_MUSCLE_FAMILY_CONFLICT,1,0,1,SCOPE_RESOLVED_EXCLUDED
gvs_90c9b12d559dff95,gvc_e371c604853b,Slight Squat Front Punch,Slight Squat Front Punch,,NOT_NEEDED,Plyometrics,EXCLUDE_NON_MVP,Outside gym-first weight-training MVP default search,,unknown,하체,name,대퇴사두근,둔근,name_high,,review,,,1,0,1,SCOPE_RESOLVED_EXCLUDED
gvs_ca3d92c402aed0a6,gvc_9d14f3971156,Slight Squat Hand Swipe,Slight Squat Hand Swipe,,NOT_NEEDED,Plyometrics,EXCLUDE_NON_MVP,Outside gym-first weight-training MVP default search,,unknown,하체,name,대퇴사두근,둔근,name_high,,review,,,1,0,1,SCOPE_RESOLVED_EXCLUDED
gvs_f99d3cc7aff15bf7,gvc_80a2e312e336,Slight Squat Tip Toes,Slight Squat Tip Toes,,NOT_NEEDED,Plyometrics,EXCLUDE_NON_MVP,Outside gym-first weight-training MVP default search,,unknown,하체,name,대퇴사두근,둔근,name_high,,review,,,1,0,1,SCOPE_RESOLVED_EXCLUDED
gvs_27fc7e4197d44add,gvc_08c51d6fcd61,Slopes Towards Stretch,Slopes Towards Stretch,,NOT_NEEDED,Back,EXCLUDE_NON_MVP,Outside gym-first weight-training MVP default search,Bodyweight,inferred_bodyweight,등,source,,,unsupported,reps,bodyweight,duration,,2,1,1,SCOPE_RESOLVED_EXCLUDED
gvs_f2f935338c2ed763,gvc_202ed37e02cb,Slow Motion Sprinter,Slow Motion Sprinter,,NOT_NEEDED,Plyometrics,EXCLUDE_NON_MVP,Outside gym-first weight-training MVP default search,,unknown,,unknown,,,unsupported,,review,,,1,0,1,SCOPE_RESOLVED_EXCLUDED
gvs_7966bc08394e384a,gvc_358790542e11,Sphinx Heel Drop,Sphinx Heel Drop,,NOT_NEEDED,Stretching,EXCLUDE_NON_MVP,Outside gym-first weight-training MVP default search,,unknown,,unknown,,,unsupported,,review,,,1,1,0,SCOPE_RESOLVED_EXCLUDED
gvs_6a29c1fa8b21e394,gvc_6675700791c1,Sphinx Lookback,Sphinx Lookback,,NOT_NEEDED,Stretching,EXCLUDE_NON_MVP,Outside gym-first weight-training MVP default search,,unknown,,unknown,,,unsupported,,review,,,1,0,1,SCOPE_RESOLVED_EXCLUDED
gvs_22a75ec2471f3950,gvc_e5db1501dafd,Sphinx Pose,Sphinx Pose,,NOT_NEEDED,Stretching,EXCLUDE_NON_MVP,Outside gym-first weight-training MVP default search,,unknown,,unknown,,,unsupported,,review,,,1,0,1,SCOPE_RESOLVED_EXCLUDED
gvs_af597c846057c89a,gvc_a3836bfab7f9,Sphinx Pose Look Up,Sphinx Pose Look Up,,NOT_NEEDED,Stretching,EXCLUDE_NON_MVP,Outside gym-first weight-training MVP default search,,unknown,,unknown,,,unsupported,,review,,,1,0,1,SCOPE_RESOLVED_EXCLUDED
gvs_f27a8df3f2c00cbb,gvc_6292bb32ba28,Sphinx Pose Opening,Sphinx Pose Opening,,NOT_NEEDED,Stretching,EXCLUDE_NON_MVP,Outside gym-first weight-training MVP default search,,unknown,,unknown,,,unsupported,,review,,,2,1,1,SCOPE_RESOLVED_EXCLUDED
gvs_1f302f7a3d391564,gvc_bc5c29cfeb6b,Sphinx Pose Twist,Sphinx Pose Twist,,NOT_NEEDED,Stretching,EXCLUDE_NON_MVP,Outside gym-first weight-training MVP default search,,unknown,,unknown,,,unsupported,,review,,,2,1,1,SCOPE_RESOLVED_EXCLUDED
gvs_abc9e3c1d01c6951,gvc_4ba59907d16c,Sphynx Cat Cow Stretch,Sphynx Cat Cow Stretch,,NOT_NEEDED,Stretching,EXCLUDE_NON_MVP,Outside gym-first weight-training MVP default search,,unknown,,unknown,,,unsupported,,review,,,1,0,1,SCOPE_RESOLVED_EXCLUDED
gvs_ab7ddd26192602d8,gvc_56f64b24d89f,Spider Crawl,Spider Crawl,,NOT_NEEDED,Plyometrics,EXCLUDE_NON_MVP,Outside gym-first weight-training MVP default search,,unknown,,unknown,,,unsupported,,review,,,1,1,0,SCOPE_RESOLVED_EXCLUDED
gvs_e744339f9e660d07,gvc_875980466f93,Spider Mountain Climber,Spider Mountain Climber,,NOT_NEEDED,Plyometrics,EXCLUDE_NON_MVP,Outside gym-first weight-training MVP default search,,unknown,,unknown,,,unsupported,,review,,,1,1,0,SCOPE_RESOLVED_EXCLUDED
gvs_9c72788c4457d036,gvc_f7b14ac01313,Spin Back Kick,Spin Back Kick,,NOT_NEEDED,Plyometrics,EXCLUDE_NON_MVP,Outside gym-first weight-training MVP default search,,unknown,,unknown,,,unsupported,,review,,,1,1,0,SCOPE_RESOLVED_EXCLUDED
gvs_aa0cff26bfe43394,gvc_c8c8212c0f6f,Spin Hook Kick,Spin Hook Kick,,NOT_NEEDED,Plyometrics,EXCLUDE_NON_MVP,Outside gym-first weight-training MVP default search,,unknown,,unknown,,,unsupported,,review,,,1,1,0,SCOPE_RESOLVED_EXCLUDED
gvs_b415c962685097e4,gvc_57993e2856eb,Spinal Stretch (on Stability Ball),Spinal Stretch (On Stability Ball),,NOT_NEEDED,Waist,EXCLUDE_NON_MVP,Outside gym-first weight-training MVP default search,Stability Ball,source,코어,source,,,unsupported,,review,duration,,2,1,1,SCOPE_RESOLVED_EXCLUDED
gvs_031639d3a33c210b,gvc_9be91a14759f,Spine Backbend Stretch,Spine Backbend Stretch,,NOT_NEEDED,Hips,EXCLUDE_NON_MVP,Outside gym-first weight-training MVP default search,Bodyweight,inferred_bodyweight,하체,source,,,unsupported,reps,bodyweight,duration,,1,1,0,SCOPE_RESOLVED_EXCLUDED
gvs_c9ae0134e29c817e,gvc_9483863a7f58,Spine Stretch,Spine Stretch,,NOT_NEEDED,Back,EXCLUDE_NON_MVP,Outside gym-first weight-training MVP default search,Bodyweight,inferred_bodyweight,등,source,,,unsupported,reps,bodyweight,duration,,2,1,1,SCOPE_RESOLVED_EXCLUDED
gvs_95956498586ec7fe,gvc_6860eaf1a07a,Spine Stretch Forward,Spine Stretch Forward,,NOT_NEEDED,Pilates,EXCLUDE_NON_MVP,Outside gym-first weight-training MVP default search,,unknown,,unknown,,,unsupported,,review,,,1,1,0,SCOPE_RESOLVED_EXCLUDED
gvs_ece38ae363086d4b,gvc_3a6c1d9d534b,Spine Stretch Forward Pilates,Spine Stretch Forward Pilates,,NOT_NEEDED,Pilates,EXCLUDE_NON_MVP,Outside gym-first weight-training MVP default search,,unknown,,unknown,,,unsupported,,review,,,1,0,1,SCOPE_RESOLVED_EXCLUDED
gvs_07a6bf23fa84dcf3,gvc_4d771a24e9dc,Split Jump To Box,Split Jump To Box,,NOT_NEEDED,Plyometrics,EXCLUDE_NON_MVP,Outside gym-first weight-training MVP default search,,unknown,,unknown,,,unsupported,,review,,,1,1,0,SCOPE_RESOLVED_EXCLUDED
gvs_556bbbbc3976783a,gvc_3dcc37bde9e8,Split Jump Twist Row,Split Jump Twist Row,,NOT_NEEDED,Plyometrics,EXCLUDE_NON_MVP,Outside gym-first weight-training MVP default search,,unknown,등,name,등 상부 / 광배근,이두근,name_high,,review,,,1,1,0,SCOPE_RESOLVED_EXCLUDED
gvs_f5565a8109c63cc5,gvc_0b4d8c10d825,Sprint,Sprint,,NOT_NEEDED,Cardio,EXCLUDE_NON_MVP,Outside gym-first weight-training MVP default search,,unknown,,unknown,,,unsupported,,review,,,2,1,1,SCOPE_RESOLVED_EXCLUDED
gvs_e297200408df9692,gvc_6c54edccaaf5,Sprint Against Wall,Sprint Against Wall,,NOT_NEEDED,Plyometrics,EXCLUDE_NON_MVP,Outside gym-first weight-training MVP default search,,unknown,,unknown,,,unsupported,,review,,,1,1,0,SCOPE_RESOLVED_EXCLUDED
gvs_bf76a5708d00a2e2,gvc_c0b2e2993218,Sprinter Skip,Sprinter Skip,,NOT_NEEDED,Plyometrics,EXCLUDE_NON_MVP,Outside gym-first weight-training MVP default search,,unknown,,unknown,,,unsupported,,review,,,1,0,1,SCOPE_RESOLVED_EXCLUDED
gvs_606dcd2dc32ed119,gvc_932717d5fc3e,Squat Air Bike,Squat Air Bike,,NOT_NEEDED,Plyometrics,EXCLUDE_NON_MVP,Outside gym-first weight-training MVP default search,,unknown,하체,name,대퇴사두근,둔근,name_high,,review,,,1,0,1,SCOPE_RESOLVED_EXCLUDED
gvs_8e8ae52eec04ad08,gvc_0e52773131f0,Squat And Double Knee To Elbow,Squat And Double Knee To Elbow,,NOT_NEEDED,Plyometrics,EXCLUDE_NON_MVP,Outside gym-first weight-training MVP default search,,unknown,하체,name,대퇴사두근,둔근,name_high,,review,,,1,1,0,SCOPE_RESOLVED_EXCLUDED
gvs_3e709dd73d8b0677,gvc_95847e1315e0,Squat And Knee,Squat And Knee,,NOT_NEEDED,Plyometrics,EXCLUDE_NON_MVP,Outside gym-first weight-training MVP default search,,unknown,하체,name,대퇴사두근,둔근,name_high,,review,,,1,1,0,SCOPE_RESOLVED_EXCLUDED
gvs_102f77db4de2796b,gvc_511f7bc6e6c0,Squat Bounce,Squat Bounce,,NOT_NEEDED,Plyometrics,EXCLUDE_NON_MVP,Outside gym-first weight-training MVP default search,,unknown,하체,name,대퇴사두근,둔근,name_high,,review,,,2,2,0,SCOPE_RESOLVED_EXCLUDED
gvs_b2fbb1b1377fdd65,gvc_49fabbb19f6c,Squat Bounce Sky Punch,Squat Bounce Sky Punch,,NOT_NEEDED,Plyometrics,EXCLUDE_NON_MVP,Outside gym-first weight-training MVP default search,,unknown,하체,name,대퇴사두근,둔근,name_high,,review,,,2,1,1,SCOPE_RESOLVED_EXCLUDED
gvs_6d3a3547a9d95faf,gvc_2b8f73794dba,Squat Front Kick,Squat Front Kick,,NOT_NEEDED,Plyometrics,EXCLUDE_NON_MVP,Outside gym-first weight-training MVP default search,,unknown,하체,name,대퇴사두근,둔근,name_high,,review,,,1,0,1,SCOPE_RESOLVED_EXCLUDED
gvs_522b0bb477fef83e,gvc_0abbfe05a0bd,Squat Front Side Kick,Squat Front Side Kick,,NOT_NEEDED,Plyometrics,EXCLUDE_NON_MVP,Outside gym-first weight-training MVP default search,,unknown,하체,name,대퇴사두근,둔근,name_high,,review,,,1,0,1,SCOPE_RESOLVED_EXCLUDED
gvs_c1de83b757505627,gvc_694b2d68fcc6,Squat Hamstring Curl,Squat Hamstring Curl,,NOT_NEEDED,Plyometrics,EXCLUDE_NON_MVP,Outside gym-first weight-training MVP default search,,unknown,팔,name,대퇴사두근,둔근,name_high,,review,,BODY_MUSCLE_FAMILY_CONFLICT,1,0,1,SCOPE_RESOLVED_EXCLUDED
gvs_966ea0ca36cdf6b0,gvc_35ede950430e,Squat Jack,Squat Jack,,NOT_NEEDED,Plyometrics,EXCLUDE_NON_MVP,Outside gym-first weight-training MVP default search,,unknown,하체,name,대퇴사두근,둔근,name_high,,review,,,1,1,0,SCOPE_RESOLVED_EXCLUDED
gvs_70f8774f571e8c17,gvc_848f44264463,Squat Leg Lift,Squat Leg Lift,,NOT_NEEDED,Plyometrics,EXCLUDE_NON_MVP,Outside gym-first weight-training MVP default search,,unknown,하체,name,대퇴사두근,둔근,name_high,,review,,,1,0,1,SCOPE_RESOLVED_EXCLUDED
gvs_31497e6cd36dadb2,gvc_20620e90b563,Squat Leg Side Lift,Squat Leg Side Lift,,NOT_NEEDED,Plyometrics,EXCLUDE_NON_MVP,Outside gym-first weight-training MVP default search,,unknown,하체,name,대퇴사두근,둔근,name_high,,review,,,1,0,1,SCOPE_RESOLVED_EXCLUDED
gvs_6a41f6724a3a5d10,gvc_a0f55a890447,Squat Mobility Side Bend,Squat Mobility Side Bend,,NOT_NEEDED,Stretching,EXCLUDE_NON_MVP,Outside gym-first weight-training MVP default search,,unknown,하체,name,대퇴사두근,둔근,name_high,,review,,,1,1,0,SCOPE_RESOLVED_EXCLUDED
gvs_4b98eca79ab31bb7,gvc_41816fd3f5a0,Squat Mobility Twist,Squat Mobility Twist,,NOT_NEEDED,Waist,EXCLUDE_NON_MVP,Outside gym-first weight-training MVP default search,Bodyweight,inferred_bodyweight,코어,source,대퇴사두근,둔근,name_high,reps,bodyweight,,BODY_MUSCLE_FAMILY_CONFLICT,1,1,0,SCOPE_RESOLVED_EXCLUDED
gvs_2d111b42a89dd4cc,gvc_470c51a2e901,Squat Press Down Twist,Squat Press Down Twist,,NOT_NEEDED,Plyometrics,EXCLUDE_NON_MVP,Outside gym-first weight-training MVP default search,,unknown,하체,name,대퇴사두근,둔근,name_high,,review,,,1,1,0,SCOPE_RESOLVED_EXCLUDED
gvs_6def9813f1cead5b,gvc_2a055a0a1dcd,Squat Side Pendulum Leg,Squat Side Pendulum Leg,,NOT_NEEDED,Plyometrics,EXCLUDE_NON_MVP,Outside gym-first weight-training MVP default search,,unknown,하체,name,대퇴사두근,둔근,name_high,,review,,,1,0,1,SCOPE_RESOLVED_EXCLUDED
gvs_1f2017adc6212bf1,gvc_6ab823ad9a53,Squat Side Power Kick,Squat Side Power Kick,,NOT_NEEDED,Plyometrics,EXCLUDE_NON_MVP,Outside gym-first weight-training MVP default search,,unknown,하체,name,대퇴사두근,둔근,name_high,,review,,,2,1,1,SCOPE_RESOLVED_EXCLUDED
gvs_a20824f2561d222c,gvc_8c81cb86c1e4,Squat Side Up Hook Punch,Squat Side Up Hook Punch,,NOT_NEEDED,Plyometrics,EXCLUDE_NON_MVP,Outside gym-first weight-training MVP default search,,unknown,하체,name,대퇴사두근,둔근,name_high,,review,,,1,1,0,SCOPE_RESOLVED_EXCLUDED
gvs_c059455cbeba40a0,gvc_3ab2ef8c7d93;gvc_f95c4b9be867,Squat Star Jack | Star Squat Jack,Squat Star Jack,,NOT_NEEDED,Plyometrics,EXCLUDE_NON_MVP,Outside gym-first weight-training MVP default search,,unknown,하체,name,대퇴사두근,둔근,name_high,,review,,,2,1,1,SCOPE_RESOLVED_EXCLUDED
gvs_fd5856dea1702648,gvc_b59d55e06b89,Squat Thrust,Squat Thrust,,NOT_NEEDED,Plyometrics;Waist,EXCLUDE_NON_MVP,Outside gym-first weight-training MVP default search,Bodyweight,inferred_bodyweight,코어,source,대퇴사두근,둔근,name_high,reps,bodyweight,,BODY_MUSCLE_FAMILY_CONFLICT,2,1,1,SCOPE_RESOLVED_EXCLUDED
gvs_bb4a63ecd7498db6,gvc_e3a640846b50,Squat To Jumping Jack,Squat To Jumping Jack,,NOT_NEEDED,Plyometrics,EXCLUDE_NON_MVP,Outside gym-first weight-training MVP default search,,unknown,하체,name,대퇴사두근,둔근,name_high,,review,,,1,1,0,SCOPE_RESOLVED_EXCLUDED
gvs_15d7bc682618d916,gvc_e15d8952e295,Squat To Straddle,Squat To Straddle,,NOT_NEEDED,Stretching,EXCLUDE_NON_MVP,Outside gym-first weight-training MVP default search,,unknown,하체,name,대퇴사두근,둔근,name_high,,review,,,2,1,1,SCOPE_RESOLVED_EXCLUDED
gvs_d70d91d82a1fdb9a,gvc_f7a9fa1df722,Squat To Toe Stretch Plantar Flexion,Squat To Toe Stretch Plantar Flexion,,NOT_NEEDED,Stretching,EXCLUDE_NON_MVP,Outside gym-first weight-training MVP default search,,unknown,하체,name,대퇴사두근,둔근,name_high,,review,,,1,0,1,SCOPE_RESOLVED_EXCLUDED
gvs_fd3b0c61bff73085,gvc_221487d74521,Squat Tuck Jump,Squat Tuck Jump,,NOT_NEEDED,Cardio,EXCLUDE_NON_MVP,Outside gym-first weight-training MVP default search,,unknown,하체,name,대퇴사두근,둔근,name_high,,review,,,2,1,1,SCOPE_RESOLVED_EXCLUDED
gvs_a1556a34c0adf4aa,gvc_e904d16e8b2f,Stair Jump,Stair Jump,,NOT_NEEDED,Plyometrics,EXCLUDE_NON_MVP,Outside gym-first weight-training MVP default search,,unknown,,unknown,,,unsupported,,review,,,1,1,0,SCOPE_RESOLVED_EXCLUDED
gvs_3b1682152cae386d,gvc_776d69116381,Stand To Squat,Stand To Squat,,NOT_NEEDED,Stretching,EXCLUDE_NON_MVP,Outside gym-first weight-training MVP default search,,unknown,하체,name,대퇴사두근,둔근,name_high,,review,,,1,1,0,SCOPE_RESOLVED_EXCLUDED
gvs_0d05d3222cb95ed0,gvc_486b9fc0aa64,Standing 180 Abs Rotation,Standing 180 Abs Rotation,,NOT_NEEDED,Plyometrics,EXCLUDE_NON_MVP,Outside gym-first weight-training MVP default search,,unknown,,unknown,,,unsupported,,review,,,1,0,1,SCOPE_RESOLVED_EXCLUDED
gvs_3fd93d4615676e84,gvc_46b305df3c68,Standing Abs Rotation Stretch,Standing Abs Rotation Stretch,,NOT_NEEDED,Waist,EXCLUDE_NON_MVP,Outside gym-first weight-training MVP default search,Bodyweight,inferred_bodyweight,코어,source,,,unsupported,reps,bodyweight,duration,,2,1,1,SCOPE_RESOLVED_EXCLUDED
gvs_8355223679fd28c0,gvc_f2ffb1acd8f1,Standing Adductor Stretch,Standing Adductor Stretch,,NOT_NEEDED,Hips,EXCLUDE_NON_MVP,Outside gym-first weight-training MVP default search,Bodyweight,inferred_bodyweight,하체,source,,,unsupported,reps,bodyweight,duration,,1,0,1,SCOPE_RESOLVED_EXCLUDED
gvs_d8932775ed4e5ca1,gvc_0fa0fce7e4b0,Standing Air Bike Foot Tap,Standing Air Bike Foot Tap,,NOT_NEEDED,Plyometrics,EXCLUDE_NON_MVP,Outside gym-first weight-training MVP default search,,unknown,,unknown,,,unsupported,,review,,,1,1,0,SCOPE_RESOLVED_EXCLUDED
gvs_24e3af21e172430d,gvc_5f0dfa016fdf,Standing Air Bike Punch,Standing Air Bike Punch,,NOT_NEEDED,Plyometrics,EXCLUDE_NON_MVP,Outside gym-first weight-training MVP default search,,unknown,,unknown,,,unsupported,,review,,,1,0,1,SCOPE_RESOLVED_EXCLUDED
gvs_6d57b687e7d3834f,gvc_3838c295f02b,Standing Alternate Knee Raise,Standing Alternate Knee Raise,,NOT_NEEDED,Plyometrics,EXCLUDE_NON_MVP,Outside gym-first weight-training MVP default search,,unknown,,unknown,복직근,,name_high,,review,,,2,1,1,SCOPE_RESOLVED_EXCLUDED
gvs_24f7367ee88ecff4,gvc_4c730c7628d3,Standing Alternate Leg Lift,Standing Alternate Leg Lift,,NOT_NEEDED,Plyometrics,EXCLUDE_NON_MVP,Outside gym-first weight-training MVP default search,,unknown,하체,name,,,unsupported,,review,,,2,1,1,SCOPE_RESOLVED_EXCLUDED
gvs_ebdd4bb05cf08336,gvc_19540f2e1dbc,Standing Alternate Side Crunch And Raise,Standing Alternate Side Crunch And Raise,,NOT_NEEDED,Plyometrics,EXCLUDE_NON_MVP,Outside gym-first weight-training MVP default search,,unknown,코어,name,복사근,코어,name_high,,review,,,1,1,0,SCOPE_RESOLVED_EXCLUDED
gvs_7b147e22746ad4b4,gvc_9dc7c546297e,Standing Alternating Behind Back 180 Stretch (fema,Standing Alternating Behind Back 180 Stretch,,NOT_NEEDED,,EXCLUDE_NON_MVP,Outside gym-first weight-training MVP default search,,unknown,,unknown,,,unsupported,,review,duration,,1,0,1,SCOPE_RESOLVED_EXCLUDED
gvs_9ad8abe723ac6617,gvc_67d1db873fde,Standing Archer Side Step,Standing Archer Side Step,,NOT_NEEDED,Plyometrics,EXCLUDE_NON_MVP,Outside gym-first weight-training MVP default search,,unknown,,unknown,,,unsupported,,review,,,1,0,1,SCOPE_RESOLVED_EXCLUDED
gvs_4e6793cccefaecfa,gvc_cb5e1f18318a,Standing Arms And Hip Circle,Standing Arms And Hip Circle,,NOT_NEEDED,Plyometrics,EXCLUDE_NON_MVP,Outside gym-first weight-training MVP default search,,unknown,,unknown,,,unsupported,,review,,,1,0,1,SCOPE_RESOLVED_EXCLUDED
gvs_07f03212237d5940,gvc_1d25e23ba162,Standing Arms Forward Arm Crossover,Standing Arms Forward Arm Crossover,,NOT_NEEDED,Plyometrics,EXCLUDE_NON_MVP,Outside gym-first weight-training MVP default search,,unknown,,unknown,,,unsupported,,review,,,1,0,1,SCOPE_RESOLVED_EXCLUDED
gvs_874705f016285792,gvc_9652af2a0c83,Standing Back Rotation Stretch,Standing Back Rotation Stretch,,NOT_NEEDED,Back,EXCLUDE_NON_MVP,Outside gym-first weight-training MVP default search,Bodyweight,inferred_bodyweight,등,source,,,unsupported,reps,bodyweight,duration,,3,1,2,SCOPE_RESOLVED_EXCLUDED
gvs_1391c5b8b44c4202,gvc_95ddca3c1ed0,Standing Balance Fist Up Side Leg Raise,Standing Balance Fist Up Side Leg Raise,,NOT_NEEDED,Plyometrics,EXCLUDE_NON_MVP,Outside gym-first weight-training MVP default search,,unknown,하체,name,복직근,,name_high,,review,,BODY_MUSCLE_FAMILY_CONFLICT,1,1,0,SCOPE_RESOLVED_EXCLUDED
gvs_518be3d078458676,gvc_c3132951c008,Standing Balance Quadriceps Stretch,Standing Balance Quadriceps Stretch,,NOT_NEEDED,Stretching,EXCLUDE_NON_MVP,Outside gym-first weight-training MVP default search,,unknown,하체,name,,,unsupported,,review,,,2,1,1,SCOPE_RESOLVED_EXCLUDED
gvs_8c44c0ff8261ae97,gvc_3dd9340533c4,Standing Balance Side To Front Leg Raise,Standing Balance Side To Front Leg Raise,,NOT_NEEDED,Plyometrics,EXCLUDE_NON_MVP,Outside gym-first weight-training MVP default search,,unknown,하체,name,복직근,,name_high,,review,reps,BODY_MUSCLE_FAMILY_CONFLICT,2,1,1,SCOPE_RESOLVED_EXCLUDED
gvs_8b54984a266fddb0,gvc_c58ee7d7a2ed,Standing Bent Knee Hip Adductor Stretch,Standing Bent Knee Hip Adductor Stretch,,NOT_NEEDED,Hips,EXCLUDE_NON_MVP,Outside gym-first weight-training MVP default search,Bodyweight,inferred_bodyweight,하체,source,,,unsupported,reps,bodyweight,duration,,1,1,0,SCOPE_RESOLVED_EXCLUDED
gvs_1a3e33b37cc13343,gvc_711ed5aaee80,Standing Bike And Opposite Touches,Standing Bike And Opposite Touches,,NOT_NEEDED,Plyometrics,EXCLUDE_NON_MVP,Outside gym-first weight-training MVP default search,,unknown,,unknown,,,unsupported,,review,,,1,1,0,SCOPE_RESOLVED_EXCLUDED
gvs_5de30da7840b2f17,gvc_62f0aab9ea51,Standing Butt Kick,Standing Butt Kick,,NOT_NEEDED,Plyometrics,EXCLUDE_NON_MVP,Outside gym-first weight-training MVP default search,,unknown,,unknown,,,unsupported,,review,,,2,0,2,SCOPE_RESOLVED_EXCLUDED
gvs_7896f99e9894e0ec,gvc_6b1a75581125,Standing Butt Kick Side And Front Push,Standing Butt Kick Side And Front Push,,NOT_NEEDED,Plyometrics,EXCLUDE_NON_MVP,Outside gym-first weight-training MVP default search,,unknown,,unknown,,,unsupported,,review,,,1,0,1,SCOPE_RESOLVED_EXCLUDED
gvs_f08a664b919171e3,gvc_1613891cf687,Standing Calf Stretch Against Wall,Standing Calf Stretch Against Wall,,NOT_NEEDED,Stretching,EXCLUDE_NON_MVP,Outside gym-first weight-training MVP default search,,unknown,하체,name,,,unsupported,,review,,,1,0,1,SCOPE_RESOLVED_EXCLUDED
gvs_fdeff92e15f5c254,gvc_53e019b04de8,Standing Calf Stretch With Wall Supported S,Standing Calf Stretch With Wall Supported S,,NOT_NEEDED,,EXCLUDE_NON_MVP,Outside gym-first weight-training MVP default search,,unknown,하체,name,,,unsupported,,review,duration,,1,1,0,SCOPE_RESOLVED_EXCLUDED
gvs_39711a22ac984fbc,gvc_71a9efd34b7c,Standing Cat Cow Stretch,Standing Cat Cow Stretch,,NOT_NEEDED,Stretching,EXCLUDE_NON_MVP,Outside gym-first weight-training MVP default search,,unknown,,unknown,,,unsupported,,review,,,2,1,1,SCOPE_RESOLVED_EXCLUDED
gvs_916fd7170184e357,gvc_2058338b9926,Standing Chest And Biceps Stretch Agains Wall (fem,Standing Chest And Biceps Stretch Against Wall,,NOT_NEEDED,,EXCLUDE_NON_MVP,Outside gym-first weight-training MVP default search,,unknown,가슴,name,,,unsupported,,review,duration,,1,0,1,SCOPE_RESOLVED_EXCLUDED
gvs_8efac52004c66e22,gvc_39d48dea495b,Standing Chest Cross Stretch,Standing Chest Cross Stretch,,NOT_NEEDED,Stretching,EXCLUDE_NON_MVP,Outside gym-first weight-training MVP default search,,unknown,가슴,name,,,unsupported,,review,,,1,0,1,SCOPE_RESOLVED_EXCLUDED
gvs_be850bce3b0fa1d0,gvc_4bf447aae1c6,Standing Chest Reach,Standing Chest Reach,,NOT_NEEDED,Stretching,EXCLUDE_NON_MVP,Outside gym-first weight-training MVP default search,,unknown,가슴,name,,,unsupported,,review,,,1,0,1,SCOPE_RESOLVED_EXCLUDED
gvs_a0b15a2a54160640,gvc_dda615629354,Standing Crossover Crunch,Standing Crossover Crunch,,NOT_NEEDED,Plyometrics,EXCLUDE_NON_MVP,Outside gym-first weight-training MVP default search,,unknown,코어,name,복직근,,name_high,,review,,,1,0,1,SCOPE_RESOLVED_EXCLUDED
gvs_5109050bea4841bb,gvc_6a4943e816d8,Standing Diagonal Cross Toe Touch,Standing Diagonal Cross Toe Touch,,NOT_NEEDED,Plyometrics,EXCLUDE_NON_MVP,Outside gym-first weight-training MVP default search,,unknown,,unknown,,,unsupported,,review,,,1,0,1,SCOPE_RESOLVED_EXCLUDED
gvs_98dd8e6b1fb09a23,gvc_9c499fe14b2a,Standing Double Crunch,Standing Double Crunch,,NOT_NEEDED,Plyometrics,EXCLUDE_NON_MVP,Outside gym-first weight-training MVP default search,,unknown,코어,name,복직근,,name_high,,review,,,1,0,1,SCOPE_RESOLVED_EXCLUDED
gvs_43ec76f7a3ac5197,gvc_2e59c069091f,Standing Double Knee Raise Side Step,Standing Double Knee Raise Side Step,,NOT_NEEDED,Plyometrics,EXCLUDE_NON_MVP,Outside gym-first weight-training MVP default search,,unknown,,unknown,복직근,,name_high,,review,,,1,0,1,SCOPE_RESOLVED_EXCLUDED
gvs_f59766e9f435ffd9,gvc_aa8c4dfadc79,Standing Elbow Circle,Standing Elbow Circle,,NOT_NEEDED,Plyometrics,EXCLUDE_NON_MVP,Outside gym-first weight-training MVP default search,,unknown,,unknown,,,unsupported,,review,,,1,1,0,SCOPE_RESOLVED_EXCLUDED
gvs_4f47474d4301fe25,gvc_eb9cb41b34d2,Standing Figure Four Pose,Standing Figure Four Pose,,NOT_NEEDED,Stretching,EXCLUDE_NON_MVP,Outside gym-first weight-training MVP default search,,unknown,,unknown,,,unsupported,,review,,,1,0,1,SCOPE_RESOLVED_EXCLUDED
gvs_c490622f435fd767,gvc_38180aff95ae,Standing Foot Muscles Activation,Standing Foot Muscles Activation,,NOT_NEEDED,Feet,EXCLUDE_NON_MVP,Outside gym-first weight-training MVP default search,,unknown,기타,source,,,unsupported,,review,,,1,0,1,SCOPE_RESOLVED_EXCLUDED
gvs_24f283decbcf51f4,gvc_4660c2c05f03,Standing Front Heel Tap,Standing Front Heel Tap,,NOT_NEEDED,Plyometrics,EXCLUDE_NON_MVP,Outside gym-first weight-training MVP default search,,unknown,,unknown,,,unsupported,,review,,,1,0,1,SCOPE_RESOLVED_EXCLUDED
gvs_9f1bb056a340087c,gvc_79937b0d853c,Standing Gastrocnemius Calf Stretch,Standing Gastrocnemius Calf Stretch,,NOT_NEEDED,Calves,EXCLUDE_NON_MVP,Outside gym-first weight-training MVP default search,Bodyweight,inferred_bodyweight,하체,source,,,unsupported,reps,bodyweight,duration,,2,1,1,SCOPE_RESOLVED_EXCLUDED
gvs_3f69d1ff864e8e8f,gvc_759a55d732ad,Standing Half Bend,Standing Half Bend,,NOT_NEEDED,Stretching,EXCLUDE_NON_MVP,Outside gym-first weight-training MVP default search,,unknown,,unknown,,,unsupported,,review,,,1,0,1,SCOPE_RESOLVED_EXCLUDED
gvs_65fe1e5870a18eee,gvc_583b8d303ec2,Standing Hamstring And Calf Stretch With Starp,Standing Hamstring And Calf Stretch With Starp,,NOT_NEEDED,Thighs,EXCLUDE_NON_MVP,Outside gym-first weight-training MVP default search,Bodyweight,inferred_bodyweight,하체,source,,,unsupported,reps,bodyweight,duration,,2,1,1,SCOPE_RESOLVED_EXCLUDED
gvs_4cab90c6afc69e48,gvc_b19b7b10590d,Standing Hamstring Calf Stretch,Standing Hamstring Calf Stretch,,NOT_NEEDED,Stretching,EXCLUDE_NON_MVP,Outside gym-first weight-training MVP default search,,unknown,하체,name,,,unsupported,,review,,,1,0,1,SCOPE_RESOLVED_EXCLUDED
gvs_21167f692ef50b8d,gvc_37a0498999b0,Standing Hamstring Stretch,Standing Hamstring Stretch,,NOT_NEEDED,Thighs,EXCLUDE_NON_MVP,Outside gym-first weight-training MVP default search,Bodyweight,inferred_bodyweight,하체,source,,,unsupported,reps,bodyweight,duration,,1,0,1,SCOPE_RESOLVED_EXCLUDED
gvs_2fa3a09c3b29124a,gvc_4fa097833c20,Standing Hamstrings And Back Stretch,Standing Hamstrings And Back Stretch,,NOT_NEEDED,Stretching,EXCLUDE_NON_MVP,Outside gym-first weight-training MVP default search,,unknown,,unknown,,,unsupported,,review,,,1,1,0,SCOPE_RESOLVED_EXCLUDED
gvs_d955875b5ddd9dcb,gvc_dc63317eea47,Standing Hand Out Cross Kick,Standing Hand Out Cross Kick,,NOT_NEEDED,Plyometrics,EXCLUDE_NON_MVP,Outside gym-first weight-training MVP default search,,unknown,,unknown,,,unsupported,,review,,,2,1,1,SCOPE_RESOLVED_EXCLUDED
gvs_50b2153513554bc1,gvc_cbd396f5a8bb,Standing Hand To Big Toe Yoga Pose Utthita Hasta P,Standing Hand To Big Toe Yoga Pose Utthita Hasta P,,NOT_NEEDED,,EXCLUDE_NON_MVP,Outside gym-first weight-training MVP default search,,unknown,,unknown,,,unsupported,,review,duration,,1,0,1,SCOPE_RESOLVED_EXCLUDED
gvs_383dd627f27149a7,gvc_1f31c184b9f7,Standing Hands Up Knee Tap,Standing Hands Up Knee Tap,,NOT_NEEDED,Plyometrics,EXCLUDE_NON_MVP,Outside gym-first weight-training MVP default search,,unknown,,unknown,,,unsupported,,review,,,1,0,1,SCOPE_RESOLVED_EXCLUDED
gvs_225274947bf8f2e6,gvc_2b16b3405180,Standing Hands Up Side Crunch,Standing Hands Up Side Crunch,,NOT_NEEDED,Plyometrics,EXCLUDE_NON_MVP,Outside gym-first weight-training MVP default search,,unknown,코어,name,복사근,코어,name_high,,review,,,1,0,1,SCOPE_RESOLVED_EXCLUDED
gvs_227d1481b9caf2cd,gvc_01626ee81a91,Standing Hip Flexor Stretch,Standing Hip Flexor Stretch,,NOT_NEEDED,Hips,EXCLUDE_NON_MVP,Outside gym-first weight-training MVP default search,Bodyweight,inferred_bodyweight,하체,source,,,unsupported,reps,bodyweight,duration,,1,1,0,SCOPE_RESOLVED_EXCLUDED
gvs_3e71f6aa0699178c,gvc_67a55a5464d8,Standing Hip Frontal Rotation Curl,Standing Hip Frontal Rotation Curl,,NOT_NEEDED,Plyometrics,EXCLUDE_NON_MVP,Outside gym-first weight-training MVP default search,,unknown,팔,name,,,unsupported,,review,,,1,0,1,SCOPE_RESOLVED_EXCLUDED
gvs_de0cda02a9343ee4,gvc_63fe4f7ef8d2,Standing Hip Stretch,Standing Hip Stretch,,NOT_NEEDED,Stretching,EXCLUDE_NON_MVP,Outside gym-first weight-training MVP default search,,unknown,,unknown,,,unsupported,,review,,,1,1,0,SCOPE_RESOLVED_EXCLUDED
gvs_dcfe3475461b4ac9,gvc_a4f4a0e93e12,Standing Interlock Hands Full Stretch,Standing Interlock Hands Full Stretch,,NOT_NEEDED,Stretching,EXCLUDE_NON_MVP,Outside gym-first weight-training MVP default search,,unknown,,unknown,,,unsupported,,review,,,1,0,1,SCOPE_RESOLVED_EXCLUDED
gvs_9105798ffb464007,gvc_68be20ab6818,Standing Jumping Jack Air Bike,Standing Jumping Jack Air Bike,,NOT_NEEDED,Plyometrics,EXCLUDE_NON_MVP,Outside gym-first weight-training MVP default search,,unknown,,unknown,,,unsupported,,review,,,1,1,0,SCOPE_RESOLVED_EXCLUDED
gvs_8b36d3e3a7ad2a23,gvc_5c02b356b33a,Standing Knee Raise,Standing Knee Raise,,NOT_NEEDED,Plyometrics,EXCLUDE_NON_MVP,Outside gym-first weight-training MVP default search,,unknown,,unknown,복직근,,name_high,,review,,,1,0,1,SCOPE_RESOLVED_EXCLUDED
gvs_65fe226ad9ad7c98,gvc_00e8c4eed853,Standing Knee Raise Back Kick,Standing Knee Raise Back Kick,,NOT_NEEDED,Plyometrics,EXCLUDE_NON_MVP,Outside gym-first weight-training MVP default search,,unknown,,unknown,복직근,,name_high,,review,,,1,0,1,SCOPE_RESOLVED_EXCLUDED
gvs_c10e34f5ff45d129,gvc_4fdc44e56909,Standing Knee To Chest Stretch,Standing Knee To Chest Stretch,,NOT_NEEDED,Stretching,EXCLUDE_NON_MVP,Outside gym-first weight-training MVP default search,,unknown,가슴,name,,,unsupported,,review,,,1,0,1,SCOPE_RESOLVED_EXCLUDED
gvs_10a9331ec82eb7c0,gvc_e80d07995096,Standing Ladder Climb,Standing Ladder Climb,,NOT_NEEDED,Plyometrics,EXCLUDE_NON_MVP,Outside gym-first weight-training MVP default search,,unknown,,unknown,,,unsupported,,review,,,2,1,1,SCOPE_RESOLVED_EXCLUDED
gvs_fca74adffa5d3e07,gvc_9fb415564872,Standing Lateral Stretch,Standing Lateral Stretch,,NOT_NEEDED,Back;Stretching,EXCLUDE_NON_MVP,Outside gym-first weight-training MVP default search,Bodyweight,inferred_bodyweight,등,source,,,unsupported,reps,bodyweight,duration,,4,2,2,SCOPE_RESOLVED_EXCLUDED
gvs_b859f360eb9af1b6,gvc_4d66041d8355,Standing Lean Forward Hamstring Stretch S,Standing Lean Forward Hamstring Stretch S,,NOT_NEEDED,,EXCLUDE_NON_MVP,Outside gym-first weight-training MVP default search,,unknown,하체,name,,,unsupported,,review,duration,,1,0,1,SCOPE_RESOLVED_EXCLUDED
gvs_e53ac5dc243d8e46,gvc_3c12b8a60525,Standing Left Over Right Hand Slant,Standing Left Over Right Hand Slant,,NOT_NEEDED,Stretching,EXCLUDE_NON_MVP,Outside gym-first weight-training MVP default search,,unknown,,unknown,,,unsupported,,review,,,1,0,1,SCOPE_RESOLVED_EXCLUDED
gvs_c6c257c5e1d27695,gvc_269e04b7680d;gvc_298faebdbcf5,Standing March With Shoulders Extension | Standing March With Shoulders Extension P,Standing March With Shoulders Extension,,NOT_NEEDED,Plyometrics,EXCLUDE_NON_MVP,Outside gym-first weight-training MVP default search,,unknown,,unknown,,,unsupported,,review,,,2,1,1,SCOPE_RESOLVED_EXCLUDED
gvs_2cdc082870f88a76,gvc_4ad2827d7151,Standing Opposite Touches,Standing Opposite Touches,,NOT_NEEDED,Plyometrics,EXCLUDE_NON_MVP,Outside gym-first weight-training MVP default search,,unknown,,unknown,,,unsupported,,review,,,1,1,0,SCOPE_RESOLVED_EXCLUDED
gvs_4c08f4a7e3cea9ff,gvc_122bf3ecc1a8,Standing Overhead Shoulder Stretch (version 2),Standing Overhead Shoulder Stretch,,NOT_NEEDED,Shoulders,EXCLUDE_NON_MVP,Outside gym-first weight-training MVP default search,Bodyweight,inferred_bodyweight,어깨,source,,,unsupported,reps,bodyweight,duration,,1,1,0,SCOPE_RESOLVED_EXCLUDED
gvs_be547c94a25201ee,gvc_832432225995,Standing Peroneus Muscles Stretch,Standing Peroneus Muscles Stretch,,NOT_NEEDED,Calves,EXCLUDE_NON_MVP,Outside gym-first weight-training MVP default search,Bodyweight,inferred_bodyweight,하체,source,,,unsupported,reps,bodyweight,duration,,1,0,1,SCOPE_RESOLVED_EXCLUDED
gvs_48574d818127b8a5,gvc_5a1aad46b323,Standing Push And Toe Tap,Standing Push And Toe Tap,,NOT_NEEDED,Plyometrics,EXCLUDE_NON_MVP,Outside gym-first weight-training MVP default search,,unknown,,unknown,,,unsupported,,review,,,1,0,1,SCOPE_RESOLVED_EXCLUDED
gvs_4229e0043ed4722a,gvc_d5761dd016b4,Standing Quadriceps Stretch,Standing Quadriceps Stretch,,NOT_NEEDED,Thighs,EXCLUDE_NON_MVP,Outside gym-first weight-training MVP default search,Bodyweight,inferred_bodyweight,하체,source,,,unsupported,reps,bodyweight,duration,,2,1,1,SCOPE_RESOLVED_EXCLUDED
gvs_ed7b99aa1f4575a0,gvc_bcdeecc7cd58,Standing Quadriceps Stretch With A Chair,Standing Quadriceps Stretch With A Chair,,NOT_NEEDED,,EXCLUDE_NON_MVP,Outside gym-first weight-training MVP default search,,unknown,하체,name,,,unsupported,,review,duration,,1,0,1,SCOPE_RESOLVED_EXCLUDED
gvs_2f4b1c0f9becc7ff,gvc_3a5e41bd74b9,Standing Reach Down Hamsting Crossed Legs Stretch,Standing Reach Down Hamsting Crossed Legs Stretch,,NOT_NEEDED,Thighs,EXCLUDE_NON_MVP,Outside gym-first weight-training MVP default search,Bodyweight,inferred_bodyweight,하체,source,,,unsupported,reps,bodyweight,duration,,1,0,1,SCOPE_RESOLVED_EXCLUDED
gvs_240f2eb8ddf34f5e,gvc_3a62d19abc84,Standing Reach Up Back Rotation Stretch,Standing Reach Up Back Rotation Stretch,,NOT_NEEDED,Back,EXCLUDE_NON_MVP,Outside gym-first weight-training MVP default search,Bodyweight,inferred_bodyweight,등,source,,,unsupported,reps,bodyweight,duration,,3,2,1,SCOPE_RESOLVED_EXCLUDED
gvs_c6485c4bd2ff3df3,gvc_7c01c3fa530e,Standing Reach Up Back Rotation Stretch B,Standing Reach Up Back Rotation Stretch B,,NOT_NEEDED,,EXCLUDE_NON_MVP,Outside gym-first weight-training MVP default search,,unknown,,unknown,,,unsupported,,review,duration,,1,0,1,SCOPE_RESOLVED_EXCLUDED
gvs_c80332ec4e1c9cba,gvc_cfa6d7fce63f,Standing Rest Pose,Standing Rest Pose,,NOT_NEEDED,Cardio,EXCLUDE_NON_MVP,Outside gym-first weight-training MVP default search,,unknown,,unknown,,,unsupported,,review,,,3,2,1,SCOPE_RESOLVED_EXCLUDED
gvs_a451eafb6ac873a3,gvc_274d095de6b3,Standing Reverse Shoulder Stretch,Standing Reverse Shoulder Stretch,,NOT_NEEDED,Shoulders,EXCLUDE_NON_MVP,Outside gym-first weight-training MVP default search,Bodyweight,inferred_bodyweight,어깨,source,,,unsupported,reps,bodyweight,duration,,1,1,0,SCOPE_RESOLVED_EXCLUDED
gvs_7be94250f1348fd2,gvc_37af7f12e5fc,Standing Russian Twist,Standing Russian Twist,,NOT_NEEDED,Plyometrics,EXCLUDE_NON_MVP,Outside gym-first weight-training MVP default search,,unknown,코어,name,복사근,코어,name_high,,review,,,2,1,1,SCOPE_RESOLVED_EXCLUDED
gvs_393664a342f62193,gvc_6d1b928c8639,Standing Russian Twist Knee Thrust,Standing Russian Twist Knee Thrust,,NOT_NEEDED,Plyometrics,EXCLUDE_NON_MVP,Outside gym-first weight-training MVP default search,,unknown,코어,name,복사근,코어,name_high,,review,,,1,1,0,SCOPE_RESOLVED_EXCLUDED
gvs_9e1a4eaf9aa4ad5f,gvc_bfa229546be5,Standing Scissors Crunch,Standing Scissors Crunch,,NOT_NEEDED,Plyometrics,EXCLUDE_NON_MVP,Outside gym-first weight-training MVP default search,,unknown,코어,name,복직근,,name_high,,review,,,1,0,1,SCOPE_RESOLVED_EXCLUDED
gvs_6656a41b267207e3,gvc_d8e2551291ed,Standing Scissors Jump,Standing Scissors Jump,,NOT_NEEDED,Plyometrics,EXCLUDE_NON_MVP,Outside gym-first weight-training MVP default search,,unknown,,unknown,,,unsupported,,review,,,1,1,0,SCOPE_RESOLVED_EXCLUDED
gvs_b0cfb618b62d6196,gvc_8ea9607f8c21,Standing Shoulder Inferior Capsule Stretch,Standing Shoulder Inferior Capsule Stretch,,NOT_NEEDED,,EXCLUDE_NON_MVP,Outside gym-first weight-training MVP default search,,unknown,어깨,name,,,unsupported,,review,duration,,1,1,0,SCOPE_RESOLVED_EXCLUDED
gvs_dad757ecbfc01df2,gvc_87ec2fe34672,Standing Side Bend Curtsey,Standing Side Bend Curtsey,,NOT_NEEDED,Plyometrics,EXCLUDE_NON_MVP,Outside gym-first weight-training MVP default search,,unknown,코어,name,복사근,코어,name_high,,review,,,1,0,1,SCOPE_RESOLVED_EXCLUDED
gvs_0d4515ad3c576901,gvc_91344c3b6769,Standing Side Bend Stretch,Standing Side Bend Stretch,,NOT_NEEDED,Stretching,EXCLUDE_NON_MVP,Outside gym-first weight-training MVP default search,,unknown,코어,name,복사근,코어,name_high,,review,,,1,1,0,SCOPE_RESOLVED_EXCLUDED
gvs_08e0d78d0249d019,gvc_e43d933b154b,Standing Side Circle Stretch,Standing Side Circle Stretch,,NOT_NEEDED,Stretching,EXCLUDE_NON_MVP,Outside gym-first weight-training MVP default search,,unknown,,unknown,,,unsupported,,review,,,1,1,0,SCOPE_RESOLVED_EXCLUDED
gvs_49422c1e61d15298,gvc_c40d95459535,Standing Side Crunch Elbow Drive,Standing Side Crunch Elbow Drive,,NOT_NEEDED,Plyometrics,EXCLUDE_NON_MVP,Outside gym-first weight-training MVP default search,,unknown,코어,name,복사근,코어,name_high,,review,,,1,1,0,SCOPE_RESOLVED_EXCLUDED
gvs_e8f61ba54f0d0961,gvc_95570b077fda,Standing Side Handshakes,Standing Side Handshakes,,NOT_NEEDED,Stretching,EXCLUDE_NON_MVP,Outside gym-first weight-training MVP default search,,unknown,,unknown,,,unsupported,,review,,,1,0,1,SCOPE_RESOLVED_EXCLUDED
gvs_9815cce2787af340,gvc_970b0a02a66f,Standing Side Kick,Standing Side Kick,,NOT_NEEDED,Plyometrics,EXCLUDE_NON_MVP,Outside gym-first weight-training MVP default search,,unknown,,unknown,,,unsupported,,review,,,2,1,1,SCOPE_RESOLVED_EXCLUDED
gvs_6cb9d141132ab5b1,gvc_4c9c3388b121,Standing Side Leg Lift Jack,Standing Side Leg Lift Jack,,NOT_NEEDED,Plyometrics,EXCLUDE_NON_MVP,Outside gym-first weight-training MVP default search,,unknown,하체,name,,,unsupported,,review,,,1,0,1,SCOPE_RESOLVED_EXCLUDED
gvs_568fa32c69381bfe,gvc_d508c2cda820,Standing Side Leg Lift Twist,Standing Side Leg Lift Twist,,NOT_NEEDED,Plyometrics,EXCLUDE_NON_MVP,Outside gym-first weight-training MVP default search,,unknown,하체,name,,,unsupported,,review,,,1,1,0,SCOPE_RESOLVED_EXCLUDED
gvs_b51096be6ab6b120,gvc_aec6dd812688,Standing Side Leg Raise Crunch,Standing Side Leg Raise Crunch,,NOT_NEEDED,Plyometrics,EXCLUDE_NON_MVP,Outside gym-first weight-training MVP default search,,unknown,하체,name,복직근,,name_high,,review,,BODY_MUSCLE_FAMILY_CONFLICT,1,0,1,SCOPE_RESOLVED_EXCLUDED
gvs_39ed23521bc16cd8,gvc_0354fbc42818,Standing Side Neck Stretch,Standing Side Neck Stretch,,NOT_NEEDED,Neck,EXCLUDE_NON_MVP,Outside gym-first weight-training MVP default search,,unknown,기타,source,,,unsupported,,review,duration,,2,0,2,SCOPE_RESOLVED_EXCLUDED
gvs_9c9265addfa9c889,gvc_1bfcb6d23d59,Standing Side Tap Back Tap,Standing Side Tap Back Tap,,NOT_NEEDED,Plyometrics,EXCLUDE_NON_MVP,Outside gym-first weight-training MVP default search,,unknown,,unknown,,,unsupported,,review,,,1,0,1,SCOPE_RESOLVED_EXCLUDED
gvs_ae30f909fe2b10d5,gvc_a909081619fc,Standing Side To Cross Crunch,Standing Side To Cross Crunch,,NOT_NEEDED,Plyometrics,EXCLUDE_NON_MVP,Outside gym-first weight-training MVP default search,,unknown,코어,name,복직근,,name_high,,review,,,1,0,1,SCOPE_RESOLVED_EXCLUDED
gvs_c90e778da2c4ab21,gvc_5d4fa8c8e777,Standing Single Air Bike,Standing Single Air Bike,,NOT_NEEDED,Plyometrics,EXCLUDE_NON_MVP,Outside gym-first weight-training MVP default search,,unknown,,unknown,,,unsupported,,review,,,1,1,0,SCOPE_RESOLVED_EXCLUDED
gvs_f0f4ca2c6377b9c2,gvc_ad80d0f5c4e8,Standing One Arm Chest Stretch,Standing Single Arm Chest Stretch,,NOT_NEEDED,Chest,EXCLUDE_NON_MVP,Outside gym-first weight-training MVP default search,Bodyweight,inferred_bodyweight,가슴,source,,,unsupported,reps,bodyweight,duration,,2,2,0,SCOPE_RESOLVED_EXCLUDED
gvs_b44e9bd9c644f2dd,gvc_59aaab6ff284,Standing Single Chest Stretch Against Wall (,Standing Single Chest Stretch Against Wall,,NOT_NEEDED,,EXCLUDE_NON_MVP,Outside gym-first weight-training MVP default search,,unknown,가슴,name,,,unsupported,,review,duration,,1,0,1,SCOPE_RESOLVED_EXCLUDED
gvs_657a91e19a303de1,gvc_ba160fe6f420,Standing Single Leg Kick And Rotate,Standing Single Leg Kick And Rotate,,NOT_NEEDED,Plyometrics,EXCLUDE_NON_MVP,Outside gym-first weight-training MVP default search,,unknown,하체,name,,,unsupported,,review,,,1,0,1,SCOPE_RESOLVED_EXCLUDED
gvs_fa160cbe9e29a230,gvc_4c2ca5caaeee,Standing Single Shoulder Stretch Wall Supported (f,Standing Single Shoulder Stretch Wall Supported,,NOT_NEEDED,,EXCLUDE_NON_MVP,Outside gym-first weight-training MVP default search,,unknown,어깨,name,,,unsupported,,review,duration,,1,0,1,SCOPE_RESOLVED_EXCLUDED
gvs_eb94cb88b36f7c76,gvc_b61df2ba081e,Standing Split Yoga Pose Urdhva Prasarita Eka Pada,Standing Split Yoga Pose Urdhva Prasarita Eka Pada,,NOT_NEEDED,,EXCLUDE_NON_MVP,Outside gym-first weight-training MVP default search,,unknown,,unknown,,,unsupported,,review,duration,,1,0,1,SCOPE_RESOLVED_EXCLUDED
gvs_54d6add6f574d984,gvc_65f696b63124,Standing Sprint,Standing Sprint,,NOT_NEEDED,Plyometrics,EXCLUDE_NON_MVP,Outside gym-first weight-training MVP default search,,unknown,,unknown,,,unsupported,,review,,,1,1,0,SCOPE_RESOLVED_EXCLUDED
gvs_efe4c0c16b1de8e5,gvc_c608c0b75409,Standing Stepback,Standing Stepback,,NOT_NEEDED,Plyometrics,EXCLUDE_NON_MVP,Outside gym-first weight-training MVP default search,,unknown,,unknown,,,unsupported,,review,,,1,0,1,SCOPE_RESOLVED_EXCLUDED
gvs_2f0961198f431e39,gvc_0359ffa956a0,Standing Swim And Jog,Standing Swim And Jog,,NOT_NEEDED,Plyometrics,EXCLUDE_NON_MVP,Outside gym-first weight-training MVP default search,,unknown,,unknown,,,unsupported,,review,,,1,0,1,SCOPE_RESOLVED_EXCLUDED
gvs_acb7f56fda25f007,gvc_cb565262d673,Standing Tibialis Anterior Stretch,Standing Tibialis Anterior Stretch,,NOT_NEEDED,Calves,EXCLUDE_NON_MVP,Outside gym-first weight-training MVP default search,Bodyweight,inferred_bodyweight,하체,source,,,unsupported,reps,bodyweight,duration,,1,0,1,SCOPE_RESOLVED_EXCLUDED
gvs_5c909e6de75b0939,gvc_3ffd70a3e7e2,Standing Top Clap Back Clap,Standing Top Clap Back Clap,,NOT_NEEDED,Stretching,EXCLUDE_NON_MVP,Outside gym-first weight-training MVP default search,,unknown,,unknown,,,unsupported,,review,,,1,1,0,SCOPE_RESOLVED_EXCLUDED
gvs_8c52974e2582bf68,gvc_7165c31acc92,Standing Top Corner Punch,Standing Top Corner Punch,,NOT_NEEDED,Plyometrics,EXCLUDE_NON_MVP,Outside gym-first weight-training MVP default search,,unknown,,unknown,,,unsupported,,review,,,1,1,0,SCOPE_RESOLVED_EXCLUDED
gvs_f1ee89e83e7ce6c6,gvc_53861313bb17,Standing Triceps Stretch Against Wall,Standing Triceps Stretch Against Wall,,NOT_NEEDED,Stretching,EXCLUDE_NON_MVP,Outside gym-first weight-training MVP default search,,unknown,팔,name,,,unsupported,,review,,,1,0,1,SCOPE_RESOLVED_EXCLUDED
gvs_7a5c6807a7cae5c7,gvc_0b7860fc705a,Standing Turn And Knee Raise,Standing Turn And Knee Raise,,NOT_NEEDED,Plyometrics,EXCLUDE_NON_MVP,Outside gym-first weight-training MVP default search,,unknown,,unknown,복직근,,name_high,,review,,,2,1,1,SCOPE_RESOLVED_EXCLUDED
gvs_ea2467e39153071b,gvc_7e6b9763c362,Standing Twist Air Bike,Standing Twist Air Bike,,NOT_NEEDED,Plyometrics,EXCLUDE_NON_MVP,Outside gym-first weight-training MVP default search,,unknown,,unknown,,,unsupported,,review,,,2,1,1,SCOPE_RESOLVED_EXCLUDED
gvs_4dfb0db2c6121f90,gvc_6e574676cca3,Standing Twist Stretch,Standing Twist Stretch,,NOT_NEEDED,Waist,EXCLUDE_NON_MVP,Outside gym-first weight-training MVP default search,Bodyweight,inferred_bodyweight,코어,source,,,unsupported,reps,bodyweight,duration,,1,0,1,SCOPE_RESOLVED_EXCLUDED
gvs_c6520ca452472ada,gvc_af3bc71a2ad7,Standing Under Knee Clap,Standing Under Knee Clap,,NOT_NEEDED,Plyometrics,EXCLUDE_NON_MVP,Outside gym-first weight-training MVP default search,,unknown,,unknown,,,unsupported,,review,,,1,1,0,SCOPE_RESOLVED_EXCLUDED
gvs_d862b5e0bcf1c45a,gvc_8fb599a375f3,Standing Up Raise Side Twist,Standing Up Raise Side Twist,,NOT_NEEDED,Plyometrics,EXCLUDE_NON_MVP,Outside gym-first weight-training MVP default search,,unknown,,unknown,,,unsupported,,review,,,1,0,1,SCOPE_RESOLVED_EXCLUDED
gvs_83fce7af15b5648f,gvc_d68c5d0a7c9e,Standing Upper Back And Shoulder Stretch,Standing Upper Back And Shoulder Stretch,,NOT_NEEDED,,EXCLUDE_NON_MVP,Outside gym-first weight-training MVP default search,,unknown,어깨,name,,,unsupported,,review,duration,,1,0,1,SCOPE_RESOLVED_EXCLUDED
gvs_a396617732d5164f,gvc_299b5405076f,Standing Upright Shoulders Stretch,Standing Upright Shoulders Stretch,,NOT_NEEDED,Shoulders,EXCLUDE_NON_MVP,Outside gym-first weight-training MVP default search,Bodyweight,inferred_bodyweight,어깨,source,,,unsupported,reps,bodyweight,duration,,1,1,0,SCOPE_RESOLVED_EXCLUDED
gvs_79d0da7b6bfbe9e3,gvc_930e1e94cb3e,Standing Wide Good Morning,Standing Wide Good Morning,,NOT_NEEDED,Stretching,EXCLUDE_NON_MVP,Outside gym-first weight-training MVP default search,,unknown,,unknown,,,unsupported,,review,,,2,1,1,SCOPE_RESOLVED_EXCLUDED
gvs_85da987a18db079c,gvc_ed324fbbbc2e,Standing Wide Good Morning (advanced),Standing Wide Good Morning (Advanced),,NOT_NEEDED,Stretching,EXCLUDE_NON_MVP,Outside gym-first weight-training MVP default search,,unknown,,unknown,,,unsupported,,review,,,1,0,1,SCOPE_RESOLVED_EXCLUDED
gvs_070b82163a830ba0,gvc_358d0daede72,Standing Wide Stance Air Bike,Standing Wide Stance Air Bike,,NOT_NEEDED,Plyometrics,EXCLUDE_NON_MVP,Outside gym-first weight-training MVP default search,,unknown,,unknown,,,unsupported,,review,,,1,0,1,SCOPE_RESOLVED_EXCLUDED
gvs_50c03fc5ca602e21,gvc_4577fe1f7cb4,Star Jump,Star Jump,,NOT_NEEDED,Plyometrics,EXCLUDE_NON_MVP,Outside gym-first weight-training MVP default search,,unknown,,unknown,,,unsupported,,review,,,1,1,0,SCOPE_RESOLVED_EXCLUDED
gvs_934578cf4df4b7bf,gvc_228878d6c03d,Star Obliques Twist High Knee,Star Obliques Twist High Knee,,NOT_NEEDED,Plyometrics,EXCLUDE_NON_MVP,Outside gym-first weight-training MVP default search,,unknown,,unknown,,,unsupported,,review,,,2,1,1,SCOPE_RESOLVED_EXCLUDED
gvs_18f2364564fd6421,gvc_3266cbdba52c,Star Reach Side Leg Lift,Star Reach Side Leg Lift,,NOT_NEEDED,Plyometrics,EXCLUDE_NON_MVP,Outside gym-first weight-training MVP default search,,unknown,하체,name,,,unsupported,,review,,,1,0,1,SCOPE_RESOLVED_EXCLUDED
gvs_43270cb2b9ca9f80,gvc_0e911800487e,Static Lunge Rotational Chop,Static Lunge Rotational Chop,,NOT_NEEDED,Plyometrics,EXCLUDE_NON_MVP,Outside gym-first weight-training MVP default search,,unknown,하체,name,대퇴사두근,둔근,name_high,,review,,,1,1,0,SCOPE_RESOLVED_EXCLUDED
gvs_dd54296b246e088b,gvc_a55de443c85c;gvc_a55deb43c85c,Stationary Bike Run (version 3) | Stationary Bike Run (version 4),Stationary Bike Run,,NOT_NEEDED,Cardio,EXCLUDE_NON_MVP,Outside gym-first weight-training MVP default search,,unknown,,unknown,,,unsupported,,review,,,3,1,2,SCOPE_RESOLVED_EXCLUDED
gvs_53725678539bf45e,gvc_244e3f9b7df8,Stationary Bike Walk,Stationary Bike Walk,,NOT_NEEDED,Cardio,EXCLUDE_NON_MVP,Outside gym-first weight-training MVP default search,,unknown,,unknown,,,unsupported,,review,,,1,1,0,SCOPE_RESOLVED_EXCLUDED
gvs_41ed5770eecc5a16,gvc_d4cbef0cb513,Step Jack,Step Jack,,NOT_NEEDED,Plyometrics,EXCLUDE_NON_MVP,Outside gym-first weight-training MVP default search,,unknown,,unknown,,,unsupported,,review,,,1,1,0,SCOPE_RESOLVED_EXCLUDED
gvs_077db9cba6d3ff63,gvc_b621ce600b75,Step Jack Punch,Step Jack Punch,,NOT_NEEDED,Plyometrics,EXCLUDE_NON_MVP,Outside gym-first weight-training MVP default search,,unknown,,unknown,,,unsupported,,review,,,1,0,1,SCOPE_RESOLVED_EXCLUDED
gvs_09001ff81218cb9a,gvc_850b6917b259,Step Knee Thrust,Step Knee Thrust,,NOT_NEEDED,Plyometrics,EXCLUDE_NON_MVP,Outside gym-first weight-training MVP default search,,unknown,,unknown,,,unsupported,,review,,,2,1,1,SCOPE_RESOLVED_EXCLUDED
gvs_5a515c8cc2f88136,gvc_809c46a2e811,Step On Spot,Step On Spot,,NOT_NEEDED,Cardio,EXCLUDE_NON_MVP,Outside gym-first weight-training MVP default search,,unknown,,unknown,,,unsupported,,review,,,2,1,1,SCOPE_RESOLVED_EXCLUDED
gvs_4a6264e942ba6509,gvc_d4399a2a5212,Step Out Side Bend,Step Out Side Bend,,NOT_NEEDED,Plyometrics,EXCLUDE_NON_MVP,Outside gym-first weight-training MVP default search,,unknown,코어,name,복사근,코어,name_high,,review,,,1,0,1,SCOPE_RESOLVED_EXCLUDED
gvs_74d9414b48d5fb7b,gvc_06ba463dc42f,Step Out Twist Hand Swipes,Step Out Twist Hand Swipes,,NOT_NEEDED,Plyometrics,EXCLUDE_NON_MVP,Outside gym-first weight-training MVP default search,,unknown,,unknown,,,unsupported,,review,,,1,0,1,SCOPE_RESOLVED_EXCLUDED
gvs_0efa1340d25f3d5a,gvc_109ae1a68dc5,Step Squat Jack,Step Squat Jack,,NOT_NEEDED,Plyometrics,EXCLUDE_NON_MVP,Outside gym-first weight-training MVP default search,,unknown,하체,name,대퇴사두근,둔근,name_high,,review,,,1,1,0,SCOPE_RESOLVED_EXCLUDED
gvs_f4e084d10bd8bf7d,gvc_07f9c5020160,Step Up With Knee Drive,Step Up With Knee Drive,,NOT_NEEDED,Plyometrics,EXCLUDE_NON_MVP,Outside gym-first weight-training MVP default search,,unknown,하체,name,대퇴사두근,둔근,name_high,,review,,,1,1,0,SCOPE_RESOLVED_EXCLUDED
gvs_e58aa24927cbeced,gvc_d59f78f3ec2c,Stepback Air Bike,Stepback Air Bike,,NOT_NEEDED,Plyometrics,EXCLUDE_NON_MVP,Outside gym-first weight-training MVP default search,,unknown,,unknown,,,unsupported,,review,,,1,1,0,SCOPE_RESOLVED_EXCLUDED
gvs_eb1b2447aaf9ca9f,gvc_bcc6a89733d8,Stepback And Forward Kick,Stepback And Forward Kick,,NOT_NEEDED,Plyometrics,EXCLUDE_NON_MVP,Outside gym-first weight-training MVP default search,,unknown,,unknown,,,unsupported,,review,,,1,0,1,SCOPE_RESOLVED_EXCLUDED
gvs_60ae47edcb95d55d,gvc_d19104a1c3c3,Stepback Flap,Stepback Flap,,NOT_NEEDED,Plyometrics,EXCLUDE_NON_MVP,Outside gym-first weight-training MVP default search,,unknown,,unknown,,,unsupported,,review,,,2,1,1,SCOPE_RESOLVED_EXCLUDED
gvs_2f533f7f0212efa7,gvc_a3dbe1861ce6,Stepback Floor Tap Diagonal Reach,Stepback Floor Tap Diagonal Reach,,NOT_NEEDED,Plyometrics,EXCLUDE_NON_MVP,Outside gym-first weight-training MVP default search,,unknown,,unknown,,,unsupported,,review,,,1,1,0,SCOPE_RESOLVED_EXCLUDED
gvs_89d2cfe2f5f7dad4,gvc_1596a04a809f,Stepback Front Kick Arms Raise,Stepback Front Kick Arms Raise,,NOT_NEEDED,Plyometrics,EXCLUDE_NON_MVP,Outside gym-first weight-training MVP default search,,unknown,,unknown,,,unsupported,,review,,,1,0,1,SCOPE_RESOLVED_EXCLUDED
gvs_8d9be2f3ad70c9bb,gvc_3ef9b2ecf019,Stepback Oblique Twist,Stepback Oblique Twist,,NOT_NEEDED,Plyometrics,EXCLUDE_NON_MVP,Outside gym-first weight-training MVP default search,,unknown,,unknown,,,unsupported,,review,,,1,0,1,SCOPE_RESOLVED_EXCLUDED
gvs_f258a6c8bacdca32,gvc_638bd236e304,Stepback Opposite Crunch,Stepback Opposite Crunch,,NOT_NEEDED,Plyometrics,EXCLUDE_NON_MVP,Outside gym-first weight-training MVP default search,,unknown,코어,name,복직근,,name_high,,review,,,1,1,0,SCOPE_RESOLVED_EXCLUDED
gvs_cc5b226bba74fefb,gvc_df75786a5592,Stepback Opposite Grab,Stepback Opposite Grab,,NOT_NEEDED,Plyometrics,EXCLUDE_NON_MVP,Outside gym-first weight-training MVP default search,,unknown,,unknown,,,unsupported,,review,,,1,0,1,SCOPE_RESOLVED_EXCLUDED
gvs_74c02751840606a9,gvc_a7fcb56a5a0f,Stepback Pulldown,Stepback Pulldown,,NOT_NEEDED,Plyometrics,EXCLUDE_NON_MVP,Outside gym-first weight-training MVP default search,,unknown,등,name,,,unsupported,,review,,,2,1,1,SCOPE_RESOLVED_EXCLUDED
gvs_76734b690f95c665,gvc_0ad0d84022a3,Stepback Row,Stepback Row,,NOT_NEEDED,Plyometrics,EXCLUDE_NON_MVP,Outside gym-first weight-training MVP default search,,unknown,등,name,등 상부 / 광배근,이두근,name_high,,review,,,1,0,1,SCOPE_RESOLVED_EXCLUDED
gvs_4a373b1e11187990,gvc_e812af1fbaf7,Stepback Side Bend,Stepback Side Bend,,NOT_NEEDED,Plyometrics,EXCLUDE_NON_MVP,Outside gym-first weight-training MVP default search,,unknown,코어,name,복사근,코어,name_high,,review,,,1,0,1,SCOPE_RESOLVED_EXCLUDED
gvs_5a37eeb1a0663f4d,gvc_61875c81aa95,Stepback With Coner Touch,Stepback With Coner Touch,,NOT_NEEDED,Plyometrics,EXCLUDE_NON_MVP,Outside gym-first weight-training MVP default search,,unknown,,unknown,,,unsupported,,review,,,1,1,0,SCOPE_RESOLVED_EXCLUDED
gvs_956621f844b87b5e,gvc_7ad55ab3c8bc,Stepback With Hands Raise,Stepback With Hands Raise,,NOT_NEEDED,Plyometrics,EXCLUDE_NON_MVP,Outside gym-first weight-training MVP default search,,unknown,,unknown,,,unsupported,,review,,,2,1,1,SCOPE_RESOLVED_EXCLUDED
gvs_67aef9b71c22eae7,gvc_1dce82c4c899,Stepback With Prayer Push,Stepback With Prayer Push,,NOT_NEEDED,Plyometrics,EXCLUDE_NON_MVP,Outside gym-first weight-training MVP default search,,unknown,,unknown,,,unsupported,,review,,,1,1,0,SCOPE_RESOLVED_EXCLUDED
gvs_1b6cfab1ba951c21,gvc_febbae550df0,Stepback With Push,Stepback With Push,,NOT_NEEDED,Plyometrics,EXCLUDE_NON_MVP,Outside gym-first weight-training MVP default search,,unknown,,unknown,,,unsupported,,review,,,2,1,1,SCOPE_RESOLVED_EXCLUDED
gvs_4178f9cf8e11b7f7,gvc_b0ff88564714,Stepjack Back Squeeze,Stepjack Back Squeeze,,NOT_NEEDED,Plyometrics,EXCLUDE_NON_MVP,Outside gym-first weight-training MVP default search,,unknown,,unknown,,,unsupported,,review,,,1,0,1,SCOPE_RESOLVED_EXCLUDED
gvs_7f94302a302cdd48,gvc_16f75507a01a,Stepjack Front Raise,Stepjack Front Raise,,NOT_NEEDED,Plyometrics,EXCLUDE_NON_MVP,Outside gym-first weight-training MVP default search,,unknown,어깨,name,전면 삼각근,,name_high,,review,,,2,1,1,SCOPE_RESOLVED_EXCLUDED
gvs_2012fb74a136d342,gvc_2e646675eb15,Stepjack Inner Biceps Curl,Stepjack Inner Biceps Curl,,NOT_NEEDED,Plyometrics,EXCLUDE_NON_MVP,Outside gym-first weight-training MVP default search,,unknown,팔,name,이두근,,name_high,,review,,,2,1,1,SCOPE_RESOLVED_EXCLUDED
gvs_8015d50d56320121,gvc_6a605b9e2ec5,Stepjack Overhead Press,Stepjack Overhead Press,,NOT_NEEDED,Plyometrics,EXCLUDE_NON_MVP,Outside gym-first weight-training MVP default search,,unknown,어깨,name,삼각근,삼두근,name_high,,review,,,1,0,1,SCOPE_RESOLVED_EXCLUDED
gvs_22c74c9f517d00bf,gvc_c7b64c5dc5b7,Stick Lat Stretch,Stick Lat Stretch,,NOT_NEEDED,Back,EXCLUDE_NON_MVP,Outside gym-first weight-training MVP default search,Bodyweight,inferred_bodyweight,등,source,,,unsupported,reps,bodyweight,duration,,1,0,1,SCOPE_RESOLVED_EXCLUDED
gvs_54ff30731b3c7fc3,gvc_4cc260a3d1d8,Stick Lunge With Overhead Raise Stretch T,Stick Lunge With Overhead Raise Stretch T,,NOT_NEEDED,,EXCLUDE_NON_MVP,Outside gym-first weight-training MVP default search,,unknown,하체,name,대퇴사두근,둔근,name_high,,review,duration,,1,0,1,SCOPE_RESOLVED_EXCLUDED
gvs_0c7e702d18b624d9,gvc_79df77b79a28,Stick Overhead Full Sumo Squat Stretch,Stick Overhead Full Sumo Squat Stretch,,NOT_NEEDED,Hips,EXCLUDE_NON_MVP,Outside gym-first weight-training MVP default search,Bodyweight,inferred_bodyweight,하체,source,대퇴사두근,둔근,name_high,reps,bodyweight,duration,,1,0,1,SCOPE_RESOLVED_EXCLUDED
gvs_0925599475d17a5e,gvc_a83110e372b3,Stick Pass Around Stretch,Stick Pass Around Stretch,,NOT_NEEDED,Shoulders,EXCLUDE_NON_MVP,Outside gym-first weight-training MVP default search,Bodyweight,inferred_bodyweight,어깨,source,,,unsupported,reps,bodyweight,duration,,1,0,1,SCOPE_RESOLVED_EXCLUDED
gvs_8113bc0b99246edb,gvc_4363687d891d,Stick Shoulders Stretch,Stick Shoulders Stretch,,NOT_NEEDED,Shoulders,EXCLUDE_NON_MVP,Outside gym-first weight-training MVP default search,Bodyweight,inferred_bodyweight,어깨,source,,,unsupported,reps,bodyweight,duration,,1,0,1,SCOPE_RESOLVED_EXCLUDED
gvs_c48b0df0feea767a,gvc_bce96fb9f4bf,Stick Side Bend Stretch,Stick Side Bend Stretch,,NOT_NEEDED,Waist,EXCLUDE_NON_MVP,Outside gym-first weight-training MVP default search,Bodyweight,inferred_bodyweight,코어,source,복사근,코어,name_high,reps,bodyweight,duration,,1,0,1,SCOPE_RESOLVED_EXCLUDED
gvs_eac175cc06e80556,gvc_a9fc0c09e6a1,Stick Side To Front Bend Stretch,Stick Side To Front Bend Stretch,,NOT_NEEDED,Waist,EXCLUDE_NON_MVP,Outside gym-first weight-training MVP default search,Bodyweight,inferred_bodyweight,코어,source,,,unsupported,reps,bodyweight,duration,,1,0,1,SCOPE_RESOLVED_EXCLUDED
gvs_86f5974447350b22,gvc_7f9e41f80d5c,Stick Standing Twist Stretch,Stick Standing Twist Stretch,,NOT_NEEDED,Waist,EXCLUDE_NON_MVP,Outside gym-first weight-training MVP default search,Bodyweight,inferred_bodyweight,코어,source,,,unsupported,reps,bodyweight,duration,,1,0,1,SCOPE_RESOLVED_EXCLUDED
gvs_101e7784a45ca702,gvc_4e0ec2718863,Stick Subscapularis Muscle Relax,Stick Subscapularis Muscle Relax,,NOT_NEEDED,Stretching,EXCLUDE_NON_MVP,Outside gym-first weight-training MVP default search,,unknown,,unknown,,,unsupported,,review,,,1,1,0,SCOPE_RESOLVED_EXCLUDED
gvs_0c2432ad80e05e21,gvc_3bbd29404cbb,Stick Twist Lunge Stretch,Stick Twist Lunge Stretch,,NOT_NEEDED,Thighs,EXCLUDE_NON_MVP,Outside gym-first weight-training MVP default search,Bodyweight,inferred_bodyweight,하체,source,대퇴사두근,둔근,name_high,reps,bodyweight,duration,,1,0,1,SCOPE_RESOLVED_EXCLUDED
gvs_b1a5af5581262669,gvc_3d098d45cdc8,Straight Arm Double Knee Drive,Straight Arm Double Knee Drive,,NOT_NEEDED,Plyometrics,EXCLUDE_NON_MVP,Outside gym-first weight-training MVP default search,,unknown,,unknown,,,unsupported,,review,,,1,1,0,SCOPE_RESOLVED_EXCLUDED
gvs_ad338a2083b581aa,gvc_4b71607278bf,Sumo Hip Twist Stretch,Sumo Hip Twist Stretch,,NOT_NEEDED,Stretching,EXCLUDE_NON_MVP,Outside gym-first weight-training MVP default search,,unknown,,unknown,,,unsupported,,review,,,2,1,1,SCOPE_RESOLVED_EXCLUDED
gvs_fe5904dfc446f1af,gvc_25cb947bc451,Sumo Quarter Squat Alternate Tip Toe,Sumo Quarter Squat Alternate Tip Toe,,NOT_NEEDED,Plyometrics,EXCLUDE_NON_MVP,Outside gym-first weight-training MVP default search,,unknown,하체,name,대퇴사두근,둔근,name_high,,review,,,1,0,1,SCOPE_RESOLVED_EXCLUDED
gvs_33e478a0b953ab82,gvc_91193fb64427,Sumo Squat And Side Knee Raise,Sumo Squat And Side Knee Raise,,NOT_NEEDED,Plyometrics,EXCLUDE_NON_MVP,Outside gym-first weight-training MVP default search,,unknown,하체,name,대퇴사두근,둔근,name_high,,review,,,1,0,1,SCOPE_RESOLVED_EXCLUDED
gvs_e16ed967c29323ef,gvc_1d0218ed98b7,Superman Chest Stretch,Superman Chest Stretch,,NOT_NEEDED,Hips,EXCLUDE_NON_MVP,Outside gym-first weight-training MVP default search,Bodyweight,inferred_bodyweight,하체,source,,,unsupported,reps,bodyweight,duration,,1,1,0,SCOPE_RESOLVED_EXCLUDED
gvs_f555242027168ed6,gvc_70b5dcd07f79,Supination Bar Suspension Stretch,Supination Bar Suspension Stretch,,NOT_NEEDED,Upper-Arms,EXCLUDE_NON_MVP,Outside gym-first weight-training MVP default search,Bodyweight,inferred_bodyweight,팔,source,,,unsupported,reps,bodyweight,duration,,1,1,0,SCOPE_RESOLVED_EXCLUDED
gvs_33be61a8b650684a,gvc_b0b21c5dbf90,Supine Spinal Twist Yoga Pose,Supine Spinal Twist Yoga Pose,,NOT_NEEDED,Hips,EXCLUDE_NON_MVP,Outside gym-first weight-training MVP default search,Bodyweight,inferred_bodyweight,하체,source,,,unsupported,reps,bodyweight,duration,,1,1,0,SCOPE_RESOLVED_EXCLUDED
gvs_8566299c417816ee,gvc_e801aead77fa,Suspender Mountain Climber,Suspender Mountain Climber,,NOT_NEEDED,Hips,EXCLUDE_NON_MVP,Outside gym-first weight-training MVP default search,Suspension Trainer,name,하체,source,,,unsupported,,review_equipment_semantics,reps,,1,0,1,SCOPE_RESOLVED_EXCLUDED
gvs_58ff940af1340e0c,gvc_5cd32a7dfdc2,Suspender Mountain Climber Push Up,Suspender Mountain Climber Push Up,,NOT_NEEDED,Waist,EXCLUDE_NON_MVP,Outside gym-first weight-training MVP default search,Suspension Trainer,name,코어,source,,,unsupported,,review_equipment_semantics,reps,,1,0,1,SCOPE_RESOLVED_EXCLUDED
gvs_b37d0676da39a328,gvc_0459ecece9e7,Swan Dive Pilates,Swan Dive Pilates,,NOT_NEEDED,Stretching,EXCLUDE_NON_MVP,Outside gym-first weight-training MVP default search,,unknown,,unknown,,,unsupported,,review,,,1,0,1,SCOPE_RESOLVED_EXCLUDED
gvs_16c998fe6e4604a4,gvc_fce6fee5ad24,Sweep March,Sweep March,,NOT_NEEDED,Plyometrics,EXCLUDE_NON_MVP,Outside gym-first weight-training MVP default search,,unknown,,unknown,,,unsupported,,review,,,1,0,1,SCOPE_RESOLVED_EXCLUDED
gvs_0b0116eae6def420,gvc_369da03b2f8d,Swim Leg Circle,Swim Leg Circle,,NOT_NEEDED,Plyometrics,EXCLUDE_NON_MVP,Outside gym-first weight-training MVP default search,,unknown,하체,name,,,unsupported,,review,,,2,1,1,SCOPE_RESOLVED_EXCLUDED
gvs_a8cbde80cfe1127e,gvc_fa29c1d4fa81,Swimming Crawl Style,Swimming Crawl Style,,NOT_NEEDED,Plyometrics,EXCLUDE_NON_MVP,Outside gym-first weight-training MVP default search,,unknown,,unknown,,,unsupported,,review,,,2,1,1,SCOPE_RESOLVED_EXCLUDED
gvs_df712bdfa866ae27,gvc_b2acd4d64254,Swimming Side Steps,Swimming Side Steps,,NOT_NEEDED,Plyometrics,EXCLUDE_NON_MVP,Outside gym-first weight-training MVP default search,,unknown,,unknown,,,unsupported,,review,,,2,1,1,SCOPE_RESOLVED_EXCLUDED
gvs_53cfc75fce2d804f,gvc_5133a3b413e2,Swimming Stepback,Swimming Stepback,,NOT_NEEDED,Plyometrics,EXCLUDE_NON_MVP,Outside gym-first weight-training MVP default search,,unknown,,unknown,,,unsupported,,review,,,1,0,1,SCOPE_RESOLVED_EXCLUDED
gvs_1b18b978695212be,gvc_31a4ea7e1934,Swing And Froward Step,Swing And Froward Step,,NOT_NEEDED,Plyometrics,EXCLUDE_NON_MVP,Outside gym-first weight-training MVP default search,,unknown,,unknown,,,unsupported,,review,,,1,1,0,SCOPE_RESOLVED_EXCLUDED
gvs_7b41cb8d5feefc05,gvc_19df3f1835b7,Swing And Hops,Swing And Hops,,NOT_NEEDED,Plyometrics,EXCLUDE_NON_MVP,Outside gym-first weight-training MVP default search,,unknown,,unknown,,,unsupported,,review,,,1,1,0,SCOPE_RESOLVED_EXCLUDED
gvs_ef027b791742b4e1,gvc_c331aa1bb5d7,Swing Back Knee Drives,Swing Back Knee Drives,,NOT_NEEDED,Plyometrics,EXCLUDE_NON_MVP,Outside gym-first weight-training MVP default search,,unknown,,unknown,,,unsupported,,review,,,1,0,1,SCOPE_RESOLVED_EXCLUDED
gvs_fb4df11256efaa80,gvc_5efbcd486881,Swing Torso Twist,Swing Torso Twist,,NOT_NEEDED,Plyometrics,EXCLUDE_NON_MVP,Outside gym-first weight-training MVP default search,,unknown,,unknown,,,unsupported,,review,,,2,1,1,SCOPE_RESOLVED_EXCLUDED
gvs_118ee85eb9f46acc,gvc_46312457f705,Swinging Arms Jump Split Lunge,Swinging Arms Jump Split Lunge,,NOT_NEEDED,Plyometrics,EXCLUDE_NON_MVP,Outside gym-first weight-training MVP default search,,unknown,하체,name,대퇴사두근,둔근,name_high,,review,,,1,1,0,SCOPE_RESOLVED_EXCLUDED
gvs_f0742d0454bbf422,gvc_f3a2163e2f94,Swipe Butt Kick,Swipe Butt Kick,,NOT_NEEDED,Plyometrics,EXCLUDE_NON_MVP,Outside gym-first weight-training MVP default search,,unknown,,unknown,,,unsupported,,review,,,1,0,1,SCOPE_RESOLVED_EXCLUDED
gvs_f6b46504676e1496,gvc_0aef12ed2d77,Swipe Kickback,Swipe Kickback,,NOT_NEEDED,Plyometrics,EXCLUDE_NON_MVP,Outside gym-first weight-training MVP default search,,unknown,,unknown,,,unsupported,,review,,,1,1,0,SCOPE_RESOLVED_EXCLUDED
gvs_db1bc1990e98b9b5,gvc_40e00d0173eb,Switching Downward Punch,Switching Downward Punch,,NOT_NEEDED,Plyometrics,EXCLUDE_NON_MVP,Outside gym-first weight-training MVP default search,,unknown,,unknown,,,unsupported,,review,,,1,1,0,SCOPE_RESOLVED_EXCLUDED
gvs_e7333706023159ac,gvc_38d64881afe0,Switching Hops,Switching Hops,,NOT_NEEDED,Plyometrics,EXCLUDE_NON_MVP,Outside gym-first weight-training MVP default search,,unknown,,unknown,,,unsupported,,review,,,1,1,0,SCOPE_RESOLVED_EXCLUDED
gvs_87b67c2985007a09,gvc_e92341c6e6eb,Switching Shoulder Rotation Stretch,Switching Shoulder Rotation Stretch,,NOT_NEEDED,Shoulders,EXCLUDE_NON_MVP,Outside gym-first weight-training MVP default search,Bodyweight,inferred_bodyweight,어깨,source,,,unsupported,reps,bodyweight,duration,,1,0,1,SCOPE_RESOLVED_EXCLUDED
gvs_bca5f41861215da6,gvc_390353fb2731,T Spine Opener,T Spine Opener,,NOT_NEEDED,Stretching,EXCLUDE_NON_MVP,Outside gym-first weight-training MVP default search,,unknown,,unknown,,,unsupported,,review,,,1,0,1,SCOPE_RESOLVED_EXCLUDED
gvs_9666bc0e2b7f3e78,gvc_4a788e364613,T Twist Knee Drive,T Twist Knee Drive,,NOT_NEEDED,Plyometrics,EXCLUDE_NON_MVP,Outside gym-first weight-training MVP default search,,unknown,,unknown,,,unsupported,,review,,,1,1,0,SCOPE_RESOLVED_EXCLUDED
gvs_d4678213b401695b,gvc_8b68b425b1a6,Teaser Pilates Stretching,Teaser Pilates Stretching,,NOT_NEEDED,,EXCLUDE_NON_MVP,Outside gym-first weight-training MVP default search,,unknown,,unknown,,,unsupported,,review,,,1,0,1,SCOPE_RESOLVED_EXCLUDED
gvs_830cf0bb2dad2c43,gvc_67d9b5564e00,Thoracic Bridge,Thoracic Bridge,,NOT_NEEDED,Stretching,EXCLUDE_NON_MVP,Outside gym-first weight-training MVP default search,,unknown,,unknown,,,unsupported,,review,,,1,1,0,SCOPE_RESOLVED_EXCLUDED
gvs_2ff07564795c34b2,gvc_81db3e819407,Thread The Needle Pose,Thread The Needle Pose,,NOT_NEEDED,Stretching,EXCLUDE_NON_MVP,Outside gym-first weight-training MVP default search,,unknown,,unknown,,,unsupported,,review,,,1,0,1,SCOPE_RESOLVED_EXCLUDED
gvs_8835615f9bd2c117,gvc_725ea38452ba,Tiger Curl Pose,Tiger Curl Pose,,NOT_NEEDED,Stretching,EXCLUDE_NON_MVP,Outside gym-first weight-training MVP default search,,unknown,팔,name,,,unsupported,,review,,,1,0,1,SCOPE_RESOLVED_EXCLUDED
gvs_931b050ef1beb4bc,gvc_72d912c8d0c7,Tight Rope Walk,Tight Rope Walk,,NOT_NEEDED,Plyometrics,EXCLUDE_NON_MVP,Outside gym-first weight-training MVP default search,Rope,source,,unknown,,,unsupported,,review,,,1,1,0,SCOPE_RESOLVED_EXCLUDED
gvs_704223894b0e3639,gvc_6eaed26a9b6b,Tip Toe Knee Thrust,Tip Toe Knee Thrust,,NOT_NEEDED,Plyometrics,EXCLUDE_NON_MVP,Outside gym-first weight-training MVP default search,,unknown,,unknown,,,unsupported,,review,,,1,0,1,SCOPE_RESOLVED_EXCLUDED
gvs_3c3f089668b45064,gvc_491a8baa7f44,Tip Toe Walking,Tip Toe Walking,,NOT_NEEDED,Plyometrics,EXCLUDE_NON_MVP,Outside gym-first weight-training MVP default search,,unknown,,unknown,,,unsupported,,review,,,1,1,0,SCOPE_RESOLVED_EXCLUDED
gvs_e20d6e7472da8bfe,gvc_e077b54b1b25,Toe Jump,Toe Jump,,NOT_NEEDED,Plyometrics,EXCLUDE_NON_MVP,Outside gym-first weight-training MVP default search,,unknown,,unknown,,,unsupported,,review,,,1,0,1,SCOPE_RESOLVED_EXCLUDED
gvs_8b18bce6e5d9b2d4,gvc_19ff1afbfc85,Toe Squat Yoga Pose,Toe Squat Yoga Pose,,NOT_NEEDED,Stretching,EXCLUDE_NON_MVP,Outside gym-first weight-training MVP default search,,unknown,하체,name,대퇴사두근,둔근,name_high,,review,,,1,0,1,SCOPE_RESOLVED_EXCLUDED
gvs_8f4fe91d63d4aad5,gvc_6180cda01191,Toe Tap Split Jump,Toe Tap Split Jump,,NOT_NEEDED,Plyometrics,EXCLUDE_NON_MVP,Outside gym-first weight-training MVP default search,,unknown,,unknown,,,unsupported,,review,,,1,1,0,SCOPE_RESOLVED_EXCLUDED
gvs_854283d3b0ff5b3b,gvc_7971ff260920,Top Bottom Punch Squat,Top Bottom Punch Squat,,NOT_NEEDED,Plyometrics,EXCLUDE_NON_MVP,Outside gym-first weight-training MVP default search,,unknown,하체,name,대퇴사두근,둔근,name_high,,review,,,2,1,1,SCOPE_RESOLVED_EXCLUDED
gvs_a89a0ea4cc701152,gvc_ae4185df060d,Touchdown,Touchdown,,NOT_NEEDED,Plyometrics,EXCLUDE_NON_MVP,Outside gym-first weight-training MVP default search,,unknown,,unknown,,,unsupported,,review,,,2,1,1,SCOPE_RESOLVED_EXCLUDED
gvs_86438cac5afca306,gvc_5e94f4d08be0,Touchdown Heel Tap Jump,Touchdown Heel Tap Jump,,NOT_NEEDED,Plyometrics,EXCLUDE_NON_MVP,Outside gym-first weight-training MVP default search,,unknown,,unknown,,,unsupported,,review,,,1,1,0,SCOPE_RESOLVED_EXCLUDED
gvs_43fa805542fa5ae9,gvc_90996a4d5325,Toy Soldier Dynamic Stretch,Toy Soldier Dynamic Stretch,,NOT_NEEDED,Stretching,EXCLUDE_NON_MVP,Outside gym-first weight-training MVP default search,,unknown,,unknown,,,unsupported,,review,,,1,1,0,SCOPE_RESOLVED_EXCLUDED
gvs_33df31356f7a2df1,gvc_0ccf3a54ef32,Trap Bar Farmers Carry,Trap Bar Farmers Carry,,MANUAL,Thighs,EXCLUDE_RESERVED_RECORDING_MVP,Recording type is reserved and has no dedicated MVP UI,Trap Bar,source,하체,source,,,unsupported,distance_weight,reserved,distance_weight,,2,1,1,SCOPE_RESOLVED_EXCLUDED
gvs_b09904caf9d4335c,gvc_a6885c28c1dc,Tree Yoga Pose Open Chest,Tree Yoga Pose Open Chest,,NOT_NEEDED,Stretching,EXCLUDE_NON_MVP,Outside gym-first weight-training MVP default search,,unknown,가슴,name,,,unsupported,,review,,,1,0,1,SCOPE_RESOLVED_EXCLUDED
gvs_224d5d87a4cbc24f,gvc_6c1e3905d401,Tree Yoga Pose Vrksasana,Tree Yoga Pose Vrksasana,,NOT_NEEDED,Stretching,EXCLUDE_NON_MVP,Outside gym-first weight-training MVP default search,,unknown,,unknown,,,unsupported,,review,,,1,0,1,SCOPE_RESOLVED_EXCLUDED
gvs_e8c5a87c3153bc52,gvc_1ac087bc0155,Triangles (advanced),Triangles (Advanced),,NOT_NEEDED,Stretching,EXCLUDE_NON_MVP,Outside gym-first weight-training MVP default search,,unknown,,unknown,,,unsupported,,review,,,1,0,1,SCOPE_RESOLVED_EXCLUDED
gvs_3829c92fb695fc3f,gvc_1a3b49a43751,Triceps Extension Stepback,Triceps Extension Stepback,,NOT_NEEDED,Plyometrics,EXCLUDE_NON_MVP,Outside gym-first weight-training MVP default search,,unknown,팔,name,삼두근,,name_high,,review,,,2,1,1,SCOPE_RESOLVED_EXCLUDED
gvs_cc8e6e55a04d4985,gvc_9b0cfc405d4a,Triceps Kickback Heel Tap,Triceps Kickback Heel Tap,,NOT_NEEDED,Plyometrics,EXCLUDE_NON_MVP,Outside gym-first weight-training MVP default search,,unknown,팔,name,삼두근,,name_high,,review,,,1,0,1,SCOPE_RESOLVED_EXCLUDED
gvs_a1d3708ffebfc2d7,gvc_a43735314d6d,Trunk Twist Hop,Trunk Twist Hop,,NOT_NEEDED,Plyometrics,EXCLUDE_NON_MVP,Outside gym-first weight-training MVP default search,,unknown,,unknown,,,unsupported,,review,,,1,1,0,SCOPE_RESOLVED_EXCLUDED
gvs_55a6387d9d997a8d,gvc_3b51d444bad3,Tuck Jump (version 2),Tuck Jump,,NOT_NEEDED,Cardio,EXCLUDE_NON_MVP,Outside gym-first weight-training MVP default search,,unknown,,unknown,,,unsupported,,review,,,1,1,0,SCOPE_RESOLVED_EXCLUDED
gvs_01b14c383c63cb9a,gvc_0e79e8dc63cc,Tuck To Hamstring Stretch,Tuck To Hamstring Stretch,,NOT_NEEDED,Stretching,EXCLUDE_NON_MVP,Outside gym-first weight-training MVP default search,,unknown,하체,name,,,unsupported,,review,,,1,0,1,SCOPE_RESOLVED_EXCLUDED
gvs_17f055d463205da2,gvc_20fd18c7f225,Turn Knee Drive,Turn Knee Drive,,NOT_NEEDED,Plyometrics,EXCLUDE_NON_MVP,Outside gym-first weight-training MVP default search,,unknown,,unknown,,,unsupported,,review,,,1,0,1,SCOPE_RESOLVED_EXCLUDED
gvs_a1b1bc6ff8655877,gvc_537b45047ec4,Turn Side Step 4 Corner Touches,Turn Side Step 4 Corner Touches,,NOT_NEEDED,Plyometrics,EXCLUDE_NON_MVP,Outside gym-first weight-training MVP default search,,unknown,,unknown,,,unsupported,,review,,,1,1,0,SCOPE_RESOLVED_EXCLUDED
gvs_1d10af02b382c028,gvc_71a27ae955f3,Twist And Leg Lift,Twist And Leg Lift,,NOT_NEEDED,Plyometrics,EXCLUDE_NON_MVP,Outside gym-first weight-training MVP default search,,unknown,하체,name,,,unsupported,,review,,,1,1,0,SCOPE_RESOLVED_EXCLUDED
gvs_4913dae21389ffbc,gvc_31ccdf39b459,Twist And Side Crunch,Twist And Side Crunch,,NOT_NEEDED,Plyometrics,EXCLUDE_NON_MVP,Outside gym-first weight-training MVP default search,,unknown,코어,name,복사근,코어,name_high,,review,,,1,0,1,SCOPE_RESOLVED_EXCLUDED
gvs_b688d3cac0ed7d50,gvc_ec42e1aee4bc,Twist And Turn,Twist And Turn,,NOT_NEEDED,Plyometrics,EXCLUDE_NON_MVP,Outside gym-first weight-training MVP default search,,unknown,,unknown,,,unsupported,,review,,,1,0,1,SCOPE_RESOLVED_EXCLUDED
gvs_5663ca673a1b7b1f,gvc_f77aff664e90,Twist And Turn Punch,Twist And Turn Punch,,NOT_NEEDED,Plyometrics,EXCLUDE_NON_MVP,Outside gym-first weight-training MVP default search,,unknown,,unknown,,,unsupported,,review,,,1,0,1,SCOPE_RESOLVED_EXCLUDED
gvs_0e3d3eca2eba3c44,gvc_f7890b5b6ea7,Twist Chest Out,Twist Chest Out,,NOT_NEEDED,Plyometrics,EXCLUDE_NON_MVP,Outside gym-first weight-training MVP default search,,unknown,가슴,name,,,unsupported,,review,,,1,0,1,SCOPE_RESOLVED_EXCLUDED
gvs_1eca40c46e2bddba,gvc_b646c168e175,Twist Front Raise,Twist Front Raise,,NOT_NEEDED,Plyometrics,EXCLUDE_NON_MVP,Outside gym-first weight-training MVP default search,,unknown,어깨,name,전면 삼각근,,name_high,,review,,,1,1,0,SCOPE_RESOLVED_EXCLUDED
gvs_d0777036a0c1ff0c,gvc_f36b58050d3f,Twist Knee Drive,Twist Knee Drive,,NOT_NEEDED,Plyometrics,EXCLUDE_NON_MVP,Outside gym-first weight-training MVP default search,,unknown,,unknown,,,unsupported,,review,,,1,1,0,SCOPE_RESOLVED_EXCLUDED
gvs_c6fa4f0093c6d086,gvc_cdb0a060c7c3,Twist Knee Raise Side Step Jack,Twist Knee Raise Side Step Jack,,NOT_NEEDED,Plyometrics,EXCLUDE_NON_MVP,Outside gym-first weight-training MVP default search,,unknown,,unknown,복직근,,name_high,,review,,,1,1,0,SCOPE_RESOLVED_EXCLUDED
gvs_3efce1abbd3de89b,gvc_5c22e35b28b2,Twist Knee Up Punch,Twist Knee Up Punch,,NOT_NEEDED,Plyometrics,EXCLUDE_NON_MVP,Outside gym-first weight-training MVP default search,,unknown,,unknown,,,unsupported,,review,,,1,1,0,SCOPE_RESOLVED_EXCLUDED
gvs_3d5062defa2c8898,gvc_8ecb5c30095e,Twist March,Twist March,,NOT_NEEDED,Plyometrics,EXCLUDE_NON_MVP,Outside gym-first weight-training MVP default search,,unknown,,unknown,,,unsupported,,review,,,2,1,1,SCOPE_RESOLVED_EXCLUDED
gvs_d10ef3f4ea984742,gvc_0c28e410c4df,Twist Punch Shuffle,Twist Punch Shuffle,,NOT_NEEDED,Plyometrics,EXCLUDE_NON_MVP,Outside gym-first weight-training MVP default search,,unknown,,unknown,,,unsupported,,review,,,1,1,0,SCOPE_RESOLVED_EXCLUDED
gvs_fdd32bf85b9c70ca,gvc_43b1dd2c532a,Twist Step Stretch,Twist Step Stretch,,NOT_NEEDED,Hips,EXCLUDE_NON_MVP,Outside gym-first weight-training MVP default search,Bodyweight,inferred_bodyweight,하체,source,,,unsupported,reps,bodyweight,duration,,1,0,1,SCOPE_RESOLVED_EXCLUDED
gvs_6c64a01aee0a1758,gvc_9992c9637ee5,Twist Stepback,Twist Stepback,,NOT_NEEDED,Plyometrics,EXCLUDE_NON_MVP,Outside gym-first weight-training MVP default search,,unknown,,unknown,,,unsupported,,review,,,1,0,1,SCOPE_RESOLVED_EXCLUDED
gvs_40ebf1caf9a23974,gvc_c2bcfdbbdbee,Twist Turn Chop,Twist Turn Chop,,NOT_NEEDED,Plyometrics,EXCLUDE_NON_MVP,Outside gym-first weight-training MVP default search,,unknown,,unknown,,,unsupported,,review,,,1,1,0,SCOPE_RESOLVED_EXCLUDED
gvs_5c3810b8cfbec036,gvc_100f6837c62b,Twist Turn Slam,Twist Turn Slam,,NOT_NEEDED,Plyometrics,EXCLUDE_NON_MVP,Outside gym-first weight-training MVP default search,,unknown,,unknown,,,unsupported,,review,,,2,1,1,SCOPE_RESOLVED_EXCLUDED
gvs_cf5187f82765a136,gvc_63ae8117c148,Twisted Leg Lunge Pose,Twisted Leg Lunge Pose,,NOT_NEEDED,Stretching,EXCLUDE_NON_MVP,Outside gym-first weight-training MVP default search,,unknown,하체,name,대퇴사두근,둔근,name_high,,review,,,1,0,1,SCOPE_RESOLVED_EXCLUDED
gvs_3d447fc7b70e764f,gvc_3620aa049476,Twisting Knee Thrust,Twisting Knee Thrust,,NOT_NEEDED,Plyometrics,EXCLUDE_NON_MVP,Outside gym-first weight-training MVP default search,,unknown,,unknown,,,unsupported,,review,,,2,1,1,SCOPE_RESOLVED_EXCLUDED
gvs_a18ea779bb1c19f1,gvc_9a8750f8b362,Twisting Knee Up,Twisting Knee Up,,NOT_NEEDED,Plyometrics,EXCLUDE_NON_MVP,Outside gym-first weight-training MVP default search,,unknown,,unknown,,,unsupported,,review,,,2,1,1,SCOPE_RESOLVED_EXCLUDED
gvs_bbc5d347146eacbf,gvc_7ed858d4a13c,Twisting Woodchopper,Twisting Woodchopper,,NOT_NEEDED,Plyometrics,EXCLUDE_NON_MVP,Outside gym-first weight-training MVP default search,,unknown,,unknown,,,unsupported,,review,,,2,1,1,SCOPE_RESOLVED_EXCLUDED
gvs_92473d8e7968f344,gvc_b6f4966e5d50,U Squat,U Squat,,NOT_NEEDED,Plyometrics,EXCLUDE_NON_MVP,Outside gym-first weight-training MVP default search,,unknown,하체,name,대퇴사두근,둔근,name_high,,review,,,1,0,1,SCOPE_RESOLVED_EXCLUDED
gvs_5a06809069fdba02,gvc_4e84aa5561bf,Underhand Double Knee Raises,Underhand Double Knee Raises,,NOT_NEEDED,Plyometrics,EXCLUDE_NON_MVP,Outside gym-first weight-training MVP default search,,unknown,,unknown,,,unsupported,,review,,,1,0,1,SCOPE_RESOLVED_EXCLUDED
gvs_c44bb80dbacef8b1,gvc_03abaf9d8bbe,Upavishta Konasana Yoga Pose,Upavishta Konasana Yoga Pose,,NOT_NEEDED,Stretching,EXCLUDE_NON_MVP,Outside gym-first weight-training MVP default search,,unknown,,unknown,,,unsupported,,review,,,1,0,1,SCOPE_RESOLVED_EXCLUDED
gvs_6bee13cce7c31afe,gvc_644465b0667d,Uppercuts Step In Place,Uppercuts Step In Place,,NOT_NEEDED,Plyometrics,EXCLUDE_NON_MVP,Outside gym-first weight-training MVP default search,,unknown,,unknown,,,unsupported,,review,,,1,1,0,SCOPE_RESOLVED_EXCLUDED
gvs_f95f0c586d2c4a8e,gvc_6c703dd828a6,V Step And Back,V Step And Back,,NOT_NEEDED,Plyometrics,EXCLUDE_NON_MVP,Outside gym-first weight-training MVP default search,,unknown,,unknown,,,unsupported,,review,,,1,0,1,SCOPE_RESOLVED_EXCLUDED
gvs_b44d82405a886f7a,gvc_6d2eb3644e3d,Vibrate Plate Lunge,Vibrate Plate Lunge,,NOT_NEEDED,Stretching,EXCLUDE_NON_MVP,Outside gym-first weight-training MVP default search,Weight Plate,source,하체,name,대퇴사두근,둔근,name_high,weight_reps,equipment,,,1,0,1,SCOPE_RESOLVED_EXCLUDED
gvs_1b081f09f2551ea1,gvc_309f6929b9df,Vibrate Plate Plank,Vibrate Plate Plank,,NOT_NEEDED,Stretching,EXCLUDE_NON_MVP,Outside gym-first weight-training MVP default search,Weight Plate,source,코어,name,코어,,name_high,weight_duration,reserved,,,1,0,1,SCOPE_RESOLVED_EXCLUDED
gvs_064a7350a5461542,gvc_2c2710d2f4cd,Vibrate Plate Standing,Vibrate Plate Standing,,NOT_NEEDED,Stretching,EXCLUDE_NON_MVP,Outside gym-first weight-training MVP default search,Weight Plate,source,,unknown,,,unsupported,weight_reps,equipment,,,1,0,1,SCOPE_RESOLVED_EXCLUDED
gvs_605948617c176111,gvc_a83e3818a0a4,W Pose Against Wall,W Pose Against Wall,,NOT_NEEDED,Stretching,EXCLUDE_NON_MVP,Outside gym-first weight-training MVP default search,,unknown,,unknown,,,unsupported,,review,,,1,1,0,SCOPE_RESOLVED_EXCLUDED
gvs_babdd73d908f8511,gvc_53563b23a935,Walk Elliptical Cross Trainer,Walk Elliptical Cross Trainer,,NOT_NEEDED,Cardio,EXCLUDE_NON_MVP,Outside gym-first weight-training MVP default search,,unknown,,unknown,,,unsupported,,review,,,2,1,1,SCOPE_RESOLVED_EXCLUDED
gvs_09fbb55ae659f084,gvc_f0422797f06a,Walk Forward And Backward,Walk Forward And Backward,,NOT_NEEDED,Plyometrics,EXCLUDE_NON_MVP,Outside gym-first weight-training MVP default search,,unknown,,unknown,,,unsupported,,review,,,1,0,1,SCOPE_RESOLVED_EXCLUDED
gvs_91f217903d055c02,gvc_579c327f0785,Walk In And Out Arm Swing,Walk In And Out Arm Swing,,NOT_NEEDED,Plyometrics,EXCLUDE_NON_MVP,Outside gym-first weight-training MVP default search,,unknown,,unknown,,,unsupported,,review,,,1,0,1,SCOPE_RESOLVED_EXCLUDED
gvs_6efc986154245619,gvc_971243685bec,Walk The Dog,Walk The Dog,,NOT_NEEDED,Stretching,EXCLUDE_NON_MVP,Outside gym-first weight-training MVP default search,,unknown,,unknown,,,unsupported,,review,,,1,0,1,SCOPE_RESOLVED_EXCLUDED
gvs_949ec867a40031a7,gvc_9a83542f354e,Walk Wave Machine,Walk Wave Machine,,NOT_NEEDED,Cardio,EXCLUDE_NON_MVP,Outside gym-first weight-training MVP default search,Machine,source,,unknown,,,unsupported,weight_reps,equipment,,,2,1,1,SCOPE_RESOLVED_EXCLUDED
gvs_c25830d4b6f69e9a,gvc_67b1cc7a00ee,Walking,Walking,,NOT_NEEDED,Cardio,EXCLUDE_NON_MVP,Outside gym-first weight-training MVP default search,,unknown,,unknown,,,unsupported,,review,,,3,2,1,SCOPE_RESOLVED_EXCLUDED
gvs_057b252f9d7801e7,gvc_55e0b2652865,Walking Backward On A Treadmill,Walking Backward On A Treadmill,,NOT_NEEDED,Cardio,EXCLUDE_NON_MVP,Outside gym-first weight-training MVP default search,,unknown,,unknown,,,unsupported,,review,,,1,1,0,SCOPE_RESOLVED_EXCLUDED
gvs_e6986e317cb36981,gvc_01aa2ee057ee,Walking Chest Push On Spot,Walking Chest Push On Spot,,NOT_NEEDED,Plyometrics,EXCLUDE_NON_MVP,Outside gym-first weight-training MVP default search,,unknown,가슴,name,,,unsupported,,review,,,1,0,1,SCOPE_RESOLVED_EXCLUDED
gvs_85a77c89c2e85ad5,gvc_d5bab170d3d2,Walking Front Kick Hand Shake,Walking Front Kick Hand Shake,,NOT_NEEDED,Plyometrics,EXCLUDE_NON_MVP,Outside gym-first weight-training MVP default search,,unknown,,unknown,,,unsupported,,review,,,1,0,1,SCOPE_RESOLVED_EXCLUDED
gvs_389a28c947a9b299,gvc_9b7c9616dddb,Walking Front Kick Reach Front,Walking Front Kick Reach Front,,NOT_NEEDED,Plyometrics,EXCLUDE_NON_MVP,Outside gym-first weight-training MVP default search,,unknown,,unknown,,,unsupported,,review,,,1,0,1,SCOPE_RESOLVED_EXCLUDED
gvs_6c60f549df5d31e5,gvc_b1531d0e7bb9,Walking Front Kick Reach Up,Walking Front Kick Reach Up,,NOT_NEEDED,Plyometrics,EXCLUDE_NON_MVP,Outside gym-first weight-training MVP default search,,unknown,,unknown,,,unsupported,,review,,,1,0,1,SCOPE_RESOLVED_EXCLUDED
gvs_32b32835802903dd,gvc_6c4de860b519,Walking Front Kick Vertical Hands,Walking Front Kick Vertical Hands,,NOT_NEEDED,Plyometrics,EXCLUDE_NON_MVP,Outside gym-first weight-training MVP default search,,unknown,,unknown,,,unsupported,,review,,,1,0,1,SCOPE_RESOLVED_EXCLUDED
gvs_3dad27c48410dbde,gvc_859fc36325b4,Walking High Knees Lunge,Walking High Knees Lunge,,NOT_NEEDED,Cardio,EXCLUDE_NON_MVP,Outside gym-first weight-training MVP default search,,unknown,하체,name,대퇴사두근,둔근,name_high,,review,,,1,1,0,SCOPE_RESOLVED_EXCLUDED
gvs_d705aabb31f3c6f3,gvc_822816040c16,Walking Knee Raise On Spot,Walking Knee Raise On Spot,,NOT_NEEDED,Plyometrics,EXCLUDE_NON_MVP,Outside gym-first weight-training MVP default search,,unknown,,unknown,복직근,,name_high,,review,,,1,0,1,SCOPE_RESOLVED_EXCLUDED
gvs_7842e742b6eae358,gvc_1c7d3654a0b4,Walking On Elliptical Machine (version 7),Walking On Elliptical Machine,,NOT_NEEDED,,EXCLUDE_NON_MVP,Outside gym-first weight-training MVP default search,Machine,source,,unknown,,,unsupported,weight_reps,equipment,weight_reps,,1,0,1,SCOPE_RESOLVED_EXCLUDED
gvs_fe39b0ecb66e82fa,gvc_49677bad20c1,Walking On Incline Treadmill,Walking On Incline Treadmill,,NOT_NEEDED,Cardio,EXCLUDE_NON_MVP,Outside gym-first weight-training MVP default search,,unknown,,unknown,,,unsupported,,review,,,2,1,1,SCOPE_RESOLVED_EXCLUDED
gvs_d737cfdda5e9cc35,gvc_1f7582fca5e6;gvc_fb26acb94d13,Walking On Spot | Walking On Spot (version 2),Walking On Spot,,NOT_NEEDED,Plyometrics,EXCLUDE_NON_MVP,Outside gym-first weight-training MVP default search,,unknown,,unknown,,,unsupported,,review,,,4,1,3,SCOPE_RESOLVED_EXCLUDED
gvs_d6be4beebedbef0c,gvc_8a18803baf08,Walking On Spot Hands On Shoulder (fem,Walking On Spot Hands On Shoulder,,NOT_NEEDED,,EXCLUDE_NON_MVP,Outside gym-first weight-training MVP default search,,unknown,어깨,name,,,unsupported,,review,,,1,0,1,SCOPE_RESOLVED_EXCLUDED
gvs_64e297edd4ec34bd,gvc_004f16ebd8d7,Walking On Spot Hands Push,Walking On Spot Hands Push,,NOT_NEEDED,Plyometrics,EXCLUDE_NON_MVP,Outside gym-first weight-training MVP default search,,unknown,,unknown,,,unsupported,,review,,,1,0,1,SCOPE_RESOLVED_EXCLUDED
gvs_3c71eb2e60dd24e4,gvc_cd798ca18dc5,Walking On Spot Plyometrics,Walking On Spot Plyometrics,,NOT_NEEDED,,EXCLUDE_NON_MVP,Outside gym-first weight-training MVP default search,,unknown,,unknown,,,unsupported,,review,,,1,0,1,SCOPE_RESOLVED_EXCLUDED
gvs_2d107eaa996d68e0,gvc_be27d4b7c53b,Walking On Spot Shoulder Tap Raise (fe,Walking On Spot Shoulder Tap Raise,,NOT_NEEDED,,EXCLUDE_NON_MVP,Outside gym-first weight-training MVP default search,,unknown,어깨,name,,,unsupported,,review,,,1,0,1,SCOPE_RESOLVED_EXCLUDED
gvs_286cae67be58668f,gvc_83fb1b90e4a2,Walking On Spot Side Punch,Walking On Spot Side Punch,,NOT_NEEDED,Plyometrics,EXCLUDE_NON_MVP,Outside gym-first weight-training MVP default search,,unknown,,unknown,,,unsupported,,review,,,1,0,1,SCOPE_RESOLVED_EXCLUDED
gvs_64a2907105e92bad,gvc_3adacc1c4648,Walking On Spot Small Kick,Walking On Spot Small Kick,,NOT_NEEDED,Plyometrics,EXCLUDE_NON_MVP,Outside gym-first weight-training MVP default search,,unknown,,unknown,,,unsupported,,review,,,1,0,1,SCOPE_RESOLVED_EXCLUDED
gvs_ce67ddc0b4b9b4ca,gvc_18adc57796eb,Walking On Stepmill,Walking On Stepmill,,NOT_NEEDED,Cardio;Thighs,EXCLUDE_NON_MVP,Outside gym-first weight-training MVP default search,Bodyweight,inferred_bodyweight,하체,source,,,unsupported,reps,bodyweight,,,2,1,1,SCOPE_RESOLVED_EXCLUDED
gvs_c20ba6063df9619c,gvc_542265fd9edd,Walking On Treadmill,Walking On Treadmill,,NOT_NEEDED,Cardio,EXCLUDE_NON_MVP,Outside gym-first weight-training MVP default search,,unknown,,unknown,,,unsupported,,review,,,2,1,1,SCOPE_RESOLVED_EXCLUDED
gvs_e9ea0547677c0cdf,gvc_74fc5ac81ab4,Walking Shoulder Tap,Walking Shoulder Tap,,NOT_NEEDED,Plyometrics,EXCLUDE_NON_MVP,Outside gym-first weight-training MVP default search,,unknown,어깨,name,,,unsupported,,review,,,1,0,1,SCOPE_RESOLVED_EXCLUDED
gvs_a8166e9a6ea8e2e8,gvc_653f90512fe6,Walking Side And Sky Reach,Walking Side And Sky Reach,,NOT_NEEDED,Plyometrics,EXCLUDE_NON_MVP,Outside gym-first weight-training MVP default search,,unknown,,unknown,,,unsupported,,review,,,1,0,1,SCOPE_RESOLVED_EXCLUDED
gvs_c42560314ce0c2a1,gvc_896d883574fa,Walking Side Step Row,Walking Side Step Row,,NOT_NEEDED,Plyometrics,EXCLUDE_NON_MVP,Outside gym-first weight-training MVP default search,,unknown,등,name,등 상부 / 광배근,이두근,name_high,,review,,,1,0,1,SCOPE_RESOLVED_EXCLUDED
gvs_e0c8e7d5a4ce1329,gvc_93bddf7aa56e,Walking Toe Touch,Walking Toe Touch,,NOT_NEEDED,Plyometrics,EXCLUDE_NON_MVP,Outside gym-first weight-training MVP default search,,unknown,,unknown,,,unsupported,,review,,,1,1,0,SCOPE_RESOLVED_EXCLUDED
gvs_c6c43bef9a41a65f,gvc_995f6c17fffc,Walkout To Plank Into Up Dog,Walkout To Plank Into Up Dog,,NOT_NEEDED,Plyometrics,EXCLUDE_NON_MVP,Outside gym-first weight-training MVP default search,,unknown,코어,name,코어,,name_high,duration,semantic,,,1,0,1,SCOPE_RESOLVED_EXCLUDED
gvs_deac7afd3f46a45d,gvc_ef86dd7a5c99,Warming Up In Lunge (six),Warming Up In Lunge (Six),,NOT_NEEDED,Stretching,EXCLUDE_NON_MVP,Outside gym-first weight-training MVP default search,,unknown,하체,name,대퇴사두근,둔근,name_high,,review,,,1,1,0,SCOPE_RESOLVED_EXCLUDED
gvs_6afe915259944d60,gvc_993d770dbb4a,Warrior I To Warrior Ii Pose,Warrior I To Warrior Ii Pose,,NOT_NEEDED,Stretching,EXCLUDE_NON_MVP,Outside gym-first weight-training MVP default search,,unknown,,unknown,,,unsupported,,review,,,1,0,1,SCOPE_RESOLVED_EXCLUDED
gvs_b342121c156f0bde,gvc_3abea4ed5c89,Warrior Ii To Downward Facing Dog Pose,Warrior Ii To Downward Facing Dog Pose,,NOT_NEEDED,Stretching,EXCLUDE_NON_MVP,Outside gym-first weight-training MVP default search,,unknown,,unknown,,,unsupported,,review,,,1,0,1,SCOPE_RESOLVED_EXCLUDED
gvs_88e42a61177d1301,gvc_3df637611ca2,Warrior Iii Pose,Warrior Iii Pose,,NOT_NEEDED,Stretching,EXCLUDE_NON_MVP,Outside gym-first weight-training MVP default search,,unknown,,unknown,,,unsupported,,review,,,1,0,1,SCOPE_RESOLVED_EXCLUDED
gvs_6a636999282aa3e9,gvc_682129371345,Weight Shift Side Punch,Weight Shift Side Punch,,NOT_NEEDED,Plyometrics,EXCLUDE_NON_MVP,Outside gym-first weight-training MVP default search,,unknown,,unknown,,,unsupported,,review,,,1,0,1,SCOPE_RESOLVED_EXCLUDED
gvs_e4eb5570a206d4c2,gvc_d5bf954e4e70,Weighted Bottle Hollow Rock,Weighted Bottle Hollow Rock,,NOT_NEEDED,Waist,EXCLUDE_NON_MVP,Home-prop weighted source outside gym-first MVP,Other Load,home_prop,코어,source,,,unsupported,weight_reps,equipment,,,1,1,0,SCOPE_RESOLVED_EXCLUDED
gvs_38a5f9faf8f6b28c,gvc_46fda2036192,Weighted Bottle Russian Twist With Legs Floor Off,Weighted Bottle Russian Twist With Legs Floor Off,,NOT_NEEDED,,EXCLUDE_NON_MVP,Home-prop weighted source outside gym-first MVP,Other Load,home_prop,코어,name,복사근,코어,name_high,weight_reps,equipment,,,1,1,0,SCOPE_RESOLVED_EXCLUDED
gvs_50cec4b46e1f99ce,gvc_17717fbea526,Weighted Bottle Side Floor Tap Plank,Weighted Bottle Side Floor Tap Plank,,NOT_NEEDED,Waist,EXCLUDE_NON_MVP,Home-prop weighted source outside gym-first MVP,Other Load,home_prop,코어,source,코어,,name_high,weight_reps,equipment,duration,,1,1,0,SCOPE_RESOLVED_EXCLUDED
gvs_08e56fd8632484be,gvc_72b94a8361fe,Weighted Bottle Side Lying Shoulder External Rotat,Weighted Bottle Side Lying Shoulder External Rotat,,NOT_NEEDED,,EXCLUDE_NON_MVP,Home-prop weighted source outside gym-first MVP,Other Load,home_prop,어깨,name,,,unsupported,weight_reps,equipment,,,2,1,1,SCOPE_RESOLVED_EXCLUDED
gvs_22431ecb63ab31f3,gvc_85d68b42198b,Weighted Bottle Standing Shrug,Weighted Bottle Standing Shrug,,NOT_NEEDED,Back,EXCLUDE_NON_MVP,Home-prop weighted source outside gym-first MVP,Other Load,home_prop,등,source,,,unsupported,weight_reps,equipment,,,1,0,1,SCOPE_RESOLVED_EXCLUDED
gvs_7a9b51c77c5be08f,gvc_de85b2cfe704,Weighted Bottle Superman,Weighted Bottle Superman,,NOT_NEEDED,Hips,EXCLUDE_NON_MVP,Home-prop weighted source outside gym-first MVP,Other Load,home_prop,하체,source,,,unsupported,weight_reps,equipment,,,1,1,0,SCOPE_RESOLVED_EXCLUDED
gvs_66c7e86c4d32660e,gvc_b06adbd4c000,Weighted Chin Up,Weighted Chin Up,,NOT_NEEDED,Back,EXCLUDE_ADDED_WEIGHT_MVP,MVP excludes added-weight bodyweight recording,,unknown,등,source,광배근,이두근 / 승모근,name_high,,out_of_mvp_added_weight,,,1,1,0,SCOPE_RESOLVED_EXCLUDED
gvs_86a15a0229834690,gvc_9537a2a02633,Weighted Plate Side Twist From Squat,Weighted Plate Side Twist From Squat,,NOT_NEEDED,Plyometrics,EXCLUDE_NON_MVP,Outside gym-first weight-training MVP default search,Weight Plate,source,하체,name,대퇴사두근,둔근,name_high,weight_reps,equipment,,,1,1,0,SCOPE_RESOLVED_EXCLUDED
gvs_f27e85a304d703a3,gvc_4ad20ca4756b,Weighted Pull Up,Weighted Pull Up,,NOT_NEEDED,Back,EXCLUDE_ADDED_WEIGHT_MVP,MVP excludes added-weight bodyweight recording,,unknown,등,source,광배근,이두근 / 승모근,name_high,,out_of_mvp_added_weight,,,1,1,0,SCOPE_RESOLVED_EXCLUDED
gvs_a579b83a28171718,gvc_d2fbbbac3c53,Weighted Push Up With Vest,Weighted Push Up With Vest,,NOT_NEEDED,Chest,EXCLUDE_ADDED_WEIGHT_MVP,MVP excludes added-weight bodyweight recording,,unknown,가슴,source,,,unsupported,,out_of_mvp_added_weight,reps,,1,1,0,SCOPE_RESOLVED_EXCLUDED
gvs_5d48913c50b557a6,gvc_cf606c1d3f55,Weighted Stretch Lunge,Weighted Stretch Lunge,,NOT_NEEDED,Thighs,EXCLUDE_NON_MVP,Outside gym-first weight-training MVP default search,,unknown,하체,source,대퇴사두근,둔근,name_high,,review,duration,,1,1,0,SCOPE_RESOLVED_EXCLUDED
gvs_ddff4e463cddedd0,gvc_2172d4e1970b,Wheel Pose Urdhva Dhanurasana,Wheel Pose Urdhva Dhanurasana,,NOT_NEEDED,Stretching,EXCLUDE_NON_MVP,Outside gym-first weight-training MVP default search,Ab Wheel,source,,unknown,,,unsupported,,review,,,1,1,0,SCOPE_RESOLVED_EXCLUDED
gvs_0c6ecd76f05abc48,gvc_c204ae158bcd,Wide Child Prasarita Balasana Yoga Pose S,Wide Child Prasarita Balasana Yoga Pose S,,NOT_NEEDED,,EXCLUDE_NON_MVP,Outside gym-first weight-training MVP default search,,unknown,,unknown,,,unsupported,,review,duration,,1,0,1,SCOPE_RESOLVED_EXCLUDED
gvs_1aa6d2f66d73327c,gvc_0eeefd8bc66f,Wide Forward Fold Twist,Wide Forward Fold Twist,,NOT_NEEDED,Stretching,EXCLUDE_NON_MVP,Outside gym-first weight-training MVP default search,,unknown,,unknown,,,unsupported,,review,,,2,1,1,SCOPE_RESOLVED_EXCLUDED
gvs_7e3efdf5fff9f331,gvc_09213599df7b,Wide Leg Learning Forward,Wide Leg Learning Forward,,NOT_NEEDED,Stretching,EXCLUDE_NON_MVP,Outside gym-first weight-training MVP default search,,unknown,하체,name,,,unsupported,,review,,,2,1,1,SCOPE_RESOLVED_EXCLUDED
gvs_ea4646d00bbc1e0a,gvc_eaa7dcddd847,Wide Mountain Hop,Wide Mountain Hop,,NOT_NEEDED,Plyometrics,EXCLUDE_NON_MVP,Outside gym-first weight-training MVP default search,,unknown,,unknown,,,unsupported,,review,,,1,1,0,SCOPE_RESOLVED_EXCLUDED
gvs_22afe3c4f99066c6,gvc_7053b0def55d,Wide Prone Hip Stretch,Wide Prone Hip Stretch,,NOT_NEEDED,Hips,EXCLUDE_NON_MVP,Outside gym-first weight-training MVP default search,Bodyweight,inferred_bodyweight,하체,source,,,unsupported,reps,bodyweight,duration,,1,0,1,SCOPE_RESOLVED_EXCLUDED
gvs_1a58e06a521e856c,gvc_2bb319992eb4,Wide Seated Good Morning,Wide Seated Good Morning,,NOT_NEEDED,Stretching,EXCLUDE_NON_MVP,Outside gym-first weight-training MVP default search,,unknown,,unknown,,,unsupported,,review,,,1,0,1,SCOPE_RESOLVED_EXCLUDED
gvs_0e8feef6bfb260b4,gvc_0f05881b7e0b,Wide Walking On Spot,Wide Walking On Spot,,NOT_NEEDED,Plyometrics,EXCLUDE_NON_MVP,Outside gym-first weight-training MVP default search,,unknown,,unknown,,,unsupported,,review,,,1,0,1,SCOPE_RESOLVED_EXCLUDED
gvs_45ed363d45e68741,gvc_baf5d898549f,Wind Side Twist Jump,Wind Side Twist Jump,,NOT_NEEDED,Plyometrics,EXCLUDE_NON_MVP,Outside gym-first weight-training MVP default search,,unknown,,unknown,,,unsupported,,review,,,2,1,1,SCOPE_RESOLVED_EXCLUDED
gvs_f66acc474c547c6f,gvc_8fb1592c0eec,Wipe And Hip Sways,Wipe And Hip Sways,,NOT_NEEDED,Plyometrics,EXCLUDE_NON_MVP,Outside gym-first weight-training MVP default search,,unknown,,unknown,,,unsupported,,review,,,1,0,1,SCOPE_RESOLVED_EXCLUDED
gvs_083a3df8b60cabaa,gvc_fcfc0570c88c,World Greatest Stretch,World Greatest Stretch,,NOT_NEEDED,Stretching,EXCLUDE_NON_MVP,Outside gym-first weight-training MVP default search,,unknown,,unknown,,,unsupported,,review,,,1,0,1,SCOPE_RESOLVED_EXCLUDED
gvs_df1bf3c3615595d3,gvc_cbf1125bb751,Worlds Greatest Stretch,Worlds Greatest Stretch,,NOT_NEEDED,Stretching,EXCLUDE_NON_MVP,Outside gym-first weight-training MVP default search,,unknown,,unknown,,,unsupported,,review,,,1,1,0,SCOPE_RESOLVED_EXCLUDED
gvs_ec164a5114c38fc5,gvc_c8711b452969,Wrist Extensor Stretch,Wrist Extensor Stretch,,NOT_NEEDED,Forearms,EXCLUDE_NON_MVP,Outside gym-first weight-training MVP default search,Bodyweight,inferred_bodyweight,팔,source,,,unsupported,reps,bodyweight,duration,,1,0,1,SCOPE_RESOLVED_EXCLUDED
gvs_fe5f839276725e28,gvc_56c2772dac91,Wrist Flexor Stretch,Wrist Flexor Stretch,,NOT_NEEDED,Forearms,EXCLUDE_NON_MVP,Outside gym-first weight-training MVP default search,Bodyweight,inferred_bodyweight,팔,source,,,unsupported,reps,bodyweight,duration,,1,0,1,SCOPE_RESOLVED_EXCLUDED
gvs_349d4a351c7c164d,gvc_50d21400c7b3;gvc_6a0d0a9c02dc,Wrist Ulnar Deviator And Flexor Stretch | Wrist Ulnar Deviator And Flexor Stretch F,Wrist Ulnar Deviator And Flexor Stretch,,NOT_NEEDED,Forearms,EXCLUDE_NON_MVP,Outside gym-first weight-training MVP default search,Bodyweight,inferred_bodyweight,팔,source,,,unsupported,reps,bodyweight,duration,,2,1,1,SCOPE_RESOLVED_EXCLUDED
gvs_c83726245a172082,gvc_55db23dcbc05,Yin Yang Leg Lift,Yin Yang Leg Lift,,NOT_NEEDED,Plyometrics,EXCLUDE_NON_MVP,Outside gym-first weight-training MVP default search,,unknown,하체,name,,,unsupported,,review,,,1,0,1,SCOPE_RESOLVED_EXCLUDED
gvs_7f2053db5b898b8b,gvc_e627ade430e1,Yoga Squat Dives,Yoga Squat Dives,,NOT_NEEDED,Stretching,EXCLUDE_NON_MVP,Outside gym-first weight-training MVP default search,,unknown,하체,name,대퇴사두근,둔근,name_high,,review,,,2,1,1,SCOPE_RESOLVED_EXCLUDED
gvs_815a080c64ece21a,gvc_116e811e6316,Yoga Vajrasana Thunderbolt Diamond Pose,Yoga Vajrasana Thunderbolt Diamond Pose,,NOT_NEEDED,Stretching,EXCLUDE_NON_MVP,Outside gym-first weight-training MVP default search,,unknown,,unknown,,,unsupported,,review,,,1,1,0,SCOPE_RESOLVED_EXCLUDED
gvs_bddfb3a26d04a100,gvc_8570e928c35a,Zercher Carry,Zercher Carry,,NOT_NEEDED,Cardio,EXCLUDE_NON_MVP,Outside gym-first weight-training MVP default search,,unknown,,unknown,,,unsupported,,review,,,1,1,0,SCOPE_RESOLVED_EXCLUDED
