working_id,source_candidate_ids,source_name_variants,name_en_normalized,name_ko_draft,name_ko_status,vendor_body_tags,catalog_status,catalog_reason,equipment,equipment_confidence,body_part_ko,body_confidence,primary_muscles_ko,secondary_muscles_ko,muscle_confidence,recording_type,recording_confidence,source_recording_candidates,semantic_flags,source_media_count,male_source_count,female_source_count,qa_status
gvs_183d0e3d3ade1de1,gvc_e77fa5930c5d,45 Degrees Back Extension Scapular Adduction (,45 Degree Back Extension Scapular Adduction,,NOT_NEEDED,,REVIEW,Insufficient semantic metadata,,unknown,등,name,,,unsupported,,review,,,1,1,0,MANUAL_QA_REQUIRED
gvs_aedec7bdfeac5e99,gvc_8f869590f5e4,5 Sec Fist Against Chin,5 Sec Fist Against Chin,,NOT_NEEDED,Neck,REVIEW,Neck category needs explicit relevance review,,unknown,기타,source,,,unsupported,,review,,,1,1,0,MANUAL_QA_REQUIRED
gvs_7c155b10d4be4da2,gvc_5cc3ce4dea8b,Air Bike On A Chair,Air Bike On A Chair,,NOT_NEEDED,Waist,REVIEW_HOME_CONTEXT,Home/context prop needs relevance review,Bodyweight,inferred_bodyweight,코어,source,,,unsupported,reps,bodyweight,,,1,0,1,MANUAL_QA_REQUIRED
gvs_78140d1369ca994b,gvc_5f3ab8238aac,Air Pillow Balance Counterbalanced Skater Squat (m,Air Pillow Balance Counterbalanced Skater Squat,,NOT_NEEDED,,REVIEW_HOME_CONTEXT,Home/context prop needs relevance review,,unknown,하체,name,대퇴사두근,둔근,name_high,,review,,,1,1,0,MANUAL_QA_REQUIRED
gvs_a4125ec2c1fcba24,gvc_f552a45b5036,Air Pillow Crunch,Air Pillow Crunch,,NOT_NEEDED,Waist,REVIEW_HOME_CONTEXT,Home/context prop needs relevance review,Bodyweight,inferred_bodyweight,코어,source,복직근,,name_high,reps,bodyweight,reps,,1,1,0,MANUAL_QA_REQUIRED
gvs_b8909559e79451f9,gvc_06e1aac8171c;gvc_d0c600edf739,Alternate Ankle Tap Under Sit Agains Wall | Alternate Ankle Tap Under Sit Agains Wall H,Alternate Ankle Tap Under Sit Against Wall,,NOT_NEEDED,,REVIEW,Insufficient semantic metadata,,unknown,,unknown,,,unsupported,,review,,,2,1,1,MANUAL_QA_REQUIRED
gvs_981ad5ccea72bc94,gvc_9a3e937bdf95;gvc_c03c769f66de,Alternate Knee Cross Over Sit Agains Wall | Alternate Knee Cross Over Sit Agains Wall H,Alternate Knee Cross Over Sit Against Wall,,NOT_NEEDED,,REVIEW,Insufficient semantic metadata,,unknown,,unknown,,,unsupported,,review,,,2,1,1,MANUAL_QA_REQUIRED
gvs_aa140adda77a1921,gvc_63931e9afef1,Alternate Leg Raise From Reverse Plank Position (f,Alternate Leg Raise From Reverse Plank Position,,NOT_NEEDED,,REVIEW,Insufficient semantic metadata,,unknown,하체,name,복직근,,name_high,,review,duration,BODY_MUSCLE_FAMILY_CONFLICT,1,0,1,MANUAL_QA_REQUIRED
gvs_9e9364ee7b68bc6a,gvc_8c8da535b8fb;gvc_c9058aeea7a9,Alternate Obliques Pulse Twist Side Reach | Alternate Obliques Pulse Twist Side Reach W,Alternate Obliques Pulse Twist Side Reach,,NOT_NEEDED,,REVIEW,Insufficient semantic metadata,,unknown,,unknown,,,unsupported,,review,,,2,1,1,MANUAL_QA_REQUIRED
gvs_1b91e1df4fe9d05f,gvc_c4da60a7a169,Alternate Straight Leg Raise (on Bosu Ball) (femal,Alternate Straight Leg Raise (On Bosu Ball),,NOT_NEEDED,,REVIEW,Insufficient semantic metadata,,unknown,하체,name,복직근,,name_high,,review,reps,BODY_MUSCLE_FAMILY_CONFLICT,1,0,1,MANUAL_QA_REQUIRED
gvs_52a8ad87f2a58097,gvc_6f0c5c2e3caf,Alternating Shoulder Flexion Back To Wall (y Raise,Alternating Shoulder Flexion Back To Wall (Y Raise,,NOT_NEEDED,,REVIEW,Insufficient semantic metadata,,unknown,어깨,name,,,unsupported,,review,,,1,1,0,MANUAL_QA_REQUIRED
gvs_ba3486170f7a1317,gvc_d2738ac264cf,Ankle Dorsal Flexion,Ankle Dorsal Flexion,,NOT_NEEDED,,REVIEW,Insufficient semantic metadata,,unknown,,unknown,,,unsupported,,review,,,1,1,0,MANUAL_QA_REQUIRED
gvs_1e7ac8276cc91f1f,gvc_cf9ff7451954,Ankle Plantar Flexion,Ankle Plantar Flexion,,NOT_NEEDED,,REVIEW,Insufficient semantic metadata,,unknown,,unknown,,,unsupported,,review,,,1,1,0,MANUAL_QA_REQUIRED
gvs_c0dbf4dc44a905ea,gvc_2d11cc2faab8,Basic Toe Touch,Basic Toe Touch,,NOT_NEEDED,,REVIEW,Insufficient semantic metadata,,unknown,,unknown,,,unsupported,,review,,,1,1,0,MANUAL_QA_REQUIRED
gvs_d84ed1959515f0f9,gvc_a9f259385d36,Battling Ropes,Battling Ropes,,NOT_NEEDED,,REVIEW,Insufficient semantic metadata,,unknown,,unknown,,,unsupported,,review,,,2,1,1,MANUAL_QA_REQUIRED
gvs_fd4c856e19c4cc70,gvc_fc92b382a556,Battling Ropes Alternating Waves With Kneeling Get,Battling Ropes Alternating Waves With Kneeling Get,,NOT_NEEDED,,REVIEW,Insufficient semantic metadata,,unknown,,unknown,,,unsupported,,review,,,1,1,0,MANUAL_QA_REQUIRED
gvs_838b0ee04fedc29a,gvc_608f83f206cf,Bent Arm Lift Shoulders,Bent Arm Lift Shoulders,,NOT_NEEDED,,REVIEW,Insufficient semantic metadata,,unknown,,unknown,,,unsupported,,review,,,1,0,1,MANUAL_QA_REQUIRED
gvs_e223439e9ad06710,gvc_aaf0b303470e,Bent Knee Abduction Crunch With Arms Through (fema,Bent Knee Abduction Crunch With Arms Through,,NOT_NEEDED,,REVIEW,Insufficient semantic metadata,,unknown,하체,name,복직근,,name_high,,review,reps,BODY_MUSCLE_FAMILY_CONFLICT,1,0,1,MANUAL_QA_REQUIRED
gvs_9fcebbf9a6611cfd,gvc_5aecc1769b45,Bent Over Back Extension Scapular Adduction,Bent Over Back Extension Scapular Adduction,,NOT_NEEDED,,REVIEW,Insufficient semantic metadata,,unknown,등,name,,,unsupported,,review,,,1,1,0,MANUAL_QA_REQUIRED
gvs_205ff22f28c4e0e7,gvc_7943775da6f6,Bodyweight Full Squat With Overhead Press (version,Bodyweight Full Squat With Overhead Press,,NOT_NEEDED,,REVIEW,Insufficient semantic metadata,,unknown,어깨,name,대퇴사두근,둔근,name_high,,review,,BODY_MUSCLE_FAMILY_CONFLICT,2,1,1,MANUAL_QA_REQUIRED
gvs_a9067f2cb8c97aee,gvc_547c4f752cc9,Bodyweight Half Sissy Squat Wall Supported,Bodyweight Half Sissy Squat Wall Supported,,NOT_NEEDED,,REVIEW,Insufficient semantic metadata,,unknown,하체,name,대퇴사두근,둔근,name_high,,review,,,1,1,0,MANUAL_QA_REQUIRED
gvs_ef65061f8774da67,gvc_183acc2227cf,Bodyweight Hands Behind Head Romanian Deadlift (fe,Bodyweight Hands Behind Head Romanian Deadlift,,NOT_NEEDED,,REVIEW,Insufficient semantic metadata,,unknown,하체,name,둔근 / 햄스트링,코어,name_high,,review,,,1,0,1,MANUAL_QA_REQUIRED
gvs_2a26b33d8ef2ed35,gvc_f800ab881df3,Bodyweight Heel Elevated Bulgarian Split Squat (ma,Bodyweight Heel Elevated Bulgarian Split Squat,,NOT_NEEDED,,REVIEW,Insufficient semantic metadata,,unknown,하체,name,대퇴사두근,둔근,name_high,,review,,,1,1,0,MANUAL_QA_REQUIRED
gvs_9bfd306adcd6aba0,gvc_9c3969cc1200,Bodyweight Lateral Step Up Thighs,Bodyweight Lateral Step Up Thighs,,NOT_NEEDED,,REVIEW,Insufficient semantic metadata,,unknown,하체,name,대퇴사두근,둔근,name_high,,review,,,1,1,0,MANUAL_QA_REQUIRED
gvs_d513c72395b56e8b,gvc_9802feda5609,Bodyweight Lying Shoulder External Rotation (femal,Bodyweight Lying Shoulder External Rotation,,NOT_NEEDED,,REVIEW,Insufficient semantic metadata,,unknown,어깨,name,,,unsupported,,review,,,1,0,1,MANUAL_QA_REQUIRED
gvs_f8665a2f2e96e507,gvc_07f049a01c0d,Bodyweight Reverse Lunge With Overhead Reach (,Bodyweight Reverse Lunge With Overhead Reach,,NOT_NEEDED,,REVIEW,Insufficient semantic metadata,,unknown,하체,name,대퇴사두근,둔근,name_high,,review,reps,,1,1,0,MANUAL_QA_REQUIRED
gvs_d3a7295cf93f7e86,gvc_6f94416446e3,Bodyweight Romanian Deadlift Biceps Curl Kickback,Bodyweight Romanian Deadlift Biceps Curl Kickback,,NOT_NEEDED,,REVIEW,Insufficient semantic metadata,,unknown,팔,name,둔근 / 햄스트링,코어,name_high,,review,,BODY_MUSCLE_FAMILY_CONFLICT,1,0,1,MANUAL_QA_REQUIRED
gvs_8a7dc3c5481ac481,gvc_2561feb58bad,Bodyweight Side Lying Inner Thigh Up And Down (mal,Bodyweight Side Lying Inner Thigh Up And Down,,NOT_NEEDED,,REVIEW,Insufficient semantic metadata,,unknown,,unknown,,,unsupported,,review,,,1,1,0,MANUAL_QA_REQUIRED
gvs_a4a0df4d8901fdc1,gvc_5cc9ec7c93fe,Bodyweight Standing Calf Raise On A Stepbox (femal,Bodyweight Standing Calf Raise On A Stepbox,,NOT_NEEDED,,REVIEW,Insufficient semantic metadata,,unknown,하체,name,종아리,,name_high,,review,,,1,0,1,MANUAL_QA_REQUIRED
gvs_016ee025a3376515,gvc_3e8c3eb9038f,Bodyweight Standing Elbow Touches (hands On Neck),Bodyweight Standing Elbow Touches (Hands On Neck),,NOT_NEEDED,,REVIEW,Insufficient semantic metadata,,unknown,,unknown,,,unsupported,,review,,,2,1,1,MANUAL_QA_REQUIRED
gvs_8f97e7fb59a2ed43,gvc_e80cc8d6d23c,Bodyweight Standing Front Raise To Open S,Bodyweight Standing Front Raise To Open S,,NOT_NEEDED,,REVIEW,Insufficient semantic metadata,,unknown,어깨,name,전면 삼각근,,name_high,,review,,,1,0,1,MANUAL_QA_REQUIRED
gvs_05fe16176be5cd37,gvc_59362db600fa;gvc_e97f4aa78df4,Bodyweight Standing Scapular External Rotation (fe | Bodyweight Standing Scapular External Rotation (mal,Bodyweight Standing Scapular External Rotation,,NOT_NEEDED,,REVIEW,Insufficient semantic metadata,,unknown,,unknown,,,unsupported,,review,,,2,1,1,MANUAL_QA_REQUIRED
gvs_54830fd4827f204e,gvc_37011a8873ef,Bodyweight Standing Straight Arm Chest Fly (,Bodyweight Standing Straight Arm Chest Fly,,NOT_NEEDED,,REVIEW,Insufficient semantic metadata,,unknown,가슴,name,대흉근,삼두근 / 전면 삼각근,name_high,,review,,,2,1,1,MANUAL_QA_REQUIRED
gvs_9a77ab25d7cc5f21,gvc_bf7e45b6510a;gvc_bf7e4eb6510a,Bodyweight Standing Straight Arm Chest High Fly (f | Bodyweight Standing Straight Arm Chest High Fly (m,Bodyweight Standing Straight Arm Chest High Fly,,NOT_NEEDED,,REVIEW,Insufficient semantic metadata,,unknown,가슴,name,,,unsupported,,review,,,2,1,1,MANUAL_QA_REQUIRED
gvs_6cf23570c611c254,gvc_7baf2fb4cf31;gvc_7bd513b4cf52,Bodyweight Standing Straight Arm Chest Low Fly (fe | Bodyweight Standing Straight Arm Chest Low Fly (ma,Bodyweight Standing Straight Arm Chest Low Fly,,NOT_NEEDED,,REVIEW,Insufficient semantic metadata,,unknown,가슴,name,,,unsupported,,review,,,2,1,1,MANUAL_QA_REQUIRED
gvs_26b7a4f8f2775ba2,gvc_34632fa7b1da,Bodyweight Standing Triple Pec Dec Pulse,Bodyweight Standing Triple Pec Dec Pulse,,NOT_NEEDED,,REVIEW,Insufficient semantic metadata,,unknown,,unknown,,,unsupported,,review,,,1,0,1,MANUAL_QA_REQUIRED
gvs_392e0cbf089ae03f,gvc_5d0243c21b6a,Bodyweight Step Up Knee Raise On Stepbox,Bodyweight Step Up Knee Raise On Stepbox,,NOT_NEEDED,,REVIEW,Insufficient semantic metadata,,unknown,하체,name,대퇴사두근,둔근,name_high,,review,reps,,1,0,1,MANUAL_QA_REQUIRED
gvs_f45c5cccf43210e2,gvc_1ca90f20516d,Bodyweight Tibialias Raise Wall Supported C,Bodyweight Tibialias Raise Wall Supported C,,NOT_NEEDED,,REVIEW,Insufficient semantic metadata,,unknown,,unknown,,,unsupported,,review,,,1,1,0,MANUAL_QA_REQUIRED
gvs_6fdd62860e95c0d4,gvc_c67d6a39473c,Bodyweight Triceps Extension From Plank Position (,Bodyweight Triceps Extension From Plank Position,,NOT_NEEDED,,REVIEW,Insufficient semantic metadata,,unknown,팔,name,삼두근,,name_high,,review,duration,,1,1,0,MANUAL_QA_REQUIRED
gvs_4e2dff2802e38e46,gvc_69452e8d0a68,Bodyweight Wrist Radial Deviation With Elbow Suppo,Bodyweight Wrist Radial Deviation With Elbow Suppo,,NOT_NEEDED,,REVIEW,Insufficient semantic metadata,,unknown,팔,name,,,unsupported,,review,,,1,0,1,MANUAL_QA_REQUIRED
gvs_612d0c4274997cec,gvc_4c52410e0110,Bodyweight Wrist Ulnar Deviation With Elbow Suppor,Bodyweight Wrist Ulnar Deviation With Elbow Suppor,,NOT_NEEDED,,REVIEW,Insufficient semantic metadata,,unknown,팔,name,,,unsupported,,review,,,1,0,1,MANUAL_QA_REQUIRED
gvs_553aa3f4c6272e3e,gvc_e6514b51ac8e,Bosu Ball Balance Counterbalanced Skater Squat (ma,Bosu Ball Balance Counterbalanced Skater Squat,,NOT_NEEDED,,REVIEW,Insufficient semantic metadata,,unknown,하체,name,대퇴사두근,둔근,name_high,,review,,,1,1,0,MANUAL_QA_REQUIRED
gvs_501bd49b1dd0c4eb,gvc_eab9a046517d,Boxing Jab,Boxing Jab,,NOT_NEEDED,,REVIEW,Insufficient semantic metadata,,unknown,,unknown,,,unsupported,,review,,,1,1,0,MANUAL_QA_REQUIRED
gvs_4fd1e0bc64d6ea02,gvc_7f9007af52c8,Boxing Left Hook,Boxing Left Hook,,NOT_NEEDED,,REVIEW,Insufficient semantic metadata,,unknown,,unknown,,,unsupported,,review,,,1,1,0,MANUAL_QA_REQUIRED
gvs_d6723fc52a6e84cd,gvc_f350bf27d67e,Boxing Left Uppercut,Boxing Left Uppercut,,NOT_NEEDED,,REVIEW,Insufficient semantic metadata,,unknown,,unknown,,,unsupported,,review,,,1,1,0,MANUAL_QA_REQUIRED
gvs_5d37568ee0cdb918,gvc_a63577605afe,Boxing Right Cross,Boxing Right Cross,,NOT_NEEDED,,REVIEW,Insufficient semantic metadata,,unknown,,unknown,,,unsupported,,review,,,1,1,0,MANUAL_QA_REQUIRED
gvs_a4d4faa402afdd82,gvc_c5e1d3d7ba5d,Boxing Right Hook,Boxing Right Hook,,NOT_NEEDED,,REVIEW,Insufficient semantic metadata,,unknown,,unknown,,,unsupported,,review,,,1,1,0,MANUAL_QA_REQUIRED
gvs_81bdd17502741fe5,gvc_c8e85c76163d,Boxing Right Uppercut,Boxing Right Uppercut,,NOT_NEEDED,,REVIEW,Insufficient semantic metadata,,unknown,,unknown,,,unsupported,,review,,,1,1,0,MANUAL_QA_REQUIRED
gvs_2fa6d6ab6a58a373,gvc_5690b0d9513e,By Major Groups Muscle Body United,By Major Groups Muscle Body United,,NOT_NEEDED,,REVIEW,Insufficient semantic metadata,,unknown,,unknown,,,unsupported,,review,,,1,0,1,MANUAL_QA_REQUIRED
gvs_c576726b4677dc13,gvc_6c40aca3ea2f,By Major Groups Muscle Body United Black,By Major Groups Muscle Body United Black,,NOT_NEEDED,,REVIEW,Insufficient semantic metadata,,unknown,,unknown,,,unsupported,,review,,,1,0,1,MANUAL_QA_REQUIRED
gvs_06400ec415178b7e,gvc_cf16f614c6f2,Cable Seated Neck Extension (with Head Harness),Cable Seated Neck Extension (With Head Harness),,NOT_NEEDED,Neck,REVIEW,Neck category needs explicit relevance review,Cable,source,기타,source,,,unsupported,weight_reps,equipment,weight_reps,,1,1,0,MANUAL_QA_REQUIRED
gvs_e0f4248c38a45e92,gvc_6f9bff80a611,Cable Seated Neck Flexion (with Head Harness),Cable Seated Neck Flexion (With Head Harness),,NOT_NEEDED,Neck,REVIEW,Neck category needs explicit relevance review,Cable,source,기타,source,,,unsupported,weight_reps,equipment,weight_reps,,1,1,0,MANUAL_QA_REQUIRED
gvs_e2ed33aa935b7884,gvc_60ea5484ebf4,Calf Raise Internal External Arms Rotation (,Calf Raise Internal External Arms Rotation,,NOT_NEEDED,,REVIEW,Insufficient semantic metadata,,unknown,하체,name,종아리,,name_high,,review,,,1,0,1,MANUAL_QA_REQUIRED
gvs_c9debca6724bd8a4,gvc_4dc918f05d3c,Chair Sit Alternate Heel Raise Agains Wall (,Chair Sit Alternate Heel Raise Against Wall,,NOT_NEEDED,,REVIEW,Insufficient semantic metadata,,unknown,,unknown,,,unsupported,,review,,,2,1,1,MANUAL_QA_REQUIRED
gvs_f728ed237fd636c3,gvc_cfda26a25bab,Chest Bench Press Butt (wrong Right),Chest Bench Press Butt (Wrong Right),,NOT_NEEDED,,REVIEW,Insufficient semantic metadata,,unknown,가슴,name,대흉근,삼두근 / 전면 삼각근,name_high,,review,,,2,1,1,MANUAL_QA_REQUIRED
gvs_b0c3c6a499edb116,gvc_445c57caeda2,Chest Bench Press Forearms (wrong Right),Chest Bench Press Forearms (Wrong Right),,NOT_NEEDED,,REVIEW,Insufficient semantic metadata,,unknown,가슴,name,대흉근,삼두근 / 전면 삼각근,name_high,,review,,,1,0,1,MANUAL_QA_REQUIRED
gvs_215dc25e36c41f78,gvc_29e776a465ff,Chest Bench Press Grip Width (wrong Right),Chest Bench Press Grip Width (Wrong Right),,NOT_NEEDED,,REVIEW,Insufficient semantic metadata,,unknown,가슴,name,대흉근,삼두근 / 전면 삼각근,name_high,,review,,,1,0,1,MANUAL_QA_REQUIRED
gvs_64276a463a47f2c0,gvc_3c770220605a,Chest Tap Push Up,Chest Tap Push Up,,NOT_NEEDED,,REVIEW,Insufficient semantic metadata,,unknown,가슴,name,,,unsupported,,review,reps,,1,1,0,MANUAL_QA_REQUIRED
gvs_cfa4a3827dc9a5b0,gvc_60a268a0adc4,Chin Tuck,Chin Tuck,,NOT_NEEDED,Neck,REVIEW,Neck category needs explicit relevance review,,unknown,기타,source,,,unsupported,,review,,,1,0,1,MANUAL_QA_REQUIRED
gvs_18fa91e1bbc48b39,gvc_edb838dadb4b,Chin Tuck Against The Wall,Chin Tuck Against The Wall,,NOT_NEEDED,Neck,REVIEW,Neck category needs explicit relevance review,,unknown,기타,source,,,unsupported,,review,,,2,1,1,MANUAL_QA_REQUIRED
gvs_98b4a94045ce851e,gvc_8dfcb96bd804,Climber A Padded Stool Supported,Climber A Padded Stool Supported,,NOT_NEEDED,Waist,REVIEW_HOME_CONTEXT,Home/context prop needs relevance review,Bodyweight,inferred_bodyweight,코어,source,,,unsupported,reps,bodyweight,,,2,1,1,MANUAL_QA_REQUIRED
gvs_1b67bbe929cb116d,gvc_9658e955e0b6,Concentration Curl Arms (wrong Right),Concentration Curl Arms (Wrong Right),,NOT_NEEDED,,REVIEW,Insufficient semantic metadata,,unknown,팔,name,이두근,,name_high,,review,,,1,1,0,MANUAL_QA_REQUIRED
gvs_2ef32123c32f4a93,gvc_6fa01fa79a8c,Crunch Back (wrong Right),Crunch Back (Wrong Right),,NOT_NEEDED,,REVIEW,Insufficient semantic metadata,,unknown,코어,name,복직근,,name_high,,review,reps,,1,0,1,MANUAL_QA_REQUIRED
gvs_8cf2a329e06fbecd,gvc_0b2798ec0113,Deadlift Back (wrong Right),Deadlift Back (Wrong Right),,NOT_NEEDED,,REVIEW,Insufficient semantic metadata,,unknown,하체,name,둔근 / 햄스트링,등 / 코어,name_high,,review,,,1,1,0,MANUAL_QA_REQUIRED
gvs_6bf7154dce76c2ed,gvc_80699124ff15,Dip Leg Raise A Padded Stool Supported,Dip Leg Raise A Padded Stool Supported,,NOT_NEEDED,Upper-Arms;Waist,REVIEW_HOME_CONTEXT,Home/context prop needs relevance review,Bodyweight,inferred_bodyweight,,conflict,복직근,,name_high,reps,bodyweight,reps,BODY_SOURCE_CONFLICT,2,1,1,MANUAL_QA_REQUIRED
gvs_af09f1a479ab6d22,gvc_dbe4844555f6,Dips Between Chairs Chest,Dips Between Chairs Chest,,NOT_NEEDED,,REVIEW,Insufficient semantic metadata,,unknown,가슴,name,,,unsupported,,review,,,1,1,0,MANUAL_QA_REQUIRED
gvs_d46b32d95d9ec17d,gvc_081eb520614e,Double Elbow Raise And Double Elbow Clap,Double Elbow Raise And Double Elbow Clap,,NOT_NEEDED,,REVIEW,Insufficient semantic metadata,,unknown,,unknown,,,unsupported,,review,,,1,0,1,MANUAL_QA_REQUIRED
gvs_9cdb6d18023b1592,gvc_4778b14f039a,Drop Push Up,Drop Push Up,,NOT_NEEDED,,REVIEW,Insufficient semantic metadata,,unknown,가슴,name,,,unsupported,,review,reps,,1,1,0,MANUAL_QA_REQUIRED
gvs_bbeb9b5ea4a9d9a0,gvc_1ec50334104c,Dumbell Bulgarian Split Squat From Deficit,Dumbell Bulgarian Split Squat From Deficit,,NOT_NEEDED,,REVIEW,Insufficient semantic metadata,,unknown,하체,name,대퇴사두근,둔근,name_high,,review,,,1,1,0,MANUAL_QA_REQUIRED
gvs_4943b1eb8ac1b2e3,gvc_9356c8f036bd,Dumbell Contralateral Glute Dominant Bulgarian Spl,Dumbell Contralateral Glute Dominant Bulgarian Spl,,NOT_NEEDED,,REVIEW,Insufficient semantic metadata,,unknown,하체,name,,,unsupported,,review,,,1,0,1,MANUAL_QA_REQUIRED
gvs_24a5c62c400799ce,gvc_57871c4055a4,Dumbell Glute Dominant Bulgarian Split Squat (fema,Dumbell Glute Dominant Bulgarian Split Squat,,NOT_NEEDED,,REVIEW,Insufficient semantic metadata,,unknown,하체,name,대퇴사두근,둔근,name_high,,review,,,1,0,1,MANUAL_QA_REQUIRED
gvs_d736f7ea8e8df1ac,gvc_f45652695345,Dynamic Weight Bearing Ankle Dorsi Flexion,Dynamic Weight Bearing Ankle Dorsi Flexion,,NOT_NEEDED,,REVIEW,Insufficient semantic metadata,,unknown,,unknown,,,unsupported,,review,,,1,1,0,MANUAL_QA_REQUIRED
gvs_62782dad8013dbc9,gvc_9ef69a8ac364,Easy Pose (hands Behind Interlocked And Bend Forwa,Easy Pose (Hands Behind Interlocked And Bend Forwa,,NOT_NEEDED,,REVIEW,Insufficient semantic metadata,,unknown,,unknown,,,unsupported,,review,duration,,1,0,1,MANUAL_QA_REQUIRED
gvs_c9bcf88ab37e5040,gvc_ad985efa64cb,Elbow Extension,Elbow Extension,,NOT_NEEDED,,REVIEW,Insufficient semantic metadata,,unknown,,unknown,,,unsupported,,review,,,1,1,0,MANUAL_QA_REQUIRED
gvs_52e8ba4fcf9a339f,gvc_b67d33c1ee1e,Elbow Extension And Supination Pronation Forearm,Elbow Extension And Supination Pronation Forearm,,NOT_NEEDED,,REVIEW,Insufficient semantic metadata,,unknown,팔,name,,,unsupported,,review,,,1,1,0,MANUAL_QA_REQUIRED
gvs_4413e08468fc7f7e,gvc_472fe9d9e16b,Elbow Flexion,Elbow Flexion,,NOT_NEEDED,,REVIEW,Insufficient semantic metadata,,unknown,,unknown,,,unsupported,,review,,,1,1,0,MANUAL_QA_REQUIRED
gvs_d7ace91ea2df40d8,gvc_205c0cfc0992,Elbow Touch And Lift Shoulders,Elbow Touch And Lift Shoulders,,NOT_NEEDED,,REVIEW,Insufficient semantic metadata,,unknown,,unknown,,,unsupported,,review,,,1,0,1,MANUAL_QA_REQUIRED
gvs_049e4b2af7373cc4,gvc_c4a5b5c56091,Elbow Up And Down Dynamic Plank,Elbow Up And Down Dynamic Plank,,NOT_NEEDED,,REVIEW,Insufficient semantic metadata,,unknown,코어,name,코어,,name_high,duration,semantic,duration,,2,1,1,MANUAL_QA_REQUIRED
gvs_be71d7cbfa5b4433,gvc_12bc513dcbe4,Elevanted Pike Push Up From Deficit With Parallett,Elevated Pike Push Up From Deficit With Parallett,,NOT_NEEDED,,REVIEW,Insufficient semantic metadata,,unknown,가슴,name,,,unsupported,,review,reps,,1,1,0,MANUAL_QA_REQUIRED
gvs_92dbce73b5552adb,gvc_92cc53fd2310,Floor T Raise Hips,Floor T Raise Hips,,NOT_NEEDED,,REVIEW,Insufficient semantic metadata,,unknown,,unknown,,,unsupported,,review,,,1,1,0,MANUAL_QA_REQUIRED
gvs_2fab89f3784a3e63,gvc_83e1ee8ff54e,Flutter On A Chair,Flutter On A Chair,,NOT_NEEDED,Hips,REVIEW_HOME_CONTEXT,Home/context prop needs relevance review,Bodyweight,inferred_bodyweight,하체,source,,,unsupported,reps,bodyweight,,,1,0,1,MANUAL_QA_REQUIRED
gvs_1186fd2034ce21ee,gvc_fa623fd002a3,Forearm Pronation,Forearm Pronation,,NOT_NEEDED,,REVIEW,Insufficient semantic metadata,,unknown,팔,name,,,unsupported,,review,,,1,1,0,MANUAL_QA_REQUIRED
gvs_f3de39d36ce32323,gvc_4d05c37bb4c0,Forearm Supination,Forearm Supination,,NOT_NEEDED,,REVIEW,Insufficient semantic metadata,,unknown,팔,name,,,unsupported,,review,,,1,1,0,MANUAL_QA_REQUIRED
gvs_cc5d712921a10db1,gvc_fe0614ff7f48,Forward Shoulder Rotation Arm Crossover P,Forward Shoulder Rotation Arm Crossover P,,NOT_NEEDED,,REVIEW,Insufficient semantic metadata,,unknown,어깨,name,,,unsupported,,review,,,1,0,1,MANUAL_QA_REQUIRED
gvs_2c730686e8c1197c,gvc_0130bcfd904d,Frog Reverse Hyperextension (on A Bench),Frog Reverse Hyperextension (On A Bench),,NOT_NEEDED,,REVIEW,Insufficient semantic metadata,,unknown,,unknown,,,unsupported,,review,,,1,0,1,MANUAL_QA_REQUIRED
gvs_5ff42071fd945a41,gvc_0bc2011de1c9,Front Plank Butt (wrong Right),Front Plank Butt (Wrong Right),,NOT_NEEDED,,REVIEW,Insufficient semantic metadata,,unknown,코어,name,코어,,name_high,duration,semantic,duration,,1,1,0,MANUAL_QA_REQUIRED
gvs_434fb822e02b5c26,gvc_3d9ed9dd26b7;gvc_6cd0f6c8ca79,Front Plank With Arm And Leg Lift (push Up Positio | Front Plank With Arm And Leg Lift (push Up Position),Front Plank With Arm And Leg Lift (Push Up Position),,NOT_NEEDED,,REVIEW,Insufficient semantic metadata,,unknown,가슴,name,코어,,name_high,,review,duration,BODY_MUSCLE_FAMILY_CONFLICT,2,1,1,MANUAL_QA_REQUIRED
gvs_14bf6cf1999c7679,gvc_07bbf9d5860b,Front Toe Touching,Front Toe Touching,,NOT_NEEDED,,REVIEW,Insufficient semantic metadata,,unknown,,unknown,,,unsupported,,review,,,1,0,1,MANUAL_QA_REQUIRED
gvs_c7619cb2d7c604f4,gvc_9e1a61728b86,Full Planche Push Up,Full Planche Push Up,,NOT_NEEDED,,REVIEW,Insufficient semantic metadata,,unknown,가슴,name,,,unsupported,,review,reps,,1,1,0,MANUAL_QA_REQUIRED
gvs_10df724e58454d70,gvc_2d3125b8dfda,Glued Heels Leg Extension On A Chair,Glued Heels Leg Extension On A Chair,,NOT_NEEDED,Hips,REVIEW_HOME_CONTEXT,Home/context prop needs relevance review,Bodyweight,inferred_bodyweight,하체,source,대퇴사두근,,name_high,reps,bodyweight,,,1,0,1,MANUAL_QA_REQUIRED
gvs_3856a5b54190118d,gvc_fb898862c4ab,Glute Bridge One Leg On Floor (bent Knee),Glute Bridge Single Leg On Floor (Bent Knee),,NOT_NEEDED,,REVIEW,Insufficient semantic metadata,,unknown,하체,name,둔근,햄스트링,name_high,,review,,,1,0,1,MANUAL_QA_REQUIRED
gvs_32ec5b023222f370,gvc_a52d65d16585,Half Side Split Lunge Twisting Inner Thigh Tap (fe,Half Side Split Lunge Twisting Inner Thigh Tap,,NOT_NEEDED,,REVIEW,Insufficient semantic metadata,,unknown,하체,name,대퇴사두근,둔근,name_high,,review,reps,,1,0,1,MANUAL_QA_REQUIRED
gvs_b4f38ee41407cf22,gvc_73e36994403e,Hands Up Knee Drive Plyometrics,Hands Up Knee Drive Plyometrics,,NOT_NEEDED,,REVIEW,Insufficient semantic metadata,,unknown,,unknown,,,unsupported,,review,,,1,0,1,MANUAL_QA_REQUIRED
gvs_5c60ed821d534114,gvc_dd9c27318610,Handstand Hold On Wall Shoulders,Handstand Hold On Wall Shoulders,,NOT_NEEDED,,REVIEW,Insufficient semantic metadata,,unknown,,unknown,,,unsupported,duration,semantic,,,1,1,0,MANUAL_QA_REQUIRED
gvs_855ca4790475759d,gvc_f847480bcf85,Handstand Shoulder Press With Wall (between Benche,Handstand Shoulder Press With Wall (Between Benche,,NOT_NEEDED,,REVIEW,Insufficient semantic metadata,,unknown,어깨,name,삼각근,삼두근,name_high,,review,,,1,1,0,MANUAL_QA_REQUIRED
gvs_8f87fa19b0585fdd,gvc_27269f2c6b0d,Head Full Rotation Fpov,Head Full Rotation Fpov,,NOT_NEEDED,Neck,REVIEW,Neck category needs explicit relevance review,,unknown,기타,source,,,unsupported,,review,,,1,0,1,MANUAL_QA_REQUIRED
gvs_5e1d0956a0b64550,gvc_ab9a390c4afc,Hip Abduction,Hip Abduction,,NOT_NEEDED,,REVIEW,Insufficient semantic metadata,,unknown,하체,name,중둔근,,name_high,,review,,,2,2,0,MANUAL_QA_REQUIRED
gvs_2e4ac8cf5e24a447,gvc_f2b4e45776a6,Hip Adduction,Hip Adduction,,NOT_NEEDED,,REVIEW,Insufficient semantic metadata,,unknown,하체,name,내전근,,name_high,,review,,,1,1,0,MANUAL_QA_REQUIRED
gvs_dfe0e8624656490c,gvc_8f8779879fcb,Hip Flexion,Hip Flexion,,NOT_NEEDED,,REVIEW,Insufficient semantic metadata,,unknown,,unknown,,,unsupported,,review,,,1,1,0,MANUAL_QA_REQUIRED
gvs_562bf8f1148e1c35,gvc_accceec237b6,Hip Lateral Rotation (external Rotation),Hip Lateral Rotation (External Rotation),,NOT_NEEDED,,REVIEW,Insufficient semantic metadata,,unknown,,unknown,,,unsupported,,review,,,1,1,0,MANUAL_QA_REQUIRED
gvs_7ce7ae9efe2a1494,gvc_8146efd977eb,Hip Medial Rotation (internal Rotation),Hip Medial Rotation (Internal Rotation),,NOT_NEEDED,,REVIEW,Insufficient semantic metadata,,unknown,,unknown,,,unsupported,,review,,,1,1,0,MANUAL_QA_REQUIRED
gvs_b65f5e507537dada,gvc_0ceacb77365b,Ifbb Pose,Ifbb Pose,,NOT_NEEDED,,REVIEW,Insufficient semantic metadata,,unknown,,unknown,,,unsupported,,review,duration,,1,0,1,MANUAL_QA_REQUIRED
gvs_a30c878dab6cc955,gvc_4f7ba73330ba,Incline Push Up (on Box),Incline Push Up (On Box),,NOT_NEEDED,,REVIEW,Insufficient semantic metadata,,unknown,가슴,name,,,unsupported,,review,reps,,1,1,0,MANUAL_QA_REQUIRED
gvs_7545f70177be39e9,gvc_a3019319da7b,Incline Shoulder Tap,Incline Shoulder Tap,,NOT_NEEDED,,REVIEW,Insufficient semantic metadata,,unknown,어깨,name,,,unsupported,,review,,,1,1,0,MANUAL_QA_REQUIRED
gvs_8c7377fa6b83e8f4,gvc_013fe94efc97,Internal And External Shoulder Rotation Against Wa,Internal And External Shoulder Rotation Against Wa,,NOT_NEEDED,,REVIEW,Insufficient semantic metadata,,unknown,어깨,name,,,unsupported,,review,,,1,0,1,MANUAL_QA_REQUIRED
gvs_9838366f95b4392f,gvc_1e98f93c385e,Jab Crosses,Jab Crosses,,NOT_NEEDED,,REVIEW,Insufficient semantic metadata,,unknown,,unknown,,,unsupported,,review,,,1,1,0,MANUAL_QA_REQUIRED
gvs_7b05abc108b81db5,gvc_220e6a134304,Kneeling Elbow To Knee Side Plank Crunch,Kneeling Elbow To Knee Side Plank Crunch,,NOT_NEEDED,,REVIEW,Insufficient semantic metadata,,unknown,코어,name,복직근,,name_high,,review,duration,,1,0,1,MANUAL_QA_REQUIRED
gvs_00ef4fa4faf86fbe,gvc_07132636e315,Kneeling Hip Opener Into Forward Lunge And Hamstri,Kneeling Hip Opener Into Forward Lunge And Hamstri,,NOT_NEEDED,,REVIEW,Insufficient semantic metadata,,unknown,하체,name,대퇴사두근,둔근,name_high,,review,reps,,1,0,1,MANUAL_QA_REQUIRED
gvs_c484091b4b874d5b,gvc_d13bd7aa3438,Kneeling Rotation Torso Alternate Row To Thread Th,Kneeling Rotation Torso Alternate Row To Thread Th,,NOT_NEEDED,,REVIEW,Insufficient semantic metadata,,unknown,등,name,등 상부 / 광배근,이두근,name_high,,review,,,1,0,1,MANUAL_QA_REQUIRED
gvs_14bbad7db505d0b9,gvc_6a8a671f0d2e,Kneeling Rotation Torso Rear Fly To Thread Through,Kneeling Rotation Torso Rear Fly To Thread Through,,NOT_NEEDED,,REVIEW,Insufficient semantic metadata,,unknown,가슴,name,,,unsupported,,review,,,1,0,1,MANUAL_QA_REQUIRED
gvs_6291b9ff1622316f,gvc_1c7fb9cadd07,Kneeling Spine Imbalance And Pelvic Imbalance (fem,Kneeling Spine Imbalance And Pelvic Imbalance,,NOT_NEEDED,,REVIEW,Insufficient semantic metadata,,unknown,,unknown,,,unsupported,,review,,,1,0,1,MANUAL_QA_REQUIRED
gvs_031ea1adbd9a6681,gvc_6ef8d103683e,Kneeling Straight Leg Kickback (version 2) (,Kneeling Straight Leg Kickback,,NOT_NEEDED,,REVIEW,Insufficient semantic metadata,,unknown,하체,name,,,unsupported,,review,,,1,0,1,MANUAL_QA_REQUIRED
gvs_14a7d6a73e6b4bbf,gvc_d99bbd8acc24,Kneeling Straight Leg Kickback (version 2) (left),Kneeling Straight Leg Kickback (Left),,NOT_NEEDED,,REVIEW,Insufficient semantic metadata,,unknown,하체,name,,,unsupported,,review,,,1,0,1,MANUAL_QA_REQUIRED
gvs_ffa3bbc228e776ec,gvc_2ed109bb93e8,Kneeling Straight Leg Side Slide With Towel (femal,Kneeling Straight Leg Side Slide With Towel,,NOT_NEEDED,,REVIEW,Insufficient semantic metadata,,unknown,하체,name,,,unsupported,,review,,,1,0,1,MANUAL_QA_REQUIRED
gvs_eea7d84590a6494d,gvc_7d6f253e0369;gvc_db938ec9463b,Knees And Toes Point Out Squat Slide Wall | Knees And Toes Point Out Squat Slide Wall H,Knees And Toes Point Out Squat Slide Wall,,NOT_NEEDED,,REVIEW,Insufficient semantic metadata,,unknown,하체,name,대퇴사두근,둔근,name_high,,review,,,2,1,1,MANUAL_QA_REQUIRED
gvs_8e02ce6c26ca684a,gvc_4621fce39d9f,Knees In And Out On A Chair,Knees In And Out On A Chair,,NOT_NEEDED,Hips,REVIEW_HOME_CONTEXT,Home/context prop needs relevance review,Bodyweight,inferred_bodyweight,하체,source,,,unsupported,reps,bodyweight,,,1,0,1,MANUAL_QA_REQUIRED
gvs_45660309142c26b9,gvc_fad9c4d19927,L Sit Legs Kick On A Chair,L Sit Legs Kick On A Chair,,NOT_NEEDED,Waist,REVIEW_HOME_CONTEXT,Home/context prop needs relevance review,Bodyweight,inferred_bodyweight,코어,source,,,unsupported,reps,bodyweight,,,1,1,0,MANUAL_QA_REQUIRED
gvs_52cee30473f0441e,gvc_38f1bb5c2a4c,Lateral Cone Hop Plyometrics,Lateral Cone Hop Plyometrics,,NOT_NEEDED,,REVIEW,Insufficient semantic metadata,,unknown,,unknown,,,unsupported,,review,,,1,1,0,MANUAL_QA_REQUIRED
gvs_a49b0bd62064da18,gvc_82ee70f4e1af,Lean Back Air Cycling On A Chair,Lean Back Air Cycling On A Chair,,NOT_NEEDED,Waist,REVIEW_HOME_CONTEXT,Home/context prop needs relevance review,Bodyweight,inferred_bodyweight,코어,source,,,unsupported,reps,bodyweight,distance_duration,,1,0,1,MANUAL_QA_REQUIRED
gvs_6be7476e9f7c79a8,gvc_8e374e4eacbe,Leg Raise Above Head And Under Knee Clap,Leg Raise Above Head And Under Knee Clap,,NOT_NEEDED,,REVIEW,Insufficient semantic metadata,,unknown,하체,name,복직근,,name_high,,review,reps,BODY_MUSCLE_FAMILY_CONFLICT,1,0,1,MANUAL_QA_REQUIRED
gvs_bcaf95a5b6f5ad59,gvc_fd4123f89c41,Leg Stretched Open Toes Together Knees Together (f,Leg Stretched Open Toes Together Knees Together,,NOT_NEEDED,,REVIEW,Insufficient semantic metadata,,unknown,하체,name,,,unsupported,,review,,,1,0,1,MANUAL_QA_REQUIRED
gvs_8f1d0f275abb1d4f,gvc_aef4df71b2bc,Leg Under And Above Shoulders Bridge Pose,Leg Under And Above Shoulders Bridge Pose,,NOT_NEEDED,,REVIEW,Insufficient semantic metadata,,unknown,하체,name,,,unsupported,,review,duration,,1,0,1,MANUAL_QA_REQUIRED
gvs_e9d894e35ee935a3,gvc_8f7ea1ae48eb,Locust Pose Stretching,Locust Pose Stretching,,NOT_NEEDED,,REVIEW,Insufficient semantic metadata,,unknown,,unknown,,,unsupported,,review,duration,,1,0,1,MANUAL_QA_REQUIRED
gvs_9f59f4fc5311442a,gvc_b136211ea426,Lunge With Jump Thighs,Lunge With Jump Thighs,,NOT_NEEDED,,REVIEW,Insufficient semantic metadata,,unknown,하체,name,대퇴사두근,둔근,name_high,,review,reps,,1,1,0,MANUAL_QA_REQUIRED
gvs_b0210a4b774f39b3,gvc_96a63efe554f,Lying Alternate Hip Abduction Knee Bent H,Lying Alternate Hip Abduction Knee Bent H,,NOT_NEEDED,,REVIEW,Insufficient semantic metadata,,unknown,하체,name,중둔근,,name_high,,review,,,1,0,1,MANUAL_QA_REQUIRED
gvs_67a1e6c467d7946a,gvc_db2081bd8621,Lying Alternate Posterior Pelvic Shift Hold (femal,Lying Alternate Posterior Pelvic Shift Hold,,NOT_NEEDED,,REVIEW,Insufficient semantic metadata,,unknown,,unknown,,,unsupported,duration,semantic,,,1,0,1,MANUAL_QA_REQUIRED
gvs_9fa4d03cabdcc51a,gvc_26aa2748192e,Lying Alternating Slight Bent Back Leg Raise (fema,Lying Alternating Slight Bent Back Leg Raise,,NOT_NEEDED,,REVIEW,Insufficient semantic metadata,,unknown,하체,name,복직근,,name_high,,review,reps,BODY_MUSCLE_FAMILY_CONFLICT,1,0,1,MANUAL_QA_REQUIRED
gvs_30078364539d0b6e,gvc_dd36d1595add,Lying Around The World Shoulders,Lying Around The World Shoulders,,NOT_NEEDED,,REVIEW,Insufficient semantic metadata,,unknown,,unknown,,,unsupported,,review,,,1,0,1,MANUAL_QA_REQUIRED
gvs_cc0e31e11c17ba01,gvc_bb50791bf052,Lying Bent Knee Alternating Glute Raise H,Lying Bent Knee Alternating Glute Raise H,,NOT_NEEDED,,REVIEW,Insufficient semantic metadata,,unknown,하체,name,,,unsupported,,review,,,1,0,1,MANUAL_QA_REQUIRED
gvs_1caba4994bd94965,gvc_f40d70011215,Lying Chin Tuck Raise,Lying Chin Tuck Raise,,NOT_NEEDED,Neck,REVIEW,Neck category needs explicit relevance review,,unknown,기타,source,,,unsupported,,review,,,1,1,0,MANUAL_QA_REQUIRED
gvs_fd514fc65739d420,gvc_a77eab5504f5,Lying Chin Tucks,Lying Chin Tucks,,NOT_NEEDED,Neck,REVIEW,Neck category needs explicit relevance review,,unknown,기타,source,,,unsupported,,review,,,1,1,0,MANUAL_QA_REQUIRED
gvs_52f8c977fc54cc8f,gvc_a5f3950362f3,Lying Down Hip Internal External Rotation,Lying Down Hip Internal External Rotation,,NOT_NEEDED,,REVIEW,Insufficient semantic metadata,,unknown,,unknown,,,unsupported,,review,,,1,0,1,MANUAL_QA_REQUIRED
gvs_100bfdeaa61891b0,gvc_0506b4d4efac,Lying Figure 8 With Nose,Lying Figure 8 With Nose,,NOT_NEEDED,Neck,REVIEW,Neck category needs explicit relevance review,,unknown,기타,source,,,unsupported,,review,,,1,0,1,MANUAL_QA_REQUIRED
gvs_08c44e17089fbd5f,gvc_3febb38a9dc7,Lying Hamstring Sciatic Nerve Mobilization (,Lying Hamstring Sciatic Nerve Mobilization,,NOT_NEEDED,,REVIEW,Insufficient semantic metadata,,unknown,하체,name,,,unsupported,,review,,,1,0,1,MANUAL_QA_REQUIRED
gvs_bbfe13e551c384c9,gvc_cf2fc2fc9e8b,Lying Leg Stretched Tap Toe To Knee Opening Knee T,Lying Leg Stretched Tap Toe To Knee Opening Knee T,,NOT_NEEDED,,REVIEW,Insufficient semantic metadata,,unknown,하체,name,,,unsupported,,review,,,1,0,1,MANUAL_QA_REQUIRED
gvs_600fed699dd298fd,gvc_939801529953,Lying Pelvic Floor Relaxation And Deep Breathing (,Lying Pelvic Floor Relaxation And Deep Breathing,,NOT_NEEDED,,REVIEW,Insufficient semantic metadata,,unknown,,unknown,,,unsupported,,review,,,1,0,1,MANUAL_QA_REQUIRED
gvs_eb1338ac23f8fde2,gvc_4a6bf7cd3194,Lying Prone Trapezius Press Back Extension,Lying Prone Trapezius Press Back Extension,,NOT_NEEDED,,REVIEW,Insufficient semantic metadata,,unknown,등,name,,,unsupported,,review,,,1,1,0,MANUAL_QA_REQUIRED
gvs_dd495db512e136bd,gvc_2e8632b7d796,Lying Raised Glute Abduction Around The World (fem,Lying Raised Glute Abduction Around The World,,NOT_NEEDED,,REVIEW,Insufficient semantic metadata,,unknown,하체,name,,,unsupported,,review,,,1,0,1,MANUAL_QA_REQUIRED
gvs_10a09eb1f0086f45,gvc_4dfacca9a48e,Lying Raised Shoulders Windshield Wiper Leg Extens,Lying Raised Shoulders Windshield Wiper Leg Extens,,NOT_NEEDED,,REVIEW,Insufficient semantic metadata,,unknown,하체,name,,,unsupported,,review,,,1,1,0,MANUAL_QA_REQUIRED
gvs_eff954d71647f1b7,gvc_cb082089d3dd,Lying Rectus Abdominis Activation Crunch,Lying Rectus Abdominis Activation Crunch,,NOT_NEEDED,,REVIEW,Insufficient semantic metadata,,unknown,코어,name,복직근,,name_high,,review,reps,,1,0,1,MANUAL_QA_REQUIRED
gvs_8fc49f3feef08217,gvc_edce47fda5e8,Lying Scalene Muscles Activation,Lying Scalene Muscles Activation,,NOT_NEEDED,Neck,REVIEW,Neck category needs explicit relevance review,,unknown,기타,source,,,unsupported,,review,,,1,0,1,MANUAL_QA_REQUIRED
gvs_d1a8fa9658f6ff8c,gvc_8bc448207941,Major Muscles Groups Black,Major Muscles Groups Black,,NOT_NEEDED,,REVIEW,Insufficient semantic metadata,,unknown,,unknown,,,unsupported,,review,,,1,1,0,MANUAL_QA_REQUIRED
gvs_c31b99755a32758d,gvc_6a652cd30902,Major Muscles Groups White,Major Muscles Groups White,,NOT_NEEDED,,REVIEW,Insufficient semantic metadata,,unknown,,unknown,,,unsupported,,review,,,1,1,0,MANUAL_QA_REQUIRED
gvs_cb59b29495a69c3e,gvc_45c6ccc8f5ff,Marching Kick On Spot Cardio,Marching Kick On Spot Cardio,,NOT_NEEDED,,REVIEW,Insufficient semantic metadata,,unknown,,unknown,,,unsupported,,review,,,1,0,1,MANUAL_QA_REQUIRED
gvs_25eb6d967204decc,gvc_dab44e17a214,Mini Hip Lift On A Chair,Mini Hip Lift On A Chair,,NOT_NEEDED,Thighs,REVIEW_HOME_CONTEXT,Home/context prop needs relevance review,Bodyweight,inferred_bodyweight,하체,source,,,unsupported,reps,bodyweight,,,1,0,1,MANUAL_QA_REQUIRED
gvs_29c7f535b83341c1,gvc_cc3371d3d84b,Neck Half Circle,Neck Half Circle,,NOT_NEEDED,Neck,REVIEW,Neck category needs explicit relevance review,,unknown,기타,source,,,unsupported,,review,,,1,0,1,MANUAL_QA_REQUIRED
gvs_fa1c4b866bed722c,gvc_5bb504a02b30,Neck Up Down Left Right,Neck Up Down Left Right,,NOT_NEEDED,Neck,REVIEW,Neck category needs explicit relevance review,,unknown,기타,source,,,unsupported,,review,,,1,0,1,MANUAL_QA_REQUIRED
gvs_0663680cf17162b2,gvc_05e866ac72cf,Open Up On A Chair,Open Up On A Chair,,NOT_NEEDED,Hips,REVIEW_HOME_CONTEXT,Home/context prop needs relevance review,Bodyweight,inferred_bodyweight,하체,source,,,unsupported,reps,bodyweight,,,1,0,1,MANUAL_QA_REQUIRED
gvs_1ed19a92359c690c,gvc_601990eb1af6,Planche On A Chair,Planche On A Chair,,NOT_NEEDED,Shoulders,REVIEW_HOME_CONTEXT,Home/context prop needs relevance review,Bodyweight,inferred_bodyweight,어깨,source,,,unsupported,reps,bodyweight,,,1,1,0,MANUAL_QA_REQUIRED
gvs_8167e64881dc9d0e,gvc_6b4faf5a3f4d,Plank Butt (wrong Right),Plank Butt (Wrong Right),,NOT_NEEDED,,REVIEW,Insufficient semantic metadata,,unknown,코어,name,코어,,name_high,duration,semantic,duration,,1,1,0,MANUAL_QA_REQUIRED
gvs_ef649ab7a86301b7,gvc_8b669a1215fb,Posterior Neck Isometric,Posterior Neck Isometric,,NOT_NEEDED,Neck,REVIEW,Neck category needs explicit relevance review,,unknown,기타,source,,,unsupported,,review,,,1,1,0,MANUAL_QA_REQUIRED
gvs_9736f371d9ca1dbd,gvc_afd6422a51ab,Preacher Curl Wrists (wrong Right),Preacher Curl Wrists (Wrong Right),,NOT_NEEDED,,REVIEW,Insufficient semantic metadata,,unknown,팔,name,이두근,,name_high,,review,,,1,1,0,MANUAL_QA_REQUIRED
gvs_0c9aa155b7f75f1d,gvc_a35af8aac4f8,Prone Cervical Extension,Prone Cervical Extension,,NOT_NEEDED,Neck,REVIEW,Neck category needs explicit relevance review,,unknown,기타,source,,,unsupported,,review,,,1,1,0,MANUAL_QA_REQUIRED
gvs_cf397f5e561f88ac,gvc_16b100098f12,Prone Cervical Extension Isometric Hold,Prone Cervical Extension Isometric Hold,,NOT_NEEDED,Neck,REVIEW,Neck category needs explicit relevance review,,unknown,기타,source,,,unsupported,duration,semantic,duration,,1,1,0,MANUAL_QA_REQUIRED
gvs_37a09eb0a5f0612e,gvc_f8dc30dfb653,Push Up Alternate Rear Lunge Against Wall C,Push Up Alternate Reverse Lunge Against Wall C,,NOT_NEEDED,,REVIEW,Insufficient semantic metadata,,unknown,가슴,name,대퇴사두근,둔근,name_high,,review,reps,BODY_MUSCLE_FAMILY_CONFLICT,1,1,0,MANUAL_QA_REQUIRED
gvs_715fca93b119eb83,gvc_14ca2b390592,Push Up On A Chair (version 2),Push Up On A Chair,,NOT_NEEDED,Chest,REVIEW_HOME_CONTEXT,Home/context prop needs relevance review,Bodyweight,inferred_bodyweight,가슴,source,,,unsupported,reps,bodyweight,reps,,1,1,0,MANUAL_QA_REQUIRED
gvs_56bb50a8dbe9e646,gvc_817d9e4dcadd,Recumbent Hip External Rotator And Hip Extensor St,Recumbent Hip External Rotator And Hip Extensor St,,NOT_NEEDED,,REVIEW,Insufficient semantic metadata,,unknown,,unknown,,,unsupported,,review,,,1,0,1,MANUAL_QA_REQUIRED
gvs_a38d92366427a8fc,gvc_240ae9f7ad25,Resistance Band Sitting Knee Extension On A Chair,Resistance Band Seated Knee Extension On A Chair,,NOT_NEEDED,,REVIEW_HOME_CONTEXT,Home/context prop needs relevance review,Resistance Band,source,,unknown,,,unsupported,,review_equipment_semantics,,,1,0,1,MANUAL_QA_REQUIRED
gvs_8487089b22b5dd9b,gvc_8fececc20103,Resistance Band Sitting Knee Flexion On A Chair (f,Resistance Band Seated Knee Flexion On A Chair,,NOT_NEEDED,,REVIEW_HOME_CONTEXT,Home/context prop needs relevance review,Resistance Band,source,,unknown,,,unsupported,,review_equipment_semantics,,,1,0,1,MANUAL_QA_REQUIRED
gvs_e39359b077def416,gvc_083c3f5e9d9a,Resistance Band Sitting Lateral Raise On A Chair (,Resistance Band Seated Lateral Raise On A Chair,,NOT_NEEDED,,REVIEW_HOME_CONTEXT,Home/context prop needs relevance review,Resistance Band,source,어깨,name,측면 삼각근,,name_high,,review_equipment_semantics,,,1,0,1,MANUAL_QA_REQUIRED
gvs_c64364515d363a55,gvc_f4ea30ad2166,Resistance Band Sitting Military Press On A Chair,Resistance Band Seated Military Press On A Chair,,NOT_NEEDED,,REVIEW_HOME_CONTEXT,Home/context prop needs relevance review,Resistance Band,source,어깨,name,삼각근,삼두근,name_high,,review_equipment_semantics,,,1,0,1,MANUAL_QA_REQUIRED
gvs_cfbac2903459453a,gvc_9c637e97f746,Resistance Band Sitting Serratus Push On A Chair (,Resistance Band Seated Serratus Push On A Chair,,NOT_NEEDED,,REVIEW_HOME_CONTEXT,Home/context prop needs relevance review,Resistance Band,source,,unknown,,,unsupported,,review_equipment_semantics,,,1,0,1,MANUAL_QA_REQUIRED
gvs_8b722aa2f2055bac,gvc_ffd267b02b5b,Roll And Side Twist On Stabilitity Ball P,Roll And Side Twist On Stabilitity Ball P,,NOT_NEEDED,,REVIEW,Insufficient semantic metadata,,unknown,,unknown,,,unsupported,,review,,,1,0,1,MANUAL_QA_REQUIRED
gvs_33bb5ccd28600c1d,gvc_7a457c6c4e24,Roll Ball Lying Semisplinalis Capitis Muscle Activ,Roll Ball Lying Semisplinalis Capitis Muscle Activ,,NOT_NEEDED,,REVIEW,Insufficient semantic metadata,,unknown,,unknown,,,unsupported,,review,,,1,0,1,MANUAL_QA_REQUIRED
gvs_9180f6c305c55cd3,gvc_6f7fb12b3370,Roll Ball Outside Thigh Tractus Iliotibialis Stret,Roll Ball Outside Thigh Tractus Iliotibialis Stret,,NOT_NEEDED,,REVIEW,Insufficient semantic metadata,,unknown,,unknown,,,unsupported,,review,,,1,1,0,MANUAL_QA_REQUIRED
gvs_8f5848c79021a6ff,gvc_9505b2c14bfd,Roll Ball Posterior Tibialis (single Leg) Side Lyi,Roll Ball Posterior Tibialis (Single Leg) Side Lyi,,NOT_NEEDED,,REVIEW,Insufficient semantic metadata,,unknown,,unknown,,,unsupported,,review,,,1,0,1,MANUAL_QA_REQUIRED
gvs_acf9fe333fba9423,gvc_9eff601d761d,Roll Ball Side Lying Scalene Muscles Activation (f,Roll Ball Side Lying Scalene Muscles Activation,,NOT_NEEDED,,REVIEW,Insufficient semantic metadata,,unknown,,unknown,,,unsupported,,review,,,1,0,1,MANUAL_QA_REQUIRED
gvs_650da8f505409595,gvc_9eff4d1d761d,Roll Ball Side Lying Scalene Muscles Activation (s,Roll Ball Side Lying Scalene Muscles Activation (S,,NOT_NEEDED,,REVIEW,Insufficient semantic metadata,,unknown,,unknown,,,unsupported,,review,,,1,0,1,MANUAL_QA_REQUIRED
gvs_1920e1f08925729e,gvc_458d18148bb7,Roll Neck Decompress Lying On Floor,Roll Neck Decompress Lying On Floor,,NOT_NEEDED,Neck,REVIEW,Neck category needs explicit relevance review,,unknown,기타,source,,,unsupported,,review,,,2,1,1,MANUAL_QA_REQUIRED
gvs_a3942ada5ff44344,gvc_e25bff63eaa0,Roll Neck Rotation Lying On Floor,Roll Neck Rotation Lying On Floor,,NOT_NEEDED,Neck,REVIEW,Neck category needs explicit relevance review,,unknown,기타,source,,,unsupported,,review,,,2,1,1,MANUAL_QA_REQUIRED
gvs_202366c24e3113d2,gvc_0d49f1f1b7bb;gvc_6974cabb41e9,Roll Peroneal (single Leg) Side Lying On Floor (fe | Roll Peroneal (single Leg) Side Lying On Floor Cal,Roll Peroneal (Single Leg) Side Lying On Floor Cal,,NOT_NEEDED,,REVIEW,Insufficient semantic metadata,,unknown,,unknown,,,unsupported,,review,,,2,1,1,MANUAL_QA_REQUIRED
gvs_8d9b9971a96f4a39,gvc_96ee3e021f67,Roll Quadriceps (vastus Lateralis) Lying On Floor,Roll Quadriceps (Vastus Lateralis) Lying On Floor,,NOT_NEEDED,,REVIEW,Insufficient semantic metadata,,unknown,하체,name,,,unsupported,,review,,,1,0,1,MANUAL_QA_REQUIRED
gvs_fa26de290b531e65,gvc_dd866cd60aa6,Roll Recumbent Hip External Rotator And Hip Extens,Roll Recumbent Hip External Rotator And Hip Extens,,NOT_NEEDED,,REVIEW,Insufficient semantic metadata,,unknown,,unknown,,,unsupported,,review,,,2,1,1,MANUAL_QA_REQUIRED
gvs_7e09b2644883c2ca,gvc_9fc62e7ebe88,Roll Recumbent Hip External Rotator And Hip Extens 11.40.53,Roll Recumbent Hip External Rotator And Hip Extens 11.40.53,,NOT_NEEDED,,REVIEW,Insufficient semantic metadata,,unknown,,unknown,,,unsupported,,review,,,1,0,1,MANUAL_QA_REQUIRED
gvs_307085c8751b3976,gvc_7396a7b25110,Roll Seated Shoulder Flexor Depresor Retractor,Roll Seated Shoulder Flexor Depresor Retractor,,NOT_NEEDED,,REVIEW,Insufficient semantic metadata,,unknown,어깨,name,,,unsupported,,review,,,1,1,0,MANUAL_QA_REQUIRED
gvs_29027dcda4c6b341,gvc_ef5e47310ab2,Roll Seated Single Leg Shoulder Flexor Depresor Re,Roll Seated Single Leg Shoulder Flexor Depresor Re,,NOT_NEEDED,,REVIEW,Insufficient semantic metadata,,unknown,어깨,name,,,unsupported,,review,,,1,1,0,MANUAL_QA_REQUIRED
gvs_fdd9fb3b5b0147eb,gvc_3c7ba3c4a55b,Roll Tibialis Anterior (single Leg) Lying On Floor,Roll Tibialis Anterior (Single Leg) Lying On Floor,,NOT_NEEDED,,REVIEW,Insufficient semantic metadata,,unknown,,unknown,,,unsupported,,review,,,2,1,1,MANUAL_QA_REQUIRED
gvs_7abe50edcde13fd9,gvc_586d37310d2d,Roll Tibialis Anterior (single Leg) Lying On Floor 11.40.53,Roll Tibialis Anterior (Single Leg) Lying On Floor 11.40.53,,NOT_NEEDED,,REVIEW,Insufficient semantic metadata,,unknown,,unknown,,,unsupported,,review,,,1,0,1,MANUAL_QA_REQUIRED
gvs_9932a0461e25738c,gvc_4733d11a161d,Roll Upper Back,Roll Upper Back,,NOT_NEEDED,,REVIEW,Insufficient semantic metadata,,unknown,,unknown,,,unsupported,,review,,,1,1,0,MANUAL_QA_REQUIRED
gvs_aa6bc3f4960642b2,gvc_d67857744581,Russian Twist On A Padded Stool,Russian Twist On A Padded Stool,,NOT_NEEDED,Waist,REVIEW_HOME_CONTEXT,Home/context prop needs relevance review,Bodyweight,inferred_bodyweight,코어,source,복사근,코어,name_high,reps,bodyweight,,,1,1,0,MANUAL_QA_REQUIRED
gvs_e543780e1264ae28,gvc_306cf6b1869b,Seated Abduction On A Chair,Seated Abduction On A Chair,,NOT_NEEDED,Hips,REVIEW_HOME_CONTEXT,Home/context prop needs relevance review,Bodyweight,inferred_bodyweight,하체,source,,,unsupported,reps,bodyweight,,,1,0,1,MANUAL_QA_REQUIRED
gvs_589d3d3a2f90d670,gvc_07a561053327,Seated Air Bike On A Chair (version 2),Seated Air Bike On A Chair,,NOT_NEEDED,Waist,REVIEW_HOME_CONTEXT,Home/context prop needs relevance review,Bodyweight,inferred_bodyweight,코어,source,,,unsupported,reps,bodyweight,,,1,1,0,MANUAL_QA_REQUIRED
gvs_37d781c45ec030d2,gvc_a035ff4217cf,Sitting Air Bike On A Chair,Seated Air Bike On A Chair,,NOT_NEEDED,Waist,REVIEW_HOME_CONTEXT,Home/context prop needs relevance review,Bodyweight,inferred_bodyweight,코어,source,,,unsupported,reps,bodyweight,,,2,1,1,MANUAL_QA_REQUIRED
gvs_a7920b1fb245c8f7,gvc_cbe6002fc2ee,Sitting Air Bike On A Padded Stool,Seated Air Bike On A Padded Stool,,NOT_NEEDED,Waist,REVIEW_HOME_CONTEXT,Home/context prop needs relevance review,Bodyweight,inferred_bodyweight,코어,source,,,unsupported,reps,bodyweight,,,1,1,0,MANUAL_QA_REQUIRED
gvs_541d480a784c6f1a,gvc_640101eee4b0;gvc_a2fd40f72eb9,Sitting Air Twisting Crunch On A Padded Stool | Sitting Air Twisting Crunch On A Padded Stool (fem,Seated Air Twisting Crunch On A Padded Stool,,NOT_NEEDED,Waist,REVIEW_HOME_CONTEXT,Home/context prop needs relevance review,Bodyweight,inferred_bodyweight,코어,source,복직근,,name_high,reps,bodyweight,reps,,2,1,1,MANUAL_QA_REQUIRED
gvs_836adfcb550bdf53,gvc_2d01e90de679;gvc_c29115705bf3,Sitting Alternate Abduction Twist On A Chair ( | Sitting Alternate Abduction Twist On A Chair (fema,Seated Alternate Abduction Twist On A Chair,,NOT_NEEDED,,REVIEW_HOME_CONTEXT,Home/context prop needs relevance review,,unknown,하체,name,,,unsupported,,review,,,2,1,1,MANUAL_QA_REQUIRED
gvs_09287b7017e49fda,gvc_5868192d0f4e,Seated Alternate Arms Archer Back Rotation (,Seated Alternate Arms Archer Back Rotation,,NOT_NEEDED,,REVIEW,Insufficient semantic metadata,,unknown,,unknown,,,unsupported,,review,,,2,1,1,MANUAL_QA_REQUIRED
gvs_2d2c06955ed1315d,gvc_3207e8ac9ebf,Seated Alternate Back Rotation On A Chair B,Seated Alternate Back Rotation On A Chair B,,NOT_NEEDED,,REVIEW_HOME_CONTEXT,Home/context prop needs relevance review,,unknown,,unknown,,,unsupported,,review,,,1,1,0,MANUAL_QA_REQUIRED
gvs_e47ee0ce6a9e49dc,gvc_225f2ea3ecc7,Seated Alternate Foot Taps On A Chair,Seated Alternate Foot Taps On A Chair,,NOT_NEEDED,Waist,REVIEW_HOME_CONTEXT,Home/context prop needs relevance review,Bodyweight,inferred_bodyweight,코어,source,,,unsupported,reps,bodyweight,,,1,1,0,MANUAL_QA_REQUIRED
gvs_5af77f3c59aa719a,gvc_9c20e91c6642,Seated Alternate Hip Swirl On A Chair,Seated Alternate Hip Swirl On A Chair,,NOT_NEEDED,Hips,REVIEW_HOME_CONTEXT,Home/context prop needs relevance review,Bodyweight,inferred_bodyweight,하체,source,,,unsupported,reps,bodyweight,,,1,0,1,MANUAL_QA_REQUIRED
gvs_b1b0c75b1f0f0d53,gvc_22c423c89abf,Seated Alternate Knee Raises On A Chair,Seated Alternate Knee Raises On A Chair,,NOT_NEEDED,Waist,REVIEW_HOME_CONTEXT,Home/context prop needs relevance review,Bodyweight,inferred_bodyweight,코어,source,,,unsupported,reps,bodyweight,,,1,1,0,MANUAL_QA_REQUIRED
gvs_2457b759ca2d74a9,gvc_1bf4f55734ca,Sitting Alternate Knee Tuck On A Chair,Seated Alternate Knee Tuck On A Chair,,NOT_NEEDED,Waist,REVIEW_HOME_CONTEXT,Home/context prop needs relevance review,Bodyweight,inferred_bodyweight,코어,source,,,unsupported,reps,bodyweight,,,1,0,1,MANUAL_QA_REQUIRED
gvs_702b5f98257fc236,gvc_353638c68766,Sitting Alternate Overhead Under Knee Clap On A Ch,Seated Alternate Overhead Under Knee Clap On A Ch,,NOT_NEEDED,,REVIEW,Insufficient semantic metadata,,unknown,,unknown,,,unsupported,,review,,,1,1,0,MANUAL_QA_REQUIRED
gvs_3cfb971922f21bad,gvc_ad8dd71764cf,Sitting Alternate Palm Push And March On A Chair (,Seated Alternate Palm Push And March On A Chair,,NOT_NEEDED,,REVIEW_HOME_CONTEXT,Home/context prop needs relevance review,,unknown,,unknown,,,unsupported,,review,,,1,0,1,MANUAL_QA_REQUIRED
gvs_ac2357a093e78f72,gvc_41d9103f5940,Sitting Alternate Side Leg Lift On A Chair (,Seated Alternate Side Leg Lift On A Chair,,NOT_NEEDED,,REVIEW_HOME_CONTEXT,Home/context prop needs relevance review,,unknown,하체,name,,,unsupported,,review,,,1,0,1,MANUAL_QA_REQUIRED
gvs_e0d72b30ab1c4512,gvc_643a8f15e8ba,Seated Alternate Thoracic Rotation On A Chair (mal,Seated Alternate Thoracic Rotation On A Chair,,NOT_NEEDED,,REVIEW_HOME_CONTEXT,Home/context prop needs relevance review,,unknown,,unknown,,,unsupported,,review,,,1,1,0,MANUAL_QA_REQUIRED
gvs_c813761b4dd7f8f3,gvc_246b985d1051,Sitting Alternating Leg Raise And Abductor On A Ch,Seated Alternating Leg Raise And Abductor On A Ch,,NOT_NEEDED,,REVIEW,Insufficient semantic metadata,,unknown,하체,name,복직근,,name_high,,review,reps,BODY_MUSCLE_FAMILY_CONFLICT,1,0,1,MANUAL_QA_REQUIRED
gvs_4d2066c1e5a0d2f5,gvc_116365e41485,Sitting Alternating Row On A Chair,Seated Alternating Row On A Chair,,NOT_NEEDED,Back,REVIEW_HOME_CONTEXT,Home/context prop needs relevance review,Bodyweight,inferred_bodyweight,등,source,등 상부 / 광배근,이두근,name_high,reps,bodyweight,,,1,0,1,MANUAL_QA_REQUIRED
gvs_c031c4350de2c831,gvc_9c9e3ccc5620,Sitting Arm Circle On A Chair,Seated Arm Circle On A Chair,,NOT_NEEDED,Shoulders,REVIEW_HOME_CONTEXT,Home/context prop needs relevance review,Bodyweight,inferred_bodyweight,어깨,source,,,unsupported,reps,bodyweight,,,1,0,1,MANUAL_QA_REQUIRED
gvs_f1bdc24ca7e2b38a,gvc_87cc4cd84be1,Seated Arm Crossover On A Chair,Seated Arm Crossover On A Chair,,NOT_NEEDED,Chest,REVIEW_HOME_CONTEXT,Home/context prop needs relevance review,Bodyweight,inferred_bodyweight,가슴,source,,,unsupported,reps,bodyweight,,,1,1,0,MANUAL_QA_REQUIRED
gvs_93170612f661c6c8,gvc_495aa3234fe7,Sitting Back Squeeze Pulse On A Chair,Seated Back Squeeze Pulse On A Chair,,NOT_NEEDED,Back,REVIEW_HOME_CONTEXT,Home/context prop needs relevance review,Bodyweight,inferred_bodyweight,등,source,,,unsupported,reps,bodyweight,,,1,0,1,MANUAL_QA_REQUIRED
gvs_dee2a02d5d699e69,gvc_5a0dfb9b465c,Sitting Biceps Curl On A Chair,Seated Biceps Curl On A Chair,,NOT_NEEDED,Upper-Arms,REVIEW_HOME_CONTEXT,Home/context prop needs relevance review,Bodyweight,inferred_bodyweight,팔,source,이두근,,name_high,reps,bodyweight,,,1,0,1,MANUAL_QA_REQUIRED
gvs_f40786d1965ed6cd,gvc_b137f62946bc,Seated Boat Row With A Towel On A Padded Stool (ma,Seated Boat Row With A Towel On A Padded Stool,,NOT_NEEDED,,REVIEW_HOME_CONTEXT,Home/context prop needs relevance review,,unknown,등,name,등 상부 / 광배근,이두근,name_high,,review,,,1,1,0,MANUAL_QA_REQUIRED
gvs_099036f2c1b08528,gvc_bed7bee64279,Seated Calf Raise On A Chair,Seated Calf Raise On A Chair,,NOT_NEEDED,Calves,REVIEW_HOME_CONTEXT,Home/context prop needs relevance review,Bodyweight,inferred_bodyweight,하체,source,종아리,,name_high,reps,bodyweight,,,1,1,0,MANUAL_QA_REQUIRED
gvs_f6c3b5a154535865,gvc_3ef37bad19ea,Seated Calf Rock On A Chair,Seated Calf Rock On A Chair,,NOT_NEEDED,Calves,REVIEW_HOME_CONTEXT,Home/context prop needs relevance review,Bodyweight,inferred_bodyweight,하체,source,,,unsupported,reps,bodyweight,,,1,0,1,MANUAL_QA_REQUIRED
gvs_d1452e4ac14e773c,gvc_addf199c579d,Sitting Chest Clap On A Padded Stool,Seated Chest Clap On A Padded Stool,,NOT_NEEDED,Chest,REVIEW_HOME_CONTEXT,Home/context prop needs relevance review,Bodyweight,inferred_bodyweight,가슴,source,,,unsupported,reps,bodyweight,,,1,0,1,MANUAL_QA_REQUIRED
gvs_924f586222275b4c,gvc_f1c3e1f0417e,Sitting Chest Fly On A Chair,Seated Chest Fly On A Chair,,NOT_NEEDED,Chest,REVIEW_HOME_CONTEXT,Home/context prop needs relevance review,Bodyweight,inferred_bodyweight,가슴,source,대흉근,삼두근 / 전면 삼각근,name_high,reps,bodyweight,,,1,0,1,MANUAL_QA_REQUIRED
gvs_4d0db60cdc6bbc26,gvc_6ca6bdfbd844,Seated Chest Out Hands Behind (hold) On A Padded S,Seated Chest Out Hands Behind (Hold) On A Padded S,,NOT_NEEDED,,REVIEW,Insufficient semantic metadata,,unknown,가슴,name,,,unsupported,duration,semantic,,,1,0,1,MANUAL_QA_REQUIRED
gvs_79d253a1ef148f71,gvc_cc101949ca87,Seated Chest Press On A Chair,Seated Chest Press On A Chair,,NOT_NEEDED,Chest,REVIEW_HOME_CONTEXT,Home/context prop needs relevance review,Bodyweight,inferred_bodyweight,가슴,source,대흉근,삼두근 / 전면 삼각근,name_high,reps,bodyweight,,,1,1,0,MANUAL_QA_REQUIRED
gvs_b139e930f83a7e5a,gvc_4805bb7235b6,Sitting Chest Push On A Chair,Seated Chest Push On A Chair,,NOT_NEEDED,Chest,REVIEW_HOME_CONTEXT,Home/context prop needs relevance review,Bodyweight,inferred_bodyweight,가슴,source,,,unsupported,reps,bodyweight,,,1,0,1,MANUAL_QA_REQUIRED
gvs_10063130190e50ac,gvc_2241e62882f0;gvc_b0219d800c2f,Seated Chin Tuck | Seated Chin Tuck (version 2),Seated Chin Tuck,,NOT_NEEDED,Neck,REVIEW,Neck category needs explicit relevance review,,unknown,기타,source,,,unsupported,,review,,,2,2,0,MANUAL_QA_REQUIRED
gvs_17cda27770c1402f,gvc_c11c5dcce57a,Sitting Chin Tuck On A Chair,Seated Chin Tuck On A Chair,,NOT_NEEDED,Neck,REVIEW_HOME_CONTEXT,Home/context prop needs relevance review,,unknown,기타,source,,,unsupported,,review,,,1,0,1,MANUAL_QA_REQUIRED
gvs_09a99887a4da02a7,gvc_89f0743f58da,Sitting Corkscrew On A Chair,Seated Corkscrew On A Chair,,NOT_NEEDED,Thighs,REVIEW_HOME_CONTEXT,Home/context prop needs relevance review,Bodyweight,inferred_bodyweight,하체,source,,,unsupported,reps,bodyweight,,,1,0,1,MANUAL_QA_REQUIRED
gvs_9d9589544c41c182,gvc_9640ab7a0d51,Seated Criss Cross Legs On A Chair,Seated Criss Cross Legs On A Chair,,NOT_NEEDED,Hips,REVIEW_HOME_CONTEXT,Home/context prop needs relevance review,Bodyweight,inferred_bodyweight,하체,source,,,unsupported,reps,bodyweight,,,1,1,0,MANUAL_QA_REQUIRED
gvs_ef63e11f8005fb3f,gvc_69729064ffc7,Seated Cross Body Punch On A Chair,Seated Cross Body Punch On A Chair,,NOT_NEEDED,Chest,REVIEW_HOME_CONTEXT,Home/context prop needs relevance review,Bodyweight,inferred_bodyweight,가슴,source,,,unsupported,reps,bodyweight,,,1,1,0,MANUAL_QA_REQUIRED
gvs_6c27d50b0584548b,gvc_2abc0edc8e8f,Seated Decline Chest Press On A Chair,Seated Decline Chest Press On A Chair,,NOT_NEEDED,Chest,REVIEW_HOME_CONTEXT,Home/context prop needs relevance review,Bodyweight,inferred_bodyweight,가슴,source,대흉근,삼두근 / 전면 삼각근,name_high,reps,bodyweight,,,1,1,0,MANUAL_QA_REQUIRED
gvs_81d4e05af40c05dc,gvc_399f5f741253,Sitting Dip And Leg Raise On A Chair,Seated Dip And Leg Raise On A Chair,,NOT_NEEDED,Chest,REVIEW_HOME_CONTEXT,Home/context prop needs relevance review,Bodyweight,inferred_bodyweight,가슴,source,복직근,,name_high,reps,bodyweight,reps,BODY_MUSCLE_FAMILY_CONFLICT,1,1,0,MANUAL_QA_REQUIRED
gvs_9decf7fb85b29d9b,gvc_67ceeec29985,Seated Elbow Chest Fly On A Chair,Seated Elbow Chest Fly On A Chair,,NOT_NEEDED,Chest,REVIEW_HOME_CONTEXT,Home/context prop needs relevance review,Bodyweight,inferred_bodyweight,가슴,source,대흉근,삼두근 / 전면 삼각근,name_high,reps,bodyweight,,,1,1,0,MANUAL_QA_REQUIRED
gvs_b7d6c6a83471e062,gvc_1be4bd664f7a,Sitting Elbow Clap On A Chair,Seated Elbow Clap On A Chair,,NOT_NEEDED,Chest,REVIEW_HOME_CONTEXT,Home/context prop needs relevance review,Bodyweight,inferred_bodyweight,가슴,source,,,unsupported,reps,bodyweight,,,1,0,1,MANUAL_QA_REQUIRED
gvs_d73dcec17c1d9d61,gvc_fe157f77ddab,Sitting Elbows Tucked Open On A Chair,Seated Elbows Tucked Open On A Chair,,NOT_NEEDED,Back,REVIEW_HOME_CONTEXT,Home/context prop needs relevance review,Bodyweight,inferred_bodyweight,등,source,,,unsupported,reps,bodyweight,,,1,0,1,MANUAL_QA_REQUIRED
gvs_5be95424a202a606,gvc_5c173bd01b53,Seated Extended Leg Raise On A Chair,Seated Extended Leg Raise On A Chair,,NOT_NEEDED,Hips,REVIEW_HOME_CONTEXT,Home/context prop needs relevance review,Bodyweight,inferred_bodyweight,하체,source,복직근,,name_high,reps,bodyweight,reps,BODY_MUSCLE_FAMILY_CONFLICT,1,1,0,MANUAL_QA_REQUIRED
gvs_6f91987edb7ef6c2,gvc_093ca4b8aba2;gvc_2106188b388b,Seated External Rotation On A Chair | Sitting External Rotation On A Chair,Seated External Rotation On A Chair,,NOT_NEEDED,Back,REVIEW_HOME_CONTEXT,Home/context prop needs relevance review,Bodyweight,inferred_bodyweight,등,source,,,unsupported,reps,bodyweight,,,2,1,1,MANUAL_QA_REQUIRED
gvs_4a27a43882ca26ee,gvc_9fcd38693b1d,Seated Flexion And Extension Neck,Seated Flexion And Extension Neck,,NOT_NEEDED,Neck,REVIEW,Neck category needs explicit relevance review,,unknown,기타,source,,,unsupported,,review,,,1,1,0,MANUAL_QA_REQUIRED
gvs_e475240a9034f734,gvc_f237c956512c,Sitting Floor Side To Side Leg Raise In Out Crunch,Seated Floor Side To Side Leg Raise In Out Crunch,,NOT_NEEDED,,REVIEW,Insufficient semantic metadata,,unknown,하체,name,복직근,,name_high,,review,reps,BODY_MUSCLE_FAMILY_CONFLICT,1,1,0,MANUAL_QA_REQUIRED
gvs_b48531f6e8cfac04,gvc_bdfb8f298d47,Sitting Flutter Kick On A Padded Stool,Seated Flutter Kick On A Padded Stool,,NOT_NEEDED,Waist,REVIEW_HOME_CONTEXT,Home/context prop needs relevance review,Bodyweight,inferred_bodyweight,코어,source,,,unsupported,reps,bodyweight,,,2,1,1,MANUAL_QA_REQUIRED
gvs_254665acd1236f9e,gvc_31bc116d29c9,Sitting Fly On A Padded Stool,Seated Fly On A Padded Stool,,NOT_NEEDED,Chest,REVIEW_HOME_CONTEXT,Home/context prop needs relevance review,Bodyweight,inferred_bodyweight,가슴,source,,,unsupported,reps,bodyweight,,,1,1,0,MANUAL_QA_REQUIRED
gvs_314151a2f6e7d394,gvc_d8af0683d1eb,Seated Forward Roll Up On A Chair,Seated Forward Roll Up On A Chair,,NOT_NEEDED,Waist,REVIEW_HOME_CONTEXT,Home/context prop needs relevance review,Bodyweight,inferred_bodyweight,코어,source,,,unsupported,reps,bodyweight,,,1,0,1,MANUAL_QA_REQUIRED
gvs_73bd94d3d206dd13,gvc_babfcff522bf,Sitting Frog Crunch On A Padded Stool,Seated Frog Crunch On A Padded Stool,,NOT_NEEDED,Waist,REVIEW_HOME_CONTEXT,Home/context prop needs relevance review,Bodyweight,inferred_bodyweight,코어,source,복직근,,name_high,reps,bodyweight,reps,,1,1,0,MANUAL_QA_REQUIRED
gvs_8403aec248273d08,gvc_de195754c650,Sitting Front Leg Lift Under Knee Tap On A Chair (,Seated Front Leg Lift Under Knee Tap On A Chair,,NOT_NEEDED,,REVIEW_HOME_CONTEXT,Home/context prop needs relevance review,,unknown,하체,name,,,unsupported,,review,,,1,0,1,MANUAL_QA_REQUIRED
gvs_38d24b4a8d87ef70,gvc_ea592b6c4ac1,Sitting Front Slam On A Chair,Seated Front Slam On A Chair,,NOT_NEEDED,Waist,REVIEW_HOME_CONTEXT,Home/context prop needs relevance review,Bodyweight,inferred_bodyweight,코어,source,,,unsupported,reps,bodyweight,,,1,0,1,MANUAL_QA_REQUIRED
gvs_e1b94f10709cec8a,gvc_dc4e68edf9f0,Sitting Hamstring Curl On A Chair,Seated Hamstring Curl On A Chair,,NOT_NEEDED,Thighs,REVIEW_HOME_CONTEXT,Home/context prop needs relevance review,Bodyweight,inferred_bodyweight,하체,source,,,unsupported,reps,bodyweight,,,1,0,1,MANUAL_QA_REQUIRED
gvs_46175f72c41c04d0,gvc_49cb60429f21,Seated Heel Slide On A Chair,Seated Heel Slide On A Chair,,NOT_NEEDED,Calves,REVIEW_HOME_CONTEXT,Home/context prop needs relevance review,Bodyweight,inferred_bodyweight,하체,source,,,unsupported,reps,bodyweight,,,1,1,0,MANUAL_QA_REQUIRED
gvs_bb71708e28f14080,gvc_cf894d69438b,Seated High Row With A Towel On A Padded Stool (ma,Seated High Row With A Towel On A Padded Stool,,NOT_NEEDED,,REVIEW_HOME_CONTEXT,Home/context prop needs relevance review,,unknown,등,name,등 상부 / 광배근,이두근,name_high,,review,,,1,1,0,MANUAL_QA_REQUIRED
gvs_ac9edbef6884f3c7,gvc_3ad609c46784,Seated Hip External Rotator And Hip Extensor Stret,Seated Hip External Rotator And Hip Extensor Stret,,NOT_NEEDED,,REVIEW,Insufficient semantic metadata,,unknown,,unknown,,,unsupported,,review,,,2,1,1,MANUAL_QA_REQUIRED
gvs_4a6983f7d3f4324f,gvc_031d559792dd,Seated Hip External Rotator And Hip Extensor Stret 11.40.54,Seated Hip External Rotator And Hip Extensor Stret 11.40.54,,NOT_NEEDED,,REVIEW,Insufficient semantic metadata,,unknown,,unknown,,,unsupported,,review,,,1,0,1,MANUAL_QA_REQUIRED
gvs_65b9d441228cce65,gvc_ec481f3c33a7,Sitting Hip Knee And Ankle Mobilization On A Stabi,Seated Hip Knee And Ankle Mobilization On A Stabi,,NOT_NEEDED,,REVIEW,Insufficient semantic metadata,,unknown,,unknown,,,unsupported,,review,,,1,0,1,MANUAL_QA_REQUIRED
gvs_c3625e1b00217f33,gvc_93dea288c851,Sitting Hip Rotation On A Chair,Seated Hip Rotation On A Chair,,NOT_NEEDED,Hips,REVIEW_HOME_CONTEXT,Home/context prop needs relevance review,Bodyweight,inferred_bodyweight,하체,source,,,unsupported,reps,bodyweight,,,1,0,1,MANUAL_QA_REQUIRED
gvs_61aab88ca0d08f1a,gvc_e220e63e2994,Sitting In Out Leg Raise On A Padded Stool (,Seated In Out Leg Raise On A Padded Stool,,NOT_NEEDED,Waist,REVIEW_HOME_CONTEXT,Home/context prop needs relevance review,Bodyweight,inferred_bodyweight,코어,source,복직근,,name_high,reps,bodyweight,reps,,2,1,1,MANUAL_QA_REQUIRED
gvs_f87b392f217916bf,gvc_f22e7bd310ed,Seated Incline Chest Press On A Chair,Seated Incline Chest Press On A Chair,,NOT_NEEDED,Chest,REVIEW_HOME_CONTEXT,Home/context prop needs relevance review,Bodyweight,inferred_bodyweight,가슴,source,대흉근,삼두근 / 전면 삼각근,name_high,reps,bodyweight,,,1,1,0,MANUAL_QA_REQUIRED
gvs_884a855ca6f5adc2,gvc_4e0a46a27f02,Sitting Incline Press Calf Raise On A Chair (femal,Seated Incline Press Calf Raise On A Chair,,NOT_NEEDED,,REVIEW_HOME_CONTEXT,Home/context prop needs relevance review,,unknown,하체,name,종아리,,name_high,,review,,,1,0,1,MANUAL_QA_REQUIRED
gvs_08ab208b56f80e8b,gvc_98ffd8c2497c,Sitting Incline Press Stepout On A Chair,Seated Incline Press Stepout On A Chair,,NOT_NEEDED,,REVIEW_HOME_CONTEXT,Home/context prop needs relevance review,,unknown,,unknown,,,unsupported,,review,,,1,0,1,MANUAL_QA_REQUIRED
gvs_a24bd875e47df4ad,gvc_401e4a7c3235;gvc_e318dad3166d,Sitting Incline Press Stepout On A Padded Stool | Sitting Incline Press Stepout On A Padded Stool (f,Seated Incline Press Stepout On A Padded Stool,,NOT_NEEDED,Shoulders,REVIEW_HOME_CONTEXT,Home/context prop needs relevance review,Bodyweight,inferred_bodyweight,어깨,source,,,unsupported,reps,bodyweight,,,2,1,1,MANUAL_QA_REQUIRED
gvs_c0d20b11f5997731,gvc_859dad76ccac;gvc_85bbc176ccc5,Seated Internal And External Shoulder Rotation (fe | Seated Internal And External Shoulder Rotation (ma,Seated Internal And External Shoulder Rotation,,NOT_NEEDED,,REVIEW,Insufficient semantic metadata,,unknown,어깨,name,,,unsupported,,review,,,2,1,1,MANUAL_QA_REQUIRED
gvs_0d29424e8cbfcef0,gvc_33afb6df5d55,Sitting Jack On A Padded Stool,Seated Jack On A Padded Stool,,NOT_NEEDED,Shoulders,REVIEW_HOME_CONTEXT,Home/context prop needs relevance review,Bodyweight,inferred_bodyweight,어깨,source,,,unsupported,reps,bodyweight,,,2,1,1,MANUAL_QA_REQUIRED
gvs_86c609b76f892fc7,gvc_aad0d77d9c83,Seated Jack With A Towel On A Padded Stool,Seated Jack With A Towel On A Padded Stool,,NOT_NEEDED,,REVIEW_HOME_CONTEXT,Home/context prop needs relevance review,,unknown,,unknown,,,unsupported,,review,,,1,1,0,MANUAL_QA_REQUIRED
gvs_1cc40bc27c6fba78,gvc_612d56fb9b81,Seated Kayak Row With A Towel On A Padded Stool (m,Seated Kayak Row With A Towel On A Padded Stool,,NOT_NEEDED,,REVIEW_HOME_CONTEXT,Home/context prop needs relevance review,,unknown,등,name,등 상부 / 광배근,이두근,name_high,,review,,,1,1,0,MANUAL_QA_REQUIRED
gvs_9e46ada4e2b2e69a,gvc_9b8255510672,Sitting Kickback On A Chair,Seated Kickback On A Chair,,NOT_NEEDED,Upper-Arms,REVIEW_HOME_CONTEXT,Home/context prop needs relevance review,Bodyweight,inferred_bodyweight,팔,source,,,unsupported,reps,bodyweight,,,1,0,1,MANUAL_QA_REQUIRED
gvs_9fa97aad3ff6a271,gvc_5320a18ea50f,Sitting Knee Drives On A Chair,Seated Knee Drives On A Chair,,NOT_NEEDED,Waist,REVIEW_HOME_CONTEXT,Home/context prop needs relevance review,Bodyweight,inferred_bodyweight,코어,source,,,unsupported,reps,bodyweight,,,1,0,1,MANUAL_QA_REQUIRED
gvs_0a39bc5fdcaff90f,gvc_620c6a773ba1,Seated Knee Raise Leg Raise On A Chair,Seated Knee Raise Leg Raise On A Chair,,NOT_NEEDED,Waist,REVIEW_HOME_CONTEXT,Home/context prop needs relevance review,Bodyweight,inferred_bodyweight,코어,source,복직근,,name_high,reps,bodyweight,reps,,1,1,0,MANUAL_QA_REQUIRED
gvs_f2f6e12d1b7d6cf5,gvc_78142a5d437e,Seated Knee Thrust On A Chair,Seated Knee Thrust On A Chair,,NOT_NEEDED,Waist,REVIEW_HOME_CONTEXT,Home/context prop needs relevance review,Bodyweight,inferred_bodyweight,코어,source,,,unsupported,reps,bodyweight,,,1,1,0,MANUAL_QA_REQUIRED
gvs_0387df334807ee6b,gvc_656ec805fc64,Sitting Knee Tuck On A Chair,Seated Knee Tuck On A Chair,,NOT_NEEDED,Waist,REVIEW_HOME_CONTEXT,Home/context prop needs relevance review,Bodyweight,inferred_bodyweight,코어,source,,,unsupported,reps,bodyweight,,,1,1,0,MANUAL_QA_REQUIRED
gvs_b2635f195f55db49,gvc_7609e95447e2,Sitting Knee Tuck On A Padded Stool,Seated Knee Tuck On A Padded Stool,,NOT_NEEDED,Waist,REVIEW_HOME_CONTEXT,Home/context prop needs relevance review,Bodyweight,inferred_bodyweight,코어,source,,,unsupported,reps,bodyweight,,,1,1,0,MANUAL_QA_REQUIRED
gvs_385a290c5909fa46,gvc_cb7c77f04fb3,Sitting Lat Pulldown On A Chair,Seated Lat Pulldown On A Chair,,NOT_NEEDED,Back,REVIEW_HOME_CONTEXT,Home/context prop needs relevance review,Bodyweight,inferred_bodyweight,등,source,광배근,이두근 / 승모근,name_high,reps,bodyweight,,,1,0,1,MANUAL_QA_REQUIRED
gvs_064741287a2e6c36,gvc_b1fe73fbdd4d,Sitting Lateral Raise On A Chair,Seated Lateral Raise On A Chair,,NOT_NEEDED,Shoulders,REVIEW_HOME_CONTEXT,Home/context prop needs relevance review,Bodyweight,inferred_bodyweight,어깨,source,측면 삼각근,,name_high,reps,bodyweight,,,1,0,1,MANUAL_QA_REQUIRED
gvs_4045738a9f420c6e,gvc_238622ca0abe;gvc_4bceeda03ba0,Sitting Lateral Raise Stepout On A Padded Stool | Sitting Lateral Raise Stepout On A Padded Stool (f,Seated Lateral Raise Stepout On A Padded Stool,,NOT_NEEDED,Shoulders,REVIEW_HOME_CONTEXT,Home/context prop needs relevance review,Bodyweight,inferred_bodyweight,어깨,source,측면 삼각근,,name_high,reps,bodyweight,,,2,1,1,MANUAL_QA_REQUIRED
gvs_cb3682d2b1e37738,gvc_f3ed0dc3f1ed,Seated Lean Back Cycling On A Chair,Seated Lean Back Cycling On A Chair,,NOT_NEEDED,Waist,REVIEW_HOME_CONTEXT,Home/context prop needs relevance review,Bodyweight,inferred_bodyweight,코어,source,,,unsupported,reps,bodyweight,distance_duration,,1,1,0,MANUAL_QA_REQUIRED
gvs_6e62894783aea36f,gvc_7d509b88b9e8,Seated Lean Back On A Chair,Seated Lean Back On A Chair,,NOT_NEEDED,Back,REVIEW_HOME_CONTEXT,Home/context prop needs relevance review,Bodyweight,inferred_bodyweight,등,source,,,unsupported,reps,bodyweight,,,1,1,0,MANUAL_QA_REQUIRED
gvs_2fee33ca6416358c,gvc_f755f431bb9b,Seated Lean Back Open And Close On A Chair,Seated Lean Back Open And Close On A Chair,,NOT_NEEDED,,REVIEW_HOME_CONTEXT,Home/context prop needs relevance review,,unknown,,unknown,,,unsupported,,review,,,1,1,0,MANUAL_QA_REQUIRED
gvs_0b96ea6e80888e28,gvc_6bdac3a98c9a,Seated Leg Kick On A Chair,Seated Leg Kick On A Chair,,NOT_NEEDED,Hips,REVIEW_HOME_CONTEXT,Home/context prop needs relevance review,Bodyweight,inferred_bodyweight,하체,source,,,unsupported,reps,bodyweight,,,1,1,0,MANUAL_QA_REQUIRED
gvs_2c0460bd032a091d,gvc_a9622e7d0001,Seated Leg Raises On A Chair,Seated Leg Raises On A Chair,,NOT_NEEDED,Waist,REVIEW_HOME_CONTEXT,Home/context prop needs relevance review,Bodyweight,inferred_bodyweight,코어,source,,,unsupported,reps,bodyweight,,,1,1,0,MANUAL_QA_REQUIRED
gvs_fae54664d14db90e,gvc_24838e61d64c,Sitting Lotus Pose Hip Horizontal Rotation (versio,Seated Lotus Pose Hip Horizontal Rotation (Versio,,NOT_NEEDED,,REVIEW,Insufficient semantic metadata,,unknown,,unknown,,,unsupported,,review,duration,,1,1,0,MANUAL_QA_REQUIRED
gvs_0baa5f4eb007ebd0,gvc_cf77974de51d,Sitting Lotus Pose Hip Horizontal Rotation Side Be,Seated Lotus Pose Hip Horizontal Rotation Side Be,,NOT_NEEDED,,REVIEW,Insufficient semantic metadata,,unknown,,unknown,,,unsupported,,review,duration,,1,1,0,MANUAL_QA_REQUIRED
gvs_74df78761c977ad0,gvc_1dfc0de0c54e,Sitting Lotus Pose Twisting Front Back Tap (,Seated Lotus Pose Twisting Front Back Tap,,NOT_NEEDED,,REVIEW,Insufficient semantic metadata,,unknown,,unknown,,,unsupported,,review,duration,,2,1,1,MANUAL_QA_REQUIRED
gvs_1a7613c70907aa1f,gvc_deb54fc8f857,Seated Marching On A Chair,Seated Marching On A Chair,,NOT_NEEDED,Hips,REVIEW_HOME_CONTEXT,Home/context prop needs relevance review,Bodyweight,inferred_bodyweight,하체,source,,,unsupported,reps,bodyweight,,,1,1,0,MANUAL_QA_REQUIRED
gvs_af54bab3ab86d103,gvc_8432453a7cf9,Seated Neck Rotation,Seated Neck Rotation,,NOT_NEEDED,Neck,REVIEW,Neck category needs explicit relevance review,,unknown,기타,source,,,unsupported,,review,,,2,1,1,MANUAL_QA_REQUIRED
gvs_c832fb741267b6f6,gvc_236eb6aaeff5,Sitting Neck Rotation On A Chair,Seated Neck Rotation On A Chair,,NOT_NEEDED,Neck,REVIEW_HOME_CONTEXT,Home/context prop needs relevance review,,unknown,기타,source,,,unsupported,,review,,,1,0,1,MANUAL_QA_REQUIRED
gvs_b49265e5df5d163d,gvc_f6919abf8d67,Seated Open Knee Leg Raise On A Chair,Seated Open Knee Leg Raise On A Chair,,NOT_NEEDED,Waist,REVIEW_HOME_CONTEXT,Home/context prop needs relevance review,Bodyweight,inferred_bodyweight,코어,source,복직근,,name_high,reps,bodyweight,reps,,1,1,0,MANUAL_QA_REQUIRED
gvs_2faf2175adca99d5,gvc_c5e0decb522c,Seated Open Up And Under Swing On A Chair C,Seated Open Up And Under Swing On A Chair C,,NOT_NEEDED,,REVIEW_HOME_CONTEXT,Home/context prop needs relevance review,,unknown,,unknown,,,unsupported,,review,,,1,1,0,MANUAL_QA_REQUIRED
gvs_4011860546fce3c9,gvc_f2042861c44e,Sitting Opposite Grab On A Chair,Seated Opposite Grab On A Chair,,NOT_NEEDED,Back,REVIEW_HOME_CONTEXT,Home/context prop needs relevance review,Bodyweight,inferred_bodyweight,등,source,,,unsupported,reps,bodyweight,,,1,0,1,MANUAL_QA_REQUIRED
gvs_ffd3afb8cbd34016,gvc_9e7bca299bda,Sitting Opposite Grab On A Chair (version 2) (fema,Seated Opposite Grab On A Chair,,NOT_NEEDED,,REVIEW_HOME_CONTEXT,Home/context prop needs relevance review,,unknown,,unknown,,,unsupported,,review,,,1,0,1,MANUAL_QA_REQUIRED
gvs_07ad82d0f19cdfca,gvc_b4087db67439,Sitting Opposite Touch On A Chair,Seated Opposite Touch On A Chair,,NOT_NEEDED,Waist,REVIEW_HOME_CONTEXT,Home/context prop needs relevance review,Bodyweight,inferred_bodyweight,코어,source,,,unsupported,reps,bodyweight,,,2,1,1,MANUAL_QA_REQUIRED
gvs_c1cb538e6b756e40,gvc_ad0608b15e71,Seated Overhead Side And 45 Degrees Bend Forward (,Seated Overhead Side And 45 Degree Bend Forward,,NOT_NEEDED,,REVIEW,Insufficient semantic metadata,,unknown,,unknown,,,unsupported,,review,,,1,0,1,MANUAL_QA_REQUIRED
gvs_d90e9824d3f844ca,gvc_05bf614d7ee3,Seated Overhead Triceps Extension On A Chair (,Seated Overhead Triceps Extension On A Chair,,NOT_NEEDED,,REVIEW_HOME_CONTEXT,Home/context prop needs relevance review,,unknown,팔,name,삼두근,,name_high,,review,,,1,1,0,MANUAL_QA_REQUIRED
gvs_e6380df3d61923b3,gvc_b3f54373a094,Sitting Palm Pulldown On A Chair,Seated Palm Pulldown On A Chair,,NOT_NEEDED,Back,REVIEW_HOME_CONTEXT,Home/context prop needs relevance review,Bodyweight,inferred_bodyweight,등,source,,,unsupported,reps,bodyweight,,,1,0,1,MANUAL_QA_REQUIRED
gvs_86809d0e31c42d9c,gvc_2f6f9fb15948,Seated Pec Dec On A Chair,Seated Pec Dec On A Chair,,NOT_NEEDED,Chest,REVIEW_HOME_CONTEXT,Home/context prop needs relevance review,Bodyweight,inferred_bodyweight,가슴,source,,,unsupported,reps,bodyweight,,,1,1,0,MANUAL_QA_REQUIRED
gvs_43454e07d986cf37,gvc_c34490ec8002,Sitting Pelvis Imbalance Twist On A Chair Hold (fe,Seated Pelvis Imbalance Twist On A Chair Hold,,NOT_NEEDED,,REVIEW_HOME_CONTEXT,Home/context prop needs relevance review,,unknown,,unknown,,,unsupported,duration,semantic,,,1,0,1,MANUAL_QA_REQUIRED
gvs_8d36f99c47d71cd2,gvc_94b06c1b87ec,Sitting Prayer Chest Squeeze On A Chair,Seated Prayer Chest Squeeze On A Chair,,NOT_NEEDED,Chest,REVIEW_HOME_CONTEXT,Home/context prop needs relevance review,Bodyweight,inferred_bodyweight,가슴,source,,,unsupported,reps,bodyweight,,,1,1,0,MANUAL_QA_REQUIRED
gvs_15d1eeb520fa30b5,gvc_10b026b0984a,Sitting Press Up On A Chair,Seated Press Up On A Chair,,NOT_NEEDED,Chest,REVIEW_HOME_CONTEXT,Home/context prop needs relevance review,Bodyweight,inferred_bodyweight,가슴,source,,,unsupported,reps,bodyweight,,,1,0,1,MANUAL_QA_REQUIRED
gvs_d7b38fb16b04b695,gvc_081542f2ded4,Sitting Pull Back On A Chair,Seated Pull Back On A Chair,,NOT_NEEDED,Back,REVIEW_HOME_CONTEXT,Home/context prop needs relevance review,Bodyweight,inferred_bodyweight,등,source,,,unsupported,reps,bodyweight,,,1,0,1,MANUAL_QA_REQUIRED
gvs_e8a12ce4ea9d323e,gvc_0109f11a1ba1,Sitting Pulse Row On A Chair,Seated Pulse Row On A Chair,,NOT_NEEDED,Back,REVIEW_HOME_CONTEXT,Home/context prop needs relevance review,Bodyweight,inferred_bodyweight,등,source,등 상부 / 광배근,이두근,name_high,reps,bodyweight,,,1,0,1,MANUAL_QA_REQUIRED
gvs_b7ac0ccb8d60fe6b,gvc_494dfc5feb10,Sitting Punch On A Chair,Seated Punch On A Chair,,NOT_NEEDED,Chest,REVIEW_HOME_CONTEXT,Home/context prop needs relevance review,Bodyweight,inferred_bodyweight,가슴,source,,,unsupported,reps,bodyweight,,,1,0,1,MANUAL_QA_REQUIRED
gvs_d5d9c59a506cfdf0,gvc_02c7949855d2,Sitting Punch On A Padded Stool,Seated Punch On A Padded Stool,,NOT_NEEDED,Chest,REVIEW_HOME_CONTEXT,Home/context prop needs relevance review,Bodyweight,inferred_bodyweight,가슴,source,,,unsupported,reps,bodyweight,,,2,1,1,MANUAL_QA_REQUIRED
gvs_e2986862c6a1aa58,gvc_86a029f05e2d,Sitting Row On A Chair,Seated Row On A Chair,,NOT_NEEDED,Back,REVIEW_HOME_CONTEXT,Home/context prop needs relevance review,Bodyweight,inferred_bodyweight,등,source,등 상부 / 광배근,이두근,name_high,reps,bodyweight,,,1,0,1,MANUAL_QA_REQUIRED
gvs_b477c366362c0720,gvc_6947eed12fe8,Sitting Russian Twist On A Chair,Seated Russian Twist On A Chair,,NOT_NEEDED,Hips,REVIEW_HOME_CONTEXT,Home/context prop needs relevance review,Bodyweight,inferred_bodyweight,하체,source,복사근,코어,name_high,reps,bodyweight,,BODY_MUSCLE_FAMILY_CONFLICT,2,1,1,MANUAL_QA_REQUIRED
gvs_0bc1246ebb8af8d8,gvc_f4a56e713fdd,Sitting Scapular Adduction (side ) (,Seated Scapular Adduction (Side ),,NOT_NEEDED,,REVIEW,Insufficient semantic metadata,,unknown,하체,name,,,unsupported,,review,,,1,0,1,MANUAL_QA_REQUIRED
gvs_f65f55dd1ba01e41,gvc_2e410ef37767,Sitting Scapular Adduction (version 2) (side Back,Seated Scapular Adduction (Side Back,,NOT_NEEDED,,REVIEW,Insufficient semantic metadata,,unknown,하체,name,,,unsupported,,review,,,1,0,1,MANUAL_QA_REQUIRED
gvs_8918efbda8c0bde5,gvc_a74e47a97497,Sitting Scissors Lift Crunch On A Padded Stool,Seated Scissors Lift Crunch On A Padded Stool,,NOT_NEEDED,Waist,REVIEW_HOME_CONTEXT,Home/context prop needs relevance review,Bodyweight,inferred_bodyweight,코어,source,복직근,,name_high,reps,bodyweight,reps,,1,1,0,MANUAL_QA_REQUIRED
gvs_4a2eeedde61ef7d5,gvc_bda72e7539c1,Sitting Shoulder Press And Hip Abduction On A Padd,Seated Shoulder Press And Hip Abduction On A Padd,,NOT_NEEDED,,REVIEW,Insufficient semantic metadata,,unknown,어깨,name,중둔근,,name_high,,review,,BODY_MUSCLE_FAMILY_CONFLICT,2,1,1,MANUAL_QA_REQUIRED
gvs_89da80233eddcb8b,gvc_82e318d85b5a;gvc_c6670344760f,Seated Shoulder Press On A Chair | Sitting Shoulder Press On A Chair,Seated Shoulder Press On A Chair,,NOT_NEEDED,Shoulders,REVIEW_HOME_CONTEXT,Home/context prop needs relevance review,Bodyweight,inferred_bodyweight,어깨,source,삼각근,삼두근,name_high,reps,bodyweight,,,2,1,1,MANUAL_QA_REQUIRED
gvs_f60f011a4cf9f5b4,gvc_0635d82c4d8c,Sitting Shoulder Press Toe Touch On A Chair (femal,Seated Shoulder Press Toe Touch On A Chair,,NOT_NEEDED,,REVIEW_HOME_CONTEXT,Home/context prop needs relevance review,,unknown,어깨,name,삼각근,삼두근,name_high,,review,,,1,0,1,MANUAL_QA_REQUIRED
gvs_acf81cf3732caa1b,gvc_358618f0c68c,Sitting Shoulder Press Toe Touch On A Padded Stool,Seated Shoulder Press Toe Touch On A Padded Stool,,NOT_NEEDED,,REVIEW_HOME_CONTEXT,Home/context prop needs relevance review,,unknown,어깨,name,삼각근,삼두근,name_high,,review,,,2,1,1,MANUAL_QA_REQUIRED
gvs_dfef332bb12623fb,gvc_b371f87054df,Seated Shoulder Tap On A Chair,Seated Shoulder Tap On A Chair,,NOT_NEEDED,Upper-Arms,REVIEW_HOME_CONTEXT,Home/context prop needs relevance review,Bodyweight,inferred_bodyweight,팔,source,,,unsupported,reps,bodyweight,,,1,1,0,MANUAL_QA_REQUIRED
gvs_03e759a9f5b62461,gvc_d72c8c4620fb,Sitting Shrug On A Chair,Seated Shrug On A Chair,,NOT_NEEDED,Back,REVIEW_HOME_CONTEXT,Home/context prop needs relevance review,Bodyweight,inferred_bodyweight,등,source,,,unsupported,reps,bodyweight,,,1,0,1,MANUAL_QA_REQUIRED
gvs_0fcbeed1a8751869,gvc_4939e63ed791,Seated Side Bend On A Chair,Seated Side Bend On A Chair,,NOT_NEEDED,Waist,REVIEW_HOME_CONTEXT,Home/context prop needs relevance review,Bodyweight,inferred_bodyweight,코어,source,복사근,코어,name_high,reps,bodyweight,,,1,1,0,MANUAL_QA_REQUIRED
gvs_163ff8f69f50ceb8,gvc_811da4037029,Sitting Side Bend On A Chair,Seated Side Bend On A Chair,,NOT_NEEDED,Waist,REVIEW_HOME_CONTEXT,Home/context prop needs relevance review,Bodyweight,inferred_bodyweight,코어,source,복사근,코어,name_high,reps,bodyweight,,,2,1,1,MANUAL_QA_REQUIRED
gvs_2ac96849f8f391c1,gvc_7d90171c2dda,Sitting Side Bend On A Padded Stool,Seated Side Bend On A Padded Stool,,NOT_NEEDED,Waist,REVIEW_HOME_CONTEXT,Home/context prop needs relevance review,Bodyweight,inferred_bodyweight,코어,source,복사근,코어,name_high,reps,bodyweight,,,1,1,0,MANUAL_QA_REQUIRED
gvs_3a8934e6f9adaeb8,gvc_f1b4c87a64c3,Seated Side Bend With A Towel On A Padded Stool (m,Seated Side Bend With A Towel On A Padded Stool,,NOT_NEEDED,,REVIEW_HOME_CONTEXT,Home/context prop needs relevance review,,unknown,코어,name,복사근,코어,name_high,,review,,,1,1,0,MANUAL_QA_REQUIRED
gvs_7cf01138ec636a1a,gvc_4dbb39dcff4e,Sitting Side Circle Draw On A Chair,Seated Side Circle Draw On A Chair,,NOT_NEEDED,Back,REVIEW_HOME_CONTEXT,Home/context prop needs relevance review,Bodyweight,inferred_bodyweight,등,source,,,unsupported,reps,bodyweight,,,1,0,1,MANUAL_QA_REQUIRED
gvs_666c4bc96b2f49c5,gvc_e3622eaeedb9,Sitting Side Crunch On A Padded Stool,Seated Side Crunch On A Padded Stool,,NOT_NEEDED,Waist,REVIEW_HOME_CONTEXT,Home/context prop needs relevance review,Bodyweight,inferred_bodyweight,코어,source,복사근,코어,name_high,reps,bodyweight,reps,,2,1,1,MANUAL_QA_REQUIRED
gvs_b1a3f102a42b46b0,gvc_f95c350b54b0,Seated Side Glute Lift On A Chair,Seated Side Glute Lift On A Chair,,NOT_NEEDED,Hips,REVIEW_HOME_CONTEXT,Home/context prop needs relevance review,Bodyweight,inferred_bodyweight,하체,source,,,unsupported,reps,bodyweight,,,1,0,1,MANUAL_QA_REQUIRED
gvs_11f68058be9250e2,gvc_a55c750418f9,Sitting Side Step Tuck On A Padded Stool,Seated Side Step Tuck On A Padded Stool,,NOT_NEEDED,Waist,REVIEW_HOME_CONTEXT,Home/context prop needs relevance review,Bodyweight,inferred_bodyweight,코어,source,,,unsupported,reps,bodyweight,,,1,1,0,MANUAL_QA_REQUIRED
gvs_85f4c74c9b5247de,gvc_48494af9260a,Sitting Single Straight Back Hamstring Lean (femal,Seated Single Straight Back Hamstring Lean,,NOT_NEEDED,,REVIEW,Insufficient semantic metadata,,unknown,하체,name,,,unsupported,,review,,,1,0,1,MANUAL_QA_REQUIRED
gvs_83f55dbf0d291277,gvc_8c19f37c4e22,Sitting Single Straight Leg Raise A Chair,Seated Single Straight Leg Raise A Chair,,NOT_NEEDED,,REVIEW,Insufficient semantic metadata,,unknown,하체,name,복직근,,name_high,,review,reps,BODY_MUSCLE_FAMILY_CONFLICT,1,0,1,MANUAL_QA_REQUIRED
gvs_3b6a02b2bd6846b0,gvc_4e806a60f815,Sitting Stacked Arm Lift On A Chair,Seated Stacked Arm Lift On A Chair,,NOT_NEEDED,Chest,REVIEW_HOME_CONTEXT,Home/context prop needs relevance review,Bodyweight,inferred_bodyweight,가슴,source,,,unsupported,reps,bodyweight,,,1,0,1,MANUAL_QA_REQUIRED
gvs_898f53992530e089,gvc_6a8640c84f76,Sitting Stepjack Front Raise On A Chair P,Seated Stepjack Front Raise On A Chair P,,NOT_NEEDED,,REVIEW_HOME_CONTEXT,Home/context prop needs relevance review,,unknown,어깨,name,전면 삼각근,,name_high,,review,,,1,0,1,MANUAL_QA_REQUIRED
gvs_4196612ec7047164,gvc_b5244dac6887,Sitting Stepout Hands Up On A Chair,Seated Stepout Hands Up On A Chair,,NOT_NEEDED,Shoulders,REVIEW_HOME_CONTEXT,Home/context prop needs relevance review,Bodyweight,inferred_bodyweight,어깨,source,,,unsupported,reps,bodyweight,,,1,1,0,MANUAL_QA_REQUIRED
gvs_f7ae90bf8eca1c87,gvc_1703b47fe33d,Sitting Straight Arm Back Squeeze On A Chair (fema,Seated Straight Arm Back Squeeze On A Chair,,NOT_NEEDED,,REVIEW_HOME_CONTEXT,Home/context prop needs relevance review,,unknown,,unknown,,,unsupported,,review,,,1,0,1,MANUAL_QA_REQUIRED
gvs_6ac606fc1ee824b6,gvc_b5c02040afe4,Sitting String Pull On A Chair,Seated String Pull On A Chair,,NOT_NEEDED,Upper-Arms,REVIEW_HOME_CONTEXT,Home/context prop needs relevance review,Bodyweight,inferred_bodyweight,팔,source,,,unsupported,reps,bodyweight,,,1,0,1,MANUAL_QA_REQUIRED
gvs_b68e862fdc249877,gvc_0e5956139907,Sitting Swimming Knee Raise On A Chair,Seated Swimming Knee Raise On A Chair,,NOT_NEEDED,Waist,REVIEW_HOME_CONTEXT,Home/context prop needs relevance review,Bodyweight,inferred_bodyweight,코어,source,복직근,,name_high,reps,bodyweight,reps,,2,1,1,MANUAL_QA_REQUIRED
gvs_9823eeb0c8980dea,gvc_5b99e6bff3eb,Sitting Switching Palm Row On A Chair,Seated Switching Palm Row On A Chair,,NOT_NEEDED,Back,REVIEW_HOME_CONTEXT,Home/context prop needs relevance review,Bodyweight,inferred_bodyweight,등,source,등 상부 / 광배근,이두근,name_high,reps,bodyweight,,,1,0,1,MANUAL_QA_REQUIRED
gvs_36dea5f3389610d3,gvc_66058f3bfe13,Sitting Thoracic Spine Mobilization On A Chair (fe,Seated Thoracic Spine Mobilization On A Chair,,NOT_NEEDED,,REVIEW_HOME_CONTEXT,Home/context prop needs relevance review,,unknown,,unknown,,,unsupported,,review,,,1,0,1,MANUAL_QA_REQUIRED
gvs_5642c42fdafaa687,gvc_9975bc8c9f89;gvc_e699fc688b97,Sitting Core Twist On A Chair | Sitting Torso Twist On A Chair,Seated Torso Twist On A Chair,,NOT_NEEDED,Waist,REVIEW_HOME_CONTEXT,Home/context prop needs relevance review,Bodyweight,inferred_bodyweight,코어,source,,,unsupported,reps,bodyweight,,,2,1,1,MANUAL_QA_REQUIRED
gvs_785a46033ef4d1a3,gvc_00fefc1f865a,Sitting Triceps Extension On A Chair,Seated Triceps Extension On A Chair,,NOT_NEEDED,Upper-Arms,REVIEW_HOME_CONTEXT,Home/context prop needs relevance review,Bodyweight,inferred_bodyweight,팔,source,삼두근,,name_high,reps,bodyweight,,,1,0,1,MANUAL_QA_REQUIRED
gvs_4e9748d453f9b152,gvc_449919a297e8,Sitting Twist Knee Raise On A Padded Stool,Seated Twist Knee Raise On A Padded Stool,,NOT_NEEDED,Waist,REVIEW_HOME_CONTEXT,Home/context prop needs relevance review,Bodyweight,inferred_bodyweight,코어,source,복직근,,name_high,reps,bodyweight,reps,,1,1,0,MANUAL_QA_REQUIRED
gvs_96a5f8e2d3851294,gvc_1a801e96e143,Seated Twist With A Towel On A Padded Stool,Seated Twist With A Towel On A Padded Stool,,NOT_NEEDED,,REVIEW_HOME_CONTEXT,Home/context prop needs relevance review,,unknown,,unknown,,,unsupported,,review,,,1,1,0,MANUAL_QA_REQUIRED
gvs_e9c8400e6dc503e8,gvc_e5a92ae0c250,Seated Under Knee Clap On A Chair,Seated Under Knee Clap On A Chair,,NOT_NEEDED,Waist,REVIEW_HOME_CONTEXT,Home/context prop needs relevance review,Bodyweight,inferred_bodyweight,코어,source,,,unsupported,reps,bodyweight,,,1,1,0,MANUAL_QA_REQUIRED
gvs_da3e0eab134449ab,gvc_fde85e8c3fbf,Seated Underhand Arm Circle On A Chair,Seated Underhand Arm Circle On A Chair,,NOT_NEEDED,Shoulders,REVIEW_HOME_CONTEXT,Home/context prop needs relevance review,Bodyweight,inferred_bodyweight,어깨,source,,,unsupported,reps,bodyweight,,,1,1,0,MANUAL_QA_REQUIRED
gvs_6f086952a7864eb8,gvc_1ed4bc9f42a7,Sitting Underhand Crossover On A Chair,Seated Underhand Crossover On A Chair,,NOT_NEEDED,Chest,REVIEW_HOME_CONTEXT,Home/context prop needs relevance review,Bodyweight,inferred_bodyweight,가슴,source,,,unsupported,reps,bodyweight,,,1,0,1,MANUAL_QA_REQUIRED
gvs_1bc80d02384d4abc,gvc_d2b6da56c9ae,Sitting Upright Row On A Chair,Seated Upright Row On A Chair,,NOT_NEEDED,Shoulders,REVIEW_HOME_CONTEXT,Home/context prop needs relevance review,Bodyweight,inferred_bodyweight,어깨,source,등 상부 / 광배근,이두근,name_high,reps,bodyweight,,BODY_MUSCLE_FAMILY_CONFLICT,1,0,1,MANUAL_QA_REQUIRED
gvs_48d7107af4251108,gvc_5dfbb0f4e59f,Seated Upright Twists On A Chair,Seated Upright Twists On A Chair,,NOT_NEEDED,Waist,REVIEW_HOME_CONTEXT,Home/context prop needs relevance review,Bodyweight,inferred_bodyweight,코어,source,,,unsupported,reps,bodyweight,,,1,1,0,MANUAL_QA_REQUIRED
gvs_ee51e272396543c0,gvc_be9d17088844,Sitting W Pose On A Chair,Seated W Pose On A Chair,,NOT_NEEDED,Back,REVIEW_HOME_CONTEXT,Home/context prop needs relevance review,Bodyweight,inferred_bodyweight,등,source,,,unsupported,reps,bodyweight,duration,,1,0,1,MANUAL_QA_REQUIRED
gvs_eaa10aea704115bc,gvc_3e09eeed3ca1,Seated Windshield Wipers On A Chair,Seated Windshield Wipers On A Chair,,NOT_NEEDED,Waist,REVIEW_HOME_CONTEXT,Home/context prop needs relevance review,Bodyweight,inferred_bodyweight,코어,source,,,unsupported,reps,bodyweight,,,1,1,0,MANUAL_QA_REQUIRED
gvs_f9de63a7002a4c7f,gvc_fe2e5927798d,Sitting Woodchopper On A Chair,Seated Woodchopper On A Chair,,NOT_NEEDED,Waist,REVIEW_HOME_CONTEXT,Home/context prop needs relevance review,Bodyweight,inferred_bodyweight,코어,source,,,unsupported,reps,bodyweight,,,2,1,1,MANUAL_QA_REQUIRED
gvs_755497070de08b6f,gvc_4efbf94fd3d8,Sitting Wrist Rotation On A Chair,Seated Wrist Rotation On A Chair,,NOT_NEEDED,Forearms,REVIEW_HOME_CONTEXT,Home/context prop needs relevance review,Bodyweight,inferred_bodyweight,팔,source,,,unsupported,reps,bodyweight,,,1,0,1,MANUAL_QA_REQUIRED
gvs_2da2660c4b03a5ae,gvc_54965e7892cc,Seating Alternate Leg Abduction And Extension (mal,Seating Alternate Leg Abduction And Extension,,NOT_NEEDED,,REVIEW,Insufficient semantic metadata,,unknown,하체,name,,,unsupported,,review,,,1,1,0,MANUAL_QA_REQUIRED
gvs_c55aa7e1260ea51d,gvc_8c2656a2667c,Side Lunge Overhead Reach Plyometrics Col,Side Lunge Overhead Reach Plyometrics Col,,NOT_NEEDED,,REVIEW,Insufficient semantic metadata,,unknown,하체,name,대퇴사두근,둔근,name_high,,review,reps,,1,0,1,MANUAL_QA_REQUIRED
gvs_1156394097c6f17a,gvc_e0737ee2ad5b,Side Lying 90 Degrees Hip Clam And Kick H,Side Lying 90 Degrees Hip Clam And Kick H,,NOT_NEEDED,,REVIEW,Insufficient semantic metadata,,unknown,,unknown,,,unsupported,,review,,,1,0,1,MANUAL_QA_REQUIRED
gvs_d224b4828ccabfe8,gvc_d8ce69ef96c6,Side Lying Hip Internal External Rotation,Side Lying Hip Internal External Rotation,,NOT_NEEDED,,REVIEW,Insufficient semantic metadata,,unknown,,unknown,,,unsupported,,review,,,1,0,1,MANUAL_QA_REQUIRED
gvs_7a463a3274b73c2c,gvc_0df91f03e6b2,Side Lying Side Lift Free Lateral Flexion,Side Lying Side Lift Free Lateral Flexion,,NOT_NEEDED,,REVIEW,Insufficient semantic metadata,,unknown,,unknown,,,unsupported,,review,,,1,0,1,MANUAL_QA_REQUIRED
gvs_8b19270ebcb5ce0c,gvc_e43139bc431f,Side Plank Butt (wrong Right),Side Plank Butt (Wrong Right),,NOT_NEEDED,,REVIEW,Insufficient semantic metadata,,unknown,코어,name,코어,,name_high,duration,semantic,duration,,1,0,1,MANUAL_QA_REQUIRED
gvs_e75acbd0c329072e,gvc_29bcb678c233,Side Plank Lift On A Padded Stool,Side Plank Lift On A Padded Stool,,NOT_NEEDED,Waist,REVIEW_HOME_CONTEXT,Home/context prop needs relevance review,Bodyweight,inferred_bodyweight,코어,source,코어,,name_high,duration,semantic,duration,,1,1,0,MANUAL_QA_REQUIRED
gvs_5ab43feffb1b3ef7,gvc_37a17a494b37;gvc_d903d14bd718,Side Plank Rotation A Padded Stool Supported | Side Plank Rotation A Padded Stool Supported (fema,Side Plank Rotation A Padded Stool Supported,,NOT_NEEDED,Waist,REVIEW_HOME_CONTEXT,Home/context prop needs relevance review,Bodyweight,inferred_bodyweight,코어,source,코어,,name_high,reps,bodyweight,duration,,2,1,1,MANUAL_QA_REQUIRED
gvs_0e91b789b0ce7265,gvc_c8cd5a23a913,Side Plank (version 2) Waist,Side Plank Waist,,NOT_NEEDED,,REVIEW,Insufficient semantic metadata,,unknown,코어,name,코어,,name_high,duration,semantic,duration,,1,0,1,MANUAL_QA_REQUIRED
gvs_a5bc321264b7205c,gvc_40fd11f5f0bc,Side Plank With Raised Leg (version 2) (left) (fem,Side Plank With Raised Leg (Left),,NOT_NEEDED,,REVIEW,Insufficient semantic metadata,,unknown,코어,name,코어,,name_high,duration,semantic,duration,,1,0,1,MANUAL_QA_REQUIRED
gvs_a6e2050acfa2e250,gvc_f85129aff912,Side Step Sprinting Arms Plyometrics,Side Step Sprinting Arms Plyometrics,,NOT_NEEDED,,REVIEW,Insufficient semantic metadata,,unknown,,unknown,,,unsupported,,review,,,1,0,1,MANUAL_QA_REQUIRED
gvs_3e2d5d44665da85e,gvc_c9f712099354,Side Step Swing Plyometrics,Side Step Swing Plyometrics,,NOT_NEEDED,,REVIEW,Insufficient semantic metadata,,unknown,,unknown,,,unsupported,,review,,,1,0,1,MANUAL_QA_REQUIRED
gvs_394bb5facdfc5c48,gvc_31fc57d4ce5b,Side To Side (garland Pose) Frog Squat Into Forwar,Side To Side (Garland Pose) Frog Squat Into Forwar,,NOT_NEEDED,,REVIEW,Insufficient semantic metadata,,unknown,하체,name,대퇴사두근,둔근,name_high,,review,duration,,1,0,1,MANUAL_QA_REQUIRED
gvs_88d423696ba29e39,gvc_864352cf75ea,Side Two Front Toe Touching,Side Two Front Toe Touching,,NOT_NEEDED,,REVIEW,Insufficient semantic metadata,,unknown,,unknown,,,unsupported,,review,,,2,0,2,MANUAL_QA_REQUIRED
gvs_546238449678f992,gvc_75963923ff77,Single Leg Bridge With Outstretched Leg (left) (ma,Single Leg Bridge With Outstretched Leg (Left),,NOT_NEEDED,,REVIEW,Insufficient semantic metadata,,unknown,하체,name,,,unsupported,,review,,,1,1,0,MANUAL_QA_REQUIRED
gvs_1ceff9e468f943ee,gvc_6b217002695b,Single Leg Lift On A Chair,Single Leg Lift On A Chair,,NOT_NEEDED,Thighs,REVIEW_HOME_CONTEXT,Home/context prop needs relevance review,Bodyweight,inferred_bodyweight,하체,source,,,unsupported,reps,bodyweight,,,1,0,1,MANUAL_QA_REQUIRED
gvs_894decf91fd7980d,gvc_7977d3faf75e,Single Straight Leg Glute Bridge Hold (left) (fema,Single Straight Leg Glute Bridge Hold (Left),,NOT_NEEDED,,REVIEW,Insufficient semantic metadata,,unknown,하체,name,둔근,햄스트링,name_high,duration,semantic,,,1,0,1,MANUAL_QA_REQUIRED
gvs_3da1eccc83841e52,gvc_1fabc79a0983,Sit To Stand On A Chair,Sit To Stand On A Chair,,NOT_NEEDED,Thighs,REVIEW_HOME_CONTEXT,Home/context prop needs relevance review,Bodyweight,inferred_bodyweight,하체,source,,,unsupported,reps,bodyweight,,,1,1,0,MANUAL_QA_REQUIRED
gvs_a1beb3c8602af552,gvc_8e2b223be11e,Slight Bend Top Crossover And Prayer Push,Slight Bend Top Crossover And Prayer Push,,NOT_NEEDED,,REVIEW,Insufficient semantic metadata,,unknown,,unknown,,,unsupported,,review,,,1,0,1,MANUAL_QA_REQUIRED
gvs_989e60b2b61c227c,gvc_30958b7e1042,Spine Imbalance And Forward Head Posture Hold (fem,Spine Imbalance And Forward Head Posture Hold,,NOT_NEEDED,,REVIEW,Insufficient semantic metadata,,unknown,,unknown,,,unsupported,duration,semantic,,,1,0,1,MANUAL_QA_REQUIRED
gvs_cfd01ea2f7d8d4b0,gvc_973e1cec9da8,Split Sprinter High Lunge,Split Sprinter High Lunge,,NOT_NEEDED,,REVIEW,Insufficient semantic metadata,,unknown,하체,name,대퇴사두근,둔근,name_high,,review,reps,,1,1,0,MANUAL_QA_REQUIRED
gvs_f11ac243c5b80b6b,gvc_d312a7345326,Split Squat A Padded Stool Supported,Split Squat A Padded Stool Supported,,NOT_NEEDED,Thighs,REVIEW_HOME_CONTEXT,Home/context prop needs relevance review,Bodyweight,inferred_bodyweight,하체,source,대퇴사두근,둔근,name_high,reps,bodyweight,,,1,1,0,MANUAL_QA_REQUIRED
gvs_299afca4617603b6,gvc_a35acd07f5a6,Split Squat On A Chair,Split Squat On A Chair,,NOT_NEEDED,Thighs,REVIEW_HOME_CONTEXT,Home/context prop needs relevance review,Bodyweight,inferred_bodyweight,하체,source,대퇴사두근,둔근,name_high,reps,bodyweight,,,1,0,1,MANUAL_QA_REQUIRED
gvs_ebb8e2635c2dd8ab,gvc_cbaa7cb7829d,Squat On A Padded Stool,Squat On A Padded Stool,,NOT_NEEDED,Thighs,REVIEW_HOME_CONTEXT,Home/context prop needs relevance review,Bodyweight,inferred_bodyweight,하체,source,대퇴사두근,둔근,name_high,reps,bodyweight,,,1,1,0,MANUAL_QA_REQUIRED
gvs_5c84cf67ca5b29a7,gvc_8cf3b0c46bbd,Standing 4x Back Criss Cross 4x Front Criss Cross,Standing 4x Back Criss Cross 4x Front Criss Cross,,NOT_NEEDED,,REVIEW,Insufficient semantic metadata,,unknown,,unknown,,,unsupported,,review,,,1,0,1,MANUAL_QA_REQUIRED
gvs_14a3605f060afc1f,gvc_8f9ffe637faf,Standing Alternate Leg Lift Lat Pulldown,Standing Alternate Leg Lift Lat Pulldown,,NOT_NEEDED,,REVIEW,Insufficient semantic metadata,,unknown,등,name,광배근,이두근 / 승모근,name_high,,review,,,1,0,1,MANUAL_QA_REQUIRED
gvs_658a6c4b6b9aa5cb,gvc_548ae82ff80d,Standing Alternating 5 Arm Cross And Elbow Lift (f,Standing Alternating 5 Arm Cross And Elbow Lift,,NOT_NEEDED,,REVIEW,Insufficient semantic metadata,,unknown,,unknown,,,unsupported,,review,,,1,0,1,MANUAL_QA_REQUIRED
gvs_4efc8764ab9a385a,gvc_26e129818932,Standing Alternating Diagonal Prayer Push,Standing Alternating Diagonal Prayer Push,,NOT_NEEDED,,REVIEW,Insufficient semantic metadata,,unknown,,unknown,,,unsupported,,review,,,1,0,1,MANUAL_QA_REQUIRED
gvs_024269e32e759f63,gvc_5fc50cc0fad3,Standing Alternating Double Elbow Knee Touch (fema,Standing Alternating Double Elbow Knee Touch,,NOT_NEEDED,,REVIEW,Insufficient semantic metadata,,unknown,,unknown,,,unsupported,,review,,,1,0,1,MANUAL_QA_REQUIRED
gvs_af3f6400d0a391aa,gvc_1f773eec9569,Standing Alternating Front Feet Tap To Knee Tuck (,Standing Alternating Front Feet Tap To Knee Tuck,,NOT_NEEDED,,REVIEW,Insufficient semantic metadata,,unknown,,unknown,,,unsupported,,review,,,1,0,1,MANUAL_QA_REQUIRED
gvs_95fd99a625a5eec4,gvc_fdc7bdefbcfd,Standing Alternating Upper And Lower Back Clap (fe,Standing Alternating Upper And Lower Back Clap,,NOT_NEEDED,,REVIEW,Insufficient semantic metadata,,unknown,,unknown,,,unsupported,,review,,,1,0,1,MANUAL_QA_REQUIRED
gvs_5ba07fb9a1e4bf81,gvc_0a8e5bf9b3e1,Standing Archer Alternate 45 Degrees Arm Row (fema,Standing Archer Alternate 45 Degree Arm Row,,NOT_NEEDED,,REVIEW,Insufficient semantic metadata,,unknown,등,name,등 상부 / 광배근,이두근,name_high,,review,,,1,0,1,MANUAL_QA_REQUIRED
gvs_a776f1e3cce4a13b,gvc_df842f87cf16,Standing Arm Crossover And Elbow Pullback,Standing Arm Crossover And Elbow Pullback,,NOT_NEEDED,,REVIEW,Insufficient semantic metadata,,unknown,,unknown,,,unsupported,,review,,,1,0,1,MANUAL_QA_REQUIRED
gvs_1968127722540527,gvc_cd5c78d79814,Standing Back Clap And Elbow Touch And Prayer Push,Standing Back Clap And Elbow Touch And Prayer Push,,NOT_NEEDED,,REVIEW,Insufficient semantic metadata,,unknown,,unknown,,,unsupported,,review,,,1,0,1,MANUAL_QA_REQUIRED
gvs_cc6e8696bdb0b51c,gvc_e251b2736cd4,Standing Balance Diagonal Cross Leg Lift,Standing Balance Diagonal Cross Leg Lift,,NOT_NEEDED,,REVIEW,Insufficient semantic metadata,,unknown,하체,name,,,unsupported,,review,,,1,0,1,MANUAL_QA_REQUIRED
gvs_9c9e016f149965f7,gvc_49aeda7bb3be,Standing Balance Single Crossover Pendulum Leg (ma,Standing Balance Single Crossover Pendulum Leg,,NOT_NEEDED,,REVIEW,Insufficient semantic metadata,,unknown,,unknown,,,unsupported,,review,,,1,1,0,MANUAL_QA_REQUIRED
gvs_169b14707e5d502a,gvc_8856e8e4900d,Standing Balance Single Leg Lifts Reverse Fly (fem,Standing Balance Single Leg Lifts Reverse Fly,,NOT_NEEDED,,REVIEW,Insufficient semantic metadata,,unknown,가슴,name,후면 삼각근,,name_high,,review,,BODY_MUSCLE_FAMILY_CONFLICT,1,0,1,MANUAL_QA_REQUIRED
gvs_84ec595a8fa84cb0,gvc_904eb0c8ea32,Standing Balance Stepback And Glute Kickback (fema,Standing Balance Stepback And Glute Kickback,,NOT_NEEDED,,REVIEW,Insufficient semantic metadata,,unknown,하체,name,,,unsupported,,review,,,1,0,1,MANUAL_QA_REQUIRED
gvs_a525cf746172f39a,gvc_5cad709de596,Standing Ballerina Alternate Side Knee Drive (fema,Standing Ballerina Alternate Side Knee Drive,,NOT_NEEDED,,REVIEW,Insufficient semantic metadata,,unknown,,unknown,,,unsupported,,review,,,1,0,1,MANUAL_QA_REQUIRED
gvs_3ae873af573d39a7,gvc_22f3a7fb4a94,Standing Behind Head Clasp And Pushdown C,Standing Behind Head Clasp And Pushdown C,,NOT_NEEDED,,REVIEW,Insufficient semantic metadata,,unknown,팔,name,,,unsupported,,review,,,1,0,1,MANUAL_QA_REQUIRED
gvs_a8c62770917722be,gvc_7c628afafb46,Standing Behind Head Crossover And Back Squeeze (f,Standing Behind Head Crossover And Back Squeeze,,NOT_NEEDED,,REVIEW,Insufficient semantic metadata,,unknown,,unknown,,,unsupported,,review,,,1,0,1,MANUAL_QA_REQUIRED
gvs_2cdd6f42fe7f27dc,gvc_abfc755314dc,Standing Bent Knee Alternating Calf Raise With A C,Standing Bent Knee Alternating Calf Raise With A C,,NOT_NEEDED,,REVIEW,Insufficient semantic metadata,,unknown,하체,name,종아리,,name_high,,review,,,1,1,0,MANUAL_QA_REQUIRED
gvs_b376e4c2148ab81c,gvc_28658845d905,Standing Bent Knee Calf Raise With A Chair Support,Standing Bent Knee Calf Raise With A Chair Support,,NOT_NEEDED,,REVIEW,Insufficient semantic metadata,,unknown,하체,name,종아리,,name_high,,review,,,1,0,1,MANUAL_QA_REQUIRED
gvs_bf56c8b731a9566f,gvc_c260a53f4753,Standing Butt Kick Pulldown P,Standing Butt Kick Pulldown P,,NOT_NEEDED,,REVIEW,Insufficient semantic metadata,,unknown,등,name,,,unsupported,,review,,,1,0,1,MANUAL_QA_REQUIRED
gvs_58162794fc550566,gvc_ecce6ce26b4b,Standing Double Arm Crossover And Double Prayer Pu,Standing Double Arm Crossover And Double Prayer Pu,,NOT_NEEDED,,REVIEW,Insufficient semantic metadata,,unknown,,unknown,,,unsupported,,review,,,1,0,1,MANUAL_QA_REQUIRED
gvs_57fc3de751769007,gvc_36b58b093034,Standing Double Opposite Vertical Open And Double,Standing Double Opposite Vertical Open And Double,,NOT_NEEDED,,REVIEW,Insufficient semantic metadata,,unknown,,unknown,,,unsupported,,review,,,1,0,1,MANUAL_QA_REQUIRED
gvs_6b1dfe8f30a6e73f,gvc_bf46a58a957e,Standing Double Prayer Push And Circle Draw (femal,Standing Double Prayer Push And Circle Draw,,NOT_NEEDED,,REVIEW,Insufficient semantic metadata,,unknown,,unknown,,,unsupported,,review,,,1,0,1,MANUAL_QA_REQUIRED
gvs_f52342c7206cbbaf,gvc_bcedf2e18300,Standing Folded Arm Lift And Side Nudge C,Standing Folded Arm Lift And Side Nudge C,,NOT_NEEDED,,REVIEW,Insufficient semantic metadata,,unknown,,unknown,,,unsupported,,review,,,1,0,1,MANUAL_QA_REQUIRED
gvs_cfc7117b08fac593,gvc_4204c7ade779,Standing Front Backhand Tap And Behind Backhand Ta,Standing Front Backhand Tap And Behind Backhand Ta,,NOT_NEEDED,,REVIEW,Insufficient semantic metadata,,unknown,,unknown,,,unsupported,,review,,,1,0,1,MANUAL_QA_REQUIRED
gvs_02a0a97e80ca0660,gvc_afcaa4e0e3b7,Standing Front Elbow Touch To Overhead Cross (fema,Standing Front Elbow Touch To Overhead Cross,,NOT_NEEDED,,REVIEW,Insufficient semantic metadata,,unknown,,unknown,,,unsupported,,review,,,1,0,1,MANUAL_QA_REQUIRED
gvs_7c07b0a6f9e2fed8,gvc_9833a4e8328f,Standing Front Leg Lift Cross Toe Touches,Standing Front Leg Lift Cross Toe Touches,,NOT_NEEDED,,REVIEW,Insufficient semantic metadata,,unknown,하체,name,,,unsupported,,review,,,1,0,1,MANUAL_QA_REQUIRED
gvs_c35a3c5fa214cebf,gvc_7d5fabc7bdc3,Standing Front Leg Lift Cross Toe Touches (version,Standing Front Leg Lift Cross Toe Touches,,NOT_NEEDED,,REVIEW,Insufficient semantic metadata,,unknown,하체,name,,,unsupported,,review,,,1,0,1,MANUAL_QA_REQUIRED
gvs_5e5806ac63a0300e,gvc_80e67d327310,Standing Front Leg Lift Cross Toe Touches Side Ben,Standing Front Leg Lift Cross Toe Touches Side Ben,,NOT_NEEDED,,REVIEW,Insufficient semantic metadata,,unknown,하체,name,,,unsupported,,review,,,2,1,1,MANUAL_QA_REQUIRED
gvs_8f9dea6f71db6b17,gvc_94572b92c541,Standing Front Triple Arm Cross And Top Triple Arm,Standing Front Triple Arm Cross And Top Triple Arm,,NOT_NEEDED,,REVIEW,Insufficient semantic metadata,,unknown,,unknown,,,unsupported,,review,,,1,0,1,MANUAL_QA_REQUIRED
gvs_b3760256497f02d4,gvc_a181f176982b,Standing Hands On Hip Front And Back Open,Standing Hands On Hip Front And Back Open,,NOT_NEEDED,,REVIEW,Insufficient semantic metadata,,unknown,,unknown,,,unsupported,,review,,,1,0,1,MANUAL_QA_REQUIRED
gvs_53b8ca42d558f868,gvc_a91a5921404a,Standing Hands On Shoulder Raise And Elbow Touch (,Standing Hands On Shoulder Raise And Elbow Touch,,NOT_NEEDED,,REVIEW,Insufficient semantic metadata,,unknown,어깨,name,,,unsupported,,review,,,1,0,1,MANUAL_QA_REQUIRED
gvs_549eb44907ed95e9,gvc_4b856343e37a,Standing Hip Controlled Articular Rotation,Standing Hip Controlled Articular Rotation,,NOT_NEEDED,,REVIEW,Insufficient semantic metadata,,unknown,,unknown,,,unsupported,,review,,,1,1,0,MANUAL_QA_REQUIRED
gvs_f97e9bd973c8793d,gvc_470244d51dbd,Standing Hip Frontal Rotation Alternate Raise (fem,Standing Hip Frontal Rotation Alternate Raise,,NOT_NEEDED,,REVIEW,Insufficient semantic metadata,,unknown,,unknown,,,unsupported,,review,,,1,0,1,MANUAL_QA_REQUIRED
gvs_2b25e19600da4ac0,gvc_930d6aa80a34,Standing Hip Frontal Rotation Arm Bounces,Standing Hip Frontal Rotation Arm Bounces,,NOT_NEEDED,,REVIEW,Insufficient semantic metadata,,unknown,,unknown,,,unsupported,,review,,,1,0,1,MANUAL_QA_REQUIRED
gvs_251e7871608d987d,gvc_c5c693e2043f,Standing Hip Frontal Rotation Arm Sways P,Standing Hip Frontal Rotation Arm Sways P,,NOT_NEEDED,,REVIEW,Insufficient semantic metadata,,unknown,,unknown,,,unsupported,,review,,,1,0,1,MANUAL_QA_REQUIRED
gvs_5f053de82e6dce36,gvc_3cfbfe67e3a9,Standing Hip Frontal Rotation Prayer Arms,Standing Hip Frontal Rotation Prayer Arms,,NOT_NEEDED,,REVIEW,Insufficient semantic metadata,,unknown,,unknown,,,unsupported,,review,,,1,0,1,MANUAL_QA_REQUIRED
gvs_e556f44593dd1571,gvc_a042d9fceb96,Standing Hip Frontal Rotation Side Slide Arm (fema,Standing Hip Frontal Rotation Side Slide Arm,,NOT_NEEDED,,REVIEW,Insufficient semantic metadata,,unknown,,unknown,,,unsupported,,review,,,1,0,1,MANUAL_QA_REQUIRED
gvs_f983fdcf6079c0e7,gvc_d465e35de5eb,Standing Hip Frontal Rotation Wipe Arms P,Standing Hip Frontal Rotation Wipe Arms P,,NOT_NEEDED,,REVIEW,Insufficient semantic metadata,,unknown,,unknown,,,unsupported,,review,,,1,0,1,MANUAL_QA_REQUIRED
gvs_c6326c8e21069e10,gvc_a4377f363804,Standing Hip Frontal Rotation With Shoulders Adduc,Standing Hip Frontal Rotation With Shoulders Adduc,,NOT_NEEDED,,REVIEW,Insufficient semantic metadata,,unknown,,unknown,,,unsupported,,review,,,1,0,1,MANUAL_QA_REQUIRED
gvs_194bc90650c42fd8,gvc_cc57bee22a76,Standing Hip Horizontal And Saggital Rotation (fem,Standing Hip Horizontal And Saggital Rotation,,NOT_NEEDED,,REVIEW,Insufficient semantic metadata,,unknown,,unknown,,,unsupported,,review,,,1,0,1,MANUAL_QA_REQUIRED
gvs_ae2ab2b81df6a9fe,gvc_599ebc768c7b,Standing Hip Saggital Rotation With Hands Overhead,Standing Hip Saggital Rotation With Hands Overhead,,NOT_NEEDED,,REVIEW,Insufficient semantic metadata,,unknown,,unknown,,,unsupported,,review,,,1,0,1,MANUAL_QA_REQUIRED
gvs_e5f24830d392f422,gvc_f35f06136231,Standing Hip Saggital Rotation With Shoulders Tran,Standing Hip Saggital Rotation With Shoulders Tran,,NOT_NEEDED,,REVIEW,Insufficient semantic metadata,,unknown,,unknown,,,unsupported,,review,,,1,0,1,MANUAL_QA_REQUIRED
gvs_36b173d753104367,gvc_c16d2ebbe6c6,Standing Incline Bird Dog Crunch Against Wall (mal,Standing Incline Bird Dog Crunch Against Wall,,NOT_NEEDED,,REVIEW,Insufficient semantic metadata,,unknown,코어,name,복직근,,name_high,,review,reps,,1,1,0,MANUAL_QA_REQUIRED
gvs_adf420641dbb163e,gvc_f3d129a880a9,Standing One Side Side Crunch And Raise P,Standing One Side Crunch And Raise P,,NOT_NEEDED,,REVIEW,Insufficient semantic metadata,,unknown,코어,name,복사근,코어,name_high,,review,reps,,1,0,1,MANUAL_QA_REQUIRED
gvs_aa296e04f4a3c4be,gvc_5a3b7d49ae78,Standing Opposite Grab On A Chair (version 2) (fem,Standing Opposite Grab On A Chair,,NOT_NEEDED,,REVIEW_HOME_CONTEXT,Home/context prop needs relevance review,,unknown,,unknown,,,unsupported,,review,,,1,0,1,MANUAL_QA_REQUIRED
gvs_2d9ca266c49138bc,gvc_f481ba6edd4c,Standing Opposite Straight Arm Clasp (left Over Ri,Standing Opposite Straight Arm Clasp (Left Over Ri,,NOT_NEEDED,,REVIEW,Insufficient semantic metadata,,unknown,,unknown,,,unsupported,,review,,,1,0,1,MANUAL_QA_REQUIRED
gvs_a94b961ad21cf830,gvc_24426ba14820,Standing Opposite Straight Arm Clasp (right Over L,Standing Opposite Straight Arm Clasp (Right Over L,,NOT_NEEDED,,REVIEW,Insufficient semantic metadata,,unknown,,unknown,,,unsupported,,review,,,1,0,1,MANUAL_QA_REQUIRED
gvs_1e174df22333b948,gvc_079d0b1d9921,Standing Opposite Straight Arm Clasp Raise (left O,Standing Opposite Straight Arm Clasp Raise (Left O,,NOT_NEEDED,,REVIEW,Insufficient semantic metadata,,unknown,,unknown,,,unsupported,,review,,,1,0,1,MANUAL_QA_REQUIRED
gvs_82bb127398f7900b,gvc_91fd0f80e0c3,Standing Opposite Straight Arm Clasp Raise (right,Standing Opposite Straight Arm Clasp Raise (Right,,NOT_NEEDED,,REVIEW,Insufficient semantic metadata,,unknown,,unknown,,,unsupported,,review,,,1,0,1,MANUAL_QA_REQUIRED
gvs_d85ec5dc0a94f3e2,gvc_1ef7a8341b5a,Standing Scapular External Rotation Hold,Standing Scapular External Rotation Hold,,NOT_NEEDED,,REVIEW,Insufficient semantic metadata,,unknown,,unknown,,,unsupported,duration,semantic,,,1,0,1,MANUAL_QA_REQUIRED
gvs_faf6dfbeb5d5363a,gvc_9718c7284b67;gvc_c27c79286400,Standing Shoulder Medial And Lateral Rotation (fem | Standing Shoulder Medial And Lateral Rotation (mal,Standing Shoulder Medial And Lateral Rotation,,NOT_NEEDED,,REVIEW,Insufficient semantic metadata,,unknown,어깨,name,,,unsupported,,review,,,2,1,1,MANUAL_QA_REQUIRED
gvs_aa0cc0adc34050d1,gvc_5f28cb7bebe8,Standing Single Front Leg Circle Chair Supported (,Standing Single Front Leg Circle Chair Supported,,NOT_NEEDED,,REVIEW,Insufficient semantic metadata,,unknown,하체,name,,,unsupported,,review,,,1,0,1,MANUAL_QA_REQUIRED
gvs_7d496c94b1a26942,gvc_8d618bec1a01,Standing Single Front Leg Raise Chair Supported (f,Standing Single Front Leg Raise Chair Supported,,NOT_NEEDED,,REVIEW,Insufficient semantic metadata,,unknown,하체,name,복직근,,name_high,,review,reps,BODY_MUSCLE_FAMILY_CONFLICT,1,1,0,MANUAL_QA_REQUIRED
gvs_dfbbca2703b52447,gvc_41f0c53b1549,Standing Single Side Leg Raise Chair Supported (fe,Standing Single Side Leg Raise Chair Supported,,NOT_NEEDED,,REVIEW,Insufficient semantic metadata,,unknown,하체,name,복직근,,name_high,,review,reps,BODY_MUSCLE_FAMILY_CONFLICT,1,0,1,MANUAL_QA_REQUIRED
gvs_74f0997ab6eeebd8,gvc_ee4e4bd8dd63,Standing Slight Bent Top Clap Back Clap S,Standing Slight Bent Top Clap Back Clap S,,NOT_NEEDED,,REVIEW,Insufficient semantic metadata,,unknown,,unknown,,,unsupported,,review,,,1,0,1,MANUAL_QA_REQUIRED
gvs_e5565920bcafd592,gvc_c7006e94c3d2,Standing Spine Imbalance And Forward Head Posture,Standing Spine Imbalance And Forward Head Posture,,NOT_NEEDED,,REVIEW,Insufficient semantic metadata,,unknown,,unknown,,,unsupported,,review,,,1,0,1,MANUAL_QA_REQUIRED
gvs_b991fd124ea01880,gvc_fcdbc909781d,Standing Spine Imbalance And Pelvic Imbalance Hold,Standing Spine Imbalance And Pelvic Imbalance Hold,,NOT_NEEDED,,REVIEW,Insufficient semantic metadata,,unknown,,unknown,,,unsupported,duration,semantic,,,2,0,2,MANUAL_QA_REQUIRED
gvs_1c45d1e0ec05172a,gvc_2b70a50d54ee,Standing Switching Vertical Stacked Hand,Standing Switching Vertical Stacked Hand,,NOT_NEEDED,,REVIEW,Insufficient semantic metadata,,unknown,,unknown,,,unsupported,,review,,,1,0,1,MANUAL_QA_REQUIRED
gvs_fe4d1ba57ca0c3a9,gvc_9d64be09b3f5,Standing Top Backhand Tap And Backhand Prayer Push,Standing Top Backhand Tap And Backhand Prayer Push,,NOT_NEEDED,,REVIEW,Insufficient semantic metadata,,unknown,,unknown,,,unsupported,,review,,,1,0,1,MANUAL_QA_REQUIRED
gvs_ef4f1e1e3bac153c,gvc_886ed7bd294a,Standing Wrist Rotation Forearms,Standing Wrist Rotation Forearms,,NOT_NEEDED,,REVIEW,Insufficient semantic metadata,,unknown,팔,name,,,unsupported,,review,,,1,0,1,MANUAL_QA_REQUIRED
gvs_aaac37aaa33e09f4,gvc_62d6584fc64d,Stick Standing Shoulder Mobilization In Extension,Stick Standing Shoulder Mobilization In Extension,,NOT_NEEDED,,REVIEW,Insufficient semantic metadata,,unknown,어깨,name,,,unsupported,,review,,,1,1,0,MANUAL_QA_REQUIRED
gvs_1f9f0250ce4e0226,gvc_da1fac1ad2c7,Stick Standing Shoulder Mobilization In External R,Stick Standing Shoulder Mobilization In External R,,NOT_NEEDED,,REVIEW,Insufficient semantic metadata,,unknown,어깨,name,,,unsupported,,review,,,1,1,0,MANUAL_QA_REQUIRED
gvs_3cd2ae32684b512c,gvc_9536dccb9a9d,Sumo Quarter Squat Tip Toe With Arms Curl,Sumo Quarter Squat Tip Toe With Arms Curl,,NOT_NEEDED,,REVIEW,Insufficient semantic metadata,,unknown,팔,name,대퇴사두근,둔근,name_high,,review,,BODY_MUSCLE_FAMILY_CONFLICT,1,0,1,MANUAL_QA_REQUIRED
gvs_cf2ce5d90f3a5b09,gvc_750544072470,Superman Floor Touch,Superman Floor Touch,,NOT_NEEDED,Neck,REVIEW,Neck category needs explicit relevance review,,unknown,기타,source,,,unsupported,,review,,,1,1,0,MANUAL_QA_REQUIRED
gvs_bad39ea464cf5f92,gvc_49f4da5ec623,Training Level,Training Level,,NOT_NEEDED,,REVIEW,Insufficient semantic metadata,,unknown,,unknown,,,unsupported,,review,,,4,4,0,MANUAL_QA_REQUIRED
gvs_da9d63d54f05264d,gvc_121bd43a7e05,Two Front Toe Touching,Two Front Toe Touching,,NOT_NEEDED,,REVIEW,Insufficient semantic metadata,,unknown,,unknown,,,unsupported,,review,,,1,0,1,MANUAL_QA_REQUIRED
gvs_92fb6ee016d4561a,gvc_d744fe8856c6,Two Legs Hammer Curl With Towel (version 2),Two Legs Hammer Curl With Towel,,NOT_NEEDED,,REVIEW,Insufficient semantic metadata,,unknown,팔,name,이두근,,name_high,,review,,,1,1,0,MANUAL_QA_REQUIRED
gvs_f11e7c0818bf818a,gvc_9f302a7db3a6,Two Legs Reverse Biceps Curl With Towel (version 2),Two Legs Reverse Biceps Curl With Towel,,NOT_NEEDED,,REVIEW,Insufficient semantic metadata,,unknown,팔,name,이두근,,name_high,,review,,,1,1,0,MANUAL_QA_REQUIRED
gvs_4416ae3c744628e6,gvc_f38954f4b3c3,Walking Knee Raise Sky Reach On Spot (,Walking Knee Raise Sky Reach On Spot,,NOT_NEEDED,,REVIEW,Insufficient semantic metadata,,unknown,,unknown,복직근,,name_high,,review,reps,,1,0,1,MANUAL_QA_REQUIRED
gvs_e28b9ecc436eedce,gvc_195bfef9fea5,Weighted Lying Neck Extension (with Head Harness),Weighted Lying Neck Extension (With Head Harness),,NOT_NEEDED,,REVIEW,Insufficient semantic metadata,,unknown,,unknown,,,unsupported,,review,,,1,1,0,MANUAL_QA_REQUIRED
gvs_fb53fd199c398181,gvc_63fd1877802a,Weighted Lying Neck Flexion,Weighted Lying Neck Flexion,,NOT_NEEDED,Neck,REVIEW,Neck category needs explicit relevance review,,unknown,기타,source,,,unsupported,,review,,,1,1,0,MANUAL_QA_REQUIRED
gvs_767603d1b8806069,gvc_03dbe9a2e615,Weighted Lying Neck Flexion (with Head Harness) Ne,Weighted Lying Neck Flexion (With Head Harness) Ne,,NOT_NEEDED,,REVIEW,Insufficient semantic metadata,,unknown,,unknown,,,unsupported,,review,,,1,1,0,MANUAL_QA_REQUIRED
gvs_222aef111c9f3e99,gvc_46b6e3059f2a,Weighted Lying Side Lifting Head (with Head Harnes,Weighted Lying Side Lifting Head (With Head Harnes,,NOT_NEEDED,,REVIEW,Insufficient semantic metadata,,unknown,,unknown,,,unsupported,,review,,,1,1,0,MANUAL_QA_REQUIRED
gvs_5fa7a60166a32c0d,gvc_3dd41642bdab,Weighted Seated Neck Extension (with Head Harness),Weighted Seated Neck Extension (With Head Harness),,NOT_NEEDED,Neck,REVIEW,Neck category needs explicit relevance review,,unknown,기타,source,,,unsupported,,review,,,1,1,0,MANUAL_QA_REQUIRED
gvs_4022787aa63c3638,gvc_5ecb97188fd8,Weighted Standing Neck Extension (with Head Harnes,Weighted Standing Neck Extension (With Head Harnes,,NOT_NEEDED,,REVIEW,Insufficient semantic metadata,,unknown,,unknown,,,unsupported,,review,,,1,1,0,MANUAL_QA_REQUIRED
gvs_a6226d2265df4684,gvc_41cb7df3e6fa,Wide Stance Split Lunge With Chair Support (,Wide Stance Split Lunge With Chair Support,,NOT_NEEDED,,REVIEW,Insufficient semantic metadata,,unknown,하체,name,대퇴사두근,둔근,name_high,,review,reps,,1,0,1,MANUAL_QA_REQUIRED
