working_id,equipment,name_en_normalized,name_ko_candidate,naming_status,body_part_ko,recording_type,semantic_flags
gvs_14a43f2f275009c7,Machine,Back Lever,,UNRESOLVED,등,weight_reps,
gvs_64c32135ff4e46ad,Weight Plate,Balance Plate Standing Twist,,UNRESOLVED,코어,weight_reps,
gvs_e944a1eb90dd72db,Weight Plate,Balance Plate Standing Twist Waist,,UNRESOLVED,,weight_reps,
gvs_5b5605bf2832772f,Barbell,Barbell Alternate Biceps Curl,바벨 얼터네이트 바이셉 컬,EXISTING_DRAFT,팔,weight_reps,
gvs_78e40ed88a84be46,Barbell,Barbell Back Wide Shrug,,UNRESOLVED,등,weight_reps,
gvs_72f4338a765eba5c,Barbell,Barbell Banded Bench Press,바벨 밴디드 벤치프레스,NEW_HIGH_CONFIDENCE_DRAFT,가슴,weight_reps,
gvs_c80c0d20d6855716,Barbell,Barbell Banded Bench Squat,바벨 밴디드 벤치 스쿼트,NEW_HIGH_CONFIDENCE_DRAFT,하체,weight_reps,
gvs_4950fa2b6e3bd2bb,Barbell,Barbell Behind Back Finger Curl,바벨 비하인드 백 핑거 컬,NEW_HIGH_CONFIDENCE_DRAFT,팔,weight_reps,
gvs_37ce16f58062812d,Barbell,Barbell Behind The Back Push Press,바벨 비하인드 백 푸시 프레스,NEW_HIGH_CONFIDENCE_DRAFT,,weight_reps,
gvs_8a4a0860a7eacf9e,Barbell,Barbell Behind The Back Shrug,바벨 비하인드 백 슈러그,NEW_HIGH_CONFIDENCE_DRAFT,등,weight_reps,
gvs_ba3ae85441edd9b6,Barbell,Barbell Bench Lateral Step Up,,UNRESOLVED,하체,weight_reps,
gvs_f3a86ac0f41ea132,Barbell,Barbell Bench Press,바벨 벤치프레스,EXISTING_DRAFT,가슴,weight_reps,
gvs_e773b0f7e0930b57,Barbell,Barbell Bench Press With 1 Board,,UNRESOLVED,가슴,weight_reps,
gvs_8a66992fa8e7484f,Barbell,Barbell Bench Squat,바벨 벤치 스쿼트,NEW_HIGH_CONFIDENCE_DRAFT,하체,weight_reps,
gvs_f560305dadcbd81d,Barbell,Barbell Bent Arm Pullover,,UNRESOLVED,등,weight_reps,
gvs_c791692018822522,Barbell,Barbell Bent Over Reverse Raise (Skier),,UNRESOLVED,어깨,weight_reps,
gvs_d8ac1a465f0d7888,Barbell,Barbell Bent Over Row,바벨 벤트오버 로우,EXISTING_DRAFT,등,weight_reps,
gvs_500968ae622d338c,Barbell,Barbell Bent Over Wide Grip Row,바벨 벤트오버 와이드 그립 로우,EXISTING_DRAFT,등,weight_reps,
gvs_9ad52e26603e2bc8,Barbell,Barbell Box Squat,바벨 박스 스쿼트,NEW_HIGH_CONFIDENCE_DRAFT,하체,weight_reps,
gvs_d5d152c308e6b76b,Barbell,Barbell Clean And Jerk,바벨 클린 앤 저크,NEW_HIGH_CONFIDENCE_DRAFT,,weight_reps,
gvs_4d2e54fccea5768a,Barbell,Barbell Clean And Press,바벨 클린 앤 프레스,NEW_HIGH_CONFIDENCE_DRAFT,어깨,weight_reps,
gvs_6d831437f2b6002f,Barbell,Barbell Clean Deadlift,바벨 클린 데드리프트,NEW_HIGH_CONFIDENCE_DRAFT,하체,weight_reps,
gvs_2997973f07fac93f,Barbell,Barbell Clean Grip Front Squat,,UNRESOLVED,하체,weight_reps,
gvs_31997e5d9258cafd,Barbell,Barbell Clean High Pull,바벨 클린 하이 풀,NEW_HIGH_CONFIDENCE_DRAFT,,weight_reps,
gvs_5419d809d08079d9,Barbell,Barbell Clean Pull,바벨 클린 풀,NEW_HIGH_CONFIDENCE_DRAFT,,weight_reps,
gvs_19b488aa7a8e6504,Barbell,Barbell Close Grip Bench Press,바벨 클로즈 그립 벤치프레스,EXISTING_DRAFT,팔,weight_reps,BODY_MUSCLE_FAMILY_CONFLICT
gvs_4b549419973f026d,Barbell,Barbell Close Grip Larsen Press,바벨 클로즈 그립 라슨 프레스,NEW_HIGH_CONFIDENCE_DRAFT,가슴,weight_reps,
gvs_13f6672e8461d524,Barbell,Barbell Cossack Squat,,UNRESOLVED,하체,weight_reps,
gvs_bfce1a4eb46fb7a8,Barbell,Barbell Curl,바벨 컬,NEW_HIGH_CONFIDENCE_DRAFT,팔,weight_reps,
gvs_c33f0dc864e140ca,Barbell,Barbell Curl Press Extension,바벨 컬 프레스 익스텐션,NEW_HIGH_CONFIDENCE_DRAFT,팔,weight_reps,
gvs_2d3af959419e0081,Barbell,Barbell Curl Upper Arms Without Weight,,UNRESOLVED,팔,weight_reps,
gvs_dfa0f17d3c64ac21,Barbell,Barbell Curtsey Lunge,,UNRESOLVED,하체,weight_reps,
gvs_ec0fec80908e048a,Barbell,Barbell Deadlift,바벨 데드리프트,EXISTING_DRAFT,하체,weight_reps,
gvs_5d06c8c80a49b9ca,Barbell,Barbell Deadlift (360 Degrees),,UNRESOLVED,하체,weight_reps,
gvs_552c532e4662780c,Barbell,Barbell Deadlift From Blocks,바벨 데드리프트 블록,NEW_REVIEW_DRAFT,하체,weight_reps,
gvs_806cc3fd85743a31,Barbell,Barbell Deadlift From Deficit,바벨 데드리프트 데피싯,NEW_REVIEW_DRAFT,하체,weight_reps,
gvs_288c081d2ea98d99,Barbell,Barbell Decline Bench Press,바벨 디클라인 벤치프레스,EXISTING_DRAFT,가슴,weight_reps,
gvs_323e5ae034de554e,Barbell,Barbell Decline Pullover,바벨 디클라인 풀오버,NEW_HIGH_CONFIDENCE_DRAFT,가슴,weight_reps,
gvs_a35a6a831329b1ab,Barbell,Barbell Decline Shrug,바벨 디클라인 슈러그,EXISTING_DRAFT,등,weight_reps,
gvs_863a17a26e3036e8,Barbell,Barbell Dimel Deadlift,,UNRESOLVED,하체,weight_reps,
gvs_43372154ccaa37e6,Barbell,Barbell Drag Curl,바벨 드래그 컬,NEW_HIGH_CONFIDENCE_DRAFT,팔,weight_reps,
gvs_884662851bcbb52d,Barbell,Barbell Elevated Heel Clean Grip Squat,,UNRESOLVED,하체,weight_reps,
gvs_62c21affe507bdf7,Barbell,Barbell Elevated Heel Squat,,UNRESOLVED,하체,weight_reps,
gvs_7a0090ed8b1cee99,Barbell,Barbell Explosive Bench Press,바벨 익스플로시브 벤치프레스,NEW_HIGH_CONFIDENCE_DRAFT,가슴,weight_reps,
gvs_d83cc3b2f24b146c,Barbell,Barbell Feet Flat Bench Press,,UNRESOLVED,가슴,weight_reps,
gvs_13928f76ec555174,Barbell,Barbell Finger Curls,,UNRESOLVED,팔,weight_reps,
gvs_4bd5cd39e0c9e4d5,Barbell,Barbell Floor Calf Raise,바벨 플로어 카프 레이즈,NEW_HIGH_CONFIDENCE_DRAFT,하체,weight_reps,
gvs_64b04c4aef7aa360,Barbell,Barbell Floor Chest Press,바벨 플로어 체스트 프레스,NEW_HIGH_CONFIDENCE_DRAFT,가슴,weight_reps,
gvs_19982633cc9bf443,Barbell,Barbell Forward Backward Lunge,바벨 포워드 백워드 런지,NEW_HIGH_CONFIDENCE_DRAFT,하체,weight_reps,
gvs_c46a91752c67eb51,Barbell,Barbell Front Bench Squat,바벨 프론트 벤치 스쿼트,NEW_HIGH_CONFIDENCE_DRAFT,하체,weight_reps,
gvs_36def07665e0afa0,Barbell,Barbell Front Chest Squat,바벨 프론트 체스트 스쿼트,NEW_HIGH_CONFIDENCE_DRAFT,하체,weight_reps,
gvs_9fb128f35bfa35b3,Barbell,Barbell Front Rack Lunge,,UNRESOLVED,하체,weight_reps,
gvs_e1b3d351aea54045,Barbell,Barbell Front Rack Split Squat,,UNRESOLVED,하체,weight_reps,
gvs_498ab97983fba3f1,Barbell,Barbell Front Raise,바벨 프론트 레이즈,EXISTING_DRAFT,어깨,weight_reps,
gvs_9550c2a6daf50444,Barbell,Barbell Front Squat,바벨 프론트 스쿼트,EXISTING_DRAFT,하체,weight_reps,
gvs_be43b1f8be2cab82,Barbell,Barbell Full Clean,바벨 풀 클린,NEW_HIGH_CONFIDENCE_DRAFT,,weight_reps,
gvs_4f526893a431e7b3,Barbell,Barbell Full Squat,바벨 풀 스쿼트,NEW_HIGH_CONFIDENCE_DRAFT,하체,weight_reps,
gvs_772a7c5c9f701aca,Barbell,Barbell Full Squat (With Rack),,UNRESOLVED,하체,weight_reps,
gvs_70b0faea8b8d6cb8,Barbell,Barbell Full Zercher Squat,바벨 풀 저처 스쿼트,NEW_HIGH_CONFIDENCE_DRAFT,하체,weight_reps,
gvs_ca68d13024d1384e,Barbell,Barbell Glute Bridge (Hands On Bar),,UNRESOLVED,하체,weight_reps,
gvs_dc1670b1614807bd,Barbell,Barbell Good Morning,바벨 굿모닝,EXISTING_DRAFT,하체,weight_reps,
gvs_674bd8349a9d9f1a,Barbell,Barbell Guillotine Bench Press,바벨 길로틴 벤치프레스,NEW_HIGH_CONFIDENCE_DRAFT,가슴,weight_reps,
gvs_8cae1cabde3885db,Barbell,Barbell Hack Squat,바벨 핵 스쿼트,EXISTING_DRAFT,하체,weight_reps,
gvs_7af0bc6936bd189d,Barbell,Barbell Hang Clean,바벨 행 클린,NEW_HIGH_CONFIDENCE_DRAFT,,weight_reps,
gvs_26faebc0f94b3c9a,Barbell,Barbell Hang Clean Below The Knees,,UNRESOLVED,,weight_reps,
gvs_a442db05ddb08d91,Barbell,Barbell Hang Snatch,바벨 행 스내치,NEW_HIGH_CONFIDENCE_DRAFT,,weight_reps,
gvs_9843a6ee53ab0bbc,Barbell,Barbell Hang Snatch Below The Knees,,UNRESOLVED,,weight_reps,
gvs_26d06b53832b3eeb,Barbell,Barbell Hang Snatch Weightlifts,,UNRESOLVED,,weight_reps,
gvs_8c74351063ccee7e,Barbell,Barbell High Bar Squat,바벨 하이바 스쿼트,NEW_HIGH_CONFIDENCE_DRAFT,하체,weight_reps,
gvs_ed3f7bab2bb63d33,Barbell,Barbell Hip Thrust,바벨 힙 쓰러스트,EXISTING_DRAFT,하체,weight_reps,
gvs_b1b132c6e6485210,Barbell,Barbell Hook Grip Deadlift,바벨 후크 그립 데드리프트,NEW_HIGH_CONFIDENCE_DRAFT,하체,weight_reps,
gvs_d4372ec5dc59e7d9,Barbell,Barbell Hyperextension,바벨 하이퍼익스텐션,EXISTING_DRAFT,하체,weight_reps,
gvs_cd7d543ea35f6df8,Barbell,Barbell Incline Bench Press,바벨 인클라인 벤치프레스,EXISTING_DRAFT,가슴,weight_reps,
gvs_3d81ea3e9280ea58,Barbell,Barbell Incline Close Grip Bench Press,바벨 인클라인 클로즈 그립 벤치프레스,EXISTING_DRAFT,팔,weight_reps,BODY_MUSCLE_FAMILY_CONFLICT
gvs_c007387be892af13,Barbell,Barbell Incline Lying Rear Delt Raise,바벨 인클라인 라잉 리어 델트 레이즈,EXISTING_DRAFT,어깨,weight_reps,
gvs_cef9a38f193d09a7,Barbell,Barbell Incline Rear Delt Row,바벨 인클라인 리어 델트 로우,NEW_REVIEW_DRAFT,등,weight_reps,BODY_MUSCLE_FAMILY_CONFLICT
gvs_4c62f4b84585e2ba,Barbell,Barbell Incline Row,바벨 인클라인 로우,EXISTING_DRAFT,등,weight_reps,
gvs_732fa8c4d7d39b4a,Barbell,Barbell Incline Shoulders Press,바벨 인클라인 숄더 프레스,NEW_HIGH_CONFIDENCE_DRAFT,어깨,weight_reps,
gvs_4156f4a1ee0e2251,Barbell,Barbell Incline Shoulders Press (Inside Squat Cage,,UNRESOLVED,하체,weight_reps,
gvs_3376bb8b1ae0d13b,Barbell,Barbell Incline Triceps Extension Skull Crusher,바벨 인클라인 트라이셉 익스텐션 스컬 크러셔,EXISTING_DRAFT,팔,weight_reps,
gvs_77870eb1fa50f209,Barbell,Barbell Jefferson Squat,바벨 제퍼슨 스쿼트,NEW_HIGH_CONFIDENCE_DRAFT,하체,weight_reps,
gvs_4cf9ede2553dd850,Barbell,Barbell Jm Bench Press,,UNRESOLVED,팔,weight_reps,BODY_MUSCLE_FAMILY_CONFLICT
gvs_462132cb40a81823,Barbell,Barbell Jump Squat,,UNRESOLVED,하체,weight_reps,
gvs_a4c2fe78342ebb92,Barbell,Barbell Kas Glute Bridge,,UNRESOLVED,하체,weight_reps,
gvs_3d08580c155ffa72,Barbell,Barbell Larsen Press,바벨 라슨 프레스,NEW_HIGH_CONFIDENCE_DRAFT,가슴,weight_reps,
gvs_a5f77daed3c77934,Barbell,Barbell Lateral Lunge,,UNRESOLVED,하체,weight_reps,
gvs_dcd4c710a15a73a6,Barbell,Barbell Leg Twist Press,,UNRESOLVED,가슴,weight_reps,
gvs_616f9e9fd88fec77,Barbell,Barbell Low Bar Squat,바벨 로우바 스쿼트,NEW_HIGH_CONFIDENCE_DRAFT,하체,weight_reps,
gvs_33e6ab884439d34e,Barbell,Barbell Low Bar Squat With Rack,,UNRESOLVED,하체,weight_reps,
gvs_779eb5b4488528a6,Barbell,Barbell Low Split Squat,바벨 로우 스플릿 스쿼트,EXISTING_DRAFT,하체,weight_reps,
gvs_ab5d84f70b5a7007,Barbell,Barbell Lunge,바벨 런지,EXISTING_DRAFT,하체,weight_reps,
gvs_0d5d5ca5d5c971e5,Barbell,Barbell Lunge Twist,바벨 런지 트위스트,NEW_HIGH_CONFIDENCE_DRAFT,하체,weight_reps,
gvs_e53ba11e0b860bac,Barbell,Barbell Lying Close Grip Press,바벨 라잉 클로즈 그립 프레스,NEW_HIGH_CONFIDENCE_DRAFT,팔,weight_reps,
gvs_8ed88dfa2728c43c,Barbell,Barbell Lying Close Grip Underhand Row On Rack,,UNRESOLVED,등,weight_reps,
gvs_fe82babf53aa523f,Barbell,Barbell Lying Row On Rack,,UNRESOLVED,등,weight_reps,
gvs_082154a0922e8ea6,Barbell,Barbell Lying Seal Row On Rack,,UNRESOLVED,등,weight_reps,
gvs_52b3af73679e4bf3,Barbell,Barbell Lying Triceps Extension,바벨 라잉 트라이셉 익스텐션,EXISTING_DRAFT,팔,weight_reps,
gvs_1495e991ffa3db01,Barbell,Barbell Lying Triceps Extension Skull Crusher,바벨 라잉 트라이셉 익스텐션 스컬 크러셔,EXISTING_DRAFT,팔,weight_reps,
gvs_98781f32ce0cc578,Barbell,Barbell Mixed Grip Deadlift,바벨 믹스드 그립 데드리프트,NEW_HIGH_CONFIDENCE_DRAFT,하체,weight_reps,
gvs_715863a18c5372fd,Barbell,Barbell Muscle Clean,바벨 머슬 클린,NEW_HIGH_CONFIDENCE_DRAFT,,weight_reps,
gvs_3d70323741611f47,Barbell,Barbell Narrow Stance Squat,바벨 내로우 스탠스 스쿼트,NEW_HIGH_CONFIDENCE_DRAFT,하체,weight_reps,
gvs_d643316c27705976,Barbell,Barbell Olympic Squat,바벨 올림픽 스쿼트,NEW_HIGH_CONFIDENCE_DRAFT,하체,weight_reps,
gvs_a43a8a7382c588bb,Barbell,Barbell Overhead Lunge,바벨 오버헤드 런지,EXISTING_DRAFT,하체,weight_reps,
gvs_7c3054ed7da71cd9,Barbell,Barbell Overhead Shrug,바벨 오버헤드 슈러그,EXISTING_DRAFT,등,weight_reps,
gvs_48158433e7b4dfe3,Barbell,Barbell Palms Down Wrist Curl Over A Bench,,UNRESOLVED,팔,weight_reps,
gvs_b51a937a9c2dacf0,Barbell,Barbell Pause Bench Press,바벨 포즈 벤치프레스,NEW_HIGH_CONFIDENCE_DRAFT,가슴,weight_reps,
gvs_3a1d4320d04f973a,Barbell,Barbell Pause Deadlift,바벨 포즈 데드리프트,NEW_HIGH_CONFIDENCE_DRAFT,하체,weight_reps,
gvs_e52624fdaad97209,Barbell,Barbell Pause Decline Bench Press,바벨 포즈 디클라인 벤치프레스,NEW_HIGH_CONFIDENCE_DRAFT,가슴,weight_reps,
gvs_994b6593410ea6eb,Barbell,Barbell Pause Front Squat,바벨 포즈 프론트 스쿼트,NEW_HIGH_CONFIDENCE_DRAFT,하체,weight_reps,
gvs_f6531d3597798be1,Barbell,Barbell Pause Full Squat,바벨 포즈 풀 스쿼트,NEW_HIGH_CONFIDENCE_DRAFT,하체,weight_reps,
gvs_c5e24661d4fec525,Barbell,Barbell Pause Incline Bench Press,바벨 포즈 인클라인 벤치프레스,NEW_HIGH_CONFIDENCE_DRAFT,가슴,weight_reps,
gvs_e7b064df4846b8cf,Barbell,Barbell Pause Lunge,바벨 포즈 런지,NEW_HIGH_CONFIDENCE_DRAFT,하체,weight_reps,
gvs_c60d6e42563c0810,Barbell,Barbell Paused Bent Over Row,,UNRESOLVED,등,weight_reps,
gvs_12ae356840e94f62,Barbell,Barbell Paused Sumo Deadlift,,UNRESOLVED,하체,weight_reps,
gvs_78c97a80c6eb5b52,Barbell,Barbell Pendlay Row,,UNRESOLVED,등,weight_reps,
gvs_d06554172359ca8f,Barbell,Barbell Pin Bench Press Conventional Grip C,,UNRESOLVED,가슴,weight_reps,
gvs_845cebd964fa4bf5,Barbell,Barbell Pin Chest Press,,UNRESOLVED,가슴,weight_reps,
gvs_9a0795a7e7c08e67,Barbell,Barbell Pin Front Squat,,UNRESOLVED,하체,weight_reps,
gvs_674b9f90a42cd7c6,Barbell,Barbell Pin Good Morning,,UNRESOLVED,하체,weight_reps,
gvs_770ee289d04cda71,Barbell,Barbell Power Clean,바벨 파워 클린,NEW_HIGH_CONFIDENCE_DRAFT,,weight_reps,
gvs_3ac6fde522062d65,Barbell,Barbell Power Clean From Blocks,바벨 파워 클린 블록,NEW_REVIEW_DRAFT,,weight_reps,
gvs_b91e535d9d3a5995,Barbell,Barbell Power Jerk,,UNRESOLVED,,weight_reps,
gvs_6e4230222c7a6cb4,Barbell,Barbell Power Snatch,바벨 파워 스내치,NEW_HIGH_CONFIDENCE_DRAFT,,weight_reps,
gvs_1531a4e987f8ee6d,Barbell,Barbell Power Snatch From Blocks,바벨 파워 스내치 블록,NEW_REVIEW_DRAFT,,weight_reps,
gvs_55d8366ecfa645f0,Barbell,Barbell Preacher Curl,바벨 프리처 컬,EXISTING_DRAFT,팔,weight_reps,
gvs_8515f60e5eb94e58,Barbell,Barbell Prone Incline Curl,,UNRESOLVED,팔,weight_reps,
gvs_68ab80cd8dea1781,Barbell,Barbell Pullover,바벨 풀오버,NEW_HIGH_CONFIDENCE_DRAFT,등,weight_reps,
gvs_f6d76dda76b5e73c,Barbell,Barbell Pullover With Bench Press,,UNRESOLVED,가슴,weight_reps,
gvs_185abc2393649ecb,Barbell,Barbell Quarter Squat,,UNRESOLVED,하체,weight_reps,
gvs_58a2156cda777a96,Barbell,Barbell Rack Pull,,UNRESOLVED,하체,weight_reps,
gvs_6cdd760f00392a6f,Barbell,Barbell Rear Delt Raise,바벨 리어 델트 레이즈,EXISTING_DRAFT,어깨,weight_reps,
gvs_9226b5e095abc2c2,Barbell,Barbell Rear Delt Row,바벨 리어 델트 로우,NEW_HIGH_CONFIDENCE_DRAFT,어깨,weight_reps,
gvs_518aaa9ef2fec4c8,Barbell,Barbell Reeves Deadlift,,UNRESOLVED,하체,weight_reps,
gvs_7b393e74d26e508e,Barbell,Barbell Reverse Close Grip Bench Press,바벨 리버스 클로즈 그립 벤치프레스,EXISTING_DRAFT,팔,weight_reps,BODY_MUSCLE_FAMILY_CONFLICT
gvs_b073ca4a7813e8ac,Barbell,Barbell Reverse Curl,바벨 리버스 컬,EXISTING_DRAFT,팔,weight_reps,
gvs_f1679d9e867e0544,Barbell,Barbell Reverse Grip Bench Press,바벨 리버스 그립 벤치프레스,EXISTING_DRAFT,가슴,weight_reps,
gvs_5cc88c84b7e5f66e,Barbell,Barbell Reverse Grip Bench Press On Floor,,UNRESOLVED,가슴,weight_reps,
gvs_827bd57f3a4d653f,Barbell,Barbell Reverse Grip Bent Over Row,바벨 리버스 그립 벤트오버 로우,EXISTING_DRAFT,등,weight_reps,
gvs_9dee5e4ee7aa8fa8,Barbell,Barbell Reverse Grip Incline Bench Row,바벨 리버스 그립 인클라인 벤치 로우,NEW_HIGH_CONFIDENCE_DRAFT,등,weight_reps,
gvs_30ec5057e6c053cf,Barbell,Barbell Reverse Grip Overhead Press,바벨 리버스 그립 오버헤드 프레스,EXISTING_DRAFT,어깨,weight_reps,
gvs_59727b3d4f464025,Barbell,Barbell Reverse Lunge,바벨 리버스 런지,EXISTING_DRAFT,하체,weight_reps,
gvs_215a32e983eec4c9,Barbell,Barbell Reverse Preacher Curl,바벨 리버스 프리처 컬,EXISTING_DRAFT,팔,weight_reps,
gvs_af2e14afff925387,Barbell,Barbell Reverse Spider Curl,바벨 리버스 스파이더 컬,NEW_HIGH_CONFIDENCE_DRAFT,팔,weight_reps,
gvs_fc2997914ae590bd,Barbell,Barbell Reverse Wrist Curl,바벨 리버스 리스트 컬,EXISTING_DRAFT,팔,weight_reps,
gvs_efe5653fc106d4b7,Barbell,Barbell Rollout,,UNRESOLVED,하체,weight_reps,
gvs_5a3b5180dec931c2,Barbell,Barbell Romanian Deadlift,바벨 루마니안 데드리프트,EXISTING_DRAFT,하체,weight_reps,
gvs_b3ffa313b72f56c3,Barbell,Barbell Romanian Deadlift To Row,,UNRESOLVED,하체,weight_reps,
gvs_7c76ace6417e08f8,Barbell,Barbell Seated Behind Head Military Press,,UNRESOLVED,어깨,weight_reps,
gvs_391ee9b474ca79be,Barbell,Barbell Seated Calf Raise,바벨 시티드 카프 레이즈,EXISTING_DRAFT,하체,weight_reps,
gvs_4e5165dc6d756712,Barbell,Barbell Seated Close Grip Concentration Curl,바벨 시티드 클로즈 그립 컨센트레이션 컬,EXISTING_DRAFT,팔,weight_reps,
gvs_a7cec10d3a6ee679,Barbell,Barbell Seated Front Raise,바벨 시티드 프론트 레이즈,EXISTING_DRAFT,어깨,weight_reps,
gvs_27a6fe9fd21774ef,Barbell,Barbell Seated Good Morning,바벨 시티드 굿모닝,EXISTING_DRAFT,하체,weight_reps,
gvs_8158235eccac6964,Barbell,Barbell Seated Military Press (Inside Squat Cage),,UNRESOLVED,어깨,weight_reps,BODY_MUSCLE_FAMILY_CONFLICT
gvs_78be60d4c394c73e,Barbell,Barbell Seated Overhead Press,바벨 시티드 오버헤드 프레스,EXISTING_DRAFT,어깨,weight_reps,
gvs_8222644f7a8e4d7f,Barbell,Barbell Seated Overhead Triceps Extension,바벨 시티드 오버헤드 트라이셉 익스텐션,EXISTING_DRAFT,팔,weight_reps,
gvs_114d1fb8845d2e8a,Barbell,Barbell Seated Shrug,바벨 시티드 슈러그,EXISTING_DRAFT,등,weight_reps,
gvs_0e6597a2e9a3bc44,Barbell,Barbell Seated Twist (On Stability Ball),,UNRESOLVED,코어,weight_reps,
gvs_0f87c16cfdedac46,Barbell,Barbell Shoulder Grip Upright Row,,UNRESOLVED,어깨,weight_reps,BODY_MUSCLE_FAMILY_CONFLICT
gvs_a2ba38667082b73c,Barbell,Barbell Shrug,바벨 슈러그,EXISTING_DRAFT,등,weight_reps,
gvs_d80889449f06ea9a,Barbell,Barbell Side Bent,,UNRESOLVED,코어,weight_reps,
gvs_3aaa5a0f2c1091d7,Barbell,Barbell Side Split Squat,바벨 사이드 스플릿 스쿼트,EXISTING_DRAFT,하체,weight_reps,
gvs_fe3851b591be1e39,Barbell,Barbell Single Arm Bent Over Row,바벨 원암 벤트오버 로우,EXISTING_DRAFT,등,weight_reps,
gvs_b3dc3a562f4ce2e4,Barbell,Barbell Single Arm Side Deadlift,바벨 원암 사이드 데드리프트,EXISTING_DRAFT,하체,weight_reps,
gvs_a940507b0be2d7e3,Barbell,Barbell Single Arm Twisted Clean And Press,,UNRESOLVED,하체,weight_reps,
gvs_b7eaaf68f382d4c6,Barbell,Barbell Single Leg Deadlift,바벨 싱글 레그 데드리프트,EXISTING_DRAFT,하체,weight_reps,
gvs_d4daad688828a0b2,Barbell,Barbell Single Leg Good Morning,바벨 싱글 레그 굿모닝,EXISTING_DRAFT,하체,weight_reps,
gvs_15a6e731ee58f421,Barbell,Barbell Single Leg Hip Thrust,바벨 싱글 레그 힙 쓰러스트,EXISTING_DRAFT,하체,weight_reps,
gvs_1091a5dc5d888042,Barbell,Barbell Single Leg Split Squat,바벨 싱글 레그 스플릿 스쿼트,EXISTING_DRAFT,하체,weight_reps,
gvs_c534708749a9c607,Barbell,Barbell Single Leg Squat,바벨 싱글 레그 스쿼트,EXISTING_DRAFT,하체,weight_reps,
gvs_17f336ac1f4cae42,Barbell,Barbell Skier,,UNRESOLVED,어깨,weight_reps,
gvs_f0aaf5365a42f20c,Barbell,Barbell Snatch,바벨 스내치,NEW_HIGH_CONFIDENCE_DRAFT,,weight_reps,
gvs_7ce27939578c0ea5,Barbell,Barbell Snatch Balance,,UNRESOLVED,,weight_reps,
gvs_851a63ff6cb14dbf,Barbell,Barbell Snatch Deadlift,바벨 스내치 데드리프트,NEW_HIGH_CONFIDENCE_DRAFT,하체,weight_reps,
gvs_74c2bfa0ece361de,Barbell,Barbell Snatch From Blocks,바벨 스내치 블록,NEW_REVIEW_DRAFT,,weight_reps,
gvs_69d9c720bef22ce6,Barbell,Barbell Snatch Grip Deadlift,,UNRESOLVED,하체,weight_reps,
gvs_bd18141d1c191929,Barbell,Barbell Split Clean,바벨 스플릿 클린,NEW_HIGH_CONFIDENCE_DRAFT,,weight_reps,
gvs_bf0b0df58f6c0761,Barbell,Barbell Split Jerk,바벨 스플릿 저크,NEW_HIGH_CONFIDENCE_DRAFT,,weight_reps,
gvs_05ec31e97b48d211,Barbell,Barbell Split Snatch,바벨 스플릿 스내치,NEW_HIGH_CONFIDENCE_DRAFT,,weight_reps,
gvs_262e02158ae090c9,Barbell,Barbell Split Squat,바벨 스플릿 스쿼트,EXISTING_DRAFT,하체,weight_reps,
gvs_94bc4f25b4760385,Barbell,Barbell Split Squat Front Foot Elevated,바벨 스플릿 스쿼트 프론트 풋 엘리베이티드,NEW_HIGH_CONFIDENCE_DRAFT,하체,weight_reps,
gvs_7729e6ea0f74e6b4,Barbell,Barbell Squat,바벨 스쿼트,EXISTING_DRAFT,하체,weight_reps,
gvs_6088ff4f349366e7,Barbell,Barbell Squat (On Knees),,UNRESOLVED,하체,weight_reps,
gvs_72eebab6a3cd71b4,Barbell,Barbell Squat 2 Sec Hold,,UNRESOLVED,하체,weight_reps,
gvs_94089cb6a4d6d2e8,Barbell,Barbell Squat Hips (Wrong Right),,UNRESOLVED,하체,weight_reps,
gvs_0c71f11db3c76889,Barbell,Barbell Squat Knees End Position (Wrong Right),,UNRESOLVED,하체,weight_reps,
gvs_8ca929fded6d75b9,Barbell,Barbell Squat Knees Middle Position (Wrong Right),,UNRESOLVED,하체,weight_reps,
gvs_98a0292b293c3e2b,Barbell,Barbell Srtict Curl,,UNRESOLVED,팔,weight_reps,
gvs_1b8bdfb601f9901c,Barbell,Barbell Staggered Stance Deadlift,바벨 스태거드 스탠스 데드리프트,NEW_HIGH_CONFIDENCE_DRAFT,하체,weight_reps,
gvs_9ab51497b3f342ff,Barbell,Barbell Staggered Stance Hip Thrust,바벨 스태거드 스탠스 힙 쓰러스트,NEW_HIGH_CONFIDENCE_DRAFT,하체,weight_reps,
gvs_04cf7e7519ff8c35,Barbell,Barbell Standing Back Wrist Curl,바벨 스탠딩 백 리스트 컬,NEW_HIGH_CONFIDENCE_DRAFT,팔,weight_reps,
gvs_bf8950321e066660,Barbell,Barbell Standing Bent Knee Calf Raise From Deficit,,UNRESOLVED,하체,weight_reps,
gvs_82373f23be532f6b,Barbell,Barbell Standing Calf Raise,바벨 스탠딩 카프 레이즈,EXISTING_DRAFT,하체,weight_reps,
gvs_a2d0fbe7b404ff37,Barbell,Barbell Standing Close Grip Curl,바벨 스탠딩 클로즈 그립 컬,NEW_HIGH_CONFIDENCE_DRAFT,팔,weight_reps,
gvs_1eb4a9b3d03243d3,Barbell,Barbell Standing Close Grip Military Press,바벨 스탠딩 클로즈 그립 밀리터리 프레스,EXISTING_DRAFT,어깨,weight_reps,
gvs_55f7f5c8d6640cca,Barbell,Barbell Standing Concentration Curl,바벨 스탠딩 컨센트레이션 컬,EXISTING_DRAFT,팔,weight_reps,
gvs_43f9f713c87baadb,Barbell,Barbell Standing Leg Calf Raise,,UNRESOLVED,하체,weight_reps,
gvs_aa5430cb86ac2c93,Barbell,Barbell Standing Military Press (Without Rack),,UNRESOLVED,어깨,weight_reps,
gvs_c466af210cd8a0a9,Barbell,Barbell Standing Military Press (Without Rack) Shoulders Without Weight,,UNRESOLVED,어깨,weight_reps,
gvs_c5b27ba912993261,Barbell,Barbell Standing Overhead Triceps Extension,바벨 스탠딩 오버헤드 트라이셉 익스텐션,EXISTING_DRAFT,팔,weight_reps,
gvs_5bbdc7f22fb73974,Barbell,Barbell Standing Shoulders Press,바벨 스탠딩 숄더 프레스,NEW_HIGH_CONFIDENCE_DRAFT,어깨,weight_reps,
gvs_707dda981e63e88e,Barbell,Barbell Standing Twist,바벨 스탠딩 트위스트,NEW_HIGH_CONFIDENCE_DRAFT,코어,weight_reps,
gvs_a0129969b056ccb5,Barbell,Barbell Standing Wide Grip Biceps Curl,바벨 스탠딩 와이드 그립 바이셉 컬,EXISTING_DRAFT,팔,weight_reps,
gvs_36d0a2f561c6f7b1,Barbell,Barbell Standing Wide Grip Curl,바벨 스탠딩 와이드 그립 컬,NEW_HIGH_CONFIDENCE_DRAFT,팔,weight_reps,
gvs_626057c525ccd151,Barbell,Barbell Standing Wrist Curl,바벨 스탠딩 리스트 컬,EXISTING_DRAFT,팔,weight_reps,
gvs_4327a620e7240066,Barbell,Barbell Standing Wrist Reverse Curl,바벨 스탠딩 리스트 리버스 컬,NEW_HIGH_CONFIDENCE_DRAFT,팔,weight_reps,
gvs_65aa2d5b9173c7fb,Barbell,Barbell Step Up,바벨 스텝업,EXISTING_DRAFT,하체,weight_reps,
gvs_48254dcd665dc5f1,Barbell,Barbell Stiff Legged Deadlift,,UNRESOLVED,하체,weight_reps,
gvs_ab2e725d93d6cdf9,Barbell,Barbell Straight Leg Deadlift,바벨 스트레이트 레그 데드리프트,EXISTING_DRAFT,하체,weight_reps,
gvs_6935f56de467fe2d,Barbell,Barbell Sumo Deadlift,바벨 스모 데드리프트,NEW_HIGH_CONFIDENCE_DRAFT,하체,weight_reps,
gvs_356a0936aaccfcd4,Barbell,Barbell Sumo Deadlift From Deficit,바벨 스모 데드리프트 데피싯,NEW_REVIEW_DRAFT,하체,weight_reps,
gvs_f06276cb716677f3,Barbell,Barbell Sumo Romanian Deadlift,바벨 스모 루마니안 데드리프트,NEW_HIGH_CONFIDENCE_DRAFT,하체,weight_reps,
gvs_12bdf0847fa49492,Barbell,Barbell Sumo Squat,바벨 스모 스쿼트,EXISTING_DRAFT,하체,weight_reps,
gvs_3c331830a186375e,Barbell,Barbell Thruster,,UNRESOLVED,,weight_reps,
gvs_b7f4c660330b6696,Barbell,Barbell Underhand Bent Over Row,,UNRESOLVED,등,weight_reps,
gvs_83122f5666125068,Barbell,Barbell Upright Row,바벨 업라이트 로우,EXISTING_DRAFT,어깨,weight_reps,BODY_MUSCLE_FAMILY_CONFLICT
gvs_ccff308cd588deda,Barbell,Barbell Upright Row Shoulders Without Weight,,UNRESOLVED,어깨,weight_reps,BODY_MUSCLE_FAMILY_CONFLICT
gvs_203778521d927394,Barbell,Barbell Walking Lunge,바벨 워킹 런지,EXISTING_DRAFT,하체,weight_reps,
gvs_121b270513ed2819,Barbell,Barbell Weighted Chains Bench Press,,UNRESOLVED,가슴,weight_reps,
gvs_5e43dc9410b6b5d6,Barbell,Barbell Weighted Chains Bench Squat,,UNRESOLVED,하체,weight_reps,
gvs_36a9f6b7a711f60f,Barbell,Barbell Wide Bench Press,,UNRESOLVED,가슴,weight_reps,
gvs_b6afdcdd7d4251dd,Barbell,Barbell Wide Grip Upright Row,바벨 와이드 그립 업라이트 로우,EXISTING_DRAFT,어깨,weight_reps,BODY_MUSCLE_FAMILY_CONFLICT
gvs_6ba4c96f8eff9b07,Barbell,Barbell Wide Shrug,,UNRESOLVED,등,weight_reps,
gvs_d639b8239c582203,Barbell,Barbell Wide Squat,,UNRESOLVED,하체,weight_reps,
gvs_590baf6f46b07ca7,Barbell,Barbell Wrist Curl,바벨 리스트 컬,EXISTING_DRAFT,팔,weight_reps,
gvs_f1d323a88c5c7172,Barbell,Barbell Wrist Reverse Curl,바벨 리스트 리버스 컬,NEW_HIGH_CONFIDENCE_DRAFT,팔,weight_reps,
gvs_87661097651c46cf,Barbell,Barbell Z Press,,UNRESOLVED,어깨,weight_reps,
gvs_95c2e364e6225c66,Barbell,Barbell Zercher Back Extension,,UNRESOLVED,하체,weight_reps,
gvs_5c93a5108fd08d22,Barbell,Barbell Zercher Bulgarian Split Squat,,UNRESOLVED,하체,weight_reps,
gvs_5e059c9b2fd53ebb,Cable,Cable 45 Degree Reverse Fly,케이블 45도 리버스 플라이,EXISTING_DRAFT,어깨,weight_reps,
gvs_990d033a6115a3d4,Cable,Cable Alternate Triceps Extension,케이블 얼터네이트 트라이셉 익스텐션,EXISTING_DRAFT,팔,weight_reps,
gvs_c11e729795cfe887,Cable,Cable Alternative Fly,,UNRESOLVED,가슴,weight_reps,
gvs_fc38c89203fa5a50,Cable,Cable Assisted Inverse Leg Curl,,UNRESOLVED,하체,weight_reps,
gvs_677c1e25a26b82b5,Cable,Cable Bar Lateral Pulldown,,UNRESOLVED,등,weight_reps,
gvs_b422a9c160f1fe31,Cable,Cable Bench Press,케이블 벤치프레스,EXISTING_DRAFT,가슴,weight_reps,
gvs_1377ab47229a9b87,Cable,Cable Bent Over Neutral Grip Kickback With Rope Attachment,,UNRESOLVED,팔,weight_reps,
gvs_de5360a751b5c66f,Cable,Cable Bent Over Reverse Grip Row,케이블 벤트오버 리버스 그립 로우,EXISTING_DRAFT,등,weight_reps,
gvs_e3a8a7a727bc4fc7,Cable,Cable Bent Over Row,케이블 벤트오버 로우,EXISTING_DRAFT,등,weight_reps,
gvs_433755667d1a1a8c,Cable,Cable Bent Over Single Arm Crossover,,UNRESOLVED,가슴,weight_reps,
gvs_e8e20741a9a8d12d,Cable,Cable Bent Over Single Arm Lateral Raise,케이블 벤트오버 원암 레터럴 레이즈,EXISTING_DRAFT,어깨,weight_reps,
gvs_73e84b2f08e8bb9f,Cable,Cable Bent Over Single Arm Neutral Grip Kickback With Rope Attachment,,UNRESOLVED,팔,weight_reps,
gvs_d298ea8cd5277ec2,Cable,Cable Biceps Curl (Sz Bar),,UNRESOLVED,팔,weight_reps,
gvs_bc1f6ffde74b06b5,Cable,Cable Close Grip Curl,케이블 클로즈 그립 컬,NEW_HIGH_CONFIDENCE_DRAFT,팔,weight_reps,
gvs_6caf48c3f7ce6073,Cable,Cable Close Grip Front Lat Pulldown,케이블 클로즈 그립 프론트 랫 풀다운,EXISTING_DRAFT,등,weight_reps,
gvs_e622cdb0ee69ee18,Cable,Cable Concentration Extension (On Knee),,UNRESOLVED,팔,weight_reps,
gvs_888a0d8b4f607183,Cable,Cable Cross Body Hammer Curl,,UNRESOLVED,팔,weight_reps,
gvs_b9170115f0106d9d,Cable,Cable Cross Over Lateral Pulldown,,UNRESOLVED,등,weight_reps,
gvs_f568b21a60294ae8,Cable,Cable Cross Over Reverse Fly,,UNRESOLVED,어깨,weight_reps,
gvs_76d6463dd513ede5,Cable,Cable Curl,케이블 컬,NEW_HIGH_CONFIDENCE_DRAFT,팔,weight_reps,
gvs_3f6cc67aa910fed0,Cable,Cable Curl With Multipurpose V Bar,,UNRESOLVED,팔,weight_reps,
gvs_f3fa420f3dad0c1f,Cable,Cable Deadlift,케이블 데드리프트,EXISTING_DRAFT,하체,weight_reps,
gvs_43a721ea50a92768,Cable,Cable Decline Crunch,케이블 디클라인 크런치,EXISTING_DRAFT,코어,weight_reps,
gvs_0cefaec661d11850,Cable,Cable Decline Fly,케이블 디클라인 플라이,NEW_HIGH_CONFIDENCE_DRAFT,가슴,weight_reps,
gvs_5dc9a1b8c563fc1e,Cable,Cable Decline Press,케이블 디클라인 프레스,NEW_HIGH_CONFIDENCE_DRAFT,가슴,weight_reps,
gvs_3cd5ff34bdc29d0a,Cable,Cable Donkey Diagonal Kickback,,UNRESOLVED,하체,weight_reps,
gvs_888093c5289b3ef9,Cable,Cable Donkey Kickback,,UNRESOLVED,하체,weight_reps,
gvs_6176afd61b49bd84,Cable,Cable Drag Curl,케이블 드래그 컬,NEW_HIGH_CONFIDENCE_DRAFT,팔,weight_reps,
gvs_35d787de338e9e60,Cable,Cable Elevated Row,케이블 엘리베이티드 로우,NEW_HIGH_CONFIDENCE_DRAFT,등,weight_reps,
gvs_2c4aa4f62ee481e0,Cable,Cable Forearm Pronation,,UNRESOLVED,팔,weight_reps,
gvs_ef4c75bd2b5fe1e1,Cable,Cable Forward Raise,케이블 포워드 레이즈,NEW_HIGH_CONFIDENCE_DRAFT,어깨,weight_reps,
gvs_dc0c3124280c700e,Cable,Cable Front Raise,케이블 프론트 레이즈,EXISTING_DRAFT,어깨,weight_reps,
gvs_1e7090ec34c3bf0a,Cable,Cable Front Raise (Rope Attachment),케이블 프론트 레이즈 로프 어태치먼트,NEW_HIGH_CONFIDENCE_DRAFT,어깨,weight_reps,
gvs_ce19e9c4eea1dcde,Cable,Cable Front Seated Row,케이블 프론트 시티드 로우,EXISTING_DRAFT,등,weight_reps,
gvs_653742eb6a325e13,Cable,Cable Front Squat,케이블 프론트 스쿼트,EXISTING_DRAFT,하체,weight_reps,
gvs_c94265930609319b,Cable,Cable Front Squat With V Bar,,UNRESOLVED,하체,weight_reps,
gvs_00bcc2a9742771f9,Cable,Cable Glute Dominant Step Up,,UNRESOLVED,하체,weight_reps,
gvs_9091b1fa082219a0,Cable,Cable Goblet Squat,케이블 고블릿 스쿼트,EXISTING_DRAFT,하체,weight_reps,
gvs_18cf773fa9f0c88f,Cable,Cable Half Kneeling External Rotation Press,케이블 하프 닐링 외회전 프레스,NEW_HIGH_CONFIDENCE_DRAFT,,weight_reps,
gvs_9f3cdbb3bf4b89cb,Cable,Cable Half Kneeling Face Pull,케이블 하프 닐링 페이스 풀,NEW_HIGH_CONFIDENCE_DRAFT,어깨,weight_reps,
gvs_35fc0d94eb2bb156,Cable,Cable Half Kneeling Lift,,UNRESOLVED,가슴,weight_reps,
gvs_c109ac7a54bc3ec0,Cable,Cable Half Kneeling Pallof Press,,UNRESOLVED,코어,weight_reps,
gvs_20a95497e3c8193f,Cable,Cable Half Kneeling Single Arm Row,케이블 하프 닐링 원암 로우,NEW_HIGH_CONFIDENCE_DRAFT,등,weight_reps,
gvs_d15716fa1e9009c0,Cable,Cable Half Kneeling Single Arm Row,케이블 하프 닐링 원암 로우,NEW_HIGH_CONFIDENCE_DRAFT,등,weight_reps,
gvs_608cf9c6e15faf94,Cable,Cable Hammer Curl,케이블 해머 컬,EXISTING_DRAFT,팔,weight_reps,
gvs_5dba0ae1ef80b711,Cable,Cable Hammer Curl (With Rope),,UNRESOLVED,팔,weight_reps,
gvs_b6bb288ae4fb4fcc,Cable,Cable Hanging Leg Raise,,UNRESOLVED,코어,weight_reps,
gvs_c2b124c0a5a0028e,Cable,Cable High Pull With Rope Attachment,,UNRESOLVED,어깨,weight_reps,
gvs_d6e89ba507297ab1,Cable,Cable High Pulley Overhead Tricep Extension,,UNRESOLVED,팔,weight_reps,
gvs_e6c19ae1ff38c8e9,Cable,Cable High Pulley Straight Bar Overhead Triceps Extension,케이블 하이 풀리 스트레이트 바 오버헤드 트라이셉 익스텐션,NEW_HIGH_CONFIDENCE_DRAFT,팔,weight_reps,
gvs_f8f4de20c44344ea,Cable,Cable High Row,케이블 하이 로우,EXISTING_DRAFT,등,weight_reps,
gvs_672871abd29e8f23,Cable,Cable High Row With Chest Support,,UNRESOLVED,등,weight_reps,
gvs_2ff9e927afeeed6f,Cable,Cable High To Low Woodchopper,,UNRESOLVED,코어,weight_reps,
gvs_be571bf6b1d6fbd8,Cable,Cable High Triceps Extension,케이블 하이 트라이셉 익스텐션,EXISTING_DRAFT,팔,weight_reps,
gvs_4ebd98b09f87364e,Cable,Cable Hip Abduction,케이블 힙 어브덕션,EXISTING_DRAFT,하체,weight_reps,
gvs_5b0650c0d0a2734a,Cable,Cable Hip Adduction,케이블 힙 어덕션,EXISTING_DRAFT,하체,weight_reps,
gvs_2fdaf501d75ac139,Cable,Cable Horizontal Pallof Press,,UNRESOLVED,코어,weight_reps,
gvs_dea57179d493677d,Cable,Cable Incline Alternative Fly,,UNRESOLVED,가슴,weight_reps,
gvs_12731f2699193194,Cable,Cable Incline Bench Press,케이블 인클라인 벤치프레스,EXISTING_DRAFT,가슴,weight_reps,
gvs_17351751089a05bd,Cable,Cable Incline Biceps Curl,케이블 인클라인 바이셉 컬,EXISTING_DRAFT,팔,weight_reps,
gvs_06a47e506e01aaa6,Cable,Cable Incline Close Grip Shoulder Press With V Bar,,UNRESOLVED,어깨,weight_reps,
gvs_7a67462cc1417e02,Cable,Cable Incline Fly,케이블 인클라인 플라이,NEW_HIGH_CONFIDENCE_DRAFT,가슴,weight_reps,
gvs_72444d685391425e,Cable,Cable Incline Fly (On Stability Ball),,UNRESOLVED,가슴,weight_reps,
gvs_ef165322543c7318,Cable,Cable Incline Inner Biceps Curl,케이블 인클라인 이너 바이셉 컬,NEW_HIGH_CONFIDENCE_DRAFT,팔,weight_reps,
gvs_d47b1c977db9c69f,Cable,Cable Incline Pushdown,케이블 인클라인 푸시다운,NEW_HIGH_CONFIDENCE_DRAFT,등,weight_reps,
gvs_d6ae00a12725ba35,Cable,Cable Incline Rear Delt Fly With Back Support,,UNRESOLVED,가슴,weight_reps,BODY_MUSCLE_FAMILY_CONFLICT
gvs_9180df0307e0f523,Cable,Cable Incline Single Arm Lat Pulldown,케이블 인클라인 원암 랫 풀다운,EXISTING_DRAFT,등,weight_reps,
gvs_fc97a1e97ea56ba9,Cable,Cable Incline Skull Crusher,케이블 인클라인 스컬 크러셔,EXISTING_DRAFT,팔,weight_reps,
gvs_e1effed667109f74,Cable,Cable Incline Triceps Extension,케이블 인클라인 트라이셉 익스텐션,EXISTING_DRAFT,팔,weight_reps,
gvs_b0abb0cf8cf0c8af,Cable,Cable Incline Y Raise With Back Support,,UNRESOLVED,어깨,weight_reps,
gvs_ddbe27c3b88c009b,Cable,Cable Incline Y Raise Wrist Straps With Back Suppo,,UNRESOLVED,팔,weight_reps,
gvs_4adaa7df627a19af,Cable,Cable Ipsilateral Glute Dominant Step Up,,UNRESOLVED,하체,weight_reps,
gvs_0d377ebd6a1a489d,Cable,Cable Jack Hammer Pushdown,,UNRESOLVED,팔,weight_reps,
gvs_3df6bd90ee06b46e,Cable,Cable Judo Flip,,UNRESOLVED,코어,weight_reps,
gvs_4f7bd6890da46ee1,Cable,Cable Kickback,케이블 킥백,EXISTING_DRAFT,팔,weight_reps,
gvs_bebcc7520854ddcc,Cable,Cable Kickback Ii,,UNRESOLVED,팔,weight_reps,
gvs_88cf486ec56f2606,Cable,Cable Kneeling Crunch,케이블 닐링 크런치,EXISTING_DRAFT,코어,weight_reps,
gvs_4d5c8a85ac53df01,Cable,Cable Kneeling Glute Kickback,케이블 닐링 글루트 킥백,NEW_HIGH_CONFIDENCE_DRAFT,하체,weight_reps,
gvs_4d466b80867f0b52,Cable,Cable Kneeling High Low Anti Rotation Chop,,UNRESOLVED,,weight_reps,
gvs_636dcf8d9e55d9f9,Cable,Cable Kneeling High To Low Fly,,UNRESOLVED,가슴,weight_reps,
gvs_36e5f0f020449b36,Cable,Cable Kneeling Hip Abduction,케이블 닐링 힙 어브덕션,EXISTING_DRAFT,하체,weight_reps,
gvs_6c0a60a431105bf2,Cable,Cable Kneeling Pull Through,케이블 닐링 풀스루,EXISTING_DRAFT,하체,weight_reps,
gvs_72a70b8e247ce9a0,Cable,Cable Kneeling Rear Delt Row (With Rope),,UNRESOLVED,어깨,weight_reps,
gvs_fda3754789772ac7,Cable,Cable Kneeling Shoulder External Rotation B,,UNRESOLVED,어깨,weight_reps,
gvs_a4c621d4e4a57d46,Cable,Cable Kneeling Shoulder Internal Rotation B,,UNRESOLVED,어깨,weight_reps,
gvs_43602ab25428ad30,Cable,Cable Kneeling Shoulder Press,케이블 닐링 숄더 프레스,EXISTING_DRAFT,어깨,weight_reps,
gvs_ec17668bc3d9e19b,Cable,Cable Kneeling Side Crunch,케이블 닐링 사이드 크런치,EXISTING_DRAFT,코어,weight_reps,
gvs_e7c7b9d2f7c2be40,Cable,Cable Kneeling Single Arm Fly,케이블 닐링 원암 플라이,NEW_HIGH_CONFIDENCE_DRAFT,가슴,weight_reps,
gvs_c7f785394946b675,Cable,Cable Kneeling Single Arm Lat Pulldown,케이블 닐링 원암 랫 풀다운,EXISTING_DRAFT,등,weight_reps,
gvs_df5455f819dc125c,Cable,Cable Kneeling Triceps Extension,케이블 닐링 트라이셉 익스텐션,EXISTING_DRAFT,팔,weight_reps,
gvs_c4fee969fa7562a1,Cable,Cable Kneeling Twist,케이블 닐링 트위스트,NEW_HIGH_CONFIDENCE_DRAFT,코어,weight_reps,
gvs_caa268e3eed13543,Cable,Cable Lat Pulldown Full Range Of Motion,,UNRESOLVED,등,weight_reps,
gvs_d9b563591feb8271,Cable,Cable Lateral Pulldown (With Rope Attachment),,UNRESOLVED,등,weight_reps,
gvs_566a110871735b36,Cable,Cable Lateral Pulldown With Mag Grip,,UNRESOLVED,등,weight_reps,
gvs_fb552a50cfa60fea,Cable,Cable Lateral Pulldown With V Bar,,UNRESOLVED,등,weight_reps,
gvs_0e089a8887627cd2,Cable,Cable Lateral Raise,케이블 레터럴 레이즈,EXISTING_DRAFT,어깨,weight_reps,
gvs_3977151727960d3f,Cable,Cable Leaning Lateral Raise,,UNRESOLVED,어깨,weight_reps,
gvs_ef94bd1a21bdfb3a,Cable,Cable Low Chest Press,케이블 로우 체스트 프레스,EXISTING_DRAFT,가슴,weight_reps,
gvs_bd9e3a4f52c882a7,Cable,Cable Low Fly,케이블 로우 플라이,NEW_HIGH_CONFIDENCE_DRAFT,가슴,weight_reps,
gvs_0b9c23ebe753863b,Cable,Cable Low Seated Row,케이블 로우 시티드 로우,EXISTING_DRAFT,등,weight_reps,
gvs_6c5f48feac83e956,Cable,Cable Low Seated Row With V Bar,,UNRESOLVED,등,weight_reps,
gvs_420de1e67d47e9e8,Cable,Cable Lying Bicep Curl,,UNRESOLVED,팔,weight_reps,
gvs_0e719d97a7df3da7,Cable,Cable Lying Biceps Curl,케이블 라잉 바이셉 컬,EXISTING_DRAFT,팔,weight_reps,
gvs_a5e7b560bd88347a,Cable,Cable Lying Curl,케이블 라잉 컬,NEW_HIGH_CONFIDENCE_DRAFT,팔,weight_reps,
gvs_d3559085aa57134d,Cable,Cable Lying Extension Pullover (With Rope Attachme,,UNRESOLVED,,weight_reps,
gvs_1368eae5c05aa111,Cable,Cable Lying Face Pull,케이블 라잉 페이스 풀,NEW_HIGH_CONFIDENCE_DRAFT,어깨,weight_reps,
gvs_e5172fbd1174e265,Cable,Cable Lying Fly,케이블 라잉 플라이,NEW_HIGH_CONFIDENCE_DRAFT,가슴,weight_reps,
gvs_02ca4025739650f1,Cable,Cable Lying Hip Flexion (Reverse Squat),,UNRESOLVED,하체,weight_reps,
gvs_78ec5cde2e08c2c0,Cable,Cable Lying Single Leg Hip Flexion,,UNRESOLVED,하체,weight_reps,
gvs_0a66dc79d7d93d25,Cable,Cable Lying Triceps Extension,케이블 라잉 트라이셉 익스텐션,EXISTING_DRAFT,팔,weight_reps,
gvs_ef52c51f2fb9abff,Cable,Cable Lying Triceps Extension (Low),케이블 라잉 트라이셉 익스텐션 로우,EXISTING_DRAFT,팔,weight_reps,
gvs_e6f579cfb8c4c957,Cable,Cable Lying Triceps Extension (With Rope),,UNRESOLVED,팔,weight_reps,
gvs_b452c967fe4b5f3f,Cable,Cable Lying Upright Row (Sz Bar),,UNRESOLVED,어깨,weight_reps,BODY_MUSCLE_FAMILY_CONFLICT
gvs_a0bd2e809f1fb932,Cable,Cable Middle Fly,,UNRESOLVED,가슴,weight_reps,
gvs_10f387e4a6459bce,Cable,Cable Narrow Chair Stand Up,,UNRESOLVED,하체,weight_reps,
gvs_ddc4594272bc99ec,Cable,Cable Neutral Grip Biceps Curl,케이블 뉴트럴 그립 바이셉 컬,EXISTING_DRAFT,팔,weight_reps,
gvs_348c6ad309324fe3,Cable,Cable Neutral Grip Chest Press,케이블 뉴트럴 그립 체스트 프레스,EXISTING_DRAFT,가슴,weight_reps,
gvs_0bca81b7ce3f2fd7,Cable,Cable Neutral Grip Kickback,케이블 뉴트럴 그립 킥백,EXISTING_DRAFT,팔,weight_reps,
gvs_54c3ecd83ede4f4e,Cable,Cable Neutral Grip Lat Pulldown,케이블 뉴트럴 그립 랫 풀다운,EXISTING_DRAFT,등,weight_reps,
gvs_c0ef628e0393924e,Cable,Cable Neutral Grip Wide Pulldown,,UNRESOLVED,등,weight_reps,
gvs_5cd86bd96015ca05,Cable,Cable Oblique Twist,,UNRESOLVED,코어,weight_reps,
gvs_90b8c13b00149e73,Cable,Cable Overhead Curl,케이블 오버헤드 컬,NEW_HIGH_CONFIDENCE_DRAFT,팔,weight_reps,
gvs_6fa8bdc42d4f6bf2,Cable,Cable Overhead Tricep Extension Straight Bar,,UNRESOLVED,팔,weight_reps,
gvs_dc1bad8cd9b43ae2,Cable,Cable Overhead Triceps Extension (Rope Attachment),케이블 오버헤드 트라이셉 익스텐션 로프 어태치먼트,NEW_HIGH_CONFIDENCE_DRAFT,팔,weight_reps,
gvs_6df1e4a1086f05bd,Cable,Cable Palm Rotational Row,,UNRESOLVED,등,weight_reps,
gvs_cffb4a4d3136aa35,Cable,Cable Parallel Grip Lat Pulldown On Floor,,UNRESOLVED,등,weight_reps,
gvs_3a72365e420ff1ec,Cable,Cable Preacher Curl,케이블 프리처 컬,EXISTING_DRAFT,팔,weight_reps,
gvs_d067bbf7461a2f77,Cable,Cable Preacher Curl (Rope Attachment),케이블 프리처 컬 로프 어태치먼트,NEW_HIGH_CONFIDENCE_DRAFT,팔,weight_reps,
gvs_75a2aff6c7f118dc,Cable,Cable Pull Through,케이블 풀스루,EXISTING_DRAFT,하체,weight_reps,
gvs_4bb0797d75815b79,Cable,Cable Pull Through (With Rope),,UNRESOLVED,하체,weight_reps,
gvs_c13a118f090a5a87,Cable,Cable Pulldown,케이블 풀다운,EXISTING_DRAFT,등,weight_reps,
gvs_14f34de94af58e21,Cable,Cable Pulldown (Pro Lat Bar),,UNRESOLVED,등,weight_reps,
gvs_f63bfa0b5f44cb9b,Cable,Cable Pushdown,케이블 푸시다운,NEW_HIGH_CONFIDENCE_DRAFT,팔,weight_reps,
gvs_d3297eb2e3ec31c0,Cable,Cable Pushdown (Straight Arm),케이블 푸시다운 스트레이트 암,NEW_HIGH_CONFIDENCE_DRAFT,등,weight_reps,
gvs_7af956bd14104af9,Cable,Cable Pushdown (With Rope Attachment),,UNRESOLVED,팔,weight_reps,
gvs_6c83d3eb577a139b,Cable,Cable Rear Delt Row,케이블 리어 델트 로우,NEW_HIGH_CONFIDENCE_DRAFT,어깨,weight_reps,
gvs_1b5f7c6990b68ea5,Cable,Cable Rear Delt Row (Parallel Bar),,UNRESOLVED,어깨,weight_reps,
gvs_e687babdb5e0f391,Cable,Cable Rear Delt Row (With Rope),,UNRESOLVED,어깨,weight_reps,
gvs_61cbd1fb8f63649b,Cable,Cable Rear Drive,,UNRESOLVED,팔,weight_reps,
gvs_2966330a8a75dd40,Cable,Cable Rear Pulldown,케이블 리어 풀다운,EXISTING_DRAFT,등,weight_reps,
gvs_11fa15ba6b64ff68,Cable,Cable Reverse Crunch,케이블 리버스 크런치,EXISTING_DRAFT,코어,weight_reps,
gvs_deeab0dae48e434c,Cable,Cable Reverse Curl,케이블 리버스 컬,EXISTING_DRAFT,팔,weight_reps,
gvs_ffd20f4990cf3c89,Cable,Cable Reverse Grip Pulldown,케이블 리버스 그립 풀다운,EXISTING_DRAFT,등,weight_reps,
gvs_3efdfffeeb9e9884,Cable,Cable Reverse Grip Pushdown,케이블 리버스 그립 푸시다운,NEW_HIGH_CONFIDENCE_DRAFT,팔,weight_reps,
gvs_40e9e70291c9dfb0,Cable,Cable Reverse Grip Straight Back Seated High Row,,UNRESOLVED,등,weight_reps,
gvs_4ada6f3ff8b14f7f,Cable,Cable Reverse Grip Triceps Pushdown (Sz Bar),,UNRESOLVED,팔,weight_reps,
gvs_a7755bafa6642837,Cable,Cable Reverse Preacher Curl,케이블 리버스 프리처 컬,EXISTING_DRAFT,팔,weight_reps,
gvs_2436f9e7393134af,Cable,Cable Reverse Single Arm Curl,케이블 리버스 원암 컬,NEW_HIGH_CONFIDENCE_DRAFT,팔,weight_reps,
gvs_60fee127bcbe1f37,Cable,Cable Reverse Woodchop,,UNRESOLVED,코어,weight_reps,
gvs_45f357d61a12dc74,Cable,Cable Reverse Wrist Curl,케이블 리버스 리스트 컬,EXISTING_DRAFT,팔,weight_reps,
gvs_b2cefb116d484019,Cable,Cable Romanian Deadlift,케이블 루마니안 데드리프트,EXISTING_DRAFT,하체,weight_reps,
gvs_3c467f2e581ef9e8,Cable,Cable Rope Crossover Seated Row,,UNRESOLVED,등,weight_reps,
gvs_82355b701313525a,Cable,Cable Rope Hammer Preacher Curl,케이블 로프 해머 프리처 컬,NEW_HIGH_CONFIDENCE_DRAFT,팔,weight_reps,
gvs_5d9fba90c014739a,Cable,Cable Rope High Pulley Overhead Tricep Extension,,UNRESOLVED,팔,weight_reps,
gvs_56eff23b663f236b,Cable,Cable Rope Incline Tricep Extension,,UNRESOLVED,팔,weight_reps,
gvs_6dba12c0373fdde6,Cable,Cable Rope Seated Row,케이블 로프 시티드 로우,NEW_HIGH_CONFIDENCE_DRAFT,등,weight_reps,
gvs_b83f8e01d4c9e1cd,Cable,Cable Seated Chest Fly,케이블 시티드 체스트 플라이,EXISTING_DRAFT,가슴,weight_reps,
gvs_45235b93c0321363,Cable,Cable Seated Chest Press,케이블 시티드 체스트 프레스,EXISTING_DRAFT,가슴,weight_reps,
gvs_7cf54cfbab5981cb,Cable,Cable Seated Crunch,케이블 시티드 크런치,EXISTING_DRAFT,코어,weight_reps,
gvs_c51701485a0b6dbe,Cable,Cable Seated Face Pull (With Rope),,UNRESOLVED,어깨,weight_reps,
gvs_e1d1e8abab996b13,Cable,Cable Seated Foot Eversion,,UNRESOLVED,하체,weight_reps,
gvs_b5cd8201dfbb6a2d,Cable,Cable Seated Foot Inversion,,UNRESOLVED,하체,weight_reps,
gvs_dac5082cb5dd4ba6,Cable,Cable Seated Front Press,케이블 시티드 프론트 프레스,NEW_HIGH_CONFIDENCE_DRAFT,어깨,weight_reps,
gvs_d73d1c175e50d81f,Cable,Cable Seated High Pulley Overhead Tricep Extension,,UNRESOLVED,팔,weight_reps,
gvs_43b7cfe7aa67cacf,Cable,Cable Seated High Row (V Bar),,UNRESOLVED,등,weight_reps,
gvs_44acfbd517746671,Cable,Cable Seated High Triceps Extension,케이블 시티드 하이 트라이셉 익스텐션,EXISTING_DRAFT,팔,weight_reps,
gvs_ab7dbb7f5c73fe8f,Cable,Cable Seated Lats Focused Row,,UNRESOLVED,등,weight_reps,
gvs_89fd815cb6c2c49e,Cable,Cable Seated Leg Extension,케이블 시티드 레그 익스텐션,EXISTING_DRAFT,하체,weight_reps,
gvs_77aa5262194f2064,Cable,Cable Seated On Floor Row With Rope,,UNRESOLVED,등,weight_reps,
gvs_2225326d1b234e2d,Cable,Cable Seated Overhead Curl,케이블 시티드 오버헤드 컬,NEW_HIGH_CONFIDENCE_DRAFT,팔,weight_reps,
gvs_831c9587df68b757,Cable,Cable Seated Overhead Curl (Sz Bar),,UNRESOLVED,팔,weight_reps,
gvs_3d2f6ec294ede336,Cable,Cable Seated Rear Lateral Raise,케이블 시티드 리어 레터럴 레이즈,EXISTING_DRAFT,어깨,weight_reps,
gvs_76d929b1faf5f3f1,Cable,Cable Seated Reverse Shrug,케이블 시티드 리버스 슈러그,EXISTING_DRAFT,등,weight_reps,
gvs_f1762669e1ed9309,Cable,Cable Seated Row,케이블 시티드 로우,EXISTING_DRAFT,등,weight_reps,
gvs_f29496d5b98d8539,Cable,Cable Seated Single Arm Alternate Row,케이블 시티드 원암 얼터네이트 로우,EXISTING_DRAFT,등,weight_reps,
gvs_7112ea20b44a17d2,Cable,Cable Seated Single Arm Chest Press,케이블 시티드 원암 체스트 프레스,EXISTING_DRAFT,가슴,weight_reps,
gvs_58cee43d19de3331,Cable,Cable Seated Single Arm Concentration Curl,케이블 시티드 원암 컨센트레이션 컬,EXISTING_DRAFT,팔,weight_reps,
gvs_40fbaf169a0584ac,Cable,Cable Seated Single Arm Row,케이블 시티드 원암 로우,EXISTING_DRAFT,등,weight_reps,
gvs_cab0b182e9802e54,Cable,Cable Seated Single Arm Unilateral Bicep Curl,,UNRESOLVED,팔,weight_reps,
gvs_26569c5f3e1c3277,Cable,Cable Seated Single Leg Extension,,UNRESOLVED,하체,weight_reps,
gvs_78028e69f1df2279,Cable,Cable Seated Supine Grip Row,,UNRESOLVED,등,weight_reps,
gvs_e2a75fc7f40b4657,Cable,Cable Seated Twist On Floor,,UNRESOLVED,코어,weight_reps,
gvs_4e6de652b3ca81b8,Cable,Cable Seated Unilateral Bicep Curl,,UNRESOLVED,팔,weight_reps,
gvs_bfb1a2f0a379de2e,Cable,Cable Seated Wide Grip Row,케이블 시티드 와이드 그립 로우,EXISTING_DRAFT,등,weight_reps,
gvs_d266b2ac408687ca,Cable,Cable Shoulder 90 Degrees External Rotation,,UNRESOLVED,등,weight_reps,
gvs_dc01d33c75eb3786,Cable,Cable Shoulder 90 Degrees Internal Rotation,,UNRESOLVED,등,weight_reps,
gvs_c81d58626f4a0664,Cable,Cable Shoulder Internal Rotation,케이블 숄더 내회전,NEW_HIGH_CONFIDENCE_DRAFT,어깨,weight_reps,
gvs_9e74269a0730ca34,Cable,Cable Shoulder Press,케이블 숄더 프레스,EXISTING_DRAFT,어깨,weight_reps,
gvs_d687ce53298a216b,Cable,Cable Shrug,케이블 슈러그,EXISTING_DRAFT,등,weight_reps,
gvs_90c8e11c6f2ddea0,Cable,Cable Side Bend,,UNRESOLVED,코어,weight_reps,
gvs_76966881de9adb95,Cable,Cable Side Lying Single Arm Lateral Raise S,,UNRESOLVED,어깨,weight_reps,
gvs_82f8eb2470e9517e,Cable,Cable Single Arm Bench Press,케이블 원암 벤치프레스,EXISTING_DRAFT,가슴,weight_reps,
gvs_39fa57fc6d1c972e,Cable,Cable Single Arm Bent Over Row,케이블 원암 벤트오버 로우,EXISTING_DRAFT,등,weight_reps,
gvs_270a9e7061ad7c72,Cable,Cable Single Arm Biceps Curl,케이블 원암 바이셉 컬,EXISTING_DRAFT,팔,weight_reps,
gvs_a69669260c6e0650,Cable,Cable Single Arm Crossover,,UNRESOLVED,가슴,weight_reps,
gvs_f78f3ca63d228208,Cable,Cable Single Arm Curl,케이블 원암 컬,NEW_HIGH_CONFIDENCE_DRAFT,팔,weight_reps,
gvs_ce9a8be4b6403a8e,Cable,Cable Single Arm Front Raise,케이블 원암 프론트 레이즈,EXISTING_DRAFT,어깨,weight_reps,
gvs_9ce3b39bc76e9e23,Cable,Cable Single Arm High Row,케이블 원암 하이 로우,EXISTING_DRAFT,등,weight_reps,
gvs_55e6951380dbbebb,Cable,Cable Single Arm High Row With Chest Support,,UNRESOLVED,등,weight_reps,
gvs_708c9deb586b29bb,Cable,Cable Single Arm High Scapular Row,,UNRESOLVED,등,weight_reps,
gvs_2c5320e2b5191da4,Cable,Cable Single Arm High To Low Woodchopper,,UNRESOLVED,코어,weight_reps,
gvs_889ffdb03ee2a336,Cable,Cable Single Arm Inner Biceps Curl,케이블 원암 이너 바이셉 컬,NEW_HIGH_CONFIDENCE_DRAFT,팔,weight_reps,
gvs_b9904cf0b4139ebe,Cable,Cable Single Arm Lat Pulldown,케이블 원암 랫 풀다운,EXISTING_DRAFT,등,weight_reps,
gvs_f5a0bb36f890f944,Cable,Cable Single Arm Lateral Bent Over,,UNRESOLVED,,weight_reps,
gvs_6f39dd51d938ed71,Cable,Cable Single Arm Lateral Raise,케이블 원암 레터럴 레이즈,EXISTING_DRAFT,어깨,weight_reps,
gvs_3e35f20c53c86f26,Cable,Cable Single Arm Low Fly,케이블 원암 로우 플라이,NEW_HIGH_CONFIDENCE_DRAFT,가슴,weight_reps,
gvs_c60be8b9bababbb5,Cable,Cable Single Arm Low Scapular Row,,UNRESOLVED,등,weight_reps,
gvs_b78ffc3c5fe665fa,Cable,Cable Single Arm Neutral Grip Biceps Curl,케이블 원암 뉴트럴 그립 바이셉 컬,EXISTING_DRAFT,팔,weight_reps,
gvs_ae8d9d05fed0f1ed,Cable,Cable Single Arm Neutral Grip Front Raise,케이블 원암 뉴트럴 그립 프론트 레이즈,EXISTING_DRAFT,어깨,weight_reps,
gvs_90e66781423613ad,Cable,Cable Single Arm Preacher Curl,케이블 원암 프리처 컬,EXISTING_DRAFT,팔,weight_reps,
gvs_80e7e546565280c8,Cable,Cable Single Arm Pulldown,케이블 원암 풀다운,EXISTING_DRAFT,등,weight_reps,
gvs_9e48e3ea00608668,Cable,Cable Single Arm Reverse Fly,케이블 원암 리버스 플라이,EXISTING_DRAFT,어깨,weight_reps,
gvs_602cfa1302c907eb,Cable,Cable Single Arm Side Triceps Pushdown,케이블 원암 사이드 트라이셉 푸시다운,EXISTING_DRAFT,팔,weight_reps,
gvs_58aea4f56fb45f35,Cable,Cable Single Arm Tricep Pushdown,,UNRESOLVED,팔,weight_reps,
gvs_ec94f4b2dd3dca68,Cable,Cable Single Arm Triceps Pushdown (Rope Attachment,케이블 원암 트라이셉 푸시다운 로프 어태치먼트,NEW_HIGH_CONFIDENCE_DRAFT,팔,weight_reps,
gvs_b7a8ae69add84241,Cable,Cable Single Arm Twisting Seated Row,,UNRESOLVED,등,weight_reps,
gvs_df739e5966e08979,Cable,Cable Single Leg Tuck Reverse Crunch,,UNRESOLVED,코어,weight_reps,
gvs_8d2d057a6f6615c0,Cable,Cable Split Stance Single Arm Row,케이블 스플릿 스탠스 원암 로우,NEW_HIGH_CONFIDENCE_DRAFT,등,weight_reps,
gvs_9d1bdf82e9eb3794,Cable,Cable Squat,케이블 스쿼트,EXISTING_DRAFT,하체,weight_reps,
gvs_2e46e53cae8eae7e,Cable,Cable Squat Row (With Rope Attachment) Back,,UNRESOLVED,하체,weight_reps,
gvs_d99813f44c7e5bd6,Cable,Cable Squatting Curl,,UNRESOLVED,팔,weight_reps,
gvs_98dc4fa3d819363b,Cable,Cable Standing Alternate Chest Fly,케이블 스탠딩 얼터네이트 체스트 플라이,EXISTING_DRAFT,가슴,weight_reps,
gvs_08124ae3b4545533,Cable,Cable Standing Back Wrist Curl,케이블 스탠딩 백 리스트 컬,NEW_HIGH_CONFIDENCE_DRAFT,팔,weight_reps,
gvs_032c0f650108b445,Cable,Cable Standing Backhand,,UNRESOLVED,코어,weight_reps,
gvs_0529e87ae1b231f4,Cable,Cable Standing Chest Press,케이블 스탠딩 체스트 프레스,EXISTING_DRAFT,가슴,weight_reps,
gvs_f1533c041889b2e6,Cable,Cable Standing Close Grip Row,케이블 스탠딩 클로즈 그립 로우,EXISTING_DRAFT,등,weight_reps,
gvs_ac38f28332e6740b,Cable,Cable Standing Close Press,,UNRESOLVED,팔,weight_reps,
gvs_24c595be514e8f00,Cable,Cable Standing Cross Over High Reverse Fly,,UNRESOLVED,어깨,weight_reps,
gvs_b9b809d1424c14e5,Cable,Cable Standing Crossover,,UNRESOLVED,가슴,weight_reps,
gvs_b1c104d55974276d,Cable,Cable Standing Crunch (With Rope Attachment),,UNRESOLVED,코어,weight_reps,
gvs_c268a2aa05f69a2c,Cable,Cable Standing Face Pull,케이블 스탠딩 페이스 풀,NEW_HIGH_CONFIDENCE_DRAFT,어깨,weight_reps,
gvs_9120a563bd56498b,Cable,Cable Standing Face Pull (With Rope),,UNRESOLVED,어깨,weight_reps,
gvs_e4f755160f5f3398,Cable,Cable Standing Fly,케이블 스탠딩 플라이,NEW_HIGH_CONFIDENCE_DRAFT,가슴,weight_reps,
gvs_e24343f5eeb1c6ed,Cable,Cable Standing Front Raise Variation,,UNRESOLVED,어깨,weight_reps,
gvs_f8f43d54621f497a,Cable,Cable Standing High Cross Triceps Extension,케이블 스탠딩 하이 크로스 트라이셉 익스텐션,NEW_HIGH_CONFIDENCE_DRAFT,팔,weight_reps,
gvs_f62b5f2e458a2576,Cable,Cable Standing Hip Extension,케이블 스탠딩 힙 익스텐션,NEW_HIGH_CONFIDENCE_DRAFT,하체,weight_reps,
gvs_3236b524659a2d26,Cable,Cable Standing Hip Flexion,,UNRESOLVED,하체,weight_reps,
gvs_41240d8df0781511,Cable,Cable Standing Hip Thrust,케이블 스탠딩 힙 쓰러스트,EXISTING_DRAFT,하체,weight_reps,
gvs_47d43cb55eff1155,Cable,Cable Standing Inner Curl,케이블 스탠딩 이너 컬,NEW_HIGH_CONFIDENCE_DRAFT,팔,weight_reps,
gvs_56af92a056891fae,Cable,Cable Standing Lat Pulldown,케이블 스탠딩 랫 풀다운,EXISTING_DRAFT,등,weight_reps,
gvs_66e9041794d97ec7,Cable,Cable Standing Lat Pushdown (Rope Equipment),,UNRESOLVED,등,weight_reps,
gvs_6085b2b125d4156d,Cable,Cable Standing Leg Curl,케이블 스탠딩 레그 컬,EXISTING_DRAFT,하체,weight_reps,
gvs_583afa7aab302710,Cable,Cable Standing Lift,,UNRESOLVED,코어,weight_reps,
gvs_dbac54190f289dc1,Cable,Cable Standing Neutral Grip Fly,케이블 스탠딩 뉴트럴 그립 플라이,NEW_HIGH_CONFIDENCE_DRAFT,가슴,weight_reps,
gvs_d5b2a3c7290ad98f,Cable,Cable Standing Pulldown (With Rope),,UNRESOLVED,팔,weight_reps,
gvs_b2313d3a6ecbea38,Cable,Cable Standing Rear Delt Row (With Rope),,UNRESOLVED,어깨,weight_reps,
gvs_18b6f372fc2dc2e4,Cable,Cable Standing Reverse Curl (Sz Bar),,UNRESOLVED,팔,weight_reps,
gvs_96334b127e93a648,Cable,Cable Standing Reverse Grip Curl (Straight Bar),케이블 스탠딩 리버스 그립 컬 스트레이트 바,NEW_HIGH_CONFIDENCE_DRAFT,팔,weight_reps,
gvs_bbdf090f44dfbadf,Cable,Cable Standing Row,케이블 스탠딩 로우,EXISTING_DRAFT,등,weight_reps,
gvs_741185905fdd2f9a,Cable,Cable Standing Serratus (Obliques) Crunch,,UNRESOLVED,코어,weight_reps,
gvs_46a09ec12b003de9,Cable,Cable Standing Shoulder External Rotation,케이블 스탠딩 숄더 외회전,NEW_HIGH_CONFIDENCE_DRAFT,등,weight_reps,
gvs_41bba5f10c5947fd,Cable,Cable Standing Single Arm Face Pull,케이블 스탠딩 원암 페이스 풀,NEW_HIGH_CONFIDENCE_DRAFT,어깨,weight_reps,
gvs_53b4324c041ec82e,Cable,Cable Standing Single Arm Fly,케이블 스탠딩 원암 플라이,NEW_HIGH_CONFIDENCE_DRAFT,가슴,weight_reps,
gvs_af769fe9fc660ead,Cable,Cable Standing Single Arm Horizontal Triceps Exten,,UNRESOLVED,팔,weight_reps,
gvs_de817d66d86ca188,Cable,Cable Standing Single Arm Preacher Curl,케이블 스탠딩 원암 프리처 컬,EXISTING_DRAFT,팔,weight_reps,
gvs_858881f603bbe894,Cable,Cable Standing Single Arm Serratus (Obliques) Crunch,,UNRESOLVED,코어,weight_reps,
gvs_ffe8fc122cf1fc1c,Cable,Cable Standing Single Arm Tricep Pushdown (Overhand G,,UNRESOLVED,팔,weight_reps,
gvs_cdf9b60a416aaab4,Cable,Cable Standing Single Arm Triceps Extension,케이블 스탠딩 원암 트라이셉 익스텐션,EXISTING_DRAFT,팔,weight_reps,
gvs_cd027509ae6d9a41,Cable,Cable Standing Single Delt Row,,UNRESOLVED,어깨,weight_reps,BODY_MUSCLE_FAMILY_CONFLICT
gvs_800297df06de849f,Cable,Cable Standing Single Leg Calf Raise,케이블 스탠딩 싱글 레그 카프 레이즈,EXISTING_DRAFT,하체,weight_reps,
gvs_8f751a83d907f973,Cable,Cable Standing Squeez Upper Chest Press,,UNRESOLVED,가슴,weight_reps,
gvs_04b8632090b76b6e,Cable,Cable Standing Supinated Face Pull (With Rope),,UNRESOLVED,어깨,weight_reps,
gvs_3912e7bbd6675403,Cable,Cable Standing Up Straight Crossovers,,UNRESOLVED,가슴,weight_reps,
gvs_1963b641c9f1f885,Cable,Cable Standing Wood Chopper,,UNRESOLVED,코어,weight_reps,
gvs_3cbfc7a37404084b,Cable,Cable Standing Wrist Curl,케이블 스탠딩 리스트 컬,EXISTING_DRAFT,팔,weight_reps,
gvs_b2ed2ea820395986,Cable,Cable Standing Wrist Reverse Curl,케이블 스탠딩 리스트 리버스 컬,NEW_HIGH_CONFIDENCE_DRAFT,팔,weight_reps,
gvs_b4bc1aaa26d67590,Cable,Cable Standing Wrist Roll,,UNRESOLVED,팔,weight_reps,
gvs_aa405908f109f70a,Cable,Cable Standing Y Raise,,UNRESOLVED,어깨,weight_reps,
gvs_10e81de98aef00c9,Cable,Cable Standing Y Raises (With Rope Attachment),,UNRESOLVED,,weight_reps,
gvs_e2767b3ba88e6ef3,Cable,Cable Stiff Leg Deadlift From Stepbox,,UNRESOLVED,하체,weight_reps,
gvs_e5e69e4c84a7725a,Cable,Cable Straight Arm Pulldown (With Rope Attachment),,UNRESOLVED,등,weight_reps,
gvs_5c9946158f44337d,Cable,Cable Straight Arm Pulldown (With Rope),,UNRESOLVED,등,weight_reps,
gvs_a2e3ef78da1286ae,Cable,Cable Straight Arm Pulldown Ii,,UNRESOLVED,등,weight_reps,
gvs_9fe0dad92d46219d,Cable,Cable Straight Back Seated Row,,UNRESOLVED,등,weight_reps,
gvs_e8f35039d06b771d,Cable,Cable Straight Leg Diagonal Kickback,,UNRESOLVED,하체,weight_reps,
gvs_527c31da43a884d4,Cable,Cable Straight Legs Pull Through (With Rope),,UNRESOLVED,,weight_reps,
gvs_3ada1b1e2d154f64,Cable,Cable Supported Single Leg Hamstrings Concentratio,,UNRESOLVED,하체,weight_reps,
gvs_4c256f80207b0326,Cable,Cable Sz Bar Close Grip Curl,,UNRESOLVED,팔,weight_reps,
gvs_080be362685ef3e4,Cable,Cable Triceps Pushdown (Sz Bar),,UNRESOLVED,팔,weight_reps,
gvs_0e479b6fc42ea76f,Cable,Cable Triceps Pushdown (V Bar Attachment),,UNRESOLVED,팔,weight_reps,
gvs_fba190871b3f0b57,Cable,Cable Triceps Pushdown On Floor,,UNRESOLVED,팔,weight_reps,
gvs_c779e3a87ad393ae,Cable,Cable Tuck Reverse Crunch,,UNRESOLVED,코어,weight_reps,
gvs_5e0e830c4cfd2ab2,Cable,Cable Twin Handle Parallel Grip Lat Pulldown,,UNRESOLVED,등,weight_reps,
gvs_6babbfbed637c2c4,Cable,Cable Twist,케이블 트위스트,NEW_HIGH_CONFIDENCE_DRAFT,코어,weight_reps,
gvs_7918345ab3ce5dec,Cable,Cable Twist (Down Up),,UNRESOLVED,코어,weight_reps,
gvs_32dfaf896dc13f2d,Cable,Cable Twist (Up Down),,UNRESOLVED,코어,weight_reps,
gvs_a5735eac3d59bcf6,Cable,Cable Twisting Overhead Press,,UNRESOLVED,어깨,weight_reps,
gvs_b0d6b97eae91564c,Cable,Cable Twisting Pull,,UNRESOLVED,등,weight_reps,
gvs_9ab8c22154f550c5,Cable,Cable Underhand Pulldown,,UNRESOLVED,등,weight_reps,
gvs_c5b86a1cc323ac42,Cable,Cable Unilateral Bicep Curl,,UNRESOLVED,팔,weight_reps,
gvs_c66fab9387618043,Cable,Cable Upper Chest Crossovers,,UNRESOLVED,가슴,weight_reps,
gvs_761d55fc89d5aaee,Cable,Cable Upright Row,케이블 업라이트 로우,EXISTING_DRAFT,어깨,weight_reps,BODY_MUSCLE_FAMILY_CONFLICT
gvs_412e62314666ca59,Cable,Cable Wide Grip Lat Pulldown,케이블 와이드 그립 랫 풀다운,EXISTING_DRAFT,등,weight_reps,
gvs_54ef5c8b6cb921bb,Cable,Cable Wide Grip Rear Pulldown Behind Neck,,UNRESOLVED,등,weight_reps,
gvs_e258545e6ff63928,Cable,Cable Wrist Curl,케이블 리스트 컬,EXISTING_DRAFT,팔,weight_reps,
gvs_883d7dc7833c40cf,Cable,Cable Y Raise,,UNRESOLVED,어깨,weight_reps,
gvs_553b4119a68c2275,Dumbbell,Dumbbell 2 Point Bench Press,,UNRESOLVED,가슴,weight_reps,
gvs_6c7cecff66660af7,Dumbbell,Dumbbell 21s,,UNRESOLVED,팔,weight_reps,
gvs_4911663cb451987e,Dumbbell,Dumbbell 3 Point Bench Press,,UNRESOLVED,가슴,weight_reps,
gvs_1c5128fc8f73d0c2,Dumbbell,Dumbbell Alternate Bench Press (High Start),,UNRESOLVED,가슴,weight_reps,
gvs_7fadfb50fef49046,Dumbbell,Dumbbell Alternate Biceps Curl,덤벨 얼터네이트 바이셉 컬,EXISTING_DRAFT,팔,weight_reps,
gvs_fc2e21d9c09522cd,Dumbbell,Dumbbell Alternate Front Raise,덤벨 얼터네이트 프론트 레이즈,EXISTING_DRAFT,어깨,weight_reps,
gvs_c41ad8886ddb941e,Dumbbell,Dumbbell Alternate Hammer Srtict Curl,,UNRESOLVED,팔,weight_reps,
gvs_4412f26132441015,Dumbbell,Dumbbell Alternate Seated Hammer Curl,덤벨 얼터네이트 시티드 해머 컬,EXISTING_DRAFT,팔,weight_reps,
gvs_89709d72162dd9dc,Dumbbell,Dumbbell Alternate Shoulder Press,덤벨 얼터네이트 숄더 프레스,EXISTING_DRAFT,어깨,weight_reps,
gvs_c96492ab14795303,Dumbbell,Dumbbell Alternate Side Press,덤벨 얼터네이트 사이드 프레스,NEW_HIGH_CONFIDENCE_DRAFT,어깨,weight_reps,
gvs_a145307be9cebeeb,Dumbbell,Dumbbell Alternate V Up,,UNRESOLVED,코어,weight_reps,
gvs_f9ef1cb03b23f766,Dumbbell,Dumbbell Alternate Z Press,,UNRESOLVED,어깨,weight_reps,
gvs_ac11e3a56dda03e9,Dumbbell,Dumbbell Alternating Floor Press,덤벨 얼터네이팅 플로어 프레스,NEW_HIGH_CONFIDENCE_DRAFT,가슴,weight_reps,
gvs_60d49a8bd87b1753,Dumbbell,Dumbbell Alternative Fly,,UNRESOLVED,가슴,weight_reps,
gvs_092ad02c9fee57e2,Dumbbell,Dumbbell Arnold Press,덤벨 아놀드 프레스,EXISTING_DRAFT,어깨,weight_reps,
gvs_96ba99664c45b2a8,Dumbbell,Dumbbell Arnold Press Ii,,UNRESOLVED,어깨,weight_reps,
gvs_e1e0a5c1edb8e62d,Dumbbell,Dumbbell Around Pullover,,UNRESOLVED,가슴,weight_reps,
gvs_5921a7480aea8d9a,Dumbbell,Dumbbell Assisted Bulgarian Split Squat,덤벨 어시스트 불가리안 스플릿 스쿼트,EXISTING_DRAFT,하체,weight_reps,
gvs_fba3386f3b591d9f,Dumbbell,Dumbbell Banded Hip Thrust,덤벨 밴디드 힙 쓰러스트,NEW_HIGH_CONFIDENCE_DRAFT,하체,weight_reps,
gvs_d2bdbbbc654689a2,Dumbbell,Dumbbell Bar Grip Sumo Squat,,UNRESOLVED,하체,weight_reps,
gvs_a0bcaedca751e4ca,Dumbbell,Dumbbell Bear Crawl Push Up,,UNRESOLVED,가슴,weight_reps,
gvs_838b1b1c29071d66,Dumbbell,Dumbbell Behind Back Finger Curl,덤벨 비하인드 백 핑거 컬,NEW_HIGH_CONFIDENCE_DRAFT,팔,weight_reps,
gvs_214f221642aee61c,Dumbbell,Dumbbell Bench Dip,,UNRESOLVED,팔,weight_reps,
gvs_44777df8f49bb5c6,Dumbbell,Dumbbell Bench Press,덤벨 벤치프레스,EXISTING_DRAFT,가슴,weight_reps,
gvs_55906c2267b4ac70,Dumbbell,Dumbbell Bench Seated Press,덤벨 벤치 시티드 프레스,NEW_HIGH_CONFIDENCE_DRAFT,어깨,weight_reps,
gvs_a8315aa9c9c56e41,Dumbbell,Dumbbell Bench Squat,덤벨 벤치 스쿼트,NEW_HIGH_CONFIDENCE_DRAFT,하체,weight_reps,
gvs_31860fa3dedee22b,Dumbbell,Dumbbell Bent Over Curl,덤벨 벤트오버 컬,NEW_HIGH_CONFIDENCE_DRAFT,팔,weight_reps,
gvs_77698696d68dd594,Dumbbell,Dumbbell Bent Over Face Pull,덤벨 벤트오버 페이스 풀,NEW_HIGH_CONFIDENCE_DRAFT,어깨,weight_reps,
gvs_0ce8db48c195722a,Dumbbell,Dumbbell Bent Over Reverse Fly To Hammer Curl,,UNRESOLVED,가슴,weight_reps,BODY_MUSCLE_FAMILY_CONFLICT
gvs_055b1e55eedd12d1,Dumbbell,Dumbbell Bent Over Reverse Raise (Skier),,UNRESOLVED,어깨,weight_reps,
gvs_5f061a5d5fb5742d,Dumbbell,Dumbbell Bent Over Reverse Row,덤벨 벤트오버 리버스 로우,EXISTING_DRAFT,등,weight_reps,
gvs_ea3138cc8b02d6f2,Dumbbell,Dumbbell Bent Over Row,덤벨 벤트오버 로우,EXISTING_DRAFT,등,weight_reps,
gvs_0cf078756f540e79,Dumbbell,Dumbbell Bent Over Row Against Wall,,UNRESOLVED,등,weight_reps,
gvs_63cf913cbca3121a,Dumbbell,Dumbbell Bent Over Row Back,덤벨 벤트오버 로우 백,NEW_HIGH_CONFIDENCE_DRAFT,등,weight_reps,
gvs_37c41bc0737e0a76,Dumbbell,Dumbbell Bent Over Scapula Row,,UNRESOLVED,등,weight_reps,
gvs_6396753505ba5e59,Dumbbell,Dumbbell Bent Over Single Arm Row,덤벨 벤트오버 원암 로우,EXISTING_DRAFT,등,weight_reps,
gvs_bcacdf25126eb949,Dumbbell,Dumbbell Bent Over Twisting Row,,UNRESOLVED,등,weight_reps,
gvs_ddb8773c53f85bde,Dumbbell,Dumbbell Bent Over Wide Row,,UNRESOLVED,어깨,weight_reps,BODY_MUSCLE_FAMILY_CONFLICT
gvs_d93d94b3e6e400db,Dumbbell,Dumbbell Bent Over Y Raise,,UNRESOLVED,어깨,weight_reps,
gvs_7f61ea618dc60cf9,Dumbbell,Dumbbell Biceps Curl,덤벨 바이셉 컬,EXISTING_DRAFT,팔,weight_reps,
gvs_a13a5af75871a6a7,Dumbbell,Dumbbell Biceps Curl With Overhead Extension On St,,UNRESOLVED,팔,weight_reps,
gvs_30c514d8e9135eee,Dumbbell,Dumbbell Bosu Ball Goblet Squat,,UNRESOLVED,하체,weight_reps,
gvs_f4e9db4519f78795,Dumbbell,Dumbbell Bulgarian Split Squat,덤벨 불가리안 스플릿 스쿼트,EXISTING_DRAFT,하체,weight_reps,
gvs_a7f8110a125bb0a8,Dumbbell,Dumbbell Bulgarian Split Squat With Support,,UNRESOLVED,하체,weight_reps,
gvs_93322c4dd6bfe0e9,Dumbbell,Dumbbell Change Lateral Raise Curtsey Lunge,,UNRESOLVED,어깨,weight_reps,BODY_MUSCLE_FAMILY_CONFLICT
gvs_7fc8f2db76cb8bc3,Dumbbell,Dumbbell Change Plyo Side Lunge,,UNRESOLVED,하체,weight_reps,
gvs_b7a5168fdf121257,Dumbbell,Dumbbell Chest Supported Lateral Raises,,UNRESOLVED,어깨,weight_reps,
gvs_6a8184504a731046,Dumbbell,Dumbbell Clean,덤벨 클린,NEW_HIGH_CONFIDENCE_DRAFT,하체,weight_reps,
gvs_854bd6d9da74bd4d,Dumbbell,Dumbbell Clean And Press,덤벨 클린 앤 프레스,NEW_HIGH_CONFIDENCE_DRAFT,,weight_reps,
gvs_c4e1b08afd8ea5c0,Dumbbell,Dumbbell Close Grip Curl,덤벨 클로즈 그립 컬,NEW_HIGH_CONFIDENCE_DRAFT,팔,weight_reps,
gvs_e7144050a7f30992,Dumbbell,Dumbbell Close Grip Press,덤벨 클로즈 그립 프레스,NEW_HIGH_CONFIDENCE_DRAFT,팔,weight_reps,
gvs_4b58e69589cfd0ed,Dumbbell,Dumbbell Concentration Curl,덤벨 컨센트레이션 컬,EXISTING_DRAFT,팔,weight_reps,
gvs_22f45b780ba5d8aa,Dumbbell,Dumbbell Contralateral Glute Bridge Single Arm Che,,UNRESOLVED,하체,weight_reps,
gvs_d37991c71524f367,Dumbbell,Dumbbell Cossack Squats,,UNRESOLVED,하체,weight_reps,
gvs_da00a63458d5c4b8,Dumbbell,Dumbbell Cross Body Hammer Curl,,UNRESOLVED,팔,weight_reps,
gvs_452985d6a149ae78,Dumbbell,Dumbbell Cuban Press,,UNRESOLVED,어깨,weight_reps,
gvs_ff03d044af6e95e2,Dumbbell,Dumbbell Curl Press Extension,덤벨 컬 프레스 익스텐션,NEW_HIGH_CONFIDENCE_DRAFT,팔,weight_reps,
gvs_06deed52ae467e30,Dumbbell,Dumbbell Curl To Press,,UNRESOLVED,어깨,weight_reps,
gvs_1651862020bbc566,Dumbbell,Dumbbell Curtsey Lunge,,UNRESOLVED,하체,weight_reps,
gvs_1cd50cf4eb596b32,Dumbbell,Dumbbell Deadlift,덤벨 데드리프트,EXISTING_DRAFT,등,weight_reps,BODY_MUSCLE_FAMILY_CONFLICT
gvs_9c55d1ff5d32f117,Dumbbell,Dumbbell Deadlift 360 Degrees,,UNRESOLVED,등,weight_reps,BODY_MUSCLE_FAMILY_CONFLICT
gvs_8f121ce746edad07,Dumbbell,Dumbbell Decline Bench Press,덤벨 디클라인 벤치프레스,EXISTING_DRAFT,가슴,weight_reps,
gvs_242ef0c59f50e155,Dumbbell,Dumbbell Decline Fly,덤벨 디클라인 플라이,NEW_HIGH_CONFIDENCE_DRAFT,가슴,weight_reps,
gvs_7e0112e4bf49831a,Dumbbell,Dumbbell Decline Hammer Press,덤벨 디클라인 해머 프레스,NEW_HIGH_CONFIDENCE_DRAFT,가슴,weight_reps,
gvs_acb318e54a23f3e1,Dumbbell,Dumbbell Decline Lying Leg Curl,덤벨 디클라인 라잉 레그 컬,EXISTING_DRAFT,하체,weight_reps,
gvs_ba8f0099980479f9,Dumbbell,Dumbbell Decline Overhead Sit Up,덤벨 디클라인 오버헤드 싯업,EXISTING_DRAFT,코어,weight_reps,
gvs_aaa93bb0e8383af6,Dumbbell,Dumbbell Decline Pullover,덤벨 디클라인 풀오버,NEW_HIGH_CONFIDENCE_DRAFT,등,weight_reps,
gvs_fe9d5235bc230ee9,Dumbbell,Dumbbell Decline Shrug,덤벨 디클라인 슈러그,EXISTING_DRAFT,등,weight_reps,
gvs_edb2e08bfac01f9b,Dumbbell,Dumbbell Decline Single Arm Hammer Press,덤벨 디클라인 원암 해머 프레스,NEW_HIGH_CONFIDENCE_DRAFT,팔,weight_reps,
gvs_19b3daabec7bde13,Dumbbell,Dumbbell Decline Sit Up,덤벨 디클라인 싯업,EXISTING_DRAFT,코어,weight_reps,
gvs_44dbf1627257e19c,Dumbbell,Dumbbell Decline Twist Fly,덤벨 디클라인 트위스트 플라이,NEW_HIGH_CONFIDENCE_DRAFT,가슴,weight_reps,
gvs_6f080cd7fb90b4f7,Dumbbell,Dumbbell Deep Push Up And Renegade Row,,UNRESOLVED,가슴,weight_reps,BODY_MUSCLE_FAMILY_CONFLICT
gvs_96a28a5905d3cac5,Dumbbell,Dumbbell Drag Bicep Curl,,UNRESOLVED,팔,weight_reps,
gvs_40d6ec9695ad48f8,Dumbbell,Dumbbell Drag Curl,덤벨 드래그 컬,NEW_HIGH_CONFIDENCE_DRAFT,팔,weight_reps,
gvs_dd01d824a86d2afe,Dumbbell,Dumbbell Drive Front Raise,,UNRESOLVED,어깨,weight_reps,
gvs_1b4e76302e6c3876,Dumbbell,Dumbbell External Rotation,덤벨 외회전,NEW_HIGH_CONFIDENCE_DRAFT,등,weight_reps,
gvs_b4955d23feed18e3,Dumbbell,Dumbbell Face Down Lying Shoulder Press,덤벨 페이스 다운 라잉 숄더 프레스,NEW_HIGH_CONFIDENCE_DRAFT,어깨,weight_reps,
gvs_304fbc47c1e7b99f,Dumbbell,Dumbbell Finger Curls,,UNRESOLVED,팔,weight_reps,
gvs_d7f6f836a620a15c,Dumbbell,Dumbbell Floor Fly,덤벨 플로어 플라이,NEW_HIGH_CONFIDENCE_DRAFT,가슴,weight_reps,
gvs_124fc3096768070d,Dumbbell,Dumbbell Fly,덤벨 플라이,NEW_HIGH_CONFIDENCE_DRAFT,가슴,weight_reps,
gvs_6a1fb17f6203c2a7,Dumbbell,Dumbbell Fly On Exercise Ball,,UNRESOLVED,가슴,weight_reps,
gvs_bbab6f774bc1a84f,Dumbbell,Dumbbell Frog Hip Thrust,,UNRESOLVED,하체,weight_reps,
gvs_08ccaea47c5d4642,Dumbbell,Dumbbell Front Plank Arm Leg Raise,,UNRESOLVED,코어,weight_reps,
gvs_30a2bd6baefd504b,Dumbbell,Dumbbell Front Plank Arm Raise,,UNRESOLVED,코어,weight_reps,
gvs_ad30bb400a46408a,Dumbbell,Dumbbell Front Rack Lunge,,UNRESOLVED,하체,weight_reps,
gvs_225bbacd1dea6769,Dumbbell,Dumbbell Front Raise,덤벨 프론트 레이즈,EXISTING_DRAFT,어깨,weight_reps,
gvs_77427310605798b6,Dumbbell,Dumbbell Front Squat,덤벨 프론트 스쿼트,EXISTING_DRAFT,하체,weight_reps,
gvs_f2c75541f25abf25,Dumbbell,Dumbbell Full Swing,덤벨 풀 스윙,NEW_HIGH_CONFIDENCE_DRAFT,하체,weight_reps,
gvs_3f69074a732e3290,Dumbbell,Dumbbell Glute Bridge,덤벨 글루트 브리지,EXISTING_DRAFT,하체,weight_reps,
gvs_acc479a1eacec6f9,Dumbbell,Dumbbell Glute Bridge Chest Press,덤벨 글루트 브리지 체스트 프레스,EXISTING_DRAFT,가슴,weight_reps,BODY_MUSCLE_FAMILY_CONFLICT
gvs_ad71d2d90e2013fd,Dumbbell,Dumbbell Glute Bridge Single Arm Chest Press,덤벨 글루트 브리지 원암 체스트 프레스,EXISTING_DRAFT,가슴,weight_reps,BODY_MUSCLE_FAMILY_CONFLICT
gvs_fea6abe0775b4356,Dumbbell,Dumbbell Glute Bridge Skull Crusher,덤벨 글루트 브리지 스컬 크러셔,EXISTING_DRAFT,팔,weight_reps,BODY_MUSCLE_FAMILY_CONFLICT
gvs_08685e9dca1bcdc1,Dumbbell,Dumbbell Gobelt Curtsey Lunge,,UNRESOLVED,하체,weight_reps,
gvs_62c3c2144be9a092,Dumbbell,Dumbbell Goblet 2 Sec Hold Squat,,UNRESOLVED,하체,weight_reps,
gvs_139c1fc5bd19ab95,Dumbbell,Dumbbell Goblet Bulgarian Split Squat,,UNRESOLVED,하체,weight_reps,
gvs_d38912526bb1e6bc,Dumbbell,Dumbbell Goblet Lunge,덤벨 고블릿 런지,NEW_HIGH_CONFIDENCE_DRAFT,하체,weight_reps,
gvs_865e114c2a99832a,Dumbbell,Dumbbell Goblet Split Squat,덤벨 고블릿 스플릿 스쿼트,NEW_HIGH_CONFIDENCE_DRAFT,하체,weight_reps,
gvs_ef0c3608ac7ecd60,Dumbbell,Dumbbell Goblet Split Squat Front Foot Elevated,덤벨 고블릿 스플릿 스쿼트 프론트 풋 엘리베이티드,NEW_HIGH_CONFIDENCE_DRAFT,하체,weight_reps,
gvs_a0c8a177363b98a7,Dumbbell,Dumbbell Goblet Squat,덤벨 고블릿 스쿼트,EXISTING_DRAFT,하체,weight_reps,
gvs_a5fa74b0a2b4f06e,Dumbbell,Dumbbell Goblet Squat With Calf Raise,,UNRESOLVED,하체,weight_reps,
gvs_0d5f288152454c31,Dumbbell,Dumbbell Goblet Sumo Squat,덤벨 고블릿 스모 스쿼트,NEW_HIGH_CONFIDENCE_DRAFT,하체,weight_reps,
gvs_3ef3a9063bc09430,Dumbbell,Dumbbell Goblet Walking Lunge,덤벨 고블릿 워킹 런지,NEW_HIGH_CONFIDENCE_DRAFT,하체,weight_reps,
gvs_c0a03820eead30b2,Dumbbell,Dumbbell Good Morning,덤벨 굿모닝,EXISTING_DRAFT,하체,weight_reps,
gvs_d5a8977b0aba943b,Dumbbell,Dumbbell Hack Squat,덤벨 핵 스쿼트,EXISTING_DRAFT,하체,weight_reps,
gvs_401c7cb13f599e41,Dumbbell,Dumbbell Hammer Curl,덤벨 해머 컬,EXISTING_DRAFT,팔,weight_reps,
gvs_d99cd71098672922,Dumbbell,Dumbbell Hammer Grip Incline Bench Two Arm Row,,UNRESOLVED,등,weight_reps,
gvs_f3ddce35c531ac19,Dumbbell,Dumbbell Hammer Preacher Curl,덤벨 해머 프리처 컬,NEW_HIGH_CONFIDENCE_DRAFT,팔,weight_reps,
gvs_76fdaf0a62a356d8,Dumbbell,Dumbbell Hammer Srtict Curl,,UNRESOLVED,팔,weight_reps,
gvs_72c0dadda95a6661,Dumbbell,Dumbbell Hang Clean And Press,덤벨 행 클린 앤 프레스,NEW_HIGH_CONFIDENCE_DRAFT,,weight_reps,
gvs_0afeb2cd837659d1,Dumbbell,Dumbbell Hang Power Clean,덤벨 행 파워 클린,NEW_HIGH_CONFIDENCE_DRAFT,,weight_reps,
gvs_7d6aee251213a5ad,Dumbbell,Dumbbell Head Supported Row,,UNRESOLVED,등,weight_reps,
gvs_aa0e3c505c14a30a,Dumbbell,Dumbbell High Curl,덤벨 하이 컬,NEW_HIGH_CONFIDENCE_DRAFT,팔,weight_reps,
gvs_a46ff12cd5560140,Dumbbell,Dumbbell Hip Thrust,덤벨 힙 쓰러스트,EXISTING_DRAFT,하체,weight_reps,
gvs_f41f5ce8ad93a0c2,Dumbbell,Dumbbell Hollow Rock,,UNRESOLVED,코어,weight_reps,
gvs_aae563ccf93e67d4,Dumbbell,Dumbbell Hyperextension,덤벨 하이퍼익스텐션,EXISTING_DRAFT,하체,weight_reps,
gvs_f90fe2c0084b9526,Dumbbell,Dumbbell Incline Alternate Bicep Curl,,UNRESOLVED,팔,weight_reps,
gvs_4f4592f7f31c83d7,Dumbbell,Dumbbell Incline Alternate Fly,덤벨 인클라인 얼터네이트 플라이,NEW_HIGH_CONFIDENCE_DRAFT,가슴,weight_reps,
gvs_557052f46881edfe,Dumbbell,Dumbbell Incline Alternate Hammer Curl,덤벨 인클라인 얼터네이트 해머 컬,EXISTING_DRAFT,팔,weight_reps,
gvs_0b8debde38fe15cc,Dumbbell,Dumbbell Incline Alternate Press,덤벨 인클라인 얼터네이트 프레스,NEW_HIGH_CONFIDENCE_DRAFT,가슴,weight_reps,
gvs_fb2bb729955e9b05,Dumbbell,Dumbbell Incline Alternative Fly,,UNRESOLVED,가슴,weight_reps,
gvs_734d2438777f2f36,Dumbbell,Dumbbell Incline Bench Press,덤벨 인클라인 벤치프레스,EXISTING_DRAFT,가슴,weight_reps,
gvs_d426f4107e04e27e,Dumbbell,Dumbbell Incline Biceps Curl,덤벨 인클라인 바이셉 컬,EXISTING_DRAFT,팔,weight_reps,
gvs_3f78e3cf7b85b557,Dumbbell,Dumbbell Incline Breeding,,UNRESOLVED,가슴,weight_reps,
gvs_545dce11214dee09,Dumbbell,Dumbbell Incline Close Grip Press Variation,,UNRESOLVED,팔,weight_reps,
gvs_aad21e7d65f16895,Dumbbell,Dumbbell Incline Curl,덤벨 인클라인 컬,NEW_HIGH_CONFIDENCE_DRAFT,팔,weight_reps,
gvs_f278bdb93fd42d5d,Dumbbell,Dumbbell Incline Curl Ii,,UNRESOLVED,팔,weight_reps,
gvs_348da10805148472,Dumbbell,Dumbbell Incline Fly,덤벨 인클라인 플라이,NEW_HIGH_CONFIDENCE_DRAFT,가슴,weight_reps,
gvs_8e19840ad6f1f978,Dumbbell,Dumbbell Incline Fly On Exercise Ball,,UNRESOLVED,가슴,weight_reps,
gvs_91e09ebb44cf5c23,Dumbbell,Dumbbell Incline Front Raise,덤벨 인클라인 프론트 레이즈,EXISTING_DRAFT,어깨,weight_reps,
gvs_3432de7f33f370d7,Dumbbell,Dumbbell Incline Hammer Curl,덤벨 인클라인 해머 컬,EXISTING_DRAFT,팔,weight_reps,
gvs_3988134915bd71f1,Dumbbell,Dumbbell Incline Hammer Press,덤벨 인클라인 해머 프레스,NEW_HIGH_CONFIDENCE_DRAFT,가슴,weight_reps,
gvs_446010de73d2d848,Dumbbell,Dumbbell Incline Inner Biceps Curl,덤벨 인클라인 이너 바이셉 컬,NEW_HIGH_CONFIDENCE_DRAFT,팔,weight_reps,
gvs_1906484f7bfaf257,Dumbbell,Dumbbell Incline Low Fly,덤벨 인클라인 로우 플라이,NEW_HIGH_CONFIDENCE_DRAFT,가슴,weight_reps,
gvs_445926d1b312ce61,Dumbbell,Dumbbell Incline Palm In Press,,UNRESOLVED,가슴,weight_reps,
gvs_d6d60cce6749d058,Dumbbell,Dumbbell Incline Powell Raise,,UNRESOLVED,어깨,weight_reps,
gvs_6c6974c604aee23c,Dumbbell,Dumbbell Incline Pullover,덤벨 인클라인 풀오버,NEW_HIGH_CONFIDENCE_DRAFT,등,weight_reps,
gvs_efc1e84d1e697c89,Dumbbell,Dumbbell Incline Raise,덤벨 인클라인 레이즈,NEW_HIGH_CONFIDENCE_DRAFT,어깨,weight_reps,
gvs_289de131e07e8e39,Dumbbell,Dumbbell Incline Rear Fly,덤벨 인클라인 리어 플라이,NEW_HIGH_CONFIDENCE_DRAFT,어깨,weight_reps,
gvs_2f59a79e59b45640,Dumbbell,Dumbbell Incline Rear Lateral Raise,덤벨 인클라인 리어 레터럴 레이즈,EXISTING_DRAFT,어깨,weight_reps,
gvs_40f2f190dd2655ca,Dumbbell,Dumbbell Incline Reverse Raise With Chest Supported (Skier),,UNRESOLVED,어깨,weight_reps,
gvs_06a3e73aa9d96300,Dumbbell,Dumbbell Incline Row,덤벨 인클라인 로우,EXISTING_DRAFT,등,weight_reps,
gvs_3661b1d3ec90ab63,Dumbbell,Dumbbell Incline Shoulders Press,덤벨 인클라인 숄더 프레스,NEW_HIGH_CONFIDENCE_DRAFT,어깨,weight_reps,
gvs_0bd55f8bb6646f9b,Dumbbell,Dumbbell Incline Shrug,덤벨 인클라인 슈러그,EXISTING_DRAFT,등,weight_reps,
gvs_ea6186cf225b770f,Dumbbell,Dumbbell Incline Single Arm Hammer Press,덤벨 인클라인 원암 해머 프레스,NEW_HIGH_CONFIDENCE_DRAFT,팔,weight_reps,
gvs_bb98a41d03bba8b5,Dumbbell,Dumbbell Incline Single Arm Lateral Raise,덤벨 인클라인 원암 레터럴 레이즈,EXISTING_DRAFT,어깨,weight_reps,
gvs_34328886c4bc02dc,Dumbbell,Dumbbell Incline Single Arm Press,덤벨 인클라인 원암 프레스,NEW_HIGH_CONFIDENCE_DRAFT,가슴,weight_reps,
gvs_ec77d7731ea4f73b,Dumbbell,Dumbbell Incline Single Arm Y Raise,,UNRESOLVED,어깨,weight_reps,
gvs_34abe75fe67a97cf,Dumbbell,Dumbbell Incline Squeeze Press,,UNRESOLVED,팔,weight_reps,
gvs_abaaf72be2f66823,Dumbbell,Dumbbell Incline T Raise,,UNRESOLVED,어깨,weight_reps,
gvs_f7f886ed4e0e8b21,Dumbbell,Dumbbell Incline Triceps Extension,덤벨 인클라인 트라이셉 익스텐션,EXISTING_DRAFT,팔,weight_reps,
gvs_bda7f17cc8591776,Dumbbell,Dumbbell Incline Triceps Kickback,덤벨 인클라인 트라이셉 킥백,NEW_HIGH_CONFIDENCE_DRAFT,팔,weight_reps,
gvs_ae80ef18ca39acee,Dumbbell,Dumbbell Incline Twist Press,덤벨 인클라인 트위스트 프레스,NEW_HIGH_CONFIDENCE_DRAFT,가슴,weight_reps,
gvs_b1b55ed3810e31a3,Dumbbell,Dumbbell Incline Twisted Fly,,UNRESOLVED,가슴,weight_reps,
gvs_61a93102da9274f4,Dumbbell,Dumbbell Incline Two Arm Extension,,UNRESOLVED,팔,weight_reps,
gvs_37a5ffb8ff8fa1ee,Dumbbell,Dumbbell Incline Y Raise,,UNRESOLVED,어깨,weight_reps,
gvs_b5a7efb485cad476,Dumbbell,Dumbbell Ipsilateral Glute Bridge Single Arm Chest,,UNRESOLVED,가슴,weight_reps,BODY_MUSCLE_FAMILY_CONFLICT
gvs_f6d88c5856682eee,Dumbbell,Dumbbell Ipsilateral Single Leg Stiff Leg Deadlift,,UNRESOLVED,하체,weight_reps,
gvs_b454a2936f202083,Dumbbell,Dumbbell Iron Cross,,UNRESOLVED,어깨,weight_reps,
gvs_ae45d5c1353969d5,Dumbbell,Dumbbell Jefferson Curl,,UNRESOLVED,하체,weight_reps,
gvs_6cf22d658970f3cd,Dumbbell,Dumbbell Kickback,덤벨 킥백,EXISTING_DRAFT,팔,weight_reps,
gvs_0f5b1e0cbeb1967a,Dumbbell,Dumbbell Kickbacks On Exercise Ball,,UNRESOLVED,팔,weight_reps,
gvs_9d3e699c8c3d6cc6,Dumbbell,Dumbbell Kneeling Arnold Press,덤벨 닐링 아놀드 프레스,EXISTING_DRAFT,어깨,weight_reps,
gvs_855e0515559a6715,Dumbbell,Dumbbell Kneeling Hold To Stand,,UNRESOLVED,하체,weight_reps,
gvs_7d29cd347f0f0f8a,Dumbbell,Dumbbell Kneeling Hold To Stand Clean Grip,,UNRESOLVED,하체,weight_reps,
gvs_8019f91e90c6668c,Dumbbell,Dumbbell Kneeling Opposite Shoulder Press S,,UNRESOLVED,어깨,weight_reps,
gvs_bfddb7666015b534,Dumbbell,Dumbbell Kneeling Triceps Kickback,덤벨 닐링 트라이셉 킥백,NEW_HIGH_CONFIDENCE_DRAFT,팔,weight_reps,
gvs_3a2d6c127e1664fc,Dumbbell,Dumbbell Kneeling Twist Down Up Raise,,UNRESOLVED,코어,weight_reps,
gvs_e00387dc6ac26882,Dumbbell,Dumbbell Larsen Press,덤벨 라슨 프레스,NEW_HIGH_CONFIDENCE_DRAFT,가슴,weight_reps,
gvs_60c3ca5ab3380164,Dumbbell,Dumbbell Lateral Raise,덤벨 레터럴 레이즈,EXISTING_DRAFT,어깨,weight_reps,
gvs_944abce23b8982c4,Dumbbell,Dumbbell Lateral Raise Plank,덤벨 레터럴 레이즈 플랭크,EXISTING_DRAFT,코어,weight_reps,BODY_MUSCLE_FAMILY_CONFLICT
gvs_9806e47cf47980de,Dumbbell,Dumbbell Lateral Step Up,,UNRESOLVED,하체,weight_reps,
gvs_82075a0f12d22b67,Dumbbell,Dumbbell Lateral To Front Raise,,UNRESOLVED,어깨,weight_reps,
gvs_d9196399a7a7b471,Dumbbell,Dumbbell Lateral Walk,,UNRESOLVED,하체,weight_reps,
gvs_6cee15dfa3aba407,Dumbbell,Dumbbell Learning Front Raise,,UNRESOLVED,어깨,weight_reps,
gvs_a04018739e0ea883,Dumbbell,Dumbbell Low Fly,덤벨 로우 플라이,NEW_HIGH_CONFIDENCE_DRAFT,가슴,weight_reps,
gvs_06dd7b612f9e6bed,Dumbbell,Dumbbell Low Split Squat,덤벨 로우 스플릿 스쿼트,EXISTING_DRAFT,하체,weight_reps,
gvs_62352602a702cdcc,Dumbbell,Dumbbell Low Windmill,,UNRESOLVED,코어,weight_reps,
gvs_2aa4a5f1e3502809,Dumbbell,Dumbbell Lunge,덤벨 런지,EXISTING_DRAFT,하체,weight_reps,
gvs_84e8e3fa57eea474,Dumbbell,Dumbbell Lunge With Bicep Curl,,UNRESOLVED,팔,weight_reps,BODY_MUSCLE_FAMILY_CONFLICT
gvs_ea9bdf9083955dae,Dumbbell,Dumbbell Lying Alternate Extension,덤벨 라잉 얼터네이트 익스텐션,NEW_HIGH_CONFIDENCE_DRAFT,팔,weight_reps,
gvs_91e6b4356b327681,Dumbbell,Dumbbell Lying Extension (Across Face),,UNRESOLVED,팔,weight_reps,
gvs_bb1b8a234682c633,Dumbbell,Dumbbell Lying External Shoulder Rotation,,UNRESOLVED,어깨,weight_reps,
gvs_b1cae456f765ea48,Dumbbell,Dumbbell Lying Femoral,,UNRESOLVED,하체,weight_reps,
gvs_5de5a7e20d547aac,Dumbbell,Dumbbell Lying Floor Skullcrusher,,UNRESOLVED,팔,weight_reps,
gvs_f4d7bfde31f39498,Dumbbell,Dumbbell Lying Fly On Floor,,UNRESOLVED,가슴,weight_reps,
gvs_90ae74be53e283c0,Dumbbell,Dumbbell Lying Front Raise,덤벨 라잉 프론트 레이즈,EXISTING_DRAFT,어깨,weight_reps,
gvs_7ba4a0b80a4caed4,Dumbbell,Dumbbell Lying Hammer Press,덤벨 라잉 해머 프레스,NEW_HIGH_CONFIDENCE_DRAFT,가슴,weight_reps,
gvs_90229ae26fc77a4c,Dumbbell,Dumbbell Lying Hamstring Curl,,UNRESOLVED,하체,weight_reps,
gvs_1050ac7958e4e17d,Dumbbell,Dumbbell Lying Leg Curl,덤벨 라잉 레그 컬,EXISTING_DRAFT,하체,weight_reps,
gvs_5f2770a6983cb928,Dumbbell,Dumbbell Lying Neutral Grip Row On Rack,,UNRESOLVED,등,weight_reps,
gvs_b5ef5ec752e13a7f,Dumbbell,Dumbbell Lying Oblique V Up,,UNRESOLVED,코어,weight_reps,
gvs_ae187f4d30262919,Dumbbell,Dumbbell Lying On Floor Chest Press,,UNRESOLVED,가슴,weight_reps,
gvs_f096aaeba6c2476b,Dumbbell,Dumbbell Lying On Floor Hammer Press,,UNRESOLVED,가슴,weight_reps,
gvs_50d2ebb1347a22e5,Dumbbell,Dumbbell Lying On Floor Rear Delt Raise,,UNRESOLVED,어깨,weight_reps,
gvs_00caf353d78c2ae3,Dumbbell,Dumbbell Lying Pronation On Floor,,UNRESOLVED,팔,weight_reps,
gvs_528b11d0dba05c6e,Dumbbell,Dumbbell Lying Pullover On Exercise Ball,,UNRESOLVED,가슴,weight_reps,
gvs_3d14f046108261e0,Dumbbell,Dumbbell Lying Rear Delt Row,덤벨 라잉 리어 델트 로우,NEW_REVIEW_DRAFT,등,weight_reps,BODY_MUSCLE_FAMILY_CONFLICT
gvs_8b3cb9f949061341,Dumbbell,Dumbbell Lying Rear Lateral Raise,덤벨 라잉 리어 레터럴 레이즈,EXISTING_DRAFT,어깨,weight_reps,
gvs_f2ed2d8e8724814c,Dumbbell,Dumbbell Lying Single Arm Deltoid Rear,,UNRESOLVED,어깨,weight_reps,
gvs_7ba84bcf83703acf,Dumbbell,Dumbbell Lying Single Arm Press,덤벨 라잉 원암 프레스,NEW_HIGH_CONFIDENCE_DRAFT,가슴,weight_reps,
gvs_53de2de99980bea9,Dumbbell,Dumbbell Lying Single Arm Pronated Triceps Extension,,UNRESOLVED,팔,weight_reps,
gvs_09c5661ccae906fa,Dumbbell,Dumbbell Lying Single Arm Rear Lateral Raise,덤벨 라잉 원암 리어 레터럴 레이즈,EXISTING_DRAFT,어깨,weight_reps,
gvs_a6d140df5e48314f,Dumbbell,Dumbbell Lying Single Arm Supinated Triceps Extension,,UNRESOLVED,팔,weight_reps,
gvs_c286fe211e3b00c5,Dumbbell,Dumbbell Lying Single Extension,,UNRESOLVED,팔,weight_reps,
gvs_0c7903d7ff5daabf,Dumbbell,Dumbbell Lying Straight Arm Press On Floor,,UNRESOLVED,,weight_reps,
gvs_27581e9d13634d05,Dumbbell,Dumbbell Lying Supine Curl,,UNRESOLVED,팔,weight_reps,
gvs_0316cb17fd30bbcf,Dumbbell,Dumbbell Lying Triceps Extension,덤벨 라잉 트라이셉 익스텐션,EXISTING_DRAFT,팔,weight_reps,
gvs_3efab2eb5caa1a63,Dumbbell,Dumbbell Lying Triceps Extension On Floor,,UNRESOLVED,팔,weight_reps,
gvs_0ec577539da759b3,Dumbbell,Dumbbell Lying Triceps Extension On Floor,,UNRESOLVED,팔,weight_reps,
gvs_15dad1c6a056fbcc,Dumbbell,Dumbbell Lying Woodchop,,UNRESOLVED,코어,weight_reps,
gvs_4ebe1b6bc3090b63,Dumbbell,Dumbbell Military Press Russian Twist With Legs Floor Off,,UNRESOLVED,코어,weight_reps,BODY_MUSCLE_FAMILY_CONFLICT
gvs_4dfed7468010ceb4,Dumbbell,Dumbbell Narrow Squat,덤벨 내로우 스쿼트,NEW_HIGH_CONFIDENCE_DRAFT,하체,weight_reps,
gvs_ad76562d2ac749ed,Dumbbell,Dumbbell Opposite 2 Point Bench Press,,UNRESOLVED,가슴,weight_reps,
gvs_d029c556c3902cc4,Dumbbell,Dumbbell Over Bench Reverse Wrist Curl,,UNRESOLVED,팔,weight_reps,
gvs_6edfb692ff512720,Dumbbell,Dumbbell Over Bench Single Arm Neutral Wrist Curl,,UNRESOLVED,팔,weight_reps,
gvs_02d58b7759711b77,Dumbbell,Dumbbell Over Bench Wrist Curl,,UNRESOLVED,팔,weight_reps,
gvs_96c481c1dc12a9c1,Dumbbell,Dumbbell Over The Bench Supination,,UNRESOLVED,팔,weight_reps,
gvs_dc565a7348f293d3,Dumbbell,Dumbbell Overhead Crunch (On Stability Ball),,UNRESOLVED,코어,weight_reps,
gvs_4d2e1a130bb9a06b,Dumbbell,Dumbbell Overhead Lunge,덤벨 오버헤드 런지,EXISTING_DRAFT,하체,weight_reps,
gvs_3a46fdbe68cc8764,Dumbbell,Dumbbell Overhead Sit Up,덤벨 오버헤드 싯업,EXISTING_DRAFT,코어,weight_reps,
gvs_63ac1e13723f0f8b,Dumbbell,Dumbbell Overhead Sit Up With Legs On Bench,,UNRESOLVED,코어,weight_reps,
gvs_a685907940b0855d,Dumbbell,Dumbbell Overhead Squat,덤벨 오버헤드 스쿼트,EXISTING_DRAFT,하체,weight_reps,
gvs_3d154146c3d18320,Dumbbell,Dumbbell Palm Rotational Bent Over Row,,UNRESOLVED,등,weight_reps,
gvs_a26d82e151776e89,Dumbbell,Dumbbell Palms In Incline Bench Press,,UNRESOLVED,가슴,weight_reps,
gvs_7b7f813f41272cbf,Dumbbell,Dumbbell Pause Squat,덤벨 포즈 스쿼트,NEW_HIGH_CONFIDENCE_DRAFT,하체,weight_reps,
gvs_a072de6329fe45e3,Dumbbell,Dumbbell Peacher Hammer Curl,,UNRESOLVED,팔,weight_reps,
gvs_2cb257b11d7f8aad,Dumbbell,Dumbbell Plank Pass Through,,UNRESOLVED,코어,weight_reps,
gvs_64f192060f9e6e00,Dumbbell,Dumbbell Plank Pass Through Push Up,,UNRESOLVED,코어,weight_reps,
gvs_8da4150b9174fa03,Dumbbell,Dumbbell Plank Row,덤벨 플랭크 로우,EXISTING_DRAFT,코어,weight_reps,BODY_MUSCLE_FAMILY_CONFLICT
gvs_9ffaca3abb08edb0,Dumbbell,Dumbbell Plyo Squat,,UNRESOLVED,하체,weight_reps,
gvs_702aa7a11cce97ed,Dumbbell,Dumbbell Power Clean,덤벨 파워 클린,NEW_HIGH_CONFIDENCE_DRAFT,,weight_reps,
gvs_7be69c4a97cd14a8,Dumbbell,Dumbbell Preacher Curl,덤벨 프리처 컬,EXISTING_DRAFT,팔,weight_reps,
gvs_e7e11e69728137a5,Dumbbell,Dumbbell Preacher Curl (Turned Torso),,UNRESOLVED,팔,weight_reps,
gvs_426e38b90daedf45,Dumbbell,Dumbbell Preacher Curl Over Exercise Ball,,UNRESOLVED,팔,weight_reps,
gvs_3eca3bc3d46081db,Dumbbell,Dumbbell Preacher Swing Curl,덤벨 프리처 스윙 컬,NEW_HIGH_CONFIDENCE_DRAFT,팔,weight_reps,
gvs_abcf7113dd24131b,Dumbbell,Dumbbell Press Squat Thighs,,UNRESOLVED,가슴,weight_reps,BODY_MUSCLE_FAMILY_CONFLICT
gvs_d4e4599c50b8580e,Dumbbell,Dumbbell Pronate Grip Triceps Extension,,UNRESOLVED,팔,weight_reps,
gvs_d861b82aa1505878,Dumbbell,Dumbbell Pronated To Neutral Grip Row,,UNRESOLVED,등,weight_reps,
gvs_41aa225a226cdb58,Dumbbell,Dumbbell Prone Alternate Hammer Curl,,UNRESOLVED,팔,weight_reps,
gvs_fd73cca8ce196436,Dumbbell,Dumbbell Prone Full Can Exercise,,UNRESOLVED,어깨,weight_reps,
gvs_0019ebf301dea16b,Dumbbell,Dumbbell Prone Incline Curl,,UNRESOLVED,팔,weight_reps,
gvs_5b5e06dc4475f7c2,Dumbbell,Dumbbell Prone Incline Hammer Curl,,UNRESOLVED,팔,weight_reps,
gvs_2f2b0bd7b74b8867,Dumbbell,Dumbbell Prone Incline Twist Curl,,UNRESOLVED,팔,weight_reps,
gvs_6110daf3ba04378b,Dumbbell,Dumbbell Prone Rear Delt Swing,,UNRESOLVED,어깨,weight_reps,
gvs_5881db6d42569e19,Dumbbell,Dumbbell Prone Triceps Kickback,,UNRESOLVED,팔,weight_reps,
gvs_2258703d673120cd,Dumbbell,Dumbbell Prone W Raise,,UNRESOLVED,어깨,weight_reps,
gvs_99ba93d37972af43,Dumbbell,Dumbbell Pullover,덤벨 풀오버,NEW_REVIEW_DRAFT,,weight_reps,BODY_SOURCE_CONFLICT
gvs_6365132182a1265d,Dumbbell,Dumbbell Pullover Hip Extension On Exercise Ball C,,UNRESOLVED,,weight_reps,
gvs_37384f87fb15e557,Dumbbell,Dumbbell Pullover On Exercise Ball,,UNRESOLVED,가슴,weight_reps,
gvs_002b8e65cc28e8fd,Dumbbell,Dumbbell Pullover On Floor,,UNRESOLVED,등,weight_reps,
gvs_ddb928136c8a560b,Dumbbell,Dumbbell Push Jerk,덤벨 푸시 저크,NEW_HIGH_CONFIDENCE_DRAFT,,weight_reps,
gvs_bcd879a620e3ab8c,Dumbbell,Dumbbell Push Press,덤벨 푸시 프레스,EXISTING_DRAFT,어깨,weight_reps,
gvs_a6e2020363b7827b,Dumbbell,Dumbbell Rear Delt Fly,덤벨 리어 델트 플라이,NEW_HIGH_CONFIDENCE_DRAFT,어깨,weight_reps,
gvs_b7ffd5c1f11c9f89,Dumbbell,Dumbbell Rear Delt Raise,덤벨 리어 델트 레이즈,EXISTING_DRAFT,어깨,weight_reps,
gvs_d64231e33ea2860b,Dumbbell,Dumbbell Rear Delt Row,덤벨 리어 델트 로우,NEW_REVIEW_DRAFT,,weight_reps,BODY_SOURCE_CONFLICT
gvs_20205237abb1cd97,Dumbbell,Dumbbell Rear Fly,덤벨 리어 플라이,NEW_HIGH_CONFIDENCE_DRAFT,어깨,weight_reps,
gvs_f8c807f08b623bea,Dumbbell,Dumbbell Rear Lateral Raise,덤벨 리어 레터럴 레이즈,EXISTING_DRAFT,어깨,weight_reps,
gvs_becb6f0092894732,Dumbbell,Dumbbell Rear Lateral Raise (Support Head),,UNRESOLVED,어깨,weight_reps,
gvs_7a7c9c5de114fce1,Dumbbell,Dumbbell Renegade Row,덤벨 레니게이드 로우,NEW_HIGH_CONFIDENCE_DRAFT,등,weight_reps,
gvs_cbc28756939a7064,Dumbbell,Dumbbell Renegade Row On Stability Ball,,UNRESOLVED,코어,weight_reps,BODY_MUSCLE_FAMILY_CONFLICT
gvs_8a96b597146f5977,Dumbbell,Dumbbell Renegade Row Walk,,UNRESOLVED,코어,weight_reps,BODY_MUSCLE_FAMILY_CONFLICT
gvs_d2ba0c3dbba813e5,Dumbbell,Dumbbell Reverse Bench Press,덤벨 리버스 벤치프레스,EXISTING_DRAFT,가슴,weight_reps,
gvs_7a720106b8132bf0,Dumbbell,Dumbbell Reverse Fly,덤벨 리버스 플라이,EXISTING_DRAFT,어깨,weight_reps,
gvs_2cfa0141458c5f61,Dumbbell,Dumbbell Reverse Grip Biceps Curl,덤벨 리버스 그립 바이셉 컬,EXISTING_DRAFT,팔,weight_reps,
gvs_cbdac79b4406039b,Dumbbell,Dumbbell Reverse Grip Incline Row,덤벨 리버스 그립 인클라인 로우,EXISTING_DRAFT,등,weight_reps,
gvs_445c23a1306037b9,Dumbbell,Dumbbell Reverse Grip Row,덤벨 리버스 그립 로우,EXISTING_DRAFT,등,weight_reps,
gvs_c378bdb565bf2b21,Dumbbell,Dumbbell Reverse Hyperextension On Bench,,UNRESOLVED,하체,weight_reps,
gvs_5b7d8d8c0d823962,Dumbbell,Dumbbell Reverse Lunge,덤벨 리버스 런지,EXISTING_DRAFT,하체,weight_reps,
gvs_4a5a7103649c0cb3,Dumbbell,Dumbbell Reverse Lunge From Deficit,덤벨 리버스 런지 데피싯,NEW_REVIEW_DRAFT,하체,weight_reps,
gvs_29170c406c1b742a,Dumbbell,Dumbbell Reverse Lunge From Step,,UNRESOLVED,하체,weight_reps,
gvs_cfdeb1c4bb7362ba,Dumbbell,Dumbbell Reverse Preacher Curl,덤벨 리버스 프리처 컬,EXISTING_DRAFT,팔,weight_reps,
gvs_73129ab495564e5e,Dumbbell,Dumbbell Reverse Press On Floor,,UNRESOLVED,가슴,weight_reps,
gvs_c02d501d736a5229,Dumbbell,Dumbbell Reverse Push Up,덤벨 리버스 푸시업,EXISTING_DRAFT,팔,weight_reps,
gvs_0d8522b5d79805ad,Dumbbell,Dumbbell Reverse Spider Curl,덤벨 리버스 스파이더 컬,NEW_HIGH_CONFIDENCE_DRAFT,팔,weight_reps,
gvs_c6e750ed0c0eecd1,Dumbbell,Dumbbell Reverse Wrist Curl,덤벨 리버스 리스트 컬,EXISTING_DRAFT,팔,weight_reps,
gvs_9a9a349ee2193330,Dumbbell,Dumbbell Rollout,,UNRESOLVED,코어,weight_reps,
gvs_cc132d60add0bf2a,Dumbbell,Dumbbell Romanian Deadlift,덤벨 루마니안 데드리프트,EXISTING_DRAFT,하체,weight_reps,
gvs_a66269dc79ed220a,Dumbbell,Dumbbell Romanian Deadlift To Bent Over Row,,UNRESOLVED,하체,weight_reps,
gvs_15482941a9211b09,Dumbbell,Dumbbell Romanian Deadlift To Squat,,UNRESOLVED,하체,weight_reps,
gvs_81df8d1cb8bc5086,Dumbbell,Dumbbell Russian Twist,덤벨 러시안 트위스트,EXISTING_DRAFT,코어,weight_reps,
gvs_cbd9b0e44645ef4a,Dumbbell,Dumbbell Russian Twist Boat Row,,UNRESOLVED,코어,weight_reps,BODY_MUSCLE_FAMILY_CONFLICT
gvs_7bf3e18d16802091,Dumbbell,Dumbbell Russian Twist To Single Arm Press,,UNRESOLVED,코어,weight_reps,
gvs_ce81a2dc776ad416,Dumbbell,Dumbbell Russian Twist With Legs Floor Off,,UNRESOLVED,코어,weight_reps,
gvs_8f3e5c187857f5a2,Dumbbell,Dumbbell Russian Twist With Legs Floor Off (Versio,,UNRESOLVED,코어,weight_reps,
gvs_152feeded3d99304,Dumbbell,Dumbbell Scott Press,,UNRESOLVED,어깨,weight_reps,
gvs_1a863db536a515f9,Dumbbell,Dumbbell Scott Press Shoulders 360 Degrees,,UNRESOLVED,,weight_reps,
gvs_ab6640defd51e494,Dumbbell,Dumbbell Seated Alternate Biceps Curl,덤벨 시티드 얼터네이트 바이셉 컬,EXISTING_DRAFT,팔,weight_reps,
gvs_e150e0908766ab0a,Dumbbell,Dumbbell Seated Alternate Front Raise,덤벨 시티드 얼터네이트 프론트 레이즈,EXISTING_DRAFT,어깨,weight_reps,
gvs_58b9b014fe43fa1e,Dumbbell,Dumbbell Seated Alternate Overhead Triceps Extensi,,UNRESOLVED,팔,weight_reps,
gvs_c4cf634f6cde7d2f,Dumbbell,Dumbbell Seated Alternate Press,덤벨 시티드 얼터네이트 프레스,NEW_HIGH_CONFIDENCE_DRAFT,어깨,weight_reps,
gvs_ddffcd0fc993127f,Dumbbell,Dumbbell Seated Alternate Shoulder Press,덤벨 시티드 얼터네이트 숄더 프레스,EXISTING_DRAFT,어깨,weight_reps,
gvs_bd48a5b59ac6a715,Dumbbell,Dumbbell Seated Bench Extension,덤벨 시티드 벤치 익스텐션,NEW_HIGH_CONFIDENCE_DRAFT,팔,weight_reps,
gvs_df484bd635de906c,Dumbbell,Dumbbell Seated Bent Arm Lateral Raise,,UNRESOLVED,어깨,weight_reps,
gvs_b8222761c33cd9f5,Dumbbell,Dumbbell Seated Calf Raise,덤벨 시티드 카프 레이즈,EXISTING_DRAFT,하체,weight_reps,
gvs_04862b66d015bac8,Dumbbell,Dumbbell Seated Close Grip Press,덤벨 시티드 클로즈 그립 프레스,NEW_HIGH_CONFIDENCE_DRAFT,어깨,weight_reps,
gvs_05e95447e13f7e67,Dumbbell,Dumbbell Seated Curl,덤벨 시티드 컬,NEW_HIGH_CONFIDENCE_DRAFT,팔,weight_reps,
gvs_1efd7dc4e298cd96,Dumbbell,Dumbbell Seated Double Concentration Curl,,UNRESOLVED,팔,weight_reps,
gvs_ed763b665d75607c,Dumbbell,Dumbbell Seated Drag Curl,덤벨 시티드 드래그 컬,NEW_HIGH_CONFIDENCE_DRAFT,팔,weight_reps,
gvs_1fcbed1b718f3743,Dumbbell,Dumbbell Seated External Rotation,덤벨 시티드 외회전,NEW_HIGH_CONFIDENCE_DRAFT,어깨,weight_reps,
gvs_e739e4e52ed575d1,Dumbbell,Dumbbell Seated Front Raise,덤벨 시티드 프론트 레이즈,EXISTING_DRAFT,어깨,weight_reps,
gvs_448ca83f03cf75d7,Dumbbell,Dumbbell Seated Good Morning,덤벨 시티드 굿모닝,EXISTING_DRAFT,하체,weight_reps,
gvs_bd7dad91769b4e3d,Dumbbell,Dumbbell Seated Hammer Curl,덤벨 시티드 해머 컬,EXISTING_DRAFT,팔,weight_reps,
gvs_17905ac1918e2cad,Dumbbell,Dumbbell Seated Kickback,덤벨 시티드 킥백,EXISTING_DRAFT,팔,weight_reps,
gvs_2ae70ce498599106,Dumbbell,Dumbbell Seated Lateral Raise,덤벨 시티드 레터럴 레이즈,EXISTING_DRAFT,어깨,weight_reps,
gvs_00646d23c01ef2f3,Dumbbell,Dumbbell Seated Leg Extension,덤벨 시티드 레그 익스텐션,EXISTING_DRAFT,하체,weight_reps,
gvs_6ae4ffa3bd828603,Dumbbell,Dumbbell Seated Military Press In Out Leg Raise On Floor,,UNRESOLVED,코어,weight_reps,BODY_MUSCLE_FAMILY_CONFLICT
gvs_bf528dfe14040244,Dumbbell,Dumbbell Seated Neutral Wrist Curl,,UNRESOLVED,팔,weight_reps,
gvs_1aaf8f9b291a657b,Dumbbell,Dumbbell Seated Palms Up Wrist Curl,,UNRESOLVED,팔,weight_reps,
gvs_7e3e8b962131bdcc,Dumbbell,Dumbbell Seated Preacher Curl,덤벨 시티드 프리처 컬,EXISTING_DRAFT,팔,weight_reps,
gvs_5912f79122de91a9,Dumbbell,Dumbbell Seated Reverse Arnold Press,덤벨 시티드 리버스 아놀드 프레스,EXISTING_DRAFT,어깨,weight_reps,
gvs_c16119216d6d4819,Dumbbell,Dumbbell Seated Reverse Grip Concentration Curl,덤벨 시티드 리버스 그립 컨센트레이션 컬,EXISTING_DRAFT,팔,weight_reps,
gvs_01b9bddb4a24ee3b,Dumbbell,Dumbbell Seated Shoulder Press,덤벨 시티드 숄더 프레스,EXISTING_DRAFT,어깨,weight_reps,
gvs_7238d520bffd277a,Dumbbell,Dumbbell Seated Shoulder Press (Parallel Grip),,UNRESOLVED,어깨,weight_reps,
gvs_5c7a7db16cd70241,Dumbbell,Dumbbell Seated Side Bend,,UNRESOLVED,코어,weight_reps,
gvs_1887b74733605547,Dumbbell,Dumbbell Seated Single Arm Front Raise,덤벨 시티드 원암 프론트 레이즈,EXISTING_DRAFT,어깨,weight_reps,
gvs_1be87219e6d53c79,Dumbbell,Dumbbell Seated Single Arm Overhead Triceps Extens,,UNRESOLVED,팔,weight_reps,
gvs_36b37ea86f901d86,Dumbbell,Dumbbell Seated Single Leg Calf Raise Hammer Grip C,,UNRESOLVED,하체,weight_reps,
gvs_c56e7eecc4b42fe8,Dumbbell,Dumbbell Seated Triceps Extension,덤벨 시티드 트라이셉 익스텐션,EXISTING_DRAFT,팔,weight_reps,
gvs_ce825ae2d13e4854,Dumbbell,Dumbbell Seated Triceps Extension,덤벨 시티드 트라이셉 익스텐션,EXISTING_DRAFT,팔,weight_reps,
gvs_41b9e157bf00b717,Dumbbell,Dumbbell Seated W Press,,UNRESOLVED,어깨,weight_reps,
gvs_3e03adfc984e1776,Dumbbell,Dumbbell Shoulder External Rotation In Support,,UNRESOLVED,어깨,weight_reps,
gvs_3e817e9565a6c8d5,Dumbbell,Dumbbell Shoulder Internal Rotation At 90 Abductio,,UNRESOLVED,어깨,weight_reps,
gvs_d8f55fcf30cb1e8f,Dumbbell,Dumbbell Shrug,덤벨 슈러그,EXISTING_DRAFT,등,weight_reps,
gvs_794184fabb824258,Dumbbell,Dumbbell Side Bend,,UNRESOLVED,코어,weight_reps,
gvs_c8742cc56a910131,Dumbbell,Dumbbell Side Bridge,덤벨 사이드 브리지,NEW_HIGH_CONFIDENCE_DRAFT,하체,weight_reps,
gvs_22d37df0e2e8917a,Dumbbell,Dumbbell Side Bridge With Bent Leg,,UNRESOLVED,하체,weight_reps,
gvs_6b959eef06f6461f,Dumbbell,Dumbbell Side Lunge,덤벨 사이드 런지,EXISTING_DRAFT,하체,weight_reps,
gvs_012f55f78c14f347,Dumbbell,Dumbbell Side Lying External Rotation (On A Bench),,UNRESOLVED,,weight_reps,
gvs_86078024ab30d302,Dumbbell,Dumbbell Side Lying Internal Rotation (On A Bench),,UNRESOLVED,,weight_reps,
gvs_abe8bbddab722f35,Dumbbell,Dumbbell Side Lying Lateral Raise,덤벨 사이드 라잉 레터럴 레이즈,EXISTING_DRAFT,어깨,weight_reps,
gvs_6774f18653652810,Dumbbell,Dumbbell Side Lying One Hand Raise,,UNRESOLVED,어깨,weight_reps,
gvs_ef684781a883596d,Dumbbell,Dumbbell Side Lying Raises On Floor,,UNRESOLVED,어깨,weight_reps,
gvs_e02b5a52dbee691c,Dumbbell,Dumbbell Side Plank Raise,,UNRESOLVED,코어,weight_reps,
gvs_642c1a6938e3d7d1,Dumbbell,Dumbbell Side Plank Row,덤벨 사이드 플랭크 로우,EXISTING_DRAFT,코어,weight_reps,BODY_MUSCLE_FAMILY_CONFLICT
gvs_a8c51a1b68b37b43,Dumbbell,Dumbbell Side Plank With Rear Fly,,UNRESOLVED,코어,weight_reps,
gvs_b8c39951f46999f1,Dumbbell,Dumbbell Side Squat,덤벨 사이드 스쿼트,EXISTING_DRAFT,하체,weight_reps,
gvs_2d6a1ed976d088b5,Dumbbell,Dumbbell Single Arm Alternate Decline Bench Press,덤벨 원암 얼터네이트 디클라인 벤치프레스,EXISTING_DRAFT,가슴,weight_reps,
gvs_60ee52affdc9b03f,Dumbbell,Dumbbell Single Arm Alternate Fly,덤벨 원암 얼터네이트 플라이,NEW_HIGH_CONFIDENCE_DRAFT,가슴,weight_reps,
gvs_c8cfd702c2b0a124,Dumbbell,Dumbbell Single Arm Bent Over Row,덤벨 원암 벤트오버 로우,EXISTING_DRAFT,,weight_reps,BODY_SOURCE_CONFLICT
gvs_aec862bc50056f22,Dumbbell,Dumbbell Single Arm Clean And Press,덤벨 원암 클린 앤 프레스,NEW_HIGH_CONFIDENCE_DRAFT,,weight_reps,
gvs_a69e1177384825a7,Dumbbell,Dumbbell Single Arm Deadlift,덤벨 원암 데드리프트,EXISTING_DRAFT,하체,weight_reps,
gvs_9833b52b06f57b2b,Dumbbell,Dumbbell Single Arm Floor Fly,덤벨 원암 플로어 플라이,NEW_HIGH_CONFIDENCE_DRAFT,가슴,weight_reps,
gvs_5df2647ad34a0664,Dumbbell,Dumbbell Single Arm Floor Press,덤벨 원암 플로어 프레스,NEW_HIGH_CONFIDENCE_DRAFT,가슴,weight_reps,
gvs_b490a20c5defc1e6,Dumbbell,Dumbbell Single Arm Front Raise,덤벨 원암 프론트 레이즈,EXISTING_DRAFT,어깨,weight_reps,
gvs_cbd5664cbb8e9b72,Dumbbell,Dumbbell Single Arm Hammer Preacher Curl,덤벨 원암 해머 프리처 컬,NEW_HIGH_CONFIDENCE_DRAFT,팔,weight_reps,
gvs_cd9de7ea45b81844,Dumbbell,Dumbbell Single Arm Kickback,덤벨 원암 킥백,EXISTING_DRAFT,팔,weight_reps,
gvs_1b610790bc58f8aa,Dumbbell,Dumbbell Single Arm Lateral Raise,덤벨 원암 레터럴 레이즈,EXISTING_DRAFT,어깨,weight_reps,
gvs_8adad107d26fe0cf,Dumbbell,Dumbbell Single Arm Leaning Lateral Raise,,UNRESOLVED,어깨,weight_reps,
gvs_f40960011f20b1f1,Dumbbell,Dumbbell Single Arm Low Fly,덤벨 원암 로우 플라이,NEW_HIGH_CONFIDENCE_DRAFT,가슴,weight_reps,
gvs_0aa44dc435a18b8a,Dumbbell,Dumbbell Single Arm Neutral Grip Front Raise,덤벨 원암 뉴트럴 그립 프론트 레이즈,EXISTING_DRAFT,어깨,weight_reps,
gvs_6475c8cd45d4d299,Dumbbell,Dumbbell Single Arm Overhead Carry,,UNRESOLVED,,weight_reps,
gvs_06fd3eabf16a9ab3,Dumbbell,Dumbbell Single Arm Overhead Lunge,덤벨 원암 오버헤드 런지,EXISTING_DRAFT,하체,weight_reps,
gvs_34a657a2423e7534,Dumbbell,Dumbbell Single Arm Preacher Curl,덤벨 원암 프리처 컬,EXISTING_DRAFT,팔,weight_reps,
gvs_e882589244fe0da4,Dumbbell,Dumbbell Single Arm Reverse Fly (Rack Support),,UNRESOLVED,등,weight_reps,BODY_MUSCLE_FAMILY_CONFLICT
gvs_69971f8b3a5a6183,Dumbbell,Dumbbell Single Arm Reverse Preacher Curl,덤벨 원암 리버스 프리처 컬,EXISTING_DRAFT,팔,weight_reps,
gvs_f1eb040ef7a685d2,Dumbbell,Dumbbell Single Arm Reverse Wrist Curl,덤벨 원암 리버스 리스트 컬,EXISTING_DRAFT,팔,weight_reps,
gvs_1257273a2d9cf628,Dumbbell,Dumbbell Single Arm Row (Rack Support),,UNRESOLVED,등,weight_reps,
gvs_5a26b5e051d04d3e,Dumbbell,Dumbbell Single Arm Seated Neutral Wrist Curl,,UNRESOLVED,팔,weight_reps,
gvs_38e908777b03da57,Dumbbell,Dumbbell Single Arm Shoulder Press,덤벨 원암 숄더 프레스,EXISTING_DRAFT,어깨,weight_reps,
gvs_9788fb789726476a,Dumbbell,Dumbbell Single Arm Shrug,덤벨 원암 슈러그,EXISTING_DRAFT,등,weight_reps,
gvs_e891a3014c26ce65,Dumbbell,Dumbbell Single Arm Snatch,덤벨 원암 스내치,NEW_HIGH_CONFIDENCE_DRAFT,,weight_reps,
gvs_e4789da174679629,Dumbbell,Dumbbell Single Arm Starfish Crunch (Beginner),,UNRESOLVED,코어,weight_reps,
gvs_7c244e5534d4db41,Dumbbell,Dumbbell Single Arm Swing,덤벨 원암 스윙,NEW_HIGH_CONFIDENCE_DRAFT,,weight_reps,
gvs_65da64d19e306e4d,Dumbbell,Dumbbell Single Arm Triceps Extension,덤벨 원암 트라이셉 익스텐션,EXISTING_DRAFT,팔,weight_reps,
gvs_053c2c0623e35c70,Dumbbell,Dumbbell Single Arm Triceps Extension (On Bench),,UNRESOLVED,팔,weight_reps,
gvs_418c8e95de826d89,Dumbbell,Dumbbell Single Arm Underhand Front Raise,,UNRESOLVED,어깨,weight_reps,
gvs_73257b3ccb2a693e,Dumbbell,Dumbbell Single Arm Upright Row,덤벨 원암 업라이트 로우,EXISTING_DRAFT,어깨,weight_reps,BODY_MUSCLE_FAMILY_CONFLICT
gvs_2f9b643691bc60a0,Dumbbell,Dumbbell Single Arm Wide Grip Bench Press,덤벨 원암 와이드 그립 벤치프레스,EXISTING_DRAFT,가슴,weight_reps,
gvs_d88aa8dd4823d7dd,Dumbbell,Dumbbell Single Arm Wrist Curl,덤벨 원암 리스트 컬,EXISTING_DRAFT,팔,weight_reps,
gvs_ee4059bcbfb0038e,Dumbbell,Dumbbell Single Arm Zottman Preacher Curl,,UNRESOLVED,팔,weight_reps,
gvs_e9f69e15d53b8241,Dumbbell,Dumbbell Single Arms Pullover,,UNRESOLVED,등,weight_reps,
gvs_e17e93a910d7158d,Dumbbell,Dumbbell Single Leg Calf Raise,덤벨 싱글 레그 카프 레이즈,EXISTING_DRAFT,하체,weight_reps,
gvs_e68fb638fc39273e,Dumbbell,Dumbbell Single Leg Calf Raise Calves V2,,UNRESOLVED,하체,weight_reps,
gvs_ebd3e28fe4b7d87f,Dumbbell,Dumbbell Single Leg Deadlift,덤벨 싱글 레그 데드리프트,EXISTING_DRAFT,하체,weight_reps,
gvs_f8e7ac1bf107de23,Dumbbell,Dumbbell Single Leg Glute Bridge,덤벨 싱글 레그 글루트 브리지,EXISTING_DRAFT,하체,weight_reps,
gvs_5571fd5200668fd8,Dumbbell,Dumbbell Single Leg Hip Thrust,덤벨 싱글 레그 힙 쓰러스트,EXISTING_DRAFT,하체,weight_reps,
gvs_c5bf400f84366e67,Dumbbell,Dumbbell Single Leg Split Squat,덤벨 싱글 레그 스플릿 스쿼트,EXISTING_DRAFT,하체,weight_reps,
gvs_c5e67ab0bc01809a,Dumbbell,Dumbbell Single Leg Split Squat With Low Box,,UNRESOLVED,하체,weight_reps,
gvs_9221d7278f2df17f,Dumbbell,Dumbbell Single Leg Split Squat With The Ring,,UNRESOLVED,하체,weight_reps,
gvs_89b0bf1738625137,Dumbbell,Dumbbell Single Leg Squat,덤벨 싱글 레그 스쿼트,EXISTING_DRAFT,하체,weight_reps,
gvs_4c4b71b3906ba873,Dumbbell,Dumbbell Single Leg Squat With Support (Pistol),,UNRESOLVED,하체,weight_reps,
gvs_0049e00ebaaf7c30,Dumbbell,Dumbbell Single Leg Standing Shoulder Press,덤벨 싱글 레그 스탠딩 숄더 프레스,EXISTING_DRAFT,어깨,weight_reps,
gvs_9ded435c6a4b191e,Dumbbell,Dumbbell Single Leg Step Up,덤벨 싱글 레그 스텝업,EXISTING_DRAFT,하체,weight_reps,
gvs_4a286a428c4ef2e0,Dumbbell,Dumbbell Single Power Clean,,UNRESOLVED,,weight_reps,
gvs_13ca07310fd5bc99,Dumbbell,Dumbbell Single Power Clean And Jerk,,UNRESOLVED,,weight_reps,
gvs_57254adbaa6193b3,Dumbbell,Dumbbell Single Stiff Leg Deadlift,,UNRESOLVED,하체,weight_reps,
gvs_c12983f1c5c83029,Dumbbell,Dumbbell Sit Up To Press,,UNRESOLVED,코어,weight_reps,
gvs_f460ff37fb1e9f57,Dumbbell,Dumbbell Spin,,UNRESOLVED,코어,weight_reps,
gvs_39f4a99dca0aa53d,Dumbbell,Dumbbell Split Squat,덤벨 스플릿 스쿼트,EXISTING_DRAFT,하체,weight_reps,
gvs_d124c856b5ef6908,Dumbbell,Dumbbell Split Squat Front Foot Elevated,덤벨 스플릿 스쿼트 프론트 풋 엘리베이티드,NEW_HIGH_CONFIDENCE_DRAFT,하체,weight_reps,
gvs_cb1107b3be5c12c3,Dumbbell,Dumbbell Split Stance Bent Over Row,덤벨 스플릿 스탠스 벤트오버 로우,NEW_HIGH_CONFIDENCE_DRAFT,등,weight_reps,
gvs_9d9486700db04542,Dumbbell,Dumbbell Split Stance Biceps Curl,덤벨 스플릿 스탠스 바이셉 컬,NEW_HIGH_CONFIDENCE_DRAFT,팔,weight_reps,
gvs_ea819f18199afd56,Dumbbell,Dumbbell Split Stance Sigle Arm Overhead Press,,UNRESOLVED,어깨,weight_reps,
gvs_29d35157f2386ec7,Dumbbell,Dumbbell Squat,덤벨 스쿼트,EXISTING_DRAFT,하체,weight_reps,
gvs_181036df2278ff07,Dumbbell,Dumbbell Squat Lunges Jump Complex,,UNRESOLVED,하체,weight_reps,
gvs_3ac8e71e02eb3590,Dumbbell,Dumbbell Squat To Overhead Press,,UNRESOLVED,하체,weight_reps,
gvs_55a1c5cf377805cf,Dumbbell,Dumbbell Squeeze Bench Press,,UNRESOLVED,가슴,weight_reps,
gvs_d6288ee10a170d85,Dumbbell,Dumbbell Squeeze Press On Floor,,UNRESOLVED,가슴,weight_reps,
gvs_0628d7866d0ac728,Dumbbell,Dumbbell Srtict Curl,,UNRESOLVED,팔,weight_reps,
gvs_1c450a2645e4afc0,Dumbbell,Dumbbell Staggered Stance Romanian Deadlift,덤벨 스태거드 스탠스 루마니안 데드리프트,NEW_HIGH_CONFIDENCE_DRAFT,하체,weight_reps,
gvs_c1acfb57697069ff,Dumbbell,Dumbbell Standing Alternate Overhead Press,덤벨 스탠딩 얼터네이트 오버헤드 프레스,EXISTING_DRAFT,어깨,weight_reps,
gvs_7bf60fdfe83d29b7,Dumbbell,Dumbbell Standing Alternate Raise,덤벨 스탠딩 얼터네이트 레이즈,NEW_HIGH_CONFIDENCE_DRAFT,어깨,weight_reps,
gvs_a151c1194b37ba11,Dumbbell,Dumbbell Standing Alternate Reverse Curl,덤벨 스탠딩 얼터네이트 리버스 컬,EXISTING_DRAFT,팔,weight_reps,
gvs_658d9580c74122be,Dumbbell,Dumbbell Standing Alternate Vertical Front Raises,,UNRESOLVED,,weight_reps,
gvs_ee74d4a112a5a71d,Dumbbell,Dumbbell Standing Arms Rotate,,UNRESOLVED,팔,weight_reps,
gvs_00b5e89a7c7744ec,Dumbbell,Dumbbell Standing Arnold Press,덤벨 스탠딩 아놀드 프레스,EXISTING_DRAFT,어깨,weight_reps,
gvs_c127f63f7bb9da37,Dumbbell,Dumbbell Standing Around World,,UNRESOLVED,어깨,weight_reps,
gvs_215523d1523c7dd5,Dumbbell,Dumbbell Standing Back Wrist Curl,덤벨 스탠딩 백 리스트 컬,NEW_HIGH_CONFIDENCE_DRAFT,팔,weight_reps,
gvs_9ad3e5f385a285eb,Dumbbell,Dumbbell Standing Behind Back Shoulders Press,덤벨 스탠딩 비하인드 백 숄더 프레스,NEW_HIGH_CONFIDENCE_DRAFT,어깨,weight_reps,
gvs_54c026b6fb54ef4c,Dumbbell,Dumbbell Standing Bent Arm Lateral Raise,,UNRESOLVED,어깨,weight_reps,
gvs_17e1d2d175279f29,Dumbbell,Dumbbell Standing Biceps Curl,덤벨 스탠딩 바이셉 컬,EXISTING_DRAFT,팔,weight_reps,
gvs_cb6f662011799dd6,Dumbbell,Dumbbell Standing Calf Raise,덤벨 스탠딩 카프 레이즈,EXISTING_DRAFT,하체,weight_reps,
gvs_b1e4ab70c81c3b86,Dumbbell,Dumbbell Standing Close Grip Shoulder Press,덤벨 스탠딩 클로즈 그립 숄더 프레스,EXISTING_DRAFT,어깨,weight_reps,
gvs_e417bbb725625d1f,Dumbbell,Dumbbell Standing Concentration Curl,덤벨 스탠딩 컨센트레이션 컬,EXISTING_DRAFT,팔,weight_reps,
gvs_41abd9206abfedbe,Dumbbell,Dumbbell Standing Drag Curl,덤벨 스탠딩 드래그 컬,NEW_HIGH_CONFIDENCE_DRAFT,팔,weight_reps,
gvs_98f75272203bfb10,Dumbbell,Dumbbell Standing Driver,,UNRESOLVED,어깨,weight_reps,
gvs_b6e436ff02760a97,Dumbbell,Dumbbell Standing French Press,,UNRESOLVED,팔,weight_reps,
gvs_2e61543caceb1ede,Dumbbell,Dumbbell Standing Front And Lateral Raise,,UNRESOLVED,어깨,weight_reps,
gvs_aa6fc8453aea0db1,Dumbbell,Dumbbell Standing Front Raise Above Head,,UNRESOLVED,어깨,weight_reps,
gvs_0716485b98b01dcb,Dumbbell,Dumbbell Standing Front To Lateral Raise,,UNRESOLVED,어깨,weight_reps,
gvs_f9152a72a5a47550,Dumbbell,Dumbbell Standing Hammer Curl,덤벨 스탠딩 해머 컬,EXISTING_DRAFT,팔,weight_reps,
gvs_15a580fedd719c1c,Dumbbell,Dumbbell Standing Hammer Curl To Press,,UNRESOLVED,어깨,weight_reps,BODY_MUSCLE_FAMILY_CONFLICT
gvs_780d8f9b9a4bab5b,Dumbbell,Dumbbell Standing Hands Torsion,,UNRESOLVED,팔,weight_reps,
gvs_f7fdb39f88a44247,Dumbbell,Dumbbell Standing Hip Hugger,,UNRESOLVED,팔,weight_reps,
gvs_338c06dfecfe2987,Dumbbell,Dumbbell Standing Inner Biceps Curl,덤벨 스탠딩 이너 바이셉 컬,NEW_HIGH_CONFIDENCE_DRAFT,팔,weight_reps,
gvs_278dcbd3ed650ffb,Dumbbell,Dumbbell Standing Kickback,덤벨 스탠딩 킥백,EXISTING_DRAFT,팔,weight_reps,
gvs_cde2732157d53bad,Dumbbell,Dumbbell Standing Lateral Raise,덤벨 스탠딩 레터럴 레이즈,EXISTING_DRAFT,어깨,weight_reps,
gvs_ad90d6ad86eae875,Dumbbell,Dumbbell Standing Overhead Press,덤벨 스탠딩 오버헤드 프레스,EXISTING_DRAFT,어깨,weight_reps,
gvs_9c110bffd6c5c3f7,Dumbbell,Dumbbell Standing Palms In Press,,UNRESOLVED,어깨,weight_reps,
gvs_c53d7c4c5568ddee,Dumbbell,Dumbbell Standing Preacher Curl,덤벨 스탠딩 프리처 컬,EXISTING_DRAFT,팔,weight_reps,
gvs_2806271a88d7c8e0,Dumbbell,Dumbbell Standing Prone Lateral Raise,,UNRESOLVED,어깨,weight_reps,
gvs_77a38bb98407e2a9,Dumbbell,Dumbbell Standing Prone Y Raise,,UNRESOLVED,어깨,weight_reps,
gvs_cc43eca494fb51b2,Dumbbell,Dumbbell Standing Reverse Butterfly,,UNRESOLVED,어깨,weight_reps,
gvs_a900c3c8b913955a,Dumbbell,Dumbbell Standing Reverse Curl,덤벨 스탠딩 리버스 컬,EXISTING_DRAFT,팔,weight_reps,
gvs_e41cf5d744ba1017,Dumbbell,Dumbbell Standing Reverse Curl Rotate,,UNRESOLVED,팔,weight_reps,
gvs_3359069f8a20d73f,Dumbbell,Dumbbell Standing Scapular External Rotation,,UNRESOLVED,등,weight_reps,
gvs_792c2abdd97fb9b1,Dumbbell,Dumbbell Standing Scapular External Rotation Back,,UNRESOLVED,,weight_reps,
gvs_9edbc761a0e773c9,Dumbbell,Dumbbell Standing Shoulder External Rotation At,,UNRESOLVED,어깨,weight_reps,
gvs_80547ac8ee361bf6,Dumbbell,Dumbbell Standing Shoulder Press To Pec Dec,,UNRESOLVED,어깨,weight_reps,
gvs_4b4df3f1b6d9c86d,Dumbbell,Dumbbell Standing Single Arm Biceps Curl,덤벨 스탠딩 원암 바이셉 컬,EXISTING_DRAFT,팔,weight_reps,
gvs_c6ec3d72c07a30c8,Dumbbell,Dumbbell Standing Single Arm Concentration Curl,덤벨 스탠딩 원암 컨센트레이션 컬,EXISTING_DRAFT,팔,weight_reps,
gvs_a7933ba7e9f203af,Dumbbell,Dumbbell Standing Single Arm Cross Raise,덤벨 스탠딩 원암 크로스 레이즈,NEW_HIGH_CONFIDENCE_DRAFT,가슴,weight_reps,
gvs_be78bd173308f347,Dumbbell,Dumbbell Standing Single Arm Curl (Over Incline Bench),,UNRESOLVED,팔,weight_reps,
gvs_65350dd7d50bac57,Dumbbell,Dumbbell Standing Single Arm Extension,덤벨 스탠딩 원암 익스텐션,NEW_HIGH_CONFIDENCE_DRAFT,팔,weight_reps,
gvs_19324312f9ccedd6,Dumbbell,Dumbbell Standing Single Leg Calf Raise,덤벨 스탠딩 싱글 레그 카프 레이즈,EXISTING_DRAFT,하체,weight_reps,
gvs_63256764fa3fbdd6,Dumbbell,Dumbbell Standing Single Spider Curl,,UNRESOLVED,팔,weight_reps,
gvs_76d1604caee6be5a,Dumbbell,Dumbbell Standing T Spine Press,,UNRESOLVED,등,weight_reps,
gvs_729a8ca7edb1bf87,Dumbbell,Dumbbell Standing Triceps Extension,덤벨 스탠딩 트라이셉 익스텐션,EXISTING_DRAFT,팔,weight_reps,
gvs_d20fa9674a06abbf,Dumbbell,Dumbbell Standing Wrist Curl,덤벨 스탠딩 리스트 컬,EXISTING_DRAFT,팔,weight_reps,
gvs_06b87653d0bec663,Dumbbell,Dumbbell Standing Wrist Curl Forearms,,UNRESOLVED,팔,weight_reps,
gvs_7f528c9983ff7fd9,Dumbbell,Dumbbell Standing Wrist Reverse Curl,덤벨 스탠딩 리스트 리버스 컬,NEW_HIGH_CONFIDENCE_DRAFT,팔,weight_reps,
gvs_5c48893c7e97b1e6,Dumbbell,Dumbbell Starfish Crunch (Beginner),,UNRESOLVED,코어,weight_reps,
gvs_6f3d8d1249076504,Dumbbell,Dumbbell Static Lunge,,UNRESOLVED,하체,weight_reps,
gvs_29b753cc929b88f8,Dumbbell,Dumbbell Step Up,덤벨 스텝업,EXISTING_DRAFT,하체,weight_reps,
gvs_a8e38cb65348fd24,Dumbbell,Dumbbell Step Up Biceps Curl,덤벨 스텝업 바이셉 컬,EXISTING_DRAFT,하체,weight_reps,
gvs_0f7062baef7d2178,Dumbbell,Dumbbell Step Up With Knee Raise,,UNRESOLVED,하체,weight_reps,
gvs_8200ac7c4a2e42b6,Dumbbell,Dumbbell Stiff Leg Deadlift,덤벨 스티프 레그 데드리프트,EXISTING_DRAFT,,weight_reps,BODY_SOURCE_CONFLICT
gvs_975f164097bf1370,Dumbbell,Dumbbell Straight Arm Crunch,덤벨 스트레이트 암 크런치,EXISTING_DRAFT,코어,weight_reps,
gvs_132e8c9d51f21401,Dumbbell,Dumbbell Straight Arm Pullover,덤벨 스트레이트 암 풀오버,NEW_HIGH_CONFIDENCE_DRAFT,가슴,weight_reps,
gvs_53fade2d2896d7c9,Dumbbell,Dumbbell Straight Arm Twisting Sit Up,,UNRESOLVED,코어,weight_reps,
gvs_083cda2a8684e7b0,Dumbbell,Dumbbell Straight Leg Deadlift,덤벨 스트레이트 레그 데드리프트,EXISTING_DRAFT,하체,weight_reps,
gvs_2274380edce60ad0,Dumbbell,Dumbbell Straight Leg Russian Twist,,UNRESOLVED,코어,weight_reps,
gvs_a0fba8d867aa2e4a,Dumbbell,Dumbbell Straight Legs Deadlift,,UNRESOLVED,하체,weight_reps,
gvs_0f385d4cf51ad856,Dumbbell,Dumbbell Sumo Deadlift,덤벨 스모 데드리프트,NEW_HIGH_CONFIDENCE_DRAFT,하체,weight_reps,
gvs_62709353a8f14863,Dumbbell,Dumbbell Sumo Pull Through,,UNRESOLVED,하체,weight_reps,
gvs_9a0b9b9662d8e514,Dumbbell,Dumbbell Sumo Squat,덤벨 스모 스쿼트,EXISTING_DRAFT,하체,weight_reps,
gvs_ba82e36ec17af38c,Dumbbell,Dumbbell Sumo Squat Front Raise,덤벨 스모 스쿼트 프론트 레이즈,EXISTING_DRAFT,하체,weight_reps,
gvs_56756a51899c5dc1,Dumbbell,Dumbbell Sumo Squat Off Benches,,UNRESOLVED,하체,weight_reps,
gvs_59e12aacd17cb112,Dumbbell,Dumbbell Superman,,UNRESOLVED,하체,weight_reps,
gvs_1eff9701388ae2b5,Dumbbell,Dumbbell Supported Squat,덤벨 서포티드 스쿼트,NEW_HIGH_CONFIDENCE_DRAFT,하체,weight_reps,
gvs_cef9cb7659371618,Dumbbell,Dumbbell Svend Press,,UNRESOLVED,가슴,weight_reps,
gvs_ea6c8e5c0c92ad76,Dumbbell,Dumbbell Swing,덤벨 스윙,NEW_HIGH_CONFIDENCE_DRAFT,하체,weight_reps,
gvs_98086c44d7d8aac6,Dumbbell,Dumbbell Tate Press,,UNRESOLVED,팔,weight_reps,
gvs_129f2d80dea319be,Dumbbell,Dumbbell Thruster,,UNRESOLVED,하체,weight_reps,
gvs_33a92cb525e7f221,Dumbbell,Dumbbell Triceps Extension In Cross Legged Positio,,UNRESOLVED,팔,weight_reps,
gvs_8444f341e5a40af5,Dumbbell,Dumbbell Underhand Renegade Row,,UNRESOLVED,코어,weight_reps,BODY_MUSCLE_FAMILY_CONFLICT
gvs_925917605780df32,Dumbbell,Dumbbell Unilateral Scapula Raise,,UNRESOLVED,등,weight_reps,
gvs_e3527d1afe8b8f0c,Dumbbell,Dumbbell Upright Row,덤벨 업라이트 로우,EXISTING_DRAFT,어깨,weight_reps,BODY_MUSCLE_FAMILY_CONFLICT
gvs_6279daa3d78aeb83,Dumbbell,Dumbbell Upright Shoulder External Rotation,덤벨 업라이트 숄더 외회전,NEW_HIGH_CONFIDENCE_DRAFT,등,weight_reps,
gvs_6c3573391b6d6d45,Dumbbell,Dumbbell V Up,,UNRESOLVED,코어,weight_reps,
gvs_5cc1f78132784edd,Dumbbell,Dumbbell Waiter Biceps Curl,,UNRESOLVED,팔,weight_reps,
gvs_75f75d84bb2fddb4,Dumbbell,Dumbbell Walking Lunges,,UNRESOLVED,하체,weight_reps,
gvs_8d1b45a48436d602,Dumbbell,Dumbbell Wide Squat,,UNRESOLVED,하체,weight_reps,
gvs_71c767d25b1edc28,Dumbbell,Dumbbell Wood Chop,덤벨 우드찹,EXISTING_DRAFT,코어,weight_reps,
gvs_0740bfa02e47b15e,Dumbbell,Dumbbell Wood Chop Squat,덤벨 우드찹 스쿼트,EXISTING_DRAFT,코어,weight_reps,BODY_MUSCLE_FAMILY_CONFLICT
gvs_9381371e7cbd4de8,Dumbbell,Dumbbell Z Press,,UNRESOLVED,어깨,weight_reps,
gvs_2d1a75365de86c30,Dumbbell,Dumbbell Zottman Curl,,UNRESOLVED,팔,weight_reps,
gvs_0c902ec2219962b0,Dumbbell,Dumbbell Zottman Preacher Curl,,UNRESOLVED,팔,weight_reps,
gvs_24ace6a2b690d294,EZ Bar,EZ Bar 21s,,UNRESOLVED,팔,weight_reps,
gvs_f557f3d824be4176,EZ Bar,EZ Bar Close Grip Bench Press,,UNRESOLVED,팔,weight_reps,BODY_MUSCLE_FAMILY_CONFLICT
gvs_86fd0ac0689ca2b2,EZ Bar,EZ Bar Deadlift With Biceps Curl,,UNRESOLVED,하체,weight_reps,
gvs_4818224eb620afdc,EZ Bar,EZ Bar Knelling Rollout,,UNRESOLVED,코어,weight_reps,
gvs_d9ba8f9e2ab982c0,EZ Bar,EZ Bar Legs Side Pull In Sit Up,,UNRESOLVED,코어,weight_reps,
gvs_3476a679bd737289,EZ Bar,EZ Bar Lying Bent Arms Pullover,,UNRESOLVED,등,weight_reps,
gvs_2b86b6419597b7e9,EZ Bar,EZ Bar Reverse Grip Bent Over Row,,UNRESOLVED,등,weight_reps,
gvs_9984f17b93a7a61b,EZ Bar,EZ Bar Seated Close Grip Concentration Curl,,UNRESOLVED,팔,weight_reps,
gvs_4f6288fbcb8ac8ab,EZ Bar,EZ Bar Seated Close Grip Shoulder Press,,UNRESOLVED,어깨,weight_reps,
gvs_cdb2cef610600294,EZ Bar,EZ Bar Seated Wrist Curl,,UNRESOLVED,팔,weight_reps,
gvs_d50fce7a88753a84,EZ Bar,EZ Bar Seated Wrist Reverse Curl,,UNRESOLVED,팔,weight_reps,
gvs_a10a4b555db7e795,EZ Bar,EZ Bar Standing French Press,,UNRESOLVED,팔,weight_reps,
gvs_de77ff424674e4d4,EZ Bar,EZ Bar Standing Front Raise,,UNRESOLVED,어깨,weight_reps,
gvs_884757bdd47af355,EZ Bar,EZ Bar Standing Upright Row,,UNRESOLVED,어깨,weight_reps,BODY_MUSCLE_FAMILY_CONFLICT
gvs_9320dd359792b03d,Barbell,EZ Barbell Anti Gravity Press,,UNRESOLVED,어깨,weight_reps,
gvs_5863a15057bf2cc6,Barbell,EZ Barbell Bench Press,,UNRESOLVED,가슴,weight_reps,
gvs_82a6aefd47314b59,Barbell,EZ Barbell Close Grip Curl,,UNRESOLVED,팔,weight_reps,
gvs_7263de76c30140a4,Barbell,EZ Barbell Close Grip Preacher Curl,,UNRESOLVED,팔,weight_reps,
gvs_ba1209c935594e71,Barbell,EZ Barbell Curl,,UNRESOLVED,팔,weight_reps,
gvs_e35756c535338a0d,Barbell,EZ Barbell Decline Triceps Extension,,UNRESOLVED,팔,weight_reps,
gvs_ffc11a5af4153c08,Barbell,EZ Barbell Drag Curl,,UNRESOLVED,팔,weight_reps,
gvs_ddc533aaf9404150,Barbell,EZ Barbell Incline Triceps Extension,,UNRESOLVED,팔,weight_reps,
gvs_bf2abab12b9c58a5,Barbell,EZ Barbell Jm Bench Press,,UNRESOLVED,팔,weight_reps,BODY_MUSCLE_FAMILY_CONFLICT
gvs_aff272c4360a49da,Barbell,EZ Barbell Lying Triceps Extension,,UNRESOLVED,팔,weight_reps,
gvs_eee7b232e119dde4,Barbell,EZ Barbell Preacher Curl,,UNRESOLVED,팔,weight_reps,
gvs_01ea0df3349efceb,Barbell,EZ Barbell Reverse Grip Curl,,UNRESOLVED,팔,weight_reps,
gvs_ad5a3b129c63e1cc,Barbell,EZ Barbell Reverse Grip Preacher Curl,,UNRESOLVED,팔,weight_reps,
gvs_db934a06896698cc,Barbell,EZ Barbell Seated Curls,,UNRESOLVED,팔,weight_reps,
gvs_8dbe1e8f71d902e7,Barbell,EZ Barbell Seated Triceps Extension,,UNRESOLVED,팔,weight_reps,
gvs_3bb760ea0d73df08,Barbell,EZ Barbell Spider Curl,,UNRESOLVED,팔,weight_reps,
gvs_c9ea303afd757dc8,Barbell,EZ Barbell Srtict Curl,,UNRESOLVED,팔,weight_reps,
gvs_63c6b8362c222028,Barbell,EZ Barbell Standing Back Wrist Curl,,UNRESOLVED,팔,weight_reps,
gvs_3337d210305d1fc6,Barbell,EZ Barbell Standing Preacher Curl,,UNRESOLVED,팔,weight_reps,
gvs_eb3f2ff024ec611e,Barbell,EZ Barbell Standing Single Arm Neutral Wrist Curl,,UNRESOLVED,팔,weight_reps,
gvs_2fef891a5d57869c,Barbell,EZ Barbell Standing Wide Grip Biceps Curl,,UNRESOLVED,팔,weight_reps,
gvs_94a77aa66a8ce494,Barbell,EZ Barbell Standing Wrist Curl,,UNRESOLVED,팔,weight_reps,
gvs_9ca19b3f23cd0a97,Barbell,EZ Barbell Standing Wrist Reverse Curl,,UNRESOLVED,팔,weight_reps,
gvs_48cc7b2a683cfbb8,Barbell,EZ Barbell Stiff Legged Deadlift,,UNRESOLVED,하체,weight_reps,
gvs_e966de77553d29b7,Machine,Front Lever,,UNRESOLVED,코어,weight_reps,
gvs_5ff7582b36c8f6d3,Machine,Hanging Front Lever Raise,,UNRESOLVED,코어,weight_reps,
gvs_cf1fa55bc45473fb,Dumbbell,Hyght Dumbbell Fly,,UNRESOLVED,가슴,weight_reps,
gvs_71fd93c9636690c5,Smith Machine,Incline Push Up On A Smith Bar,,UNRESOLVED,가슴,weight_reps,
gvs_0d2addbec886d778,Cable,Inverse Leg Curl (On Pull Up Cable Machine),,UNRESOLVED,하체,weight_reps,
gvs_16d32d1eae5ab01c,Kettlebell,Kettlebell Advanced Windmill,,UNRESOLVED,코어,weight_reps,
gvs_6c2f8274d9f5e7de,Kettlebell,Kettlebell Alternate Biceps Curl,케틀벨 얼터네이트 바이셉 컬,EXISTING_DRAFT,팔,weight_reps,
gvs_303324f3ea91f87b,Kettlebell,Kettlebell Alternating Press,케틀벨 얼터네이팅 프레스,NEW_HIGH_CONFIDENCE_DRAFT,어깨,weight_reps,
gvs_3ace5858da192bde,Kettlebell,Kettlebell Alternating Press On Floor,,UNRESOLVED,가슴,weight_reps,
gvs_c8295bde64537be4,Kettlebell,Kettlebell Alternating Renegade Row,케틀벨 얼터네이팅 레니게이드 로우,NEW_HIGH_CONFIDENCE_DRAFT,등,weight_reps,
gvs_950dc5fe1ff32d58,Kettlebell,Kettlebell Alternating Row,케틀벨 얼터네이팅 로우,EXISTING_DRAFT,등,weight_reps,
gvs_8fe4b094ae798fde,Kettlebell,Kettlebell Angled Press,,UNRESOLVED,등,weight_reps,
gvs_330d1faa2377d530,Kettlebell,Kettlebell Arm Bar,,UNRESOLVED,코어,weight_reps,
gvs_0e3029b85c6b0c76,Kettlebell,Kettlebell Arnold Press,케틀벨 아놀드 프레스,EXISTING_DRAFT,어깨,weight_reps,
gvs_b6dfcf991e412c05,Kettlebell,Kettlebell Around Head Rotation,,UNRESOLVED,등,weight_reps,
gvs_86134d94d29cb2ae,Kettlebell,Kettlebell Atlas Swing,,UNRESOLVED,코어,weight_reps,
gvs_b610605edd0066c8,Kettlebell,Kettlebell Backward Lunge,케틀벨 백워드 런지,NEW_HIGH_CONFIDENCE_DRAFT,하체,weight_reps,
gvs_416ebbd54f147f01,Kettlebell,Kettlebell Bench Press,케틀벨 벤치프레스,EXISTING_DRAFT,가슴,weight_reps,
gvs_e08f03761596f944,Kettlebell,Kettlebell Bent Over Alternate Twist Row,케틀벨 벤트오버 얼터네이트 트위스트 로우,NEW_HIGH_CONFIDENCE_DRAFT,등,weight_reps,
gvs_357dfb7ab5128ad0,Kettlebell,Kettlebell Bent Over Row,케틀벨 벤트오버 로우,EXISTING_DRAFT,등,weight_reps,
gvs_e4d0d7b7a0b06707,Kettlebell,Kettlebell Bent Press,,UNRESOLVED,코어,weight_reps,
gvs_baee0a631a1bbd43,Kettlebell,Kettlebell Biceps Curl,케틀벨 바이셉 컬,EXISTING_DRAFT,팔,weight_reps,
gvs_5be1ac68be3dc002,Kettlebell,Kettlebell Box Squat,케틀벨 박스 스쿼트,NEW_HIGH_CONFIDENCE_DRAFT,하체,weight_reps,
gvs_594c9756f338b2fc,Kettlebell,Kettlebell Calf Raise And Front Squat,,UNRESOLVED,하체,weight_reps,
gvs_4157cbaa686a0918,Kettlebell,Kettlebell Clean And Jerk,케틀벨 클린 앤 저크,NEW_HIGH_CONFIDENCE_DRAFT,,weight_reps,
gvs_4b066c50dffdd00e,Kettlebell,Kettlebell Clean And Press,케틀벨 클린 앤 프레스,NEW_HIGH_CONFIDENCE_DRAFT,,weight_reps,
gvs_352aff33c8ba0ecb,Kettlebell,Kettlebell Clean And Push Press,,UNRESOLVED,,weight_reps,
gvs_734060594c5b1a09,Kettlebell,Kettlebell Clean Grip Reverse Lunge,,UNRESOLVED,하체,weight_reps,
gvs_f2cb215fc3e60357,Kettlebell,Kettlebell Concentration Curl,케틀벨 컨센트레이션 컬,EXISTING_DRAFT,팔,weight_reps,
gvs_06d470195e7d7465,Kettlebell,Kettlebell Contralateral Reverse Lunge,,UNRESOLVED,하체,weight_reps,
gvs_676e079f1e1eead7,Kettlebell,Kettlebell Cossack Squat,,UNRESOLVED,하체,weight_reps,
gvs_994ed73563ebad65,Kettlebell,Kettlebell Deadlift,케틀벨 데드리프트,EXISTING_DRAFT,하체,weight_reps,
gvs_a1254cf4322e3712,Kettlebell,Kettlebell Decline Shrug,케틀벨 디클라인 슈러그,EXISTING_DRAFT,등,weight_reps,
gvs_c3e472343900f486,Kettlebell,Kettlebell Deep Push Up,,UNRESOLVED,가슴,weight_reps,
gvs_d65e875de92fab05,Kettlebell,Kettlebell Double Alternating Hang Clean,,UNRESOLVED,어깨,weight_reps,
gvs_aa8ba55e369d51ac,Kettlebell,Kettlebell Double Jerk,,UNRESOLVED,어깨,weight_reps,
gvs_290dbe89e24c5681,Kettlebell,Kettlebell Double Push Press,,UNRESOLVED,어깨,weight_reps,
gvs_fa7987a1a02e21e9,Kettlebell,Kettlebell Double Snatch,,UNRESOLVED,어깨,weight_reps,
gvs_2e53aaed0201ba8d,Kettlebell,Kettlebell Figure,,UNRESOLVED,코어,weight_reps,
gvs_9253264d02295189,Kettlebell,Kettlebell Figure 8 Swing,,UNRESOLVED,하체,weight_reps,
gvs_a999cdadc1f53129,Kettlebell,Kettlebell Floor Fly,케틀벨 플로어 플라이,NEW_HIGH_CONFIDENCE_DRAFT,가슴,weight_reps,
gvs_a557e9e6bcf2aba8,Kettlebell,Kettlebell Fly,케틀벨 플라이,NEW_HIGH_CONFIDENCE_DRAFT,가슴,weight_reps,
gvs_204f8f60320b5946,Kettlebell,Kettlebell Forward Backward Lunge,케틀벨 포워드 백워드 런지,NEW_HIGH_CONFIDENCE_DRAFT,하체,weight_reps,
gvs_468f9845bce121d9,Kettlebell,Kettlebell Forward Backward Lunge,케틀벨 포워드 백워드 런지,NEW_HIGH_CONFIDENCE_DRAFT,하체,weight_reps,
gvs_199f644ec3d942ce,Kettlebell,Kettlebell Forward Lunge,케틀벨 포워드 런지,EXISTING_DRAFT,하체,weight_reps,
gvs_e15fbd6055854a62,Kettlebell,Kettlebell Front Raise,케틀벨 프론트 레이즈,EXISTING_DRAFT,어깨,weight_reps,
gvs_3add4902d326cffc,Kettlebell,Kettlebell Front Squat,케틀벨 프론트 스쿼트,EXISTING_DRAFT,하체,weight_reps,
gvs_d4a8d23d46b13f19,Kettlebell,Kettlebell Goblet Forward Backward Lunge,케틀벨 고블릿 포워드 백워드 런지,NEW_HIGH_CONFIDENCE_DRAFT,하체,weight_reps,
gvs_02949e2d6a79224d,Kettlebell,Kettlebell Goblet Forward Backward Lunge,케틀벨 고블릿 포워드 백워드 런지,NEW_HIGH_CONFIDENCE_DRAFT,하체,weight_reps,
gvs_de39fb63e2f8ee1b,Kettlebell,Kettlebell Goblet Lateral Step Up,,UNRESOLVED,하체,weight_reps,
gvs_df72172f41cc7fb7,Kettlebell,Kettlebell Goblet Pulse Squat,,UNRESOLVED,하체,weight_reps,
gvs_73ea2e3c8b926db6,Kettlebell,Kettlebell Goblet Squat,케틀벨 고블릿 스쿼트,EXISTING_DRAFT,하체,weight_reps,
gvs_dd92d31424f2e2f6,Kettlebell,Kettlebell Good Morning,케틀벨 굿모닝,EXISTING_DRAFT,하체,weight_reps,
gvs_103d40f276f87494,Kettlebell,Kettlebell Gorilla Row,,UNRESOLVED,등,weight_reps,
gvs_ce10ff0e3d7e6420,Kettlebell,Kettlebell Half Kneeling Halo,,UNRESOLVED,어깨,weight_reps,
gvs_68f4d4b3334dfa83,Kettlebell,Kettlebell Half Kneeling Shoulder Press,케틀벨 하프 닐링 숄더 프레스,NEW_HIGH_CONFIDENCE_DRAFT,어깨,weight_reps,
gvs_fe0ffca482b97a5a,Kettlebell,Kettlebell Half Kneeling Single Arm Bottoms Up Press,,UNRESOLVED,,weight_reps,
gvs_3d09823fe1f7a147,Kettlebell,Kettlebell Half Turkish Get Up,,UNRESOLVED,하체,weight_reps,
gvs_82ab41ccc8bd74a6,Kettlebell,Kettlebell Hammer Grip Incline Bench Two Arm Row B,,UNRESOLVED,등,weight_reps,
gvs_efa5bc3410e2f0c6,Kettlebell,Kettlebell Hang Clean,케틀벨 행 클린,NEW_HIGH_CONFIDENCE_DRAFT,하체,weight_reps,
gvs_7d07d2bdd475a1e1,Kettlebell,Kettlebell Head Supported Row,,UNRESOLVED,등,weight_reps,
gvs_f11969aeef3ea738,Kettlebell,Kettlebell Incline Alternate Curl,케틀벨 인클라인 얼터네이트 컬,NEW_HIGH_CONFIDENCE_DRAFT,팔,weight_reps,
gvs_798840ac69ffbc4e,Kettlebell,Kettlebell Incline Bench Press,케틀벨 인클라인 벤치프레스,EXISTING_DRAFT,가슴,weight_reps,
gvs_7e192da619058298,Kettlebell,Kettlebell Incline Biceps Curl,케틀벨 인클라인 바이셉 컬,EXISTING_DRAFT,팔,weight_reps,
gvs_3b01480229f666c4,Kettlebell,Kettlebell Incline Fly,케틀벨 인클라인 플라이,NEW_HIGH_CONFIDENCE_DRAFT,가슴,weight_reps,
gvs_9544b934514c965e,Kettlebell,Kettlebell Incline Hammer Press,케틀벨 인클라인 해머 프레스,NEW_HIGH_CONFIDENCE_DRAFT,가슴,weight_reps,
gvs_3dd025ed7aa4b84d,Kettlebell,Kettlebell Incline Inner Biceps Curl,케틀벨 인클라인 이너 바이셉 컬,NEW_HIGH_CONFIDENCE_DRAFT,팔,weight_reps,
gvs_c459310e0ce6316c,Kettlebell,Kettlebell Incline Palm In Press,,UNRESOLVED,가슴,weight_reps,
gvs_3bed390f03d16e47,Kettlebell,Kettlebell Incline Pullover,케틀벨 인클라인 풀오버,NEW_HIGH_CONFIDENCE_DRAFT,등,weight_reps,
gvs_09de6acae415737c,Kettlebell,Kettlebell Incline Row,케틀벨 인클라인 로우,EXISTING_DRAFT,등,weight_reps,
gvs_ecb0bad2377aab48,Kettlebell,Kettlebell Incline Shrug,케틀벨 인클라인 슈러그,EXISTING_DRAFT,등,weight_reps,
gvs_9ed0dc7e541c1634,Kettlebell,Kettlebell Incline Triceps Extension,케틀벨 인클라인 트라이셉 익스텐션,EXISTING_DRAFT,팔,weight_reps,
gvs_fdd48d0be572a9e3,Kettlebell,Kettlebell Incline Twist Press,케틀벨 인클라인 트위스트 프레스,NEW_HIGH_CONFIDENCE_DRAFT,가슴,weight_reps,
gvs_bf6b5b689f10e6ca,Kettlebell,Kettlebell Incline Twisted Fly,,UNRESOLVED,가슴,weight_reps,
gvs_d89982e94fa939a9,Kettlebell,Kettlebell Incline Y Raise,,UNRESOLVED,어깨,weight_reps,
gvs_4103cd2398c135b3,Kettlebell,Kettlebell Ipsilateral Reverse Lunge,,UNRESOLVED,하체,weight_reps,
gvs_4e3b9763fa935783,Kettlebell,Kettlebell Kickstand Single Leg Deadlift,,UNRESOLVED,하체,weight_reps,
gvs_cbdbaf5f4d03c80f,Kettlebell,Kettlebell Kneeling Hold To Stand,,UNRESOLVED,하체,weight_reps,
gvs_d569638b5edcb0e3,Kettlebell,Kettlebell Kneeling Hold To Stand Clean Grip,,UNRESOLVED,하체,weight_reps,
gvs_73e02d6427dff1e6,Kettlebell,Kettlebell Kneeling Single Arm Bottoms Up Press,,UNRESOLVED,어깨,weight_reps,
gvs_2a0d50c9ec74ed59,Kettlebell,Kettlebell Lateral Lunge,,UNRESOLVED,하체,weight_reps,
gvs_642ff8932ed69dfb,Kettlebell,Kettlebell Lateral Raise,케틀벨 레터럴 레이즈,EXISTING_DRAFT,어깨,weight_reps,
gvs_1a7607c7862b5c17,Kettlebell,Kettlebell Lateral Step Up,,UNRESOLVED,하체,weight_reps,
gvs_066c1d177d1450df,Kettlebell,Kettlebell Lateral Step Up Thighs,,UNRESOLVED,하체,weight_reps,
gvs_05b5f55e7ddd2240,Kettlebell,Kettlebell Learning Front Raise,,UNRESOLVED,어깨,weight_reps,
gvs_fedd03f0cb2e1f3e,Kettlebell,Kettlebell Leg Raise,케틀벨 레그 레이즈,EXISTING_DRAFT,코어,weight_reps,
gvs_cbf8c9bc50480bda,Kettlebell,Kettlebell Low Fly,케틀벨 로우 플라이,NEW_HIGH_CONFIDENCE_DRAFT,가슴,weight_reps,
gvs_6a233d90f26e618a,Kettlebell,Kettlebell Low Windmill,,UNRESOLVED,코어,weight_reps,
gvs_f9f8eb301eb97fbe,Kettlebell,Kettlebell Lunge Pass Through,,UNRESOLVED,하체,weight_reps,
gvs_2768ec664627f204,Kettlebell,Kettlebell Lunge With Twist Thighs,,UNRESOLVED,코어,weight_reps,BODY_MUSCLE_FAMILY_CONFLICT
gvs_588364c651a6d90c,Kettlebell,Kettlebell Lying On Floor Chest Press,,UNRESOLVED,가슴,weight_reps,
gvs_684e1c4dcf8803b5,Kettlebell,Kettlebell Lying On Floor Rear Delt Raise,,UNRESOLVED,어깨,weight_reps,
gvs_493865bbcc47c08b,Kettlebell,Kettlebell Lying Rear Delt Row,케틀벨 라잉 리어 델트 로우,NEW_REVIEW_DRAFT,등,weight_reps,BODY_MUSCLE_FAMILY_CONFLICT
gvs_eda6db18934a3836,Kettlebell,Kettlebell Lying Triceps Extension Skull Crusher,케틀벨 라잉 트라이셉 익스텐션 스컬 크러셔,EXISTING_DRAFT,팔,weight_reps,
gvs_365353f6b6b553f0,Kettlebell,Kettlebell Lying Woodchop,,UNRESOLVED,코어,weight_reps,
gvs_751ed1e390adc873,Kettlebell,Kettlebell Neutral Grip Bench Press,케틀벨 뉴트럴 그립 벤치프레스,EXISTING_DRAFT,가슴,weight_reps,
gvs_d16bcf4805c967ca,Kettlebell,Kettlebell One Legged Deadlift,,UNRESOLVED,하체,weight_reps,
gvs_986b164fbeee334f,Kettlebell,Kettlebell Overhand Grip Swing,케틀벨 오버핸드 그립 스윙,NEW_HIGH_CONFIDENCE_DRAFT,하체,weight_reps,
gvs_ab5d46437d448dbb,Kettlebell,Kettlebell Overhead Carry,,UNRESOLVED,하체,weight_reps,
gvs_f268cff2acea7eb0,Kettlebell,Kettlebell Overhead Crunch (On Stability Ball),,UNRESOLVED,코어,weight_reps,
gvs_8d39dc6e73792924,Kettlebell,Kettlebell Overhead Lunge,케틀벨 오버헤드 런지,EXISTING_DRAFT,하체,weight_reps,
gvs_c2b0a692ebdcc280,Kettlebell,Kettlebell Overhead Triceps Extension,케틀벨 오버헤드 트라이셉 익스텐션,EXISTING_DRAFT,팔,weight_reps,
gvs_9f00e4ae8e0c88c0,Kettlebell,Kettlebell Pistol Squat,,UNRESOLVED,하체,weight_reps,
gvs_652d67b0e84180e6,Kettlebell,Kettlebell Plank Pass Through,,UNRESOLVED,코어,weight_reps,
gvs_5bd923b9a99d50e5,Kettlebell,Kettlebell Prone Incline Curl,,UNRESOLVED,팔,weight_reps,
gvs_61fc3b844605976e,Kettlebell,Kettlebell Prone Rear Delt Swing,,UNRESOLVED,어깨,weight_reps,
gvs_56d76ed26838249c,Kettlebell,Kettlebell Pullover,케틀벨 풀오버,NEW_HIGH_CONFIDENCE_DRAFT,등,weight_reps,
gvs_4ccd72a2e90d1b70,Kettlebell,Kettlebell Pullover 3 Month Position,,UNRESOLVED,등,weight_reps,
gvs_b1b227efeeb2722f,Kettlebell,Kettlebell Pullover Dead Bug,,UNRESOLVED,코어,weight_reps,
gvs_5d052fb0b4e23c96,Kettlebell,Kettlebell Pullover On Stability Ball,,UNRESOLVED,등,weight_reps,
gvs_b3a6da0c1a05da6e,Kettlebell,Kettlebell Rear Delt Row,케틀벨 리어 델트 로우,NEW_REVIEW_DRAFT,,weight_reps,BODY_SOURCE_CONFLICT
gvs_9968babd21811df9,Kettlebell,Kettlebell Rear Fly,케틀벨 리어 플라이,NEW_HIGH_CONFIDENCE_DRAFT,어깨,weight_reps,
gvs_3947f28063a8e2a6,Kettlebell,Kettlebell Reverse Bench Press,케틀벨 리버스 벤치프레스,EXISTING_DRAFT,가슴,weight_reps,
gvs_138c6cb2a9f5e2a8,Kettlebell,Kettlebell Reverse Fly,케틀벨 리버스 플라이,EXISTING_DRAFT,어깨,weight_reps,
gvs_48925bf2883462ac,Kettlebell,Kettlebell Reverse Lunge,케틀벨 리버스 런지,EXISTING_DRAFT,하체,weight_reps,
gvs_4c3949434c81323b,Kettlebell,Kettlebell Reverse Press On Floor,,UNRESOLVED,가슴,weight_reps,
gvs_94a74fb202327d44,Kettlebell,Kettlebell Reverse Spider Curl,케틀벨 리버스 스파이더 컬,NEW_HIGH_CONFIDENCE_DRAFT,팔,weight_reps,
gvs_80a7db2477ef6c66,Kettlebell,Kettlebell Romanian Deadlift,케틀벨 루마니안 데드리프트,EXISTING_DRAFT,하체,weight_reps,
gvs_43798f706d07d0ea,Kettlebell,Kettlebell Romanian Deadlift To Squat,,UNRESOLVED,하체,weight_reps,
gvs_50da91af061e7107,Kettlebell,Kettlebell Rotational Deadlift,,UNRESOLVED,하체,weight_reps,
gvs_7781a0a18c80992d,Kettlebell,Kettlebell Russian Twist,케틀벨 러시안 트위스트,EXISTING_DRAFT,코어,weight_reps,
gvs_a4bfa2a5bf7923d9,Kettlebell,Kettlebell Seated Front Raise,케틀벨 시티드 프론트 레이즈,EXISTING_DRAFT,어깨,weight_reps,
gvs_99756d0a72ad6a8c,Kettlebell,Kettlebell Seated Lateral Raise,케틀벨 시티드 레터럴 레이즈,EXISTING_DRAFT,어깨,weight_reps,
gvs_d99d96b67e3ac868,Kettlebell,Kettlebell Seated Neutral Grip Shoulders Press,케틀벨 시티드 뉴트럴 그립 숄더 프레스,NEW_HIGH_CONFIDENCE_DRAFT,어깨,weight_reps,
gvs_5187968f91b4e91f,Kettlebell,Kettlebell Seated Press,케틀벨 시티드 프레스,NEW_HIGH_CONFIDENCE_DRAFT,어깨,weight_reps,
gvs_26711306968b6b3c,Kettlebell,Kettlebell Seated Shoulder Press,케틀벨 시티드 숄더 프레스,EXISTING_DRAFT,어깨,weight_reps,
gvs_257f73f64a9d9514,Kettlebell,Kettlebell Seated Single Arm Military Press,케틀벨 시티드 원암 밀리터리 프레스,EXISTING_DRAFT,어깨,weight_reps,
gvs_9a0a0b28e7984d22,Kettlebell,Kettlebell Seated Two Arm Military Press,,UNRESOLVED,어깨,weight_reps,
gvs_6782c46d6e3e4aa9,Kettlebell,Kettlebell Seesaw Press,,UNRESOLVED,어깨,weight_reps,
gvs_835373f9cc8e51c9,Kettlebell,Kettlebell Shrug,케틀벨 슈러그,EXISTING_DRAFT,등,weight_reps,
gvs_9f843ec56021d29d,Kettlebell,Kettlebell Side Bend,,UNRESOLVED,코어,weight_reps,
gvs_93ed9d6bd706daa3,Kettlebell,Kettlebell Side Lunge,케틀벨 사이드 런지,EXISTING_DRAFT,하체,weight_reps,
gvs_73bc4573deb2ad7b,Kettlebell,Kettlebell Side Squat Step,케틀벨 사이드 스쿼트 스텝,NEW_HIGH_CONFIDENCE_DRAFT,하체,weight_reps,
gvs_34695bba0759b520,Kettlebell,Kettlebell Side Swing,케틀벨 사이드 스윙,NEW_HIGH_CONFIDENCE_DRAFT,코어,weight_reps,
gvs_aa56aad72446a17f,Kettlebell,Kettlebell Single Arm Clean,케틀벨 원암 클린,NEW_HIGH_CONFIDENCE_DRAFT,,weight_reps,
gvs_29c3aa7cdb7c5c72,Kettlebell,Kettlebell Single Arm Clean And Jerk,케틀벨 원암 클린 앤 저크,NEW_HIGH_CONFIDENCE_DRAFT,어깨,weight_reps,
gvs_608325c6ad731dc4,Kettlebell,Kettlebell Single Arm Clean And Press,케틀벨 원암 클린 앤 프레스,NEW_HIGH_CONFIDENCE_DRAFT,,weight_reps,
gvs_8e89b5ec272d547e,Kettlebell,Kettlebell Single Arm Clean And Push Press,,UNRESOLVED,,weight_reps,
gvs_3b06cb8978c8bfcd,Kettlebell,Kettlebell Single Arm Floor Press,케틀벨 원암 플로어 프레스,NEW_HIGH_CONFIDENCE_DRAFT,가슴,weight_reps,
gvs_16770ca5c644ad99,Kettlebell,Kettlebell Single Arm Jerk,케틀벨 원암 저크,NEW_HIGH_CONFIDENCE_DRAFT,어깨,weight_reps,
gvs_a9de72a4b39b06ee,Kettlebell,Kettlebell Single Arm Military Press To The Side,,UNRESOLVED,어깨,weight_reps,
gvs_7bceb7a0443aa182,Kettlebell,Kettlebell Single Arm Overhead Lunge,케틀벨 원암 오버헤드 런지,EXISTING_DRAFT,하체,weight_reps,
gvs_75959376308ae48c,Kettlebell,Kettlebell Single Arm Overhead Squat Thighs,,UNRESOLVED,어깨,weight_reps,BODY_MUSCLE_FAMILY_CONFLICT
gvs_78a409ba62812550,Kettlebell,Kettlebell Single Arm Row,케틀벨 원암 로우,EXISTING_DRAFT,등,weight_reps,
gvs_04efa61b5ddf752b,Kettlebell,Kettlebell Single Arm Snatch,케틀벨 원암 스내치,NEW_HIGH_CONFIDENCE_DRAFT,어깨,weight_reps,
gvs_1e98f96af6f804c4,Kettlebell,Kettlebell Single Arm Swing,케틀벨 원암 스윙,NEW_HIGH_CONFIDENCE_DRAFT,,weight_reps,
gvs_646088ed2dbb0361,Kettlebell,Kettlebell Single Leg Deadlift,케틀벨 싱글 레그 데드리프트,EXISTING_DRAFT,하체,weight_reps,
gvs_f7bf4112bab91634,Kettlebell,Kettlebell Single Leg Glute Bridge Pullover Back H,,UNRESOLVED,하체,weight_reps,
gvs_a4958d379f5e67c7,Kettlebell,Kettlebell Single Leg Split Squat,케틀벨 싱글 레그 스플릿 스쿼트,EXISTING_DRAFT,하체,weight_reps,
gvs_80c83b762d330e44,Kettlebell,Kettlebell Single Leg Split Squat With Low Box,,UNRESOLVED,하체,weight_reps,
gvs_e797857c30d510f6,Kettlebell,Kettlebell Single Leg Split Squat With The Ring,,UNRESOLVED,하체,weight_reps,
gvs_d916e5a099187aa2,Kettlebell,Kettlebell Sit Up Press,,UNRESOLVED,코어,weight_reps,
gvs_d0d42b7782c43c27,Kettlebell,Kettlebell Snatch And Swing,,UNRESOLVED,하체,weight_reps,
gvs_361d2af8f5cc01ee,Kettlebell,Kettlebell Split Squat,케틀벨 스플릿 스쿼트,EXISTING_DRAFT,하체,weight_reps,
gvs_4d0eb7e8275b8762,Kettlebell,Kettlebell Staggered Stance Deadlift,케틀벨 스태거드 스탠스 데드리프트,NEW_HIGH_CONFIDENCE_DRAFT,하체,weight_reps,
gvs_8133ff1b989fe853,Kettlebell,Kettlebell Standing Bottoms Up Single Arm Shoulder Pr,,UNRESOLVED,어깨,weight_reps,
gvs_b7d36697749e275f,Kettlebell,Kettlebell Standing Calf Raise,케틀벨 스탠딩 카프 레이즈,EXISTING_DRAFT,하체,weight_reps,
gvs_c04652a679036fd8,Kettlebell,Kettlebell Standing Crush Curl,,UNRESOLVED,팔,weight_reps,
gvs_1979392d5ce99bdd,Kettlebell,Kettlebell Standing Prone Lateral Raise,,UNRESOLVED,어깨,weight_reps,
gvs_c436d798791e97f6,Kettlebell,Kettlebell Standing Reverse Curl,케틀벨 스탠딩 리버스 컬,EXISTING_DRAFT,팔,weight_reps,
gvs_1823390bbfcfb5a3,Kettlebell,Kettlebell Standing Single Arm Curl Over Incline Benc,,UNRESOLVED,팔,weight_reps,
gvs_1ab1bb2acc3ef798,Kettlebell,Kettlebell Standing Single Arm Extension,케틀벨 스탠딩 원암 익스텐션,NEW_HIGH_CONFIDENCE_DRAFT,팔,weight_reps,
gvs_c330a0aede529f24,Kettlebell,Kettlebell Standing Slingshots,,UNRESOLVED,어깨,weight_reps,
gvs_99abfff1d959bfb5,Kettlebell,Kettlebell Step Up,케틀벨 스텝업,EXISTING_DRAFT,하체,weight_reps,
gvs_cc2313c89f5c4a5a,Kettlebell,Kettlebell Straight Leg Deadlift,케틀벨 스트레이트 레그 데드리프트,EXISTING_DRAFT,하체,weight_reps,
gvs_08a9dbab4bf2c31b,Kettlebell,Kettlebell Strict Press,,UNRESOLVED,어깨,weight_reps,
gvs_b983d84c10b2ac22,Kettlebell,Kettlebell Suitcase Deadlift,,UNRESOLVED,하체,weight_reps,
gvs_f887924acdf00f74,Kettlebell,Kettlebell Sumo Deadlift,케틀벨 스모 데드리프트,NEW_HIGH_CONFIDENCE_DRAFT,하체,weight_reps,
gvs_35a58392113d2d68,Kettlebell,Kettlebell Sumo Deadlift With High Pull,,UNRESOLVED,하체,weight_reps,
gvs_6a6691b251007ce0,Kettlebell,Kettlebell Sumo High Pull,케틀벨 스모 하이 풀,NEW_HIGH_CONFIDENCE_DRAFT,등,weight_reps,
gvs_6417b81682b27fa2,Kettlebell,Kettlebell Sumo Squat,케틀벨 스모 스쿼트,EXISTING_DRAFT,하체,weight_reps,
gvs_a2a172fabf37bf94,Kettlebell,Kettlebell Sumo Squat Off Stepbox,,UNRESOLVED,하체,weight_reps,
gvs_8335dd6ea4a7f204,Kettlebell,Kettlebell Swing,케틀벨 스윙,NEW_HIGH_CONFIDENCE_DRAFT,하체,weight_reps,
gvs_d1cc50e8cde89462,Kettlebell,Kettlebell Swing Clean Grip Front Squat,,UNRESOLVED,하체,weight_reps,
gvs_a127fe9cebed1cbe,Kettlebell,Kettlebell Swing Clean Grip Front Squat Overhead P,,UNRESOLVED,하체,weight_reps,
gvs_4b36e4681334d046,Kettlebell,Kettlebell Swing To Goblet Squat,,UNRESOLVED,하체,weight_reps,
gvs_1058e6f9eccef0dd,Kettlebell,Kettlebell Thruster,,UNRESOLVED,어깨,weight_reps,
gvs_d8ee368d09c548c9,Kettlebell,Kettlebell Turkish Get Up (Squat Style),,UNRESOLVED,하체,weight_reps,
gvs_2769af26a383741c,Kettlebell,Kettlebell Two Arm Clean,,UNRESOLVED,어깨,weight_reps,
gvs_7c67305a8cdb76d8,Kettlebell,Kettlebell Two Arm Military Press,,UNRESOLVED,어깨,weight_reps,
gvs_7722aa0aebfff280,Kettlebell,Kettlebell Two Arm Row,,UNRESOLVED,등,weight_reps,
gvs_c48c432d76134405,Kettlebell,Kettlebell Upright Row,케틀벨 업라이트 로우,EXISTING_DRAFT,어깨,weight_reps,BODY_MUSCLE_FAMILY_CONFLICT
gvs_ebfb41aea60d2010,Kettlebell,Kettlebell Weighted Russian Twist,케틀벨 웨이티드 러시안 트위스트,NEW_HIGH_CONFIDENCE_DRAFT,코어,weight_reps,
gvs_a0c5ae366c9be3d8,Kettlebell,Kettlebell Wide Upright Row,,UNRESOLVED,어깨,weight_reps,BODY_MUSCLE_FAMILY_CONFLICT
gvs_08b1830f664088c7,Kettlebell,Kettlebell Windmill,,UNRESOLVED,코어,weight_reps,
gvs_264369aa77fb5eb4,Kettlebell,Kettlebell Wood Chop,케틀벨 우드찹,EXISTING_DRAFT,코어,weight_reps,
gvs_8fbb084dc81f16a1,Kettlebell,Kettlebell Wrist Curl,케틀벨 리스트 컬,EXISTING_DRAFT,팔,weight_reps,
gvs_253ac6d9a695e3d9,Landmine,Landmine,랜드마인,EXISTING_DRAFT,코어,weight_reps,
gvs_7e59c68b9779f4c3,Landmine,Landmine Deadlift,랜드마인 데드리프트,EXISTING_DRAFT,하체,weight_reps,
gvs_26fdc61aa851e3e0,Landmine,Landmine Floor Single Arm Chest Fly,랜드마인 플로어 원암 체스트 플라이,NEW_HIGH_CONFIDENCE_DRAFT,가슴,weight_reps,
gvs_da88c3601c0042c2,Landmine,Landmine Front Squat,랜드마인 프론트 스쿼트,EXISTING_DRAFT,하체,weight_reps,
gvs_fe83a189e7a93041,Landmine,Landmine Kneeling Single Arm Shoulder Press,랜드마인 닐링 원암 숄더 프레스,EXISTING_DRAFT,어깨,weight_reps,
gvs_954a0c38d266afee,Landmine,Landmine Kneeling Squeeze Press,,UNRESOLVED,가슴,weight_reps,
gvs_d12f92d6479eeaf8,Landmine,Landmine Kneeling Thruster Press,,UNRESOLVED,어깨,weight_reps,
gvs_3d84ce7f2ef4ec6f,Landmine,Landmine Lateral Raise,랜드마인 레터럴 레이즈,EXISTING_DRAFT,어깨,weight_reps,
gvs_c036e476c0739484,Landmine,Landmine Neutral Grip Chest Press With Viking Pres,,UNRESOLVED,가슴,weight_reps,
gvs_bf20ca21e75d5e75,Landmine,Landmine Overhead Reverse Lunge,랜드마인 오버헤드 리버스 런지,EXISTING_DRAFT,하체,weight_reps,
gvs_4bc3e67479e9c7a2,Landmine,Landmine Press,랜드마인 프레스,NEW_HIGH_CONFIDENCE_DRAFT,어깨,weight_reps,
gvs_fa836e1c990e60a2,Landmine,Landmine Push Up,랜드마인 푸시업,EXISTING_DRAFT,가슴,weight_reps,
gvs_beb9f4592c3087dd,Landmine,Landmine Reverse Lunge,랜드마인 리버스 런지,EXISTING_DRAFT,하체,weight_reps,
gvs_c0032406d324acae,Landmine,Landmine Romanian Deadlift,랜드마인 루마니안 데드리프트,EXISTING_DRAFT,하체,weight_reps,
gvs_f6bf122fee81a937,Landmine,Landmine Seated Shoulder Press,랜드마인 시티드 숄더 프레스,EXISTING_DRAFT,어깨,weight_reps,
gvs_356a53401d5838be,Landmine,Landmine Shoulder To Shoulder Press,,UNRESOLVED,어깨,weight_reps,
gvs_8ab1fce387a578c3,Landmine,Landmine Shoulders Press With Viking Press Attachm,,UNRESOLVED,,weight_reps,
gvs_e01babed1e4864d9,Landmine,Landmine Single Arm Bent Over Row,랜드마인 원암 벤트오버 로우,EXISTING_DRAFT,등,weight_reps,
gvs_fe29a44d10fb6989,Landmine,Landmine Single Arm Low Fly,랜드마인 원암 로우 플라이,NEW_HIGH_CONFIDENCE_DRAFT,가슴,weight_reps,
gvs_7dcfbc1636095f4c,Landmine,Landmine Single Arm Press,랜드마인 원암 프레스,NEW_HIGH_CONFIDENCE_DRAFT,어깨,weight_reps,
gvs_a24b01077fe9e02f,Landmine,Landmine Single Arm Side Low Fly,랜드마인 원암 사이드 로우 플라이,NEW_HIGH_CONFIDENCE_DRAFT,가슴,weight_reps,
gvs_3e430e77eed84f8f,Landmine,Landmine Single Leg Hip Thrust,랜드마인 싱글 레그 힙 쓰러스트,EXISTING_DRAFT,하체,weight_reps,
gvs_3af65e897775c2e5,Landmine,Landmine Single Leg Landmine RDL,,UNRESOLVED,하체,weight_reps,
gvs_422fc443af442843,Landmine,Landmine Single Leg Romanian Deadlift,랜드마인 싱글 레그 루마니안 데드리프트,EXISTING_DRAFT,하체,weight_reps,
gvs_9ac656c58e5f04f5,Landmine,Landmine Single Leg Stiff Leg Deadlift,랜드마인 싱글 레그 스티프 레그 데드리프트,EXISTING_DRAFT,하체,weight_reps,
gvs_2c836c6e49668fc0,Landmine,Landmine Sissy Squat,,UNRESOLVED,하체,weight_reps,
gvs_8250d0d8625d43ea,Landmine,Landmine Squat,랜드마인 스쿼트,EXISTING_DRAFT,하체,weight_reps,
gvs_883fcf16e8c4401c,Landmine,Landmine Squat And Press,,UNRESOLVED,하체,weight_reps,
gvs_1f534fa2bbc53110,Landmine,Landmine Squat With Linebacker Attachment T,,UNRESOLVED,하체,weight_reps,
gvs_c9397623bc7988a3,Landmine,Landmine Standing Side Bend,,UNRESOLVED,코어,weight_reps,
gvs_1d2eb25ad62575a0,Landmine,Landmine Sumo Squat,랜드마인 스모 스쿼트,EXISTING_DRAFT,하체,weight_reps,
gvs_23f05336654622a8,Machine,Long Lever Standing Hip Extension,,UNRESOLVED,하체,weight_reps,
gvs_c108a0c2f353ba28,Machine,Machine Ab Coaster Crunch,,UNRESOLVED,코어,weight_reps,
gvs_aa294fcb3fdddefb,Machine,Machine Ab Coaster Oblique Crunch,,UNRESOLVED,코어,weight_reps,
gvs_6cea52cb0f1ed94b,Machine,Machine Ab Swing,,UNRESOLVED,코어,weight_reps,
gvs_7f2fad092efe7471,Machine,Machine Abdominal Leg Raise,,UNRESOLVED,코어,weight_reps,
gvs_cc90d084a59059ba,Machine,Machine Abduction Squat,,UNRESOLVED,하체,weight_reps,
gvs_0aad0f4ad0b6a084,Machine,Machine Alternate Biceps Curl,머신 얼터네이트 바이셉 컬,EXISTING_DRAFT,팔,weight_reps,
gvs_c8ab2028e5b845e6,Machine,Machine Alternate Leg Extension (Plate Loaded),머신 얼터네이트 레그 익스텐션 플레이트 로드,NEW_HIGH_CONFIDENCE_DRAFT,하체,weight_reps,
gvs_722733862f288a64,Machine,Machine Alternate Leg Press (Plate Loaded),머신 얼터네이트 레그 프레스 플레이트 로드,NEW_HIGH_CONFIDENCE_DRAFT,하체,weight_reps,
gvs_d7baa53ec2bf83bc,Machine,Machine Alternating Pullover (Plate Loaded),머신 얼터네이팅 풀오버 플레이트 로드,NEW_HIGH_CONFIDENCE_DRAFT,등,weight_reps,
gvs_1960cad5ef466a25,Machine,Machine Angled Leg Press,,UNRESOLVED,하체,weight_reps,
gvs_27764e5a2f1f30d4,Machine,Machine Angled Single Leg Press,,UNRESOLVED,하체,weight_reps,
gvs_20733c1f472ab5ff,Machine,Machine Assisted Chin Up,머신 어시스트 친업,EXISTING_DRAFT,등,assisted_weight_reps,
gvs_c4dec9b55870fbf5,Machine,Machine Assisted Neutral Grip Chin Up,머신 어시스트 뉴트럴 그립 친업,EXISTING_DRAFT,등,assisted_weight_reps,
gvs_710c89b05f7f0e9e,Machine,Machine Assisted Standing Chin Up,머신 어시스트 스탠딩 친업,EXISTING_DRAFT,등,assisted_weight_reps,
gvs_5424bffcfa2727de,Machine,Machine Assisted Triceps Pushdown,머신 어시스트 트라이셉 푸시다운,EXISTING_DRAFT,팔,weight_reps,
gvs_0920bcbedffaad2a,Machine,Machine Back Extension,머신 백 익스텐션,NEW_REVIEW_DRAFT,,weight_reps,BODY_SOURCE_CONFLICT
gvs_9b5f889b2b4fcc8b,Machine,Machine Banded Abdominal Leg Raise,,UNRESOLVED,코어,weight_reps,
gvs_ecd33c27e05ad29f,Machine,Machine Belt Romanian Deadlift,,UNRESOLVED,하체,weight_reps,
gvs_6ff2e69dacc31fa9,Machine,Machine Belt Squat,,UNRESOLVED,하체,weight_reps,
gvs_c57051a2784296e0,Machine,Machine Belt Sumo Squat,,UNRESOLVED,하체,weight_reps,
gvs_51d9fcd46a74100a,Machine,Machine Bent Over Low Row,머신 벤트오버 로우 로우,EXISTING_DRAFT,등,weight_reps,
gvs_a16ab6e47e205cae,Machine,Machine Bent Over Neutral Grip Row (With Chest Support),,UNRESOLVED,등,weight_reps,
gvs_4e650013e96ac4bb,Machine,Machine Bent Over Row (Plate Loaded),머신 벤트오버 로우 플레이트 로드,NEW_HIGH_CONFIDENCE_DRAFT,등,weight_reps,
gvs_cd3863dc80d7b5c2,Machine,Machine Bent Over Row With V Bar (Plate Loaded),,UNRESOLVED,등,weight_reps,
gvs_8c9508f391103983,Machine,Machine Bicep Curl,,UNRESOLVED,팔,weight_reps,
gvs_6c0b5c8ffe07889f,Machine,Machine Biceps Curl,머신 바이셉 컬,EXISTING_DRAFT,팔,weight_reps,
gvs_c1545092379bb128,Machine,Machine Bulgarian Split Squat (Plate Loaded),,UNRESOLVED,하체,weight_reps,
gvs_50b30a452f42a8e9,Machine,Machine Chest Press,머신 체스트 프레스,EXISTING_DRAFT,가슴,weight_reps,
gvs_30ea473f0dccfc67,Machine,Machine Chest Press (Plate Loaded),머신 체스트 프레스 플레이트 로드,NEW_HIGH_CONFIDENCE_DRAFT,가슴,weight_reps,
gvs_eaf08d8051fab1ee,Machine,Machine Chest Press Chest+,머신 체스트 프레스 체스트+,NEW_HIGH_CONFIDENCE_DRAFT,가슴,weight_reps,
gvs_57276a3dbdb08555,Machine,Machine Cross Lat Pulldown,머신 크로스 랫 풀다운,NEW_HIGH_CONFIDENCE_DRAFT,등,weight_reps,
gvs_0628b60558880fc9,Machine,Machine Crossovers,,UNRESOLVED,,weight_reps,
gvs_1e3ce20eb8defb88,Machine,Machine Deadlift (Plate Loaded),머신 데드리프트 플레이트 로드,NEW_HIGH_CONFIDENCE_DRAFT,하체,weight_reps,
gvs_11e85538d5fbd6d0,Machine,Machine Decline Chest Press,머신 디클라인 체스트 프레스,EXISTING_DRAFT,가슴,weight_reps,
gvs_c0c6b83df86c812d,Machine,Machine Decline Single Arm Chest Press,머신 디클라인 원암 체스트 프레스,EXISTING_DRAFT,가슴,weight_reps,
gvs_ba1a1d1fced6b677,Machine,Machine Elevated Squat,머신 엘리베이티드 스쿼트,NEW_HIGH_CONFIDENCE_DRAFT,하체,weight_reps,
gvs_8cdbe9e5c0ca8405,Machine,Machine Front Pulldown,머신 프론트 풀다운,EXISTING_DRAFT,등,weight_reps,
gvs_a903ebe403eea592,Machine,Machine Glute Abductors Press,,UNRESOLVED,하체,weight_reps,
gvs_aa22426fcff18447,Machine,Machine Glute Press,머신 글루트 프레스,NEW_HIGH_CONFIDENCE_DRAFT,하체,weight_reps,
gvs_4f3caa8b2fa62133,Machine,Machine Good Morning On The Hack Squat Machine,,UNRESOLVED,하체,weight_reps,
gvs_9ff2c5d46cde314a,Machine,Machine Hammer Grip Preacher Curl,,UNRESOLVED,팔,weight_reps,
gvs_624db0441198e64e,Machine,Machine High Row (Plate Loaded),머신 하이 로우 플레이트 로드,NEW_HIGH_CONFIDENCE_DRAFT,등,weight_reps,
gvs_726a88bec6cf7014,Machine,Machine Hip Extension,머신 힙 익스텐션,NEW_HIGH_CONFIDENCE_DRAFT,하체,weight_reps,
gvs_e11c55b6f5924f24,Machine,Machine Hip Thrust,머신 힙 쓰러스트,EXISTING_DRAFT,하체,weight_reps,
gvs_7370eb0b229e31bb,Machine,Machine Hip Thrust (Plate Loaded),머신 힙 쓰러스트 플레이트 로드,NEW_HIGH_CONFIDENCE_DRAFT,하체,weight_reps,
gvs_568021fea573f2d8,Machine,Machine Horizontal Leg Press,,UNRESOLVED,하체,weight_reps,
gvs_d0a93161607ae5a5,Machine,Machine Horizontal Single Leg Press,,UNRESOLVED,하체,weight_reps,
gvs_7e8068dd01807071,Machine,Machine Incline Chest Press,머신 인클라인 체스트 프레스,EXISTING_DRAFT,가슴,weight_reps,
gvs_8d01cae562eaff49,Machine,Machine Incline Chest Press (Plate Loaded),머신 인클라인 체스트 프레스 플레이트 로드,NEW_HIGH_CONFIDENCE_DRAFT,가슴,weight_reps,
gvs_65e710ca76266b80,Machine,Machine Incline Fly,머신 인클라인 플라이,NEW_HIGH_CONFIDENCE_DRAFT,가슴,weight_reps,
gvs_15ddb4f38cb5570b,Machine,Machine Incline Hammer Chest Press,머신 인클라인 해머 체스트 프레스,NEW_HIGH_CONFIDENCE_DRAFT,가슴,weight_reps,
gvs_f2ecf8f99d097615,Machine,Machine Incline Single Arm Chest Press,머신 인클라인 원암 체스트 프레스,EXISTING_DRAFT,가슴,weight_reps,
gvs_17f2ecfa8ec289c8,Machine,Machine Kneeling Leg Curl (Plate Loaded),머신 닐링 레그 컬 플레이트 로드,NEW_HIGH_CONFIDENCE_DRAFT,하체,weight_reps,
gvs_ec0cd2832ac660e3,Machine,Machine Kneeling Twist,머신 닐링 트위스트,NEW_HIGH_CONFIDENCE_DRAFT,코어,weight_reps,
gvs_331af554802a8c6a,Machine,Machine Lateral Pulldown (Plate Loaded),,UNRESOLVED,등,weight_reps,
gvs_2f6e40bca562466c,Machine,Machine Lateral Raise,머신 레터럴 레이즈,EXISTING_DRAFT,어깨,weight_reps,
gvs_25061dc056eb2d32,Machine,Machine Lateral Raise (Plate Loaded),머신 레터럴 레이즈 플레이트 로드,NEW_HIGH_CONFIDENCE_DRAFT,어깨,weight_reps,
gvs_ceeba05183e35d15,Machine,Machine Lateral Raise With Chest Support,,UNRESOLVED,어깨,weight_reps,
gvs_da5087c6075365b4,Machine,Machine Lateral Wide Pulldown,,UNRESOLVED,등,weight_reps,
gvs_b48b2ed185944011,Machine,Machine Leg Extension,머신 레그 익스텐션,EXISTING_DRAFT,하체,weight_reps,
gvs_c772837375c7091b,Machine,Machine Leg Extension (Inward Toes),,UNRESOLVED,하체,weight_reps,
gvs_6bdca7734fda81d3,Machine,Machine Leg Extension (Plate Loaded),머신 레그 익스텐션 플레이트 로드,NEW_HIGH_CONFIDENCE_DRAFT,하체,weight_reps,
gvs_cf06387e10e88b7c,Machine,Machine Leg Press (Plate Loaded),머신 레그 프레스 플레이트 로드,NEW_HIGH_CONFIDENCE_DRAFT,하체,weight_reps,
gvs_b843907fada04df7,Machine,Machine Linear Hack Squat,,UNRESOLVED,하체,weight_reps,
gvs_de5d17ff63e0fbb7,Machine,Machine Low Row (Plate Loaded),머신 로우 로우 플레이트 로드,NEW_HIGH_CONFIDENCE_DRAFT,등,weight_reps,
gvs_1c419ce8dee4c65e,Machine,Machine Lying Chest Press (Plate Loaded),머신 라잉 체스트 프레스 플레이트 로드,NEW_HIGH_CONFIDENCE_DRAFT,가슴,weight_reps,
gvs_ad8fb484a7ea4bfc,Machine,Machine Lying Crunch,머신 라잉 크런치,EXISTING_DRAFT,코어,weight_reps,
gvs_ccf24bccc2cf7c5a,Machine,Machine Lying Decline Chest Press (Plate Loaded),머신 라잉 디클라인 체스트 프레스 플레이트 로드,NEW_HIGH_CONFIDENCE_DRAFT,가슴,weight_reps,
gvs_9006b86bb04506a3,Machine,Machine Lying Leg Curl,머신 라잉 레그 컬,EXISTING_DRAFT,하체,weight_reps,
gvs_93cc706ef570d2d4,Machine,Machine Lying Leg Raise Bent Knee,,UNRESOLVED,하체,weight_reps,BODY_MUSCLE_FAMILY_CONFLICT
gvs_9044b86e0800df08,Machine,Machine Lying Single Arm Full Chest Press (Plate Loa,,UNRESOLVED,가슴,weight_reps,
gvs_b13b4fc25cc49574,Machine,Machine Lying Single Leg Curl,머신 라잉 싱글 레그 컬,NEW_HIGH_CONFIDENCE_DRAFT,하체,weight_reps,
gvs_439718315a58e799,Machine,Machine Lying T Bar Row,,UNRESOLVED,등,weight_reps,
gvs_d7701c37116eac77,Machine,Machine Military Press (Plate Loaded),머신 밀리터리 프레스 플레이트 로드,NEW_HIGH_CONFIDENCE_DRAFT,어깨,weight_reps,
gvs_5562f3cfd539b177,Machine,Machine Neutral Grip Seated Row (Plate Loaded),머신 뉴트럴 그립 시티드 로우 플레이트 로드,NEW_HIGH_CONFIDENCE_DRAFT,등,weight_reps,
gvs_397e6764dd8a7cc6,Machine,Machine Outdoor Air Walking,,UNRESOLVED,하체,weight_reps,
gvs_a064ff37f50e69bf,Machine,Machine Outdoor Seated Chest Press,,UNRESOLVED,가슴,weight_reps,
gvs_cffbfc213e337c19,Machine,Machine Outdoor Seated Lat Pulldown,,UNRESOLVED,등,weight_reps,
gvs_53277e48af79a56a,Machine,Machine Outdoor Seated Leg Press,,UNRESOLVED,하체,weight_reps,
gvs_3e27e086d43968a4,Machine,Machine Outdoor Side Surf,,UNRESOLVED,코어,weight_reps,
gvs_4257111c6203a35e,Machine,Machine Overhead Triceps Extension,머신 오버헤드 트라이셉 익스텐션,EXISTING_DRAFT,팔,weight_reps,
gvs_3d5b457968ab2e5d,Machine,Machine Parallel Chest Press,머신 패러럴 체스트 프레스,NEW_HIGH_CONFIDENCE_DRAFT,가슴,weight_reps,
gvs_70208f7ba351747b,Machine,Machine Pec Deck Fly,,UNRESOLVED,가슴,weight_reps,
gvs_0fb9a8bfdcfedd9f,Machine,Machine Pendulum Squat (Plate Loaded),,UNRESOLVED,하체,weight_reps,
gvs_287c5ae1012179c1,Machine,Machine Preacher Curl,머신 프리처 컬,EXISTING_DRAFT,팔,weight_reps,
gvs_114928d1db5e7085,Machine,Machine Preacher Curl (Plate Loaded),머신 프리처 컬 플레이트 로드,NEW_HIGH_CONFIDENCE_DRAFT,팔,weight_reps,
gvs_bf99d87e0b5d24e4,Machine,Machine Preacher Curl (Turned Torso),,UNRESOLVED,팔,weight_reps,
gvs_257585783a63c016,Machine,Machine Pronated Grip Seated Row (Plate Loaded),,UNRESOLVED,등,weight_reps,
gvs_cae58a8b6c08876b,Machine,Machine Pronated Grip Seated Scapular Retraction Shr,,UNRESOLVED,,weight_reps,
gvs_c8adc0a46c01a106,Machine,Machine Pullover (Plate Loaded),머신 풀오버 플레이트 로드,NEW_HIGH_CONFIDENCE_DRAFT,등,weight_reps,
gvs_0346e4281800fea2,Machine,Machine Push Up,머신 푸시업,EXISTING_DRAFT,가슴,weight_reps,
gvs_6dc363121a552838,Machine,Machine Push Up With Towels,,UNRESOLVED,가슴,weight_reps,
gvs_b39bdd09268ab875,Machine,Machine Rear Foot Elevated Split Squat (Plate Loade,,UNRESOLVED,하체,weight_reps,
gvs_001b9f6639088ae8,Machine,Machine Reverse Grip High Row (Plate Loaded),머신 리버스 그립 하이 로우 플레이트 로드,NEW_HIGH_CONFIDENCE_DRAFT,등,weight_reps,
gvs_5e1128c963d566c5,Machine,Machine Reverse Grip Lateral Pulldown (Plate Loaded),,UNRESOLVED,등,weight_reps,
gvs_28f99fcea92c9f5c,Machine,Machine Reverse Hyperextension (Plate Loaded),,UNRESOLVED,하체,weight_reps,
gvs_ce5b83900c68302e,Machine,Machine Reverse Seated Shoulder Press,머신 리버스 시티드 숄더 프레스,EXISTING_DRAFT,어깨,weight_reps,
gvs_5df8e918bb77b642,Machine,Machine Reverse T Bar Row,,UNRESOLVED,등,weight_reps,
gvs_16e9d91c22d29716,Machine,Machine Reverse Vertical Hack Squat,,UNRESOLVED,하체,weight_reps,
gvs_8cf198d8b2f04f32,Machine,Machine Romanian Deadlift (Plate Loaded),머신 루마니안 데드리프트 플레이트 로드,NEW_HIGH_CONFIDENCE_DRAFT,하체,weight_reps,
gvs_e89f65631372677b,Machine,Machine Rotary Calf,,UNRESOLVED,하체,weight_reps,
gvs_70fe04ce13ddb344,Machine,Machine Row (Plate Loaded),머신 로우 플레이트 로드,NEW_HIGH_CONFIDENCE_DRAFT,등,weight_reps,
gvs_f6143b16b2921dfc,Machine,Machine Seated Bent Over Rear Delt Fly,머신 시티드 벤트오버 리어 델트 플라이,NEW_HIGH_CONFIDENCE_DRAFT,어깨,weight_reps,
gvs_ad9dce9c9b1c3e0c,Machine,Machine Seated Calf Press,머신 시티드 카프 프레스,NEW_HIGH_CONFIDENCE_DRAFT,하체,weight_reps,
gvs_c079234e38d364ce,Machine,Machine Seated Calf Raise (Plate Loaded),머신 시티드 카프 레이즈 플레이트 로드,NEW_HIGH_CONFIDENCE_DRAFT,하체,weight_reps,
gvs_079e71dbce84e353,Machine,Machine Seated Crunch,머신 시티드 크런치,EXISTING_DRAFT,코어,weight_reps,
gvs_7e4546271cbe17c7,Machine,Machine Seated Crunch (Chest Pad),,UNRESOLVED,코어,weight_reps,
gvs_583bf1aae18d5140,Machine,Machine Seated Crunch (Hands Pad),,UNRESOLVED,코어,weight_reps,
gvs_570aaf11cdae970d,Machine,Machine Seated Dip,머신 시티드 딥스,EXISTING_DRAFT,팔,weight_reps,
gvs_37718aeb590c65fb,Machine,Machine Seated Fly,머신 시티드 플라이,NEW_HIGH_CONFIDENCE_DRAFT,가슴,weight_reps,
gvs_a3228d7ab1a619d8,Machine,Machine Seated Hammer Grip Shoulder Press,,UNRESOLVED,어깨,weight_reps,
gvs_07ca73218d1adfa9,Machine,Machine Seated Hip Abduction,머신 시티드 힙 어브덕션,EXISTING_DRAFT,하체,weight_reps,
gvs_fb06f2ddd4a436f5,Machine,Machine Seated Hip Adduction,머신 시티드 힙 어덕션,EXISTING_DRAFT,하체,weight_reps,
gvs_56ea108fdb0bb3a7,Machine,Machine Seated Leg Curl,머신 시티드 레그 컬,EXISTING_DRAFT,하체,weight_reps,
gvs_3f7536f132b6bc91,Machine,Machine Seated Leg Curl (Plate Loaded),머신 시티드 레그 컬 플레이트 로드,NEW_HIGH_CONFIDENCE_DRAFT,하체,weight_reps,
gvs_ab1c890298cbaae8,Machine,Machine Seated Leg Extension,머신 시티드 레그 익스텐션,EXISTING_DRAFT,하체,weight_reps,
gvs_aff57cafe566d267,Machine,Machine Seated Leg Press,머신 시티드 레그 프레스,EXISTING_DRAFT,하체,weight_reps,
gvs_c87e614e3050a29c,Machine,Machine Seated Leg Raise Crunch (Plate Loaded),,UNRESOLVED,코어,weight_reps,
gvs_d023c3e7a9e906e7,Machine,Machine Seated Neutral Grip Reverse Fly,머신 시티드 뉴트럴 그립 리버스 플라이,EXISTING_DRAFT,어깨,weight_reps,
gvs_6f080ab6ec44a9fc,Machine,Machine Seated Reverse Fly,머신 시티드 리버스 플라이,EXISTING_DRAFT,어깨,weight_reps,
gvs_eb9fd2b2b0b4ed7c,Machine,Machine Seated Reverse Fly (Parallel Grip),,UNRESOLVED,어깨,weight_reps,
gvs_e95ed9a7451d140f,Machine,Machine Seated Row,머신 시티드 로우,EXISTING_DRAFT,등,weight_reps,
gvs_98564e5fdc48c577,Machine,Machine Seated Row (Plate Loaded),머신 시티드 로우 플레이트 로드,NEW_HIGH_CONFIDENCE_DRAFT,등,weight_reps,
gvs_310e0035198cdfa1,Machine,Machine Seated Shoulder Press,머신 시티드 숄더 프레스,EXISTING_DRAFT,어깨,weight_reps,
gvs_e0eddff9c13ccf61,Machine,Machine Seated Single Arm Row,머신 시티드 원암 로우,EXISTING_DRAFT,등,weight_reps,
gvs_f0834095ad10e6cd,Machine,Machine Seated Single Arm Shoulder Press,머신 시티드 원암 숄더 프레스,EXISTING_DRAFT,어깨,weight_reps,
gvs_a8fce16f11cead87,Machine,Machine Seated Single Arm Wide Lat Pulldown B,,UNRESOLVED,등,weight_reps,
gvs_9f75def09bd2b6fe,Machine,Machine Seated Single Calf Press,,UNRESOLVED,하체,weight_reps,
gvs_29febce27856b32c,Machine,Machine Seated Single Leg Curl,머신 시티드 싱글 레그 컬,NEW_HIGH_CONFIDENCE_DRAFT,하체,weight_reps,
gvs_492fe8611821bbd1,Machine,Machine Seated Single Leg Press,머신 시티드 싱글 레그 프레스,NEW_HIGH_CONFIDENCE_DRAFT,하체,weight_reps,
gvs_7c2a8151b4d62bed,Machine,Machine Seated Single Leg Squat Calf Raise On Leg Press Machine,,UNRESOLVED,하체,weight_reps,
gvs_8f7fec3541a3c881,Machine,Machine Seated Squat Calf Raise On Leg Press Machine,,UNRESOLVED,하체,weight_reps,
gvs_2835c9808c20a58e,Machine,Machine Seated Toe Raise,,UNRESOLVED,하체,weight_reps,
gvs_113f2135449b8241,Machine,Machine Seated Triceps Extension (Plate Loaded),머신 시티드 트라이셉 익스텐션 플레이트 로드,NEW_HIGH_CONFIDENCE_DRAFT,팔,weight_reps,
gvs_11ea3ab4df4dda7a,Machine,Machine Seated Twist,머신 시티드 트위스트,NEW_HIGH_CONFIDENCE_DRAFT,코어,weight_reps,
gvs_f92833759ca2c7f1,Machine,Machine Seated Wide Lat Pulldown,,UNRESOLVED,등,weight_reps,
gvs_3a4acc676bcf2c17,Machine,Machine Seated Wide Pulldown (Plate Loaded) B,,UNRESOLVED,등,weight_reps,
gvs_0700441ec9826fe6,Machine,Machine Shoulder Press (Plate Loaded),머신 숄더 프레스 플레이트 로드,NEW_HIGH_CONFIDENCE_DRAFT,어깨,weight_reps,
gvs_5f28b78f7b54ddaf,Machine,Machine Shrug (Plate Loaded),머신 슈러그 플레이트 로드,NEW_HIGH_CONFIDENCE_DRAFT,등,weight_reps,
gvs_f452c61623c4a89c,Machine,Machine Side Hip Abduction,머신 사이드 힙 어브덕션,EXISTING_DRAFT,하체,weight_reps,
gvs_f0a63d0f53de5ddf,Machine,Machine Side Seated Single Arm Rear Delt Fly,머신 사이드 시티드 원암 리어 델트 플라이,NEW_REVIEW_DRAFT,가슴,weight_reps,BODY_MUSCLE_FAMILY_CONFLICT
gvs_4a270e432a19a0a3,Machine,Machine Single Arm Chest Press (Plate Loaded),머신 원암 체스트 프레스 플레이트 로드,NEW_HIGH_CONFIDENCE_DRAFT,가슴,weight_reps,
gvs_8fb725a1821b7e35,Machine,Machine Single Arm Incline Chest Press (Plate Loaded),머신 원암 인클라인 체스트 프레스 플레이트 로드,NEW_HIGH_CONFIDENCE_DRAFT,가슴,weight_reps,
gvs_18071cd0570beb9e,Machine,Machine Single Arm Lateral High Row,,UNRESOLVED,등,weight_reps,
gvs_8027d44ebd861ffc,Machine,Machine Single Arm Lateral Wide Pulldown (Plate Loaded),,UNRESOLVED,등,weight_reps,
gvs_08b0ac458205e659,Machine,Machine Single Arm Low Row (Plate Loaded),머신 원암 로우 로우 플레이트 로드,NEW_HIGH_CONFIDENCE_DRAFT,등,weight_reps,
gvs_0f3dc0841858e1f2,Machine,Machine Single Arm Neutral Grip Seated Row (Plate Lo,,UNRESOLVED,등,weight_reps,
gvs_05a547a8ca41326a,Machine,Machine Single Arm Reverse Grip High Row (Plate Load,,UNRESOLVED,등,weight_reps,
gvs_a68ddc98b36a217e,Machine,Machine Single Arm Shoulder Press (Plate Loaded),머신 원암 숄더 프레스 플레이트 로드,NEW_HIGH_CONFIDENCE_DRAFT,어깨,weight_reps,
gvs_d631315cdec92cda,Machine,Machine Single Arm Shoulder Press (Plate Loaded) (Ve,,UNRESOLVED,어깨,weight_reps,
gvs_2c62046382feb8bb,Machine,Machine Single Leg Deadlift On Hack Squat Machine,,UNRESOLVED,하체,weight_reps,
gvs_f4de947bfbda05eb,Machine,Machine Single Leg Extension,,UNRESOLVED,하체,weight_reps,
gvs_04f22789295974b5,Machine,Machine Single Leg Extension (Plate Loaded),,UNRESOLVED,하체,weight_reps,
gvs_7a79f14654773b94,Machine,Machine Squat (Plate Loaded),머신 스쿼트 플레이트 로드,NEW_HIGH_CONFIDENCE_DRAFT,하체,weight_reps,
gvs_32378f7d22951985,Machine,Machine Standing Calf Raise,머신 스탠딩 카프 레이즈,EXISTING_DRAFT,하체,weight_reps,
gvs_09755d77939eae27,Machine,Machine Standing Hip Extension,머신 스탠딩 힙 익스텐션,NEW_HIGH_CONFIDENCE_DRAFT,하체,weight_reps,
gvs_1ca25ea2e72e2ec4,Machine,Machine Standing Lateral Raise,머신 스탠딩 레터럴 레이즈,EXISTING_DRAFT,어깨,weight_reps,
gvs_dbbcf37fd4aceb8f,Machine,Machine Standing Pec Fly,,UNRESOLVED,가슴,weight_reps,
gvs_18eabf4c79be7b52,Machine,Machine Standing Rear Kick,,UNRESOLVED,하체,weight_reps,
gvs_ceed9329a4ec1b71,Machine,Machine Standing Single Leg Curl (Plate Loaded),머신 스탠딩 싱글 레그 컬 플레이트 로드,NEW_HIGH_CONFIDENCE_DRAFT,하체,weight_reps,
gvs_eca7654d017455d1,Machine,Machine Standing Viking Press,,UNRESOLVED,어깨,weight_reps,
gvs_5adcb6213f51d495,Machine,Machine Supinated Grip Seated Row (Plate Loaded),,UNRESOLVED,등,weight_reps,
gvs_5a30b343f8a3b5a3,Machine,Machine T Bar Row (Plate Loaded),,UNRESOLVED,등,weight_reps,
gvs_eef4ae6983a3b9a1,Machine,Machine Total Abdominal Crunch,,UNRESOLVED,코어,weight_reps,
gvs_9a7a7e67b24155d7,Machine,Machine Triceps Dip (Plate Loaded),,UNRESOLVED,팔,weight_reps,
gvs_4037ce2841f272ce,Machine,Machine Triceps Extension,머신 트라이셉 익스텐션,EXISTING_DRAFT,팔,weight_reps,
gvs_22f30b8e17746c38,Machine,Machine Trunk Rotation,,UNRESOLVED,코어,weight_reps,
gvs_03a6aa965d53bb24,Machine,Machine Unilateral Row,,UNRESOLVED,등,weight_reps,
gvs_5d7e0955c7e06da1,Machine,Machine Vertical Leg Press,,UNRESOLVED,하체,weight_reps,
gvs_d178f17d2e4c72bd,Machine,Machine Vertical Squat,,UNRESOLVED,하체,weight_reps,
gvs_faf396e0744b2d22,Barbell,Olympic Barbell Hammer Curl,올림픽 바벨 해머 컬,NEW_HIGH_CONFIDENCE_DRAFT,팔,weight_reps,
gvs_57d1eef1efe6df31,Barbell,Olympic Barbell Triceps Extension,올림픽 바벨 트라이셉 익스텐션,NEW_HIGH_CONFIDENCE_DRAFT,팔,weight_reps,
gvs_6b65a3ef1067d26f,Weight Plate,Plate Pinch,,UNRESOLVED,팔,weight_reps,
gvs_38e6f34b064ae98b,Sled,Power Sled Backward Push,,UNRESOLVED,하체,weight_reps,
gvs_ef0a518e0517fc10,Sled,Power Sled Drag,,UNRESOLVED,,weight_reps,
gvs_6bce2981a2701281,Sled,Power Sled Pull Row,,UNRESOLVED,등,weight_reps,
gvs_4cc1bdbed3798fc8,Sled,Power Sled Push,,UNRESOLVED,하체,weight_reps,
gvs_df76ee89677236f1,Sled,Power Sled Rear Drag,,UNRESOLVED,하체,weight_reps,
gvs_54b09dddbc51f161,Cable,Resistance Band High Pulley Overhead Triceps Extension,,UNRESOLVED,팔,weight_reps,
gvs_ecf3890b9a886713,Machine,Reverse Grip Machine Lat Pulldown,리버스 그립 머신 랫 풀다운,EXISTING_DRAFT,등,weight_reps,
gvs_315b261a7822189c,Machine,Ring Back Lever,,UNRESOLVED,코어,weight_reps,
gvs_7c0bac0512626d21,Machine,Ring Front Lever,,UNRESOLVED,코어,weight_reps,
gvs_bbcf9aa8699b7d7a,Dumbbell,Single Arm Overhead Dumbbell Squat,원암 오버헤드 덤벨 스쿼트,EXISTING_DRAFT,하체,weight_reps,
gvs_b0e8609e7c98143c,Sled,Sled 45 Calf Press,,UNRESOLVED,하체,weight_reps,
gvs_531d1db170c3c3b9,Sled,Sled 45 Degree Leg Press,,UNRESOLVED,하체,weight_reps,
gvs_e1b8b955345606f5,Sled,Sled 45 Degree Narrow Stance Leg Press,,UNRESOLVED,하체,weight_reps,
gvs_b0772e4e5b9bcebc,Sled,Sled 45 Degree Single Leg Press,,UNRESOLVED,하체,weight_reps,
gvs_372d8ff91fd20611,Sled,Sled 45 Degree Wide Stance Leg Press,,UNRESOLVED,하체,weight_reps,
gvs_e9393e81388a1091,Sled,Sled 45 Leg Wide Press,,UNRESOLVED,하체,weight_reps,
gvs_b2af11055ec33569,Sled,Sled Angled Single Leg Press,,UNRESOLVED,하체,weight_reps,
gvs_5d81f19ee6760a14,Sled,Sled Backward Angled Calf Raise,,UNRESOLVED,하체,weight_reps,
gvs_7c0840c57e3c1bd1,Sled,Sled Calf Press On Leg Press,,UNRESOLVED,하체,weight_reps,
gvs_bc2660499c2f67b5,Sled,Sled Full Hack Squat,,UNRESOLVED,하체,weight_reps,
gvs_768f3437bb553b1f,Sled,Sled Glute Dominant Leg Press,,UNRESOLVED,하체,weight_reps,
gvs_379888be29fc3d58,Sled,Sled Hack Squat,,UNRESOLVED,하체,weight_reps,
gvs_2ed90e58b348c042,Sled,Sled Lying Squat,,UNRESOLVED,하체,weight_reps,
gvs_c7ac7c165ce69990,Sled,Sled Reverse Hack Squat,,UNRESOLVED,하체,weight_reps,
gvs_17face2958c6b731,Sled,Sled Side Leg Press,,UNRESOLVED,하체,weight_reps,
gvs_1fc1ac87a77f1447,Sled,Sled Single Leg Hack Squat,,UNRESOLVED,하체,weight_reps,
gvs_e34ee01740720a37,Sled,Sled Wide Hack Squat,,UNRESOLVED,하체,weight_reps,
gvs_7e7c29bc10f9e192,Smith Machine,Smith Back Shrug,,UNRESOLVED,등,weight_reps,
gvs_69bc9c75fe6d856d,Smith Machine,Smith Back Wide Shrug,,UNRESOLVED,등,weight_reps,
gvs_805695309fc569e2,Smith Machine,Smith Behind Neck Press,,UNRESOLVED,어깨,weight_reps,
gvs_6df8810df12f0f79,Smith Machine,Smith Bench Press,,UNRESOLVED,가슴,weight_reps,
gvs_cca6832ba178f853,Smith Machine,Smith Bent Knee Good Morning,,UNRESOLVED,하체,weight_reps,
gvs_385a78a6fd80b960,Smith Machine,Smith Bent Over Pronated Grip Row,,UNRESOLVED,등,weight_reps,
gvs_3d8a8144905f4176,Smith Machine,Smith Bent Over Row,,UNRESOLVED,등,weight_reps,
gvs_a5d858153add32cd,Smith Machine,Smith Bicep Curl,,UNRESOLVED,팔,weight_reps,
gvs_4d9afa65eea8f111,Smith Machine,Smith Calf Raise,,UNRESOLVED,하체,weight_reps,
gvs_33a8233136b7df39,Smith Machine,Smith Chair Squat,,UNRESOLVED,하체,weight_reps,
gvs_a95ca5a4f85f0b16,Smith Machine,Smith Close Grip Bench Press,,UNRESOLVED,팔,weight_reps,BODY_MUSCLE_FAMILY_CONFLICT
gvs_630b59ef49f54377,Smith Machine,Smith Close Grip Bench Press Upper Arms,,UNRESOLVED,가슴,weight_reps,
gvs_bce32b26e7238698,Smith Machine,Smith Curtsey Lunge,,UNRESOLVED,하체,weight_reps,
gvs_f018e6913384e649,Smith Machine,Smith Deadlift,,UNRESOLVED,하체,weight_reps,
gvs_517a94afc4916667,Smith Machine,Smith Decline Bench Press,,UNRESOLVED,가슴,weight_reps,
gvs_69e6766d13a6d6b5,Smith Machine,Smith Decline Close Grip Bench Press,,UNRESOLVED,팔,weight_reps,BODY_MUSCLE_FAMILY_CONFLICT
gvs_91ccafffb5cf1287,Smith Machine,Smith Donkey Kick,,UNRESOLVED,하체,weight_reps,
gvs_511f991551e7d1f9,Smith Machine,Smith Elevated Split Squat,,UNRESOLVED,하체,weight_reps,
gvs_3750fd98a47fe372,Smith Machine,Smith Frog Hip Thrust,,UNRESOLVED,하체,weight_reps,
gvs_329b57e3be23a483,Smith Machine,Smith Front Leg Elevated Split Squat,,UNRESOLVED,하체,weight_reps,
gvs_7f198b0e174210f4,Smith Machine,Smith Front Squat,,UNRESOLVED,하체,weight_reps,
gvs_d0d3db50eafd39da,Smith Machine,Smith Front Squat (Clean Grip),,UNRESOLVED,하체,weight_reps,
gvs_5fc2a2ad3f5f6301,Smith Machine,Smith Full Squat,,UNRESOLVED,하체,weight_reps,
gvs_ef329e7b177b7abb,Smith Machine,Smith Hack Squat,,UNRESOLVED,하체,weight_reps,
gvs_6001d59c06043dfe,Smith Machine,Smith Hang Clean,,UNRESOLVED,,weight_reps,
gvs_62a447b1bba68aa1,Smith Machine,Smith Hex Press,,UNRESOLVED,가슴,weight_reps,
gvs_8ba3b164b265dc72,Smith Machine,Smith High Pull,,UNRESOLVED,어깨,weight_reps,
gvs_f23810d6884fd87c,Smith Machine,Smith Hip Raise,,UNRESOLVED,코어,weight_reps,
gvs_2b98c797e2b5f4bf,Smith Machine,Smith Hip Thrust,,UNRESOLVED,하체,weight_reps,
gvs_e37c008448a276b2,Smith Machine,Smith Incline Bench Press,,UNRESOLVED,가슴,weight_reps,
gvs_c36560a0d4dc0b26,Smith Machine,Smith Jm Bench Press,,UNRESOLVED,팔,weight_reps,BODY_MUSCLE_FAMILY_CONFLICT
gvs_c45bcae24bba2dc4,Smith Machine,Smith Kneeling Hip Thrust,,UNRESOLVED,하체,weight_reps,
gvs_29db639693bd70b8,Smith Machine,Smith Kneeling Rear Kick,,UNRESOLVED,하체,weight_reps,
gvs_08af762a3d4be84c,Smith Machine,Smith Lateral Step Up,,UNRESOLVED,하체,weight_reps,
gvs_4cff5643cf1d9003,Smith Machine,Smith Leg Press,,UNRESOLVED,하체,weight_reps,
gvs_f3878919d658fde1,Smith Machine,Smith Low Bar Squat,,UNRESOLVED,하체,weight_reps,
gvs_da557a687bea23ce,Smith Machine,Smith Machine Bicep Curl,,UNRESOLVED,팔,weight_reps,
gvs_6aa368f5b62f7941,Smith Machine,Smith Machine Incline Tricep Extension,,UNRESOLVED,팔,weight_reps,
gvs_373384e85d2c3d92,Smith Machine,Smith Narrow Row,,UNRESOLVED,등,weight_reps,
gvs_421bc25ad7c68c4c,Smith Machine,Smith Reverse Calf Raises,,UNRESOLVED,하체,weight_reps,
gvs_77621f8c46ff652a,Smith Machine,Smith Reverse Hyperextension,,UNRESOLVED,하체,weight_reps,
gvs_52669e59cc1003b9,Smith Machine,Smith Reverse Lunge,,UNRESOLVED,하체,weight_reps,
gvs_2b03759e1e2ebe04,Smith Machine,Smith Reverse Lunge From Deficite,,UNRESOLVED,하체,weight_reps,
gvs_d90bdba31d9b60eb,Smith Machine,Smith Seated Calf Raise,,UNRESOLVED,하체,weight_reps,
gvs_86df378c2b0a660a,Smith Machine,Smith Seated Shoulder Press,,UNRESOLVED,어깨,weight_reps,
gvs_8c24f7be6d42d124,Smith Machine,Smith Shoulder Press,,UNRESOLVED,어깨,weight_reps,
gvs_234a93755bcac835,Smith Machine,Smith Shrug,,UNRESOLVED,등,weight_reps,
gvs_056bfdc4dc01a3a2,Smith Machine,Smith Single Arm Bent Over Row,,UNRESOLVED,등,weight_reps,
gvs_0afce1307bd89a02,Smith Machine,Smith Single Leg Chair Squat,,UNRESOLVED,하체,weight_reps,
gvs_331691cb213cd763,Smith Machine,Smith Single Leg Deadlift,,UNRESOLVED,하체,weight_reps,
gvs_2e6bef8385ce70fb,Smith Machine,Smith Single Leg Floor Calf Raise,,UNRESOLVED,하체,weight_reps,
gvs_92872f8bf01a17fb,Smith Machine,Smith Single Leg Split Squat,,UNRESOLVED,하체,weight_reps,
gvs_7681c2b9ed17c759,Smith Machine,Smith Split Squat,,UNRESOLVED,하체,weight_reps,
gvs_6b951dbb1ebec98b,Smith Machine,Smith Squat,,UNRESOLVED,하체,weight_reps,
gvs_48feedb634d651f8,Smith Machine,Smith Squat To Bench,,UNRESOLVED,하체,weight_reps,
gvs_71a9a4c3b40ac4a3,Smith Machine,Smith Staggered Stance Romanian Deadlift,,UNRESOLVED,하체,weight_reps,
gvs_07dae8c17c57791d,Smith Machine,Smith Standing Leg Calf Raise,,UNRESOLVED,하체,weight_reps,
gvs_b4b2c5f7915a7017,Smith Machine,Smith Standing Military Press,,UNRESOLVED,어깨,weight_reps,
gvs_9695beb681a383a0,Smith Machine,Smith Standing Shoulder Press,,UNRESOLVED,어깨,weight_reps,
gvs_39a688ad59862da1,Smith Machine,Smith Stiff Legged Deadlift,,UNRESOLVED,하체,weight_reps,
gvs_25776d967d39ed28,Smith Machine,Smith Sumo Chair Squat,,UNRESOLVED,하체,weight_reps,
gvs_586cd6b1b4c5d5f5,Smith Machine,Smith Sumo Deadlift,,UNRESOLVED,하체,weight_reps,
gvs_ed2c11c9fc093015,Smith Machine,Smith Sumo Squat,,UNRESOLVED,하체,weight_reps,
gvs_8cb4d483370b9093,Smith Machine,Smith Upright Row,,UNRESOLVED,어깨,weight_reps,BODY_MUSCLE_FAMILY_CONFLICT
gvs_62069a709e525dbe,Smith Machine,Smith Wide Shrug,,UNRESOLVED,등,weight_reps,
gvs_7abbee14df4623fe,Weight Plate,Standing Plate Press,,UNRESOLVED,가슴,weight_reps,
gvs_595a45af060ac6cf,Trap Bar,Trap Bar Bent Over Row,트랩바 벤트오버 로우,EXISTING_DRAFT,등,weight_reps,
gvs_f1c5120671b323c0,Trap Bar,Trap Bar Deadlift,트랩바 데드리프트,EXISTING_DRAFT,하체,weight_reps,
gvs_82485d8243de250c,Trap Bar,Trap Bar Overhead Press,트랩바 오버헤드 프레스,EXISTING_DRAFT,어깨,weight_reps,
gvs_c13e5bc4ed129442,Trap Bar,Trap Bar Squat,트랩바 스쿼트,EXISTING_DRAFT,하체,weight_reps,
gvs_c462e634004b2f72,Trap Bar,Trap Bar Standing Shrug,트랩바 스탠딩 슈러그,EXISTING_DRAFT,등,weight_reps,
gvs_16bc77a6fc7f939c,Dumbbell,Weighted Dumbbell Lying Flat Hip Raise,,UNRESOLVED,코어,weight_reps,
gvs_157057b262de73a0,Dumbbell,Weighted Dumbbell Lying Knee Raise,웨이티드 덤벨 라잉 니 레이즈,NEW_REVIEW_DRAFT,하체,weight_reps,BODY_MUSCLE_FAMILY_CONFLICT
gvs_9284467b51a112db,Dumbbell,Weighted Dumbbell Straight Leg Diagonal Kickback,,UNRESOLVED,하체,weight_reps,
gvs_4542eee96c3e20f5,Dumbbell,Weighted Dumbbell Table Top Bridge,,UNRESOLVED,하체,weight_reps,
gvs_b5190239beb614cd,Kettlebell,Weighted Kettlebell Dead Bug,,UNRESOLVED,코어,weight_reps,
gvs_4099f25fd33043bf,Kettlebell,Weighted Kettlebell Glute Single Leg Bridge From B,,UNRESOLVED,하체,weight_reps,
gvs_9db3f2c23bcbce64,Weight Plate,Weighted Plate Bent Over Row,,UNRESOLVED,등,weight_reps,
gvs_adce4ba18d7f7749,Weight Plate,Weighted Plate Cossack Squat,,UNRESOLVED,하체,weight_reps,
gvs_275389ce94cdaab8,Weight Plate,Weighted Plate Decline Chest Press,,UNRESOLVED,가슴,weight_reps,
gvs_54aaf198c315023e,Weight Plate,Weighted Plate Incline Triceps Extension,,UNRESOLVED,팔,weight_reps,
gvs_80c1ea3e375c8a34,Weight Plate,Weighted Plate Lying Crunch,,UNRESOLVED,코어,weight_reps,
gvs_9020d412e433ff84,Weight Plate,Weighted Plate Pullover,,UNRESOLVED,등,weight_reps,
gvs_c537f0d93c70c8cd,Weight Plate,Weighted Plate Push Up,,UNRESOLVED,가슴,weight_reps,
gvs_9046bf3fbebb15b7,Weight Plate,Weighted Plate Stagged Stance Romanian Deadlift,,UNRESOLVED,하체,weight_reps,
gvs_18204cad702b5ef5,Weight Plate,Weighted Plate Standing Around The World,,UNRESOLVED,,weight_reps,
gvs_3ab8803cc4378c6a,Weight Plate,Weighted Plate Standing Biceps Curl,,UNRESOLVED,팔,weight_reps,
gvs_38bc444a77751240,Weight Plate,Weighted Plate Standing Front Raise Drive S,,UNRESOLVED,어깨,weight_reps,
gvs_0994fd6d17892aed,Weight Plate,Weighted Plate Standing Hands Torsion,,UNRESOLVED,팔,weight_reps,
gvs_fe35df78933964fa,Weight Plate,Weighted Plate Standing Lateral Raise,,UNRESOLVED,어깨,weight_reps,
gvs_6cd5941064ae068e,Weight Plate,Weighted Plate Standing Overhead Press,,UNRESOLVED,어깨,weight_reps,
gvs_e957d591449acf9d,Weight Plate,Weighted Plate Tibialis Anterior Curl,,UNRESOLVED,하체,weight_reps,
gvs_81c2737993056869,Weight Plate,Weighted Seated Plate Driver,,UNRESOLVED,어깨,weight_reps,
