working_id,source_candidate_ids,source_name_variants,name_en_normalized,name_ko_draft,name_ko_status,vendor_body_tags,catalog_status,catalog_reason,equipment,equipment_confidence,body_part_ko,body_confidence,primary_muscles_ko,secondary_muscles_ko,muscle_confidence,recording_type,recording_confidence,source_recording_candidates,semantic_flags,source_media_count,male_source_count,female_source_count,qa_status
gvs_e891a3014c26ce65,gvc_403b742e91d2,Dumbbell One Arm Snatch,Dumbbell Single Arm Snatch,,MANUAL,Weightlifting,MVP_CANDIDATE,Resistance/strength candidate,Dumbbell,source,,unknown,,,unsupported,weight_reps,equipment,weight_reps,,2,1,1,MANUAL_QA_REQUIRED
gvs_e4789da174679629,gvc_77c5804baa50,Dumbbell Single Arm Starfish Crunch (beginner) (ma,Dumbbell Single Arm Starfish Crunch (Beginner),,MANUAL,,MVP_CANDIDATE,Resistance/strength candidate,Dumbbell,source,코어,name,복직근,,name_high,weight_reps,equipment,weight_reps,,1,1,0,MANUAL_QA_REQUIRED
gvs_7c244e5534d4db41,gvc_1139ade5a8d9,Dumbbell One Arm Swing,Dumbbell Single Arm Swing,,MANUAL,Weightlifting,MVP_CANDIDATE,Resistance/strength candidate,Dumbbell,source,,unknown,,,unsupported,weight_reps,equipment,weight_reps,,1,1,0,MANUAL_QA_REQUIRED
gvs_65da64d19e306e4d,gvc_718f810b460b,Dumbbell One Arm Triceps Extension,Dumbbell Single Arm Triceps Extension,덤벨 원암 트라이셉 익스텐션,AUTO_PHRASE_DRAFT,Upper-Arms,MVP_CANDIDATE,Resistance/strength candidate,Dumbbell,source,팔,source,삼두근,,name_high,weight_reps,equipment,weight_reps,,1,0,1,AUTO_DRAFT_COMPLETE
gvs_053c2c0623e35c70,gvc_ebc8998a6203,Dumbbell One Arm Triceps Extension (on Bench),Dumbbell Single Arm Triceps Extension (On Bench),,MANUAL,Upper-Arms,MVP_CANDIDATE,Resistance/strength candidate,Dumbbell,source,팔,source,삼두근,,name_high,weight_reps,equipment,weight_reps,,2,1,1,MANUAL_QA_REQUIRED
gvs_418c8e95de826d89,gvc_7f6b0ceb8952,Dumbbell Single Arm Underhand Front Raise,Dumbbell Single Arm Underhand Front Raise,,MANUAL,Shoulders,MVP_CANDIDATE,Resistance/strength candidate,Dumbbell,source,어깨,source,전면 삼각근,,name_high,weight_reps,equipment,weight_reps,,1,1,0,MANUAL_QA_REQUIRED
gvs_73257b3ccb2a693e,gvc_0e3930006f68,Dumbbell One Arm Upright Row,Dumbbell Single Arm Upright Row,덤벨 원암 업라이트 로우,AUTO_PHRASE_DRAFT,Shoulders,MVP_CANDIDATE,Resistance/strength candidate,Dumbbell,source,어깨,source,등 상부 / 광배근,이두근,name_high,weight_reps,equipment,weight_reps,BODY_MUSCLE_FAMILY_CONFLICT,1,1,0,MANUAL_QA_REQUIRED
gvs_2f9b643691bc60a0,gvc_f3467fa70c5d,Dumbbell One Arm Wide Grip Bench Press,Dumbbell Single Arm Wide Grip Bench Press,덤벨 원암 와이드 그립 벤치프레스,AUTO_PHRASE_DRAFT,Chest,MVP_CANDIDATE,Resistance/strength candidate,Dumbbell,source,가슴,source,대흉근,삼두근 / 전면 삼각근,name_high,weight_reps,equipment,weight_reps,,1,1,0,AUTO_DRAFT_COMPLETE
gvs_d88aa8dd4823d7dd,gvc_1e1fc544c8d7,Dumbbell One Arm Wrist Curl,Dumbbell Single Arm Wrist Curl,덤벨 원암 리스트 컬,AUTO_PHRASE_DRAFT,Forearms,MVP_CANDIDATE,Resistance/strength candidate,Dumbbell,source,팔,source,,,unsupported,weight_reps,equipment,weight_reps,,2,1,1,AUTO_DRAFT_COMPLETE
gvs_ee4059bcbfb0038e,gvc_e30187207c3a,Dumbbell One Arm Zottman Preacher Curl,Dumbbell Single Arm Zottman Preacher Curl,,MANUAL,Upper-Arms,MVP_CANDIDATE,Resistance/strength candidate,Dumbbell,source,팔,source,이두근,,name_high,weight_reps,equipment,weight_reps,,2,1,1,MANUAL_QA_REQUIRED
gvs_e9f69e15d53b8241,gvc_1b0f0ff552e1,Dumbbell Single Arms Pullover,Dumbbell Single Arms Pullover,,MANUAL,Back,MVP_CANDIDATE,Resistance/strength candidate,Dumbbell,source,등,source,,,unsupported,weight_reps,equipment,weight_reps,,1,1,0,MANUAL_QA_REQUIRED
gvs_e17e93a910d7158d,gvc_4b887800feea;gvc_5ebfc4440405,Dumbbell Single Leg Calf Raise | Dumbbell Single Leg Calf Raise (version 2),Dumbbell Single Leg Calf Raise,덤벨 싱글 레그 카프 레이즈,AUTO_PHRASE_DRAFT,Calves,MVP_CANDIDATE,Resistance/strength candidate,Dumbbell,source,하체,source,종아리,,name_high,weight_reps,equipment,weight_reps,,2,1,1,AUTO_DRAFT_COMPLETE
gvs_e68fb638fc39273e,gvc_a2581556a9d1,Dumbbell Single Leg Calf Raise Calves V2,Dumbbell Single Leg Calf Raise Calves V2,,MANUAL,,MVP_CANDIDATE,Resistance/strength candidate,Dumbbell,source,하체,name,종아리,,name_high,weight_reps,equipment,weight_reps,,1,1,0,MANUAL_QA_REQUIRED
gvs_ebd3e28fe4b7d87f,gvc_c3b00c794992,Dumbbell Single Leg Deadlift,Dumbbell Single Leg Deadlift,덤벨 싱글 레그 데드리프트,AUTO_PHRASE_DRAFT,Hips,MVP_CANDIDATE,Resistance/strength candidate,Dumbbell,source,하체,source,둔근 / 햄스트링,등 / 코어,name_high,weight_reps,equipment,weight_reps,,3,2,1,AUTO_DRAFT_COMPLETE
gvs_f8e7ac1bf107de23,gvc_6e332ee8ea2f,Dumbbell Single Leg Glute Bridge,Dumbbell Single Leg Glute Bridge,덤벨 싱글 레그 글루트 브리지,AUTO_PHRASE_DRAFT,Hips,MVP_CANDIDATE,Resistance/strength candidate,Dumbbell,source,하체,source,둔근,햄스트링,name_high,weight_reps,equipment,weight_reps,,2,1,1,AUTO_DRAFT_COMPLETE
gvs_5571fd5200668fd8,gvc_ad546e3101b4,Dumbbell Single Leg Hip Thrust,Dumbbell Single Leg Hip Thrust,덤벨 싱글 레그 힙 쓰러스트,AUTO_PHRASE_DRAFT,Hips,MVP_CANDIDATE,Resistance/strength candidate,Dumbbell,source,하체,source,둔근,햄스트링,name_high,weight_reps,equipment,weight_reps,,1,1,0,AUTO_DRAFT_COMPLETE
gvs_c5bf400f84366e67,gvc_567214f0b45e,Dumbbell Single Leg Split Squat,Dumbbell Single Leg Split Squat,덤벨 싱글 레그 스플릿 스쿼트,AUTO_PHRASE_DRAFT,Thighs,MVP_CANDIDATE,Resistance/strength candidate,Dumbbell,source,하체,source,대퇴사두근,둔근,name_high,weight_reps,equipment,weight_reps,,1,1,0,AUTO_DRAFT_COMPLETE
gvs_c5e67ab0bc01809a,gvc_a5c0a4956271,Dumbbell Single Leg Split Squat With Low Box,Dumbbell Single Leg Split Squat With Low Box,,MANUAL,Thighs,MVP_CANDIDATE,Resistance/strength candidate,Dumbbell,source,하체,source,대퇴사두근,둔근,name_high,weight_reps,equipment,weight_reps,,1,1,0,MANUAL_QA_REQUIRED
gvs_9221d7278f2df17f,gvc_40c73594932d,Dumbbell Single Leg Split Squat With The Ring,Dumbbell Single Leg Split Squat With The Ring,,MANUAL,Thighs,MVP_CANDIDATE,Resistance/strength candidate,Dumbbell,source,하체,source,대퇴사두근,둔근,name_high,weight_reps,equipment,weight_reps,,1,1,0,MANUAL_QA_REQUIRED
gvs_89b0bf1738625137,gvc_13a3e3a8ebed;gvc_66f8e5a0e7ee,Dumbbell Single Leg Squat | Dumbbell Single Leg Squat (version 2),Dumbbell Single Leg Squat,덤벨 싱글 레그 스쿼트,AUTO_PHRASE_DRAFT,Hips;Thighs,MVP_CANDIDATE,Resistance/strength candidate,Dumbbell,source,하체,source,대퇴사두근,둔근,name_high,weight_reps,equipment,weight_reps,,3,1,2,AUTO_DRAFT_COMPLETE
gvs_4c4b71b3906ba873,gvc_8e992945c124,Dumbbell Single Leg Squat With Support (pistol),Dumbbell Single Leg Squat With Support (Pistol),,MANUAL,Thighs,MVP_CANDIDATE,Resistance/strength candidate,Dumbbell,source,하체,source,대퇴사두근,둔근,name_high,weight_reps,equipment,weight_reps,,1,1,0,MANUAL_QA_REQUIRED
gvs_0049e00ebaaf7c30,gvc_3482fa52d38f,Dumbbell Single Leg Standing Shoulder Press,Dumbbell Single Leg Standing Shoulder Press,덤벨 싱글 레그 스탠딩 숄더 프레스,AUTO_PHRASE_DRAFT,,MVP_CANDIDATE,Resistance/strength candidate,Dumbbell,source,어깨,name,삼각근,삼두근,name_high,weight_reps,equipment,weight_reps,,1,1,0,AUTO_DRAFT_COMPLETE
gvs_9ded435c6a4b191e,gvc_5f32e5cacc3a,Dumbbell Single Leg Step Up,Dumbbell Single Leg Step Up,덤벨 싱글 레그 스텝업,AUTO_PHRASE_DRAFT,Thighs,MVP_CANDIDATE,Resistance/strength candidate,Dumbbell,source,하체,source,대퇴사두근,둔근,name_high,weight_reps,equipment,weight_reps,,2,1,1,AUTO_DRAFT_COMPLETE
gvs_4a286a428c4ef2e0,gvc_58aeae36a3ac,Dumbbell Single Power Clean,Dumbbell Single Power Clean,,MANUAL,Weightlifting,MVP_CANDIDATE,Resistance/strength candidate,Dumbbell,source,,unknown,,,unsupported,weight_reps,equipment,weight_reps,,1,1,0,MANUAL_QA_REQUIRED
gvs_13ca07310fd5bc99,gvc_abc59f12c35e,Dumbbell Single Power Clean And Jerk,Dumbbell Single Power Clean And Jerk,,MANUAL,Weightlifting,MVP_CANDIDATE,Resistance/strength candidate,Dumbbell,source,,unknown,,,unsupported,weight_reps,equipment,weight_reps,,1,1,0,MANUAL_QA_REQUIRED
gvs_57254adbaa6193b3,gvc_cf93d5ca5990,Dumbbell Single Stiff Leg Deadlift,Dumbbell Single Stiff Leg Deadlift,,MANUAL,Hips,MVP_CANDIDATE,Resistance/strength candidate,Dumbbell,source,하체,source,둔근 / 햄스트링,코어,name_high,weight_reps,equipment,weight_reps,,1,0,1,MANUAL_QA_REQUIRED
gvs_c12983f1c5c83029,gvc_2d88ba45a1a4,Dumbbell Sit Up To Press,Dumbbell Sit Up To Press,,MANUAL,Waist,MVP_CANDIDATE,Resistance/strength candidate,Dumbbell,source,코어,source,복직근,,name_high,weight_reps,equipment,weight_reps,,1,1,0,MANUAL_QA_REQUIRED
gvs_f460ff37fb1e9f57,gvc_cb080073cd83,Dumbbell Spin,Dumbbell Spin,,MANUAL,Waist,MVP_CANDIDATE,Resistance/strength candidate,Dumbbell,source,코어,source,,,unsupported,weight_reps,equipment,weight_reps,,1,1,0,MANUAL_QA_REQUIRED
gvs_39f4a99dca0aa53d,gvc_78f046f0d71f,Dumbbell Split Squat,Dumbbell Split Squat,덤벨 스플릿 스쿼트,AUTO_PHRASE_DRAFT,Thighs,MVP_CANDIDATE,Resistance/strength candidate,Dumbbell,source,하체,source,대퇴사두근,둔근,name_high,weight_reps,equipment,weight_reps,,2,1,1,AUTO_DRAFT_COMPLETE
gvs_d124c856b5ef6908,gvc_0571ce517fc9,Dumbbell Split Squat Front Foot Elevanted,Dumbbell Split Squat Front Foot Elevated,,MANUAL,Thighs,MVP_CANDIDATE,Resistance/strength candidate,Dumbbell,source,하체,source,대퇴사두근,둔근,name_high,weight_reps,equipment,weight_reps,,2,1,1,MANUAL_QA_REQUIRED
gvs_cb1107b3be5c12c3,gvc_39d1a9e584d2,Dumbbell Split Stance Bent Over Row,Dumbbell Split Stance Bent Over Row,,MANUAL,Back,MVP_CANDIDATE,Resistance/strength candidate,Dumbbell,source,등,source,등 상부 / 광배근,이두근,name_high,weight_reps,equipment,weight_reps,,1,1,0,MANUAL_QA_REQUIRED
gvs_9d9486700db04542,gvc_e7b684b3d0f9,Dumbbell Split Stance Biceps Curl,Dumbbell Split Stance Biceps Curl,,MANUAL,Upper-Arms,MVP_CANDIDATE,Resistance/strength candidate,Dumbbell,source,팔,source,이두근,,name_high,weight_reps,equipment,weight_reps,,1,1,0,MANUAL_QA_REQUIRED
gvs_ea819f18199afd56,gvc_5077e0130347,Dumbbell Split Stance Sigle Arm Overhead Press (ma,Dumbbell Split Stance Sigle Arm Overhead Press,,MANUAL,,MVP_CANDIDATE,Resistance/strength candidate,Dumbbell,source,어깨,name,삼각근,삼두근,name_high,weight_reps,equipment,weight_reps,,1,1,0,MANUAL_QA_REQUIRED
gvs_29d35157f2386ec7,gvc_78f85cbb5f63,Dumbbell Squat,Dumbbell Squat,덤벨 스쿼트,AUTO_PHRASE_DRAFT,Hips;Thighs,MVP_CANDIDATE,Resistance/strength candidate,Dumbbell,source,하체,source,대퇴사두근,둔근,name_high,weight_reps,equipment,weight_reps,,4,3,1,AUTO_DRAFT_COMPLETE
gvs_181036df2278ff07,gvc_08d7c3b1ec0e,Dumbbell Squat Lunges Jump Complex,Dumbbell Squat Lunges Jump Complex,,MANUAL,Thighs,MVP_CANDIDATE,Resistance/strength candidate,Dumbbell,source,하체,source,대퇴사두근,둔근,name_high,weight_reps,equipment,weight_reps,,1,1,0,MANUAL_QA_REQUIRED
gvs_3ac8e71e02eb3590,gvc_f263eaccb21b,Dumbbell Squat To Overhead Press,Dumbbell Squat To Overhead Press,,MANUAL,Thighs,MVP_CANDIDATE,Resistance/strength candidate,Dumbbell,source,하체,source,대퇴사두근,둔근,name_high,weight_reps,equipment,weight_reps,,1,1,0,MANUAL_QA_REQUIRED
gvs_55a1c5cf377805cf,gvc_865534fddd79,Dumbbell Squeeze Bench Press,Dumbbell Squeeze Bench Press,,MANUAL,Chest,MVP_CANDIDATE,Resistance/strength candidate,Dumbbell,source,가슴,source,대흉근,삼두근 / 전면 삼각근,name_high,weight_reps,equipment,weight_reps,,2,1,1,MANUAL_QA_REQUIRED
gvs_d6288ee10a170d85,gvc_f5b74609560e,Dumbbell Squeeze Press On Floor,Dumbbell Squeeze Press On Floor,,MANUAL,Chest,MVP_CANDIDATE,Resistance/strength candidate,Dumbbell,source,가슴,source,,,unsupported,weight_reps,equipment,weight_reps,,1,1,0,MANUAL_QA_REQUIRED
gvs_0628d7866d0ac728,gvc_17848bf9201d,Dumbbell Srtict Curl,Dumbbell Srtict Curl,,MANUAL,Upper-Arms,MVP_CANDIDATE,Resistance/strength candidate,Dumbbell,source,팔,source,,,unsupported,weight_reps,equipment,weight_reps,,1,1,0,MANUAL_QA_REQUIRED
gvs_1c450a2645e4afc0,gvc_19d9e8ab6c22,Dumbbell Staggered Stance Romanian Deadlift (femal,Dumbbell Staggered Stance Romanian Deadlift,,MANUAL,,MVP_CANDIDATE,Resistance/strength candidate,Dumbbell,source,하체,name,둔근 / 햄스트링,코어,name_high,weight_reps,equipment,weight_reps,,1,0,1,MANUAL_QA_REQUIRED
gvs_c1acfb57697069ff,gvc_9d3c7923889d,Dumbbell Standing Alternate Overhead Press,Dumbbell Standing Alternate Overhead Press,덤벨 스탠딩 얼터네이트 오버헤드 프레스,AUTO_PHRASE_DRAFT,Shoulders,MVP_CANDIDATE,Resistance/strength candidate,Dumbbell,source,어깨,source,삼각근,삼두근,name_high,weight_reps,equipment,weight_reps,,1,1,0,AUTO_DRAFT_COMPLETE
gvs_7bf60fdfe83d29b7,gvc_656d00c061e3,Dumbbell Standing Alternate Raise,Dumbbell Standing Alternate Raise,,MANUAL,Shoulders,MVP_CANDIDATE,Resistance/strength candidate,Dumbbell,source,어깨,source,,,unsupported,weight_reps,equipment,weight_reps,,1,1,0,MANUAL_QA_REQUIRED
gvs_a151c1194b37ba11,gvc_9dad360f8714,Dumbbell Standing Alternate Reverse Curl,Dumbbell Standing Alternate Reverse Curl,덤벨 스탠딩 얼터네이트 리버스 컬,AUTO_PHRASE_DRAFT,Forearms,MVP_CANDIDATE,Resistance/strength candidate,Dumbbell,source,팔,source,,,unsupported,weight_reps,equipment,weight_reps,,1,1,0,AUTO_DRAFT_COMPLETE
gvs_658d9580c74122be,gvc_46ae36d5faf5,Dumbbell Standing Alternate Vertical Front Raises,Dumbbell Standing Alternate Vertical Front Raises,,MANUAL,,MVP_CANDIDATE,Resistance/strength candidate,Dumbbell,source,,unknown,,,unsupported,weight_reps,equipment,weight_reps,,1,1,0,MANUAL_QA_REQUIRED
gvs_ee74d4a112a5a71d,gvc_4accf809a8e5,Dumbbell Standing Arms Rotate,Dumbbell Standing Arms Rotate,,MANUAL,Forearms,MVP_CANDIDATE,Resistance/strength candidate,Dumbbell,source,팔,source,,,unsupported,weight_reps,equipment,weight_reps,,1,1,0,MANUAL_QA_REQUIRED
gvs_00b5e89a7c7744ec,gvc_4f0e26470c76,Dumbbell Standing Arnold Press,Dumbbell Standing Arnold Press,덤벨 스탠딩 아놀드 프레스,AUTO_PHRASE_DRAFT,Shoulders,MVP_CANDIDATE,Resistance/strength candidate,Dumbbell,source,어깨,source,,,unsupported,weight_reps,equipment,weight_reps,,1,1,0,AUTO_DRAFT_COMPLETE
gvs_c127f63f7bb9da37,gvc_3914e2d622a4,Dumbbell Standing Around World,Dumbbell Standing Around World,,MANUAL,Shoulders,MVP_CANDIDATE,Resistance/strength candidate,Dumbbell,source,어깨,source,,,unsupported,weight_reps,equipment,weight_reps,,1,1,0,MANUAL_QA_REQUIRED
gvs_215523d1523c7dd5,gvc_2f7594a0ede9,Dumbbell Standing Back Wrist Curl,Dumbbell Standing Back Wrist Curl,,MANUAL,Forearms,MVP_CANDIDATE,Resistance/strength candidate,Dumbbell,source,팔,source,,,unsupported,weight_reps,equipment,weight_reps,,1,1,0,MANUAL_QA_REQUIRED
gvs_9ad3e5f385a285eb,gvc_4c1f2f204d43,Dumbbell Standing Behind Back Shoulders Press,Dumbbell Standing Behind Back Shoulders Press,,MANUAL,Shoulders,MVP_CANDIDATE,Resistance/strength candidate,Dumbbell,source,어깨,source,,,unsupported,weight_reps,equipment,weight_reps,,1,1,0,MANUAL_QA_REQUIRED
gvs_54c026b6fb54ef4c,gvc_b8398ece7dc3,Dumbbell Standing Bent Arm Lateral Raise,Dumbbell Standing Bent Arm Lateral Raise,,MANUAL,Shoulders,MVP_CANDIDATE,Resistance/strength candidate,Dumbbell,source,어깨,source,측면 삼각근,,name_high,weight_reps,equipment,weight_reps,,2,1,1,MANUAL_QA_REQUIRED
gvs_17e1d2d175279f29,gvc_b58eac002953,Dumbbell Standing Biceps Curl,Dumbbell Standing Biceps Curl,덤벨 스탠딩 바이셉 컬,AUTO_PHRASE_DRAFT,Upper-Arms,MVP_CANDIDATE,Resistance/strength candidate,Dumbbell,source,팔,source,이두근,,name_high,weight_reps,equipment,weight_reps,,1,1,0,AUTO_DRAFT_COMPLETE
gvs_cb6f662011799dd6,gvc_6a7a63870818,Dumbbell Standing Calf Raise,Dumbbell Standing Calf Raise,덤벨 스탠딩 카프 레이즈,AUTO_PHRASE_DRAFT,Calves,MVP_CANDIDATE,Resistance/strength candidate,Dumbbell,source,하체,source,종아리,,name_high,weight_reps,equipment,weight_reps,,2,1,1,AUTO_DRAFT_COMPLETE
gvs_b1e4ab70c81c3b86,gvc_db3a63377833,Dumbbell Standing Close Grip Shoulder Press,Dumbbell Standing Close Grip Shoulder Press,덤벨 스탠딩 클로즈 그립 숄더 프레스,AUTO_PHRASE_DRAFT,,MVP_CANDIDATE,Resistance/strength candidate,Dumbbell,source,어깨,name,삼각근,삼두근,name_high,weight_reps,equipment,weight_reps,,1,1,0,AUTO_DRAFT_COMPLETE
gvs_e417bbb725625d1f,gvc_dd4915c3f3dc,Dumbbell Standing Concentration Curl,Dumbbell Standing Concentration Curl,덤벨 스탠딩 컨센트레이션 컬,AUTO_PHRASE_DRAFT,Upper-Arms,MVP_CANDIDATE,Resistance/strength candidate,Dumbbell,source,팔,source,이두근,,name_high,weight_reps,equipment,weight_reps,,1,1,0,AUTO_DRAFT_COMPLETE
gvs_41abd9206abfedbe,gvc_c3585cd51243,Dumbbell Standing Drag Curl (version 2),Dumbbell Standing Drag Curl,,MANUAL,Upper-Arms,MVP_CANDIDATE,Resistance/strength candidate,Dumbbell,source,팔,source,,,unsupported,weight_reps,equipment,weight_reps,,1,1,0,MANUAL_QA_REQUIRED
gvs_98f75272203bfb10,gvc_8a0f81136916,Dumbbell Standing Driver,Dumbbell Standing Driver,,MANUAL,Shoulders,MVP_CANDIDATE,Resistance/strength candidate,Dumbbell,source,어깨,source,,,unsupported,weight_reps,equipment,weight_reps,,1,1,0,MANUAL_QA_REQUIRED
gvs_b6e436ff02760a97,gvc_18fa6642a86d,Dumbbell Standing French Press,Dumbbell Standing French Press,,MANUAL,Upper-Arms,MVP_CANDIDATE,Resistance/strength candidate,Dumbbell,source,팔,source,,,unsupported,weight_reps,equipment,weight_reps,,1,1,0,MANUAL_QA_REQUIRED
gvs_2e61543caceb1ede,gvc_bdb38b563494,Dumbbell Standing Front And Lateral Raise,Dumbbell Standing Front And Lateral Raise,,MANUAL,Shoulders,MVP_CANDIDATE,Resistance/strength candidate,Dumbbell,source,어깨,source,측면 삼각근,,name_high,weight_reps,equipment,weight_reps,,1,1,0,MANUAL_QA_REQUIRED
gvs_aa6fc8453aea0db1,gvc_7d022fde8f49,Dumbbell Standing Front Raise Above Head,Dumbbell Standing Front Raise Above Head,,MANUAL,Shoulders,MVP_CANDIDATE,Resistance/strength candidate,Dumbbell,source,어깨,source,전면 삼각근,,name_high,weight_reps,equipment,weight_reps,,1,1,0,MANUAL_QA_REQUIRED
gvs_0716485b98b01dcb,gvc_d819ba947ca4,Dumbbell Standing Front To Lateral Raise,Dumbbell Standing Front To Lateral Raise,,MANUAL,Shoulders,MVP_CANDIDATE,Resistance/strength candidate,Dumbbell,source,어깨,source,측면 삼각근,,name_high,weight_reps,equipment,weight_reps,,1,1,0,MANUAL_QA_REQUIRED
gvs_f9152a72a5a47550,gvc_711b230d41c8,Dumbbell Standing Hammer Curl,Dumbbell Standing Hammer Curl,덤벨 스탠딩 해머 컬,AUTO_PHRASE_DRAFT,Upper-Arms,MVP_CANDIDATE,Resistance/strength candidate,Dumbbell,source,팔,source,이두근,,name_high,weight_reps,equipment,weight_reps,,1,1,0,AUTO_DRAFT_COMPLETE
gvs_15a580fedd719c1c,gvc_93c840a04198,Dumbbell Standing Hammer Curl To Press,Dumbbell Standing Hammer Curl To Press,,MANUAL,Shoulders,MVP_CANDIDATE,Resistance/strength candidate,Dumbbell,source,어깨,source,이두근,,name_high,weight_reps,equipment,weight_reps,BODY_MUSCLE_FAMILY_CONFLICT,1,1,0,MANUAL_QA_REQUIRED
gvs_780d8f9b9a4bab5b,gvc_14aacb8bb67f,Dumbbell Standing Hands Torsion,Dumbbell Standing Hands Torsion,,MANUAL,Forearms,MVP_CANDIDATE,Resistance/strength candidate,Dumbbell,source,팔,source,,,unsupported,weight_reps,equipment,weight_reps,,1,1,0,MANUAL_QA_REQUIRED
gvs_f7fdb39f88a44247,gvc_a71ff5f652c9,Dumbbell Standing Hip Hugger,Dumbbell Standing Hip Hugger,,MANUAL,Upper-Arms,MVP_CANDIDATE,Resistance/strength candidate,Dumbbell,source,팔,source,,,unsupported,weight_reps,equipment,weight_reps,,1,1,0,MANUAL_QA_REQUIRED
gvs_338c06dfecfe2987,gvc_682333db0c6a;gvc_789d6bfb4e27;gvc_db35b6f930bf,Dumbbell Standing Inner Biceps Curl (version 2) (f | Dumbbell Standing Inner Biceps Curl | Dumbbell Standing Inner Biceps Curl (version 2),Dumbbell Standing Inner Biceps Curl,,MANUAL,Upper-Arms,MVP_CANDIDATE,Resistance/strength candidate,Dumbbell,source,팔,source,이두근,,name_high,weight_reps,equipment,weight_reps,,3,2,1,MANUAL_QA_REQUIRED
gvs_278dcbd3ed650ffb,gvc_3b0c020fa866,Dumbbell Standing Kickback,Dumbbell Standing Kickback,덤벨 스탠딩 킥백,AUTO_PHRASE_DRAFT,Upper-Arms,MVP_CANDIDATE,Resistance/strength candidate,Dumbbell,source,팔,source,,,unsupported,weight_reps,equipment,weight_reps,,2,1,1,AUTO_DRAFT_COMPLETE
gvs_cde2732157d53bad,gvc_aecf5f9cf111,Dumbbell Standing Lateral Raise,Dumbbell Standing Lateral Raise,덤벨 스탠딩 레터럴 레이즈,AUTO_PHRASE_DRAFT,Shoulders,MVP_CANDIDATE,Resistance/strength candidate,Dumbbell,source,어깨,source,측면 삼각근,,name_high,weight_reps,equipment,weight_reps,,1,0,1,AUTO_DRAFT_COMPLETE
gvs_ad90d6ad86eae875,gvc_b5cb525d5084,Dumbbell Standing Overhead Press,Dumbbell Standing Overhead Press,덤벨 스탠딩 오버헤드 프레스,AUTO_PHRASE_DRAFT,Shoulders,MVP_CANDIDATE,Resistance/strength candidate,Dumbbell,source,어깨,source,삼각근,삼두근,name_high,weight_reps,equipment,weight_reps,,2,1,1,AUTO_DRAFT_COMPLETE
gvs_9c110bffd6c5c3f7,gvc_5d3d650e04fe,Dumbbell Standing Palms In Press,Dumbbell Standing Palms In Press,,MANUAL,Shoulders,MVP_CANDIDATE,Resistance/strength candidate,Dumbbell,source,어깨,source,,,unsupported,weight_reps,equipment,weight_reps,,2,1,1,MANUAL_QA_REQUIRED
gvs_c53d7c4c5568ddee,gvc_8b9a8f790268,Dumbbell Standing Preacher Curl,Dumbbell Standing Preacher Curl,덤벨 스탠딩 프리처 컬,AUTO_PHRASE_DRAFT,Upper-Arms,MVP_CANDIDATE,Resistance/strength candidate,Dumbbell,source,팔,source,이두근,,name_high,weight_reps,equipment,weight_reps,,1,1,0,AUTO_DRAFT_COMPLETE
gvs_2806271a88d7c8e0,gvc_4a5f72b27cde,Dumbbell Standing Prone Lateral Raise,Dumbbell Standing Prone Lateral Raise,,MANUAL,Shoulders,MVP_CANDIDATE,Resistance/strength candidate,Dumbbell,source,어깨,source,측면 삼각근,,name_high,weight_reps,equipment,weight_reps,,1,1,0,MANUAL_QA_REQUIRED
gvs_77a38bb98407e2a9,gvc_7bb6d02b96f5,Dumbbell Standing Prone Y Raise,Dumbbell Standing Prone Y Raise,,MANUAL,Shoulders,MVP_CANDIDATE,Resistance/strength candidate,Dumbbell,source,어깨,source,,,unsupported,weight_reps,equipment,weight_reps,,1,1,0,MANUAL_QA_REQUIRED
gvs_cc43eca494fb51b2,gvc_bea19d337803,Dumbbell Standing Reverse Butterfly,Dumbbell Standing Reverse Butterfly,,MANUAL,Shoulders,MVP_CANDIDATE,Resistance/strength candidate,Dumbbell,source,어깨,source,,,unsupported,weight_reps,equipment,weight_reps,,1,0,1,MANUAL_QA_REQUIRED
gvs_a900c3c8b913955a,gvc_e3902ac144ee,Dumbbell Standing Reverse Curl,Dumbbell Standing Reverse Curl,덤벨 스탠딩 리버스 컬,AUTO_PHRASE_DRAFT,Forearms,MVP_CANDIDATE,Resistance/strength candidate,Dumbbell,source,팔,source,,,unsupported,weight_reps,equipment,weight_reps,,1,1,0,AUTO_DRAFT_COMPLETE
gvs_e41cf5d744ba1017,gvc_86c4e848b931,Dumbbell Standing Reverse Curl Rotate,Dumbbell Standing Reverse Curl Rotate,,MANUAL,Forearms,MVP_CANDIDATE,Resistance/strength candidate,Dumbbell,source,팔,source,,,unsupported,weight_reps,equipment,weight_reps,,1,1,0,MANUAL_QA_REQUIRED
gvs_3359069f8a20d73f,gvc_f33d1ff8dfe1,Dumbbell Standing Scapular External Rotation,Dumbbell Standing Scapular External Rotation,,MANUAL,Back,MVP_CANDIDATE,Resistance/strength candidate,Dumbbell,source,등,source,,,unsupported,weight_reps,equipment,weight_reps,,6,3,3,MANUAL_QA_REQUIRED
gvs_792c2abdd97fb9b1,gvc_97625f8729c9,Dumbbell Standing Scapular External Rotation Back,Dumbbell Standing Scapular External Rotation Back,,MANUAL,,MVP_CANDIDATE,Resistance/strength candidate,Dumbbell,source,,unknown,,,unsupported,weight_reps,equipment,weight_reps,,1,1,0,MANUAL_QA_REQUIRED
gvs_9edbc761a0e773c9,gvc_4f4dae50c5ee,Dumbbell Standing Shoulder External Rotation At,Dumbbell Standing Shoulder External Rotation At,,MANUAL,,MVP_CANDIDATE,Resistance/strength candidate,Dumbbell,source,어깨,name,,,unsupported,weight_reps,equipment,weight_reps,,1,0,1,MANUAL_QA_REQUIRED
gvs_80547ac8ee361bf6,gvc_e004e461bd6e,Dumbbell Standing Shoulder Press To Pec Dec,Dumbbell Standing Shoulder Press To Pec Dec,,MANUAL,,MVP_CANDIDATE,Resistance/strength candidate,Dumbbell,source,어깨,name,삼각근,삼두근,name_high,weight_reps,equipment,weight_reps,,1,1,0,MANUAL_QA_REQUIRED
gvs_4b4df3f1b6d9c86d,gvc_8b404aa1791c,Dumbbell Standing Single Arm Biceps Curl,Dumbbell Standing Single Arm Biceps Curl,덤벨 스탠딩 원암 바이셉 컬,AUTO_PHRASE_DRAFT,,MVP_CANDIDATE,Resistance/strength candidate,Dumbbell,source,팔,name,이두근,,name_high,weight_reps,equipment,weight_reps,,1,0,1,AUTO_DRAFT_COMPLETE
gvs_c6ec3d72c07a30c8,gvc_7397d3c2c087,Dumbbell Standing One Arm Concentration Curl,Dumbbell Standing Single Arm Concentration Curl,덤벨 스탠딩 원암 컨센트레이션 컬,AUTO_PHRASE_DRAFT,Upper-Arms,MVP_CANDIDATE,Resistance/strength candidate,Dumbbell,source,팔,source,이두근,,name_high,weight_reps,equipment,weight_reps,,1,1,0,AUTO_DRAFT_COMPLETE
gvs_a7933ba7e9f203af,gvc_30d819d85090,Dumbbell Standing Single Arm Cross Raise,Dumbbell Standing Single Arm Cross Raise,,MANUAL,Chest,MVP_CANDIDATE,Resistance/strength candidate,Dumbbell,source,가슴,source,,,unsupported,weight_reps,equipment,weight_reps,,1,1,0,MANUAL_QA_REQUIRED
gvs_be78bd173308f347,gvc_874e86731fa3,Dumbbell Standing One Arm Curl (over Incline Bench),Dumbbell Standing Single Arm Curl (Over Incline Bench),,MANUAL,Upper-Arms,MVP_CANDIDATE,Resistance/strength candidate,Dumbbell,source,팔,source,,,unsupported,weight_reps,equipment,weight_reps,,2,2,0,MANUAL_QA_REQUIRED
gvs_65350dd7d50bac57,gvc_85b3756c8002,Dumbbell Standing One Arm Extension,Dumbbell Standing Single Arm Extension,,MANUAL,Upper-Arms,MVP_CANDIDATE,Resistance/strength candidate,Dumbbell,source,팔,source,,,unsupported,weight_reps,equipment,weight_reps,,1,1,0,MANUAL_QA_REQUIRED
gvs_19324312f9ccedd6,gvc_c034550e5f8d;gvc_e3238022e856,Dumbbell Standing Single Leg Calf Raise | Dumbbell Standing Single Leg Calf Raise C,Dumbbell Standing Single Leg Calf Raise,덤벨 스탠딩 싱글 레그 카프 레이즈,AUTO_PHRASE_DRAFT,Calves,MVP_CANDIDATE,Resistance/strength candidate,Dumbbell,source,하체,source,종아리,,name_high,weight_reps,equipment,weight_reps,,2,1,1,AUTO_DRAFT_COMPLETE
gvs_63256764fa3fbdd6,gvc_88d7b073dba4,Dumbbell Standing Single Spider Curl,Dumbbell Standing Single Spider Curl,,MANUAL,Upper-Arms,MVP_CANDIDATE,Resistance/strength candidate,Dumbbell,source,팔,source,,,unsupported,weight_reps,equipment,weight_reps,,1,1,0,MANUAL_QA_REQUIRED
gvs_76d1604caee6be5a,gvc_96b58ac42c4a,Dumbbell Standing T Spine Press,Dumbbell Standing T Spine Press,,MANUAL,Back,MVP_CANDIDATE,Resistance/strength candidate,Dumbbell,source,등,source,,,unsupported,weight_reps,equipment,weight_reps,,1,0,1,MANUAL_QA_REQUIRED
gvs_729a8ca7edb1bf87,gvc_3e2c6ef0dfd9,Dumbbell Standing Triceps Extension,Dumbbell Standing Triceps Extension,덤벨 스탠딩 트라이셉 익스텐션,AUTO_PHRASE_DRAFT,Upper-Arms,MVP_CANDIDATE,Resistance/strength candidate,Dumbbell,source,팔,source,삼두근,,name_high,weight_reps,equipment,weight_reps,,2,1,1,AUTO_DRAFT_COMPLETE
gvs_d20fa9674a06abbf,gvc_bd23fa87eca3,Dumbbell Standing Wrist Curl,Dumbbell Standing Wrist Curl,덤벨 스탠딩 리스트 컬,AUTO_PHRASE_DRAFT,Forearms,MVP_CANDIDATE,Resistance/strength candidate,Dumbbell,source,팔,source,,,unsupported,weight_reps,equipment,weight_reps,,1,1,0,AUTO_DRAFT_COMPLETE
gvs_06b87653d0bec663,gvc_88d33e036eca,Dumbbell Standing Wrist Curl Forearms,Dumbbell Standing Wrist Curl Forearms,,MANUAL,,MVP_CANDIDATE,Resistance/strength candidate,Dumbbell,source,팔,name,,,unsupported,weight_reps,equipment,weight_reps,,1,1,0,MANUAL_QA_REQUIRED
gvs_7f528c9983ff7fd9,gvc_a77f63971080,Dumbbell Standing Wrist Reverse Curl,Dumbbell Standing Wrist Reverse Curl,,MANUAL,Forearms,MVP_CANDIDATE,Resistance/strength candidate,Dumbbell,source,팔,source,,,unsupported,weight_reps,equipment,weight_reps,,1,1,0,MANUAL_QA_REQUIRED
gvs_5c48893c7e97b1e6,gvc_5298a6ca60cf,Dumbbell Starfish Crunch (beginner),Dumbbell Starfish Crunch (Beginner),,MANUAL,Waist,MVP_CANDIDATE,Resistance/strength candidate,Dumbbell,source,코어,source,복직근,,name_high,weight_reps,equipment,weight_reps,,1,1,0,MANUAL_QA_REQUIRED
gvs_6f3d8d1249076504,gvc_e2eda9225f34,Dumbbell Static Lunge,Dumbbell Static Lunge,,MANUAL,Thighs,MVP_CANDIDATE,Resistance/strength candidate,Dumbbell,source,하체,source,대퇴사두근,둔근,name_high,weight_reps,equipment,weight_reps,,2,1,1,MANUAL_QA_REQUIRED
gvs_29b753cc929b88f8,gvc_4a9dc723dba7;gvc_98a3dfdf6058,Dumbbell Step Up | Dumbbell Step Up (version 2),Dumbbell Step Up,덤벨 스텝업,AUTO_PHRASE_DRAFT,Hips;Thighs,MVP_CANDIDATE,Resistance/strength candidate,Dumbbell,source,하체,source,대퇴사두근,둔근,name_high,weight_reps,equipment,weight_reps,,3,2,1,AUTO_DRAFT_COMPLETE
gvs_a8e38cb65348fd24,gvc_fb48eb6005c3,Dumbbell Step Up Biceps Curl,Dumbbell Step Up Biceps Curl,덤벨 스텝업 바이셉 컬,AUTO_PHRASE_DRAFT,Thighs,MVP_CANDIDATE,Resistance/strength candidate,Dumbbell,source,하체,source,대퇴사두근,둔근,name_high,weight_reps,equipment,weight_reps,,1,1,0,AUTO_DRAFT_COMPLETE
gvs_0f7062baef7d2178,gvc_e7d0512c0a9e,Dumbbell Step Up With Knee Raise,Dumbbell Step Up With Knee Raise,,MANUAL,Hips,MVP_CANDIDATE,Resistance/strength candidate,Dumbbell,source,하체,source,대퇴사두근,둔근,name_high,weight_reps,equipment,weight_reps,,1,1,0,MANUAL_QA_REQUIRED
gvs_8200ac7c4a2e42b6,gvc_e0f9c6583393,Dumbbell Stiff Leg Deadlift,Dumbbell Stiff Leg Deadlift,덤벨 스티프 레그 데드리프트,AUTO_PHRASE_DRAFT,Hips;Waist,MVP_CANDIDATE,Resistance/strength candidate,Dumbbell,source,,conflict,둔근 / 햄스트링,코어,name_high,weight_reps,equipment,weight_reps,BODY_SOURCE_CONFLICT,4,2,2,MANUAL_QA_REQUIRED
gvs_975f164097bf1370,gvc_10ba5f1c7804;gvc_38029f040eca,Dumbbell Straight Arm Crunch | Dumbbell Straight Arm Crunch (version 2),Dumbbell Straight Arm Crunch,덤벨 스트레이트 암 크런치,AUTO_PHRASE_DRAFT,Waist,MVP_CANDIDATE,Resistance/strength candidate,Dumbbell,source,코어,source,복직근,,name_high,weight_reps,equipment,weight_reps,,2,2,0,AUTO_DRAFT_COMPLETE
gvs_132e8c9d51f21401,gvc_dafe1c217728;gvc_f0679c57fc5b,Dumbbell Straight Arm Pullover | Dumbbell Straight Arm Pullover (version 2) (,Dumbbell Straight Arm Pullover,,MANUAL,Chest,MVP_CANDIDATE,Resistance/strength candidate,Dumbbell,source,가슴,source,,,unsupported,weight_reps,equipment,weight_reps,,3,1,2,MANUAL_QA_REQUIRED
gvs_53fade2d2896d7c9,gvc_7b45d77a0b33,Dumbbell Straight Arm Twisting Sit Up,Dumbbell Straight Arm Twisting Sit Up,,MANUAL,Waist,MVP_CANDIDATE,Resistance/strength candidate,Dumbbell,source,코어,source,복직근,,name_high,weight_reps,equipment,weight_reps,,1,1,0,MANUAL_QA_REQUIRED
gvs_083cda2a8684e7b0,gvc_f558c1f25289,Dumbbell Straight Leg Deadlift,Dumbbell Straight Leg Deadlift,덤벨 스트레이트 레그 데드리프트,AUTO_PHRASE_DRAFT,Hips,MVP_CANDIDATE,Resistance/strength candidate,Dumbbell,source,하체,source,둔근 / 햄스트링,코어,name_high,weight_reps,equipment,weight_reps,,1,1,0,AUTO_DRAFT_COMPLETE
gvs_2274380edce60ad0,gvc_0c2def59f5a6,Dumbbell Straight Leg Russian Twist,Dumbbell Straight Leg Russian Twist,,MANUAL,Waist,MVP_CANDIDATE,Resistance/strength candidate,Dumbbell,source,코어,source,복사근,코어,name_high,weight_reps,equipment,weight_reps,,1,1,0,MANUAL_QA_REQUIRED
gvs_a0fba8d867aa2e4a,gvc_ef9e1a7e3129,Dumbbell Straight Legs Deadlift,Dumbbell Straight Legs Deadlift,,MANUAL,Hips,MVP_CANDIDATE,Resistance/strength candidate,Dumbbell,source,하체,source,둔근 / 햄스트링,등 / 코어,name_high,weight_reps,equipment,weight_reps,,1,1,0,MANUAL_QA_REQUIRED
gvs_0f385d4cf51ad856,gvc_0d6e655592c4,Dumbbell Sumo Deadlift,Dumbbell Sumo Deadlift,,MANUAL,Hips,MVP_CANDIDATE,Resistance/strength candidate,Dumbbell,source,하체,source,둔근 / 햄스트링,등 / 코어,name_high,weight_reps,equipment,weight_reps,,2,1,1,MANUAL_QA_REQUIRED
gvs_62709353a8f14863,gvc_74c0d5399f7f,Dumbbell Sumo Pull Through,Dumbbell Sumo Pull Through,,MANUAL,Hips,MVP_CANDIDATE,Resistance/strength candidate,Dumbbell,source,하체,source,,,unsupported,weight_reps,equipment,weight_reps,,2,1,1,MANUAL_QA_REQUIRED
gvs_9a0b9b9662d8e514,gvc_121bdc915bca,Dumbbell Sumo Squat,Dumbbell Sumo Squat,덤벨 스모 스쿼트,AUTO_PHRASE_DRAFT,Thighs,MVP_CANDIDATE,Resistance/strength candidate,Dumbbell,source,하체,source,대퇴사두근,둔근,name_high,weight_reps,equipment,weight_reps,,2,1,1,AUTO_DRAFT_COMPLETE
gvs_ba82e36ec17af38c,gvc_bbee73121ef5,Dumbbell Sumo Squat Front Raise,Dumbbell Sumo Squat Front Raise,덤벨 스모 스쿼트 프론트 레이즈,AUTO_PHRASE_DRAFT,Thighs,MVP_CANDIDATE,Resistance/strength candidate,Dumbbell,source,하체,source,대퇴사두근,둔근,name_high,weight_reps,equipment,weight_reps,,1,1,0,AUTO_DRAFT_COMPLETE
gvs_56756a51899c5dc1,gvc_8d0b859ade5b,Dumbbell Sumo Squat Off Benches,Dumbbell Sumo Squat Off Benches,,MANUAL,Hips,MVP_CANDIDATE,Resistance/strength candidate,Dumbbell,source,하체,source,대퇴사두근,둔근,name_high,weight_reps,equipment,weight_reps,,1,1,0,MANUAL_QA_REQUIRED
gvs_59e12aacd17cb112,gvc_634662d62bdc,Dumbbell Superman,Dumbbell Superman,,MANUAL,Hips,MVP_CANDIDATE,Resistance/strength candidate,Dumbbell,source,하체,source,,,unsupported,weight_reps,equipment,weight_reps,,1,1,0,MANUAL_QA_REQUIRED
gvs_1eff9701388ae2b5,gvc_e7ba5cd39042,Dumbbell Supported Squat,Dumbbell Supported Squat,,MANUAL,Thighs,MVP_CANDIDATE,Resistance/strength candidate,Dumbbell,source,하체,source,대퇴사두근,둔근,name_high,weight_reps,equipment,weight_reps,,2,1,1,MANUAL_QA_REQUIRED
gvs_cef9cb7659371618,gvc_0dad0ec6229b,Dumbbell Svend Press,Dumbbell Svend Press,,MANUAL,Chest,MVP_CANDIDATE,Resistance/strength candidate,Dumbbell,source,가슴,source,,,unsupported,weight_reps,equipment,weight_reps,,1,1,0,MANUAL_QA_REQUIRED
gvs_ea6c8e5c0c92ad76,gvc_b1eb93efedb4,Dumbbell Swing,Dumbbell Swing,,MANUAL,Hips,MVP_CANDIDATE,Resistance/strength candidate,Dumbbell,source,하체,source,,,unsupported,weight_reps,equipment,weight_reps,,1,1,0,MANUAL_QA_REQUIRED
gvs_98086c44d7d8aac6,gvc_f663e5f7c034,Dumbbell Tate Press,Dumbbell Tate Press,,MANUAL,Upper-Arms,MVP_CANDIDATE,Resistance/strength candidate,Dumbbell,source,팔,source,,,unsupported,weight_reps,equipment,weight_reps,,1,1,0,MANUAL_QA_REQUIRED
gvs_129f2d80dea319be,gvc_465d9723bdbf,Dumbbell Thruster,Dumbbell Thruster,,MANUAL,Thighs,MVP_CANDIDATE,Resistance/strength candidate,Dumbbell,source,하체,source,,,unsupported,weight_reps,equipment,weight_reps,,2,1,1,MANUAL_QA_REQUIRED
gvs_33a92cb525e7f221,gvc_395c3a706c30,Dumbbell Triceps Extension In Cross Legged Positio,Dumbbell Triceps Extension In Cross Legged Positio,,MANUAL,,MVP_CANDIDATE,Resistance/strength candidate,Dumbbell,source,팔,name,삼두근,,name_high,weight_reps,equipment,weight_reps,,1,0,1,MANUAL_QA_REQUIRED
gvs_8444f341e5a40af5,gvc_08df041a4782,Dumbbell Underhand Renegade Row,Dumbbell Underhand Renegade Row,,MANUAL,Waist,MVP_CANDIDATE,Resistance/strength candidate,Dumbbell,source,코어,source,등 상부 / 광배근,이두근,name_high,weight_reps,equipment,weight_reps,BODY_MUSCLE_FAMILY_CONFLICT,1,1,0,MANUAL_QA_REQUIRED
gvs_925917605780df32,gvc_eaa514c65e00,Dumbbell Unilateral Scapula Raise,Dumbbell Unilateral Scapula Raise,,MANUAL,Back,MVP_CANDIDATE,Resistance/strength candidate,Dumbbell,source,등,source,,,unsupported,weight_reps,equipment,weight_reps,,1,1,0,MANUAL_QA_REQUIRED
gvs_e3527d1afe8b8f0c,gvc_301d8c542d53,Dumbbell Upright Row,Dumbbell Upright Row,덤벨 업라이트 로우,AUTO_PHRASE_DRAFT,Shoulders,MVP_CANDIDATE,Resistance/strength candidate,Dumbbell,source,어깨,source,등 상부 / 광배근,이두근,name_high,weight_reps,equipment,weight_reps,BODY_MUSCLE_FAMILY_CONFLICT,2,1,1,MANUAL_QA_REQUIRED
gvs_6279daa3d78aeb83,gvc_bdec9f74f168,Dumbbell Upright Shoulder External Rotation,Dumbbell Upright Shoulder External Rotation,,MANUAL,Back,MVP_CANDIDATE,Resistance/strength candidate,Dumbbell,source,등,source,,,unsupported,weight_reps,equipment,weight_reps,,1,1,0,MANUAL_QA_REQUIRED
gvs_6c3573391b6d6d45,gvc_089cb3d4b60c;gvc_089cb4d4b60c;gvc_3493a68d1dcd,Dumbbell V Up | Dumbbell V Up (version 2) | Dumbbell V Up (version 3),Dumbbell V Up,,MANUAL,Waist,MVP_CANDIDATE,Resistance/strength candidate,Dumbbell,source,코어,source,,,unsupported,weight_reps,equipment,weight_reps,,3,2,1,MANUAL_QA_REQUIRED
gvs_5cc1f78132784edd,gvc_35e1cabbe3e8,Dumbbell Waiter Biceps Curl,Dumbbell Waiter Biceps Curl,,MANUAL,Upper-Arms,MVP_CANDIDATE,Resistance/strength candidate,Dumbbell,source,팔,source,이두근,,name_high,weight_reps,equipment,weight_reps,,1,1,0,MANUAL_QA_REQUIRED
gvs_75f75d84bb2fddb4,gvc_66262dd52939;gvc_c8e5631af908,Dumbbell Walking Lunge | Dumbbell Walking Lunges,Dumbbell Walking Lunges,,MANUAL,Thighs,MVP_CANDIDATE,Resistance/strength candidate,Dumbbell,source,하체,source,,,unsupported,weight_reps,equipment,weight_reps,,2,1,1,MANUAL_QA_REQUIRED
gvs_8d1b45a48436d602,gvc_552fcffb313f,Dumbbell Wide Squat,Dumbbell Wide Squat,,MANUAL,Thighs,MVP_CANDIDATE,Resistance/strength candidate,Dumbbell,source,하체,source,대퇴사두근,둔근,name_high,weight_reps,equipment,weight_reps,,1,1,0,MANUAL_QA_REQUIRED
gvs_71c767d25b1edc28,gvc_28f54b32d29a,Dumbbell Wood Chop,Dumbbell Wood Chop,덤벨 우드찹,AUTO_PHRASE_DRAFT,Waist,MVP_CANDIDATE,Resistance/strength candidate,Dumbbell,source,코어,source,복사근,코어,name_high,weight_reps,equipment,weight_reps,,2,1,1,AUTO_DRAFT_COMPLETE
gvs_0740bfa02e47b15e,gvc_87a5ded2e968,Dumbbell Wood Chop Squat,Dumbbell Wood Chop Squat,덤벨 우드찹 스쿼트,AUTO_PHRASE_DRAFT,Waist,MVP_CANDIDATE,Resistance/strength candidate,Dumbbell,source,코어,source,대퇴사두근,둔근,name_high,weight_reps,equipment,weight_reps,BODY_MUSCLE_FAMILY_CONFLICT,1,1,0,MANUAL_QA_REQUIRED
gvs_9381371e7cbd4de8,gvc_6e278c3c345a,Dumbbell Z Press,Dumbbell Z Press,,MANUAL,Shoulders,MVP_CANDIDATE,Resistance/strength candidate,Dumbbell,source,어깨,source,,,unsupported,weight_reps,equipment,weight_reps,,1,1,0,MANUAL_QA_REQUIRED
gvs_2d1a75365de86c30,gvc_02f98a871d79,Dumbbell Zottman Curl,Dumbbell Zottman Curl,,MANUAL,Upper-Arms,MVP_CANDIDATE,Resistance/strength candidate,Dumbbell,source,팔,source,,,unsupported,weight_reps,equipment,weight_reps,,2,1,1,MANUAL_QA_REQUIRED
gvs_0c902ec2219962b0,gvc_e55b42994436,Dumbbell Zottman Preacher Curl,Dumbbell Zottman Preacher Curl,,MANUAL,Upper-Arms,MVP_CANDIDATE,Resistance/strength candidate,Dumbbell,source,팔,source,이두근,,name_high,weight_reps,equipment,weight_reps,,2,1,1,MANUAL_QA_REQUIRED
gvs_8d2f673bce5e8aa3,gvc_490a3c1e9d75,Dumbell One Arm Side Lying Bench Press,Dumbell Single Arm Side Lying Bench Press,,MANUAL,Chest,MVP_CANDIDATE,Resistance/strength candidate,Bodyweight,inferred_bodyweight,가슴,source,대흉근,삼두근 / 전면 삼각근,name_high,reps,bodyweight,,,1,1,0,MANUAL_QA_REQUIRED
gvs_1cbe827dcfd8d3e9,gvc_c5231363768f,Dynamic Bird Dog,Dynamic Bird Dog,,MANUAL,Waist,MVP_CANDIDATE,Resistance/strength candidate,Bodyweight,inferred_bodyweight,코어,source,,,unsupported,reps,bodyweight,,,1,1,0,MANUAL_QA_REQUIRED
gvs_9b28e17a41cd4fc4,gvc_3d57f38fd3e2,Dynamic Leg Swing,Dynamic Leg Swing,,MANUAL,Hips,MVP_CANDIDATE,Resistance/strength candidate,Bodyweight,inferred_bodyweight,하체,source,,,unsupported,reps,bodyweight,,,1,0,1,MANUAL_QA_REQUIRED
gvs_65d4048e20b43b08,gvc_3ba1713dced8,Dynamic One Leg Stand,Dynamic Single Leg Stand,,MANUAL,Thighs,MVP_CANDIDATE,Resistance/strength candidate,Bodyweight,inferred_bodyweight,하체,source,,,unsupported,reps,bodyweight,,,1,1,0,MANUAL_QA_REQUIRED
gvs_1513729dcca55701,gvc_9755313ec0df,Ear To Knee Side Bend,Ear To Knee Side Bend,,MANUAL,Waist,MVP_CANDIDATE,Resistance/strength candidate,Bodyweight,inferred_bodyweight,코어,source,복사근,코어,name_high,reps,bodyweight,,,2,1,1,MANUAL_QA_REQUIRED
gvs_3fea172b810771eb,gvc_f5a44d03e1df,Elbow Closed Arms Pulse,Elbow Closed Arms Pulse,,MANUAL,Chest,MVP_CANDIDATE,Resistance/strength candidate,Bodyweight,inferred_bodyweight,가슴,source,,,unsupported,reps,bodyweight,,,1,1,0,MANUAL_QA_REQUIRED
gvs_df65a083879939b3,gvc_a8b3075cacaa,Elbow Fly And Palm Press,Elbow Fly And Palm Press,,MANUAL,Chest,MVP_CANDIDATE,Resistance/strength candidate,Bodyweight,inferred_bodyweight,가슴,source,,,unsupported,reps,bodyweight,,,1,0,1,MANUAL_QA_REQUIRED
gvs_b31748f861a5f996,gvc_74a1ac9495ec,Elbow Lift Reverse Push Up,Elbow Lift Reverse Push Up,,MANUAL,Back,MVP_CANDIDATE,Resistance/strength candidate,Bodyweight,inferred_bodyweight,등,source,,,unsupported,reps,bodyweight,reps,,2,1,1,MANUAL_QA_REQUIRED
gvs_cf92e5edab1472f9,gvc_62c51e1559e0,Elbow Lift To Prayer Push,Elbow Lift To Prayer Push,,MANUAL,Shoulders,MVP_CANDIDATE,Resistance/strength candidate,Bodyweight,inferred_bodyweight,어깨,source,,,unsupported,reps,bodyweight,,,1,0,1,MANUAL_QA_REQUIRED
gvs_62b0680460c9e24e,gvc_602c1c42b5dd,Elbow Prayer Push Circle Draw,Elbow Prayer Push Circle Draw,,MANUAL,Chest,MVP_CANDIDATE,Resistance/strength candidate,Bodyweight,inferred_bodyweight,가슴,source,,,unsupported,reps,bodyweight,,,1,1,0,MANUAL_QA_REQUIRED
gvs_dc7a5aaebd5a12f0,gvc_771b8a4dcfda,Elbow Push Up,Elbow Push Up,,MANUAL,Waist,MVP_CANDIDATE,Resistance/strength candidate,Bodyweight,inferred_bodyweight,코어,source,,,unsupported,reps,bodyweight,reps,,1,0,1,MANUAL_QA_REQUIRED
gvs_9a46cc0e4b751a34,gvc_c73232dfb9fa,Elbow To Elbow,Elbow To Elbow,,MANUAL,Chest,MVP_CANDIDATE,Resistance/strength candidate,Bodyweight,inferred_bodyweight,가슴,source,,,unsupported,reps,bodyweight,,,1,0,1,MANUAL_QA_REQUIRED
gvs_93c8de108e37fcda,gvc_9d70a1c5ec5a,Elbow To Knee,Elbow To Knee,,MANUAL,Waist,MVP_CANDIDATE,Resistance/strength candidate,Bodyweight,inferred_bodyweight,코어,source,,,unsupported,reps,bodyweight,,,1,1,0,MANUAL_QA_REQUIRED
gvs_16136913552b062b,gvc_ef6847334940,Elbow To Knee Decline Side Plank,Elbow To Knee Decline Side Plank,,MANUAL,Waist,MVP_CANDIDATE,Resistance/strength candidate,Bodyweight,inferred_bodyweight,코어,source,코어,,name_high,duration,semantic,duration,,1,1,0,MANUAL_QA_REQUIRED
gvs_9f64a1e1072f5029,gvc_33cb237b29eb,Elbow To Knee Side Plank Crunch,Elbow To Knee Side Plank Crunch,,MANUAL,Waist,MVP_CANDIDATE,Resistance/strength candidate,Bodyweight,inferred_bodyweight,코어,source,복직근,,name_high,reps,bodyweight,duration,,2,1,1,MANUAL_QA_REQUIRED
gvs_6562631f8cc615d7,gvc_421b648a8f1b,Elbow To Knee Side Plank Crunch (left),Elbow To Knee Side Plank Crunch (Left),,MANUAL,Waist,MVP_CANDIDATE,Resistance/strength candidate,Bodyweight,inferred_bodyweight,코어,source,복직근,,name_high,reps,bodyweight,duration,,1,0,1,MANUAL_QA_REQUIRED
gvs_51ab6b13a259e75b,gvc_76b7d37961da,Elbow To Knee Sit Up,Elbow To Knee Sit Up,,MANUAL,Waist,MVP_CANDIDATE,Resistance/strength candidate,Bodyweight,inferred_bodyweight,코어,source,복직근,,name_high,reps,bodyweight,reps,,2,1,1,MANUAL_QA_REQUIRED
gvs_405890a46468302a,gvc_9b088a2e71e2,Elbow Touch And Lift,Elbow Touch And Lift,,MANUAL,Shoulders,MVP_CANDIDATE,Resistance/strength candidate,Bodyweight,inferred_bodyweight,어깨,source,,,unsupported,reps,bodyweight,,,3,1,2,MANUAL_QA_REQUIRED
gvs_2e886f07dbdfec1f,gvc_5411175dfa4b,Elbow Touch And Press Up,Elbow Touch And Press Up,,MANUAL,Shoulders,MVP_CANDIDATE,Resistance/strength candidate,Bodyweight,inferred_bodyweight,어깨,source,,,unsupported,reps,bodyweight,,,1,1,0,MANUAL_QA_REQUIRED
gvs_62d57b80b6a4896a,gvc_03dae1216119,Elbow Touch To Outer Throw,Elbow Touch To Outer Throw,,MANUAL,Chest,MVP_CANDIDATE,Resistance/strength candidate,Bodyweight,inferred_bodyweight,가슴,source,,,unsupported,reps,bodyweight,,,2,1,1,MANUAL_QA_REQUIRED
gvs_9045febc5fec70a6,gvc_d10ca947ec34,Elevated Cycling,Elevated Cycling,,MANUAL,Waist,MVP_CANDIDATE,Resistance/strength candidate,Bodyweight,inferred_bodyweight,코어,source,,,unsupported,reps,bodyweight,distance_duration,,1,1,0,MANUAL_QA_REQUIRED
gvs_a0d090b98ec241dd,gvc_a02949b09290,Elevanted Goblet Squat,Elevated Goblet Squat,,MANUAL,Thighs,MVP_CANDIDATE,Resistance/strength candidate,Bodyweight,inferred_bodyweight,하체,source,대퇴사두근,둔근,name_high,reps,bodyweight,,,1,0,1,MANUAL_QA_REQUIRED
gvs_9b18b097cd696e9f,gvc_d923fb9b5bb1,Elevanted Knee Tuck V Tuck,Elevated Knee Tuck V Tuck,,MANUAL,Waist,MVP_CANDIDATE,Resistance/strength candidate,Bodyweight,inferred_bodyweight,코어,source,,,unsupported,reps,bodyweight,,,1,1,0,MANUAL_QA_REQUIRED
gvs_e23cc787ec536c6f,gvc_4dcb51f1373b,Elevated Legs Hip Thrust,Elevated Legs Hip Thrust,,MANUAL,Hips,MVP_CANDIDATE,Resistance/strength candidate,Bodyweight,inferred_bodyweight,하체,source,둔근,햄스트링,name_high,reps,bodyweight,,,1,0,1,MANUAL_QA_REQUIRED
gvs_f25be79bbb91a0ab,gvc_a99c52cc9539,Elevated Plank Walkout With A Chair,Elevated Plank Walkout With A Chair,,MANUAL,Waist,MVP_CANDIDATE,Resistance/strength candidate,Bodyweight,inferred_bodyweight,코어,source,코어,,name_high,duration,semantic,duration,,1,1,0,MANUAL_QA_REQUIRED
gvs_ff01ec5a7ac6ddcc,gvc_e04b54732118,Elevanted Push Up,Elevated Push Up,,MANUAL,Chest,MVP_CANDIDATE,Resistance/strength candidate,Bodyweight,inferred_bodyweight,가슴,source,,,unsupported,reps,bodyweight,reps,,1,1,0,MANUAL_QA_REQUIRED
gvs_7d89543a7f5392a4,gvc_70c1365738ed,Elevated Single Leg Hip Thrust,Elevated Single Leg Hip Thrust,,MANUAL,Hips,MVP_CANDIDATE,Resistance/strength candidate,Bodyweight,inferred_bodyweight,하체,source,둔근,햄스트링,name_high,reps,bodyweight,,,2,1,1,MANUAL_QA_REQUIRED
gvs_92e91001a4433ce1,gvc_7336a8a99217,Elevated Split Squat,Elevated Split Squat,,MANUAL,Thighs,MVP_CANDIDATE,Resistance/strength candidate,Bodyweight,inferred_bodyweight,하체,source,대퇴사두근,둔근,name_high,reps,bodyweight,,,1,1,0,MANUAL_QA_REQUIRED
gvs_cc9c0e64b22febfe,gvc_c596ea0c33ca,Elevated Staggered Leg Hip Thrust,Elevated Staggered Leg Hip Thrust,,MANUAL,Hips,MVP_CANDIDATE,Resistance/strength candidate,Bodyweight,inferred_bodyweight,하체,source,둔근,햄스트링,name_high,reps,bodyweight,,,1,0,1,MANUAL_QA_REQUIRED
gvs_691308f1fdec33b9,gvc_a230c49fc6e1,Elevated Standing Calf Raise,Elevated Standing Calf Raise,,MANUAL,Calves,MVP_CANDIDATE,Resistance/strength candidate,Bodyweight,inferred_bodyweight,하체,source,종아리,,name_high,reps,bodyweight,,,1,1,0,MANUAL_QA_REQUIRED
gvs_0618a0268d1f4b4c,gvc_7fa230ad507b,Elevated Two Legs Hip Thrust,Elevated Two Legs Hip Thrust,,MANUAL,Hips,MVP_CANDIDATE,Resistance/strength candidate,Bodyweight,inferred_bodyweight,하체,source,둔근,햄스트링,name_high,reps,bodyweight,,,1,0,1,MANUAL_QA_REQUIRED
gvs_881448b002096942,gvc_40b5dc9334d7,Exercise Ball Back Extension With Hands Behind Hea,Exercise Ball Back Extension With Hands Behind Hea,,MANUAL,,MVP_CANDIDATE,Resistance/strength candidate,Stability Ball,name,등,name,,,unsupported,,review,,,1,0,1,MANUAL_QA_REQUIRED
gvs_aefbe8d6bab10220,gvc_07e0b1ba2ab9,Exercise Ball Body Saw,Exercise Ball Body Saw,,MANUAL,Waist,MVP_CANDIDATE,Resistance/strength candidate,Stability Ball,name,코어,source,,,unsupported,,review,,,1,1,0,MANUAL_QA_REQUIRED
gvs_90bbe68b19c70133,gvc_40bcd965687c,Exercise Ball Leg Curl,Exercise Ball Leg Curl,,MANUAL,Thighs,MVP_CANDIDATE,Resistance/strength candidate,Stability Ball,name,하체,source,햄스트링,,name_high,,review,,,1,1,0,MANUAL_QA_REQUIRED
gvs_3feefc6ce68ff852,gvc_16fa17768982,Exercise Ball One Legged Diagonal Kick Hamstring C,Exercise Ball One Legged Diagonal Kick Hamstring C,,MANUAL,,MVP_CANDIDATE,Resistance/strength candidate,Stability Ball,name,하체,name,,,unsupported,,review,,,2,1,1,MANUAL_QA_REQUIRED
gvs_d90da2fe6aeae1f8,gvc_39559f1ebaaa,Exercise Ball Pike Pushup,Exercise Ball Pike Pushup,,MANUAL,Chest,MVP_CANDIDATE,Resistance/strength candidate,Stability Ball,name,가슴,source,,,unsupported,,review,reps,,1,1,0,MANUAL_QA_REQUIRED
gvs_f67793bc640f5aaa,gvc_b44f5d100c74,Exercise Ball Serratus Wall Slide,Exercise Ball Serratus Wall Slide,,MANUAL,Back,MVP_CANDIDATE,Resistance/strength candidate,Stability Ball,name,등,source,,,unsupported,,review,,,1,1,0,MANUAL_QA_REQUIRED
gvs_1af44b39daf2e3bd,gvc_a781186eb910,Exercise Ball Wall Squat,Exercise Ball Wall Squat,,MANUAL,Thighs,MVP_CANDIDATE,Resistance/strength candidate,Stability Ball,name,하체,source,대퇴사두근,둔근,name_high,,review,,,1,1,0,MANUAL_QA_REQUIRED
gvs_d9a754899b119b35,gvc_29d2f506798a,Explosive Dynamic Plank,Explosive Dynamic Plank,,MANUAL,Waist,MVP_CANDIDATE,Resistance/strength candidate,Bodyweight,inferred_bodyweight,코어,source,코어,,name_high,duration,semantic,duration,,1,1,0,MANUAL_QA_REQUIRED
gvs_6afe84bc5928136e,gvc_6babcef3775c,Explosive Kneeling Push Up,Explosive Kneeling Push Up,,MANUAL,Chest,MVP_CANDIDATE,Resistance/strength candidate,Bodyweight,inferred_bodyweight,가슴,source,,,unsupported,reps,bodyweight,reps,,1,1,0,MANUAL_QA_REQUIRED
gvs_f689b99294b6ada8,gvc_bb98869e5d93,Explosive Push Up,Explosive Push Up,,MANUAL,Chest,MVP_CANDIDATE,Resistance/strength candidate,Bodyweight,inferred_bodyweight,가슴,source,,,unsupported,reps,bodyweight,reps,,1,1,0,MANUAL_QA_REQUIRED
gvs_24ace6a2b690d294,gvc_cfcd4fcd817e,EZ Bar 21s,EZ Bar 21s,,MANUAL,Upper-Arms,MVP_CANDIDATE,Resistance/strength candidate,EZ Bar,source,팔,source,,,unsupported,weight_reps,equipment,weight_reps,,1,1,0,MANUAL_QA_REQUIRED
gvs_f557f3d824be4176,gvc_6446ae7c0a14,EZ Bar Close Grip Bench Press,EZ Bar Close Grip Bench Press,,MANUAL,Upper-Arms,MVP_CANDIDATE,Resistance/strength candidate,EZ Bar,source,팔,source,대흉근,삼두근 / 전면 삼각근,name_high,weight_reps,equipment,weight_reps,BODY_MUSCLE_FAMILY_CONFLICT,2,0,2,MANUAL_QA_REQUIRED
gvs_86fd0ac0689ca2b2,gvc_52b2fc888ee0,EZ Bar Deadlift With Biceps Curl,EZ Bar Deadlift With Biceps Curl,,MANUAL,Hips,MVP_CANDIDATE,Resistance/strength candidate,EZ Bar,source,하체,source,둔근 / 햄스트링,등 / 코어,name_high,weight_reps,equipment,weight_reps,,1,1,0,MANUAL_QA_REQUIRED
gvs_4818224eb620afdc,gvc_7e332c5821c6,EZ Bar Knelling Rollout,EZ Bar Knelling Rollout,,MANUAL,Waist,MVP_CANDIDATE,Resistance/strength candidate,EZ Bar,source,코어,source,,,unsupported,weight_reps,equipment,weight_reps,,1,1,0,MANUAL_QA_REQUIRED
gvs_d9ba8f9e2ab982c0,gvc_1f23528050b4,EZ Bar Legs Side Pull In Sit Up,EZ Bar Legs Side Pull In Sit Up,,MANUAL,Waist,MVP_CANDIDATE,Resistance/strength candidate,EZ Bar,source,코어,source,복직근,,name_high,weight_reps,equipment,weight_reps,,1,1,0,MANUAL_QA_REQUIRED
gvs_3476a679bd737289,gvc_747e7ad494b5,EZ Bar Lying Bent Arms Pullover,EZ Bar Lying Bent Arms Pullover,,MANUAL,Back,MVP_CANDIDATE,Resistance/strength candidate,EZ Bar,source,등,source,,,unsupported,weight_reps,equipment,weight_reps,,2,1,1,MANUAL_QA_REQUIRED
gvs_2b86b6419597b7e9,gvc_2fd2ce5082f4,EZ Bar Reverse Grip Bent Over Row,EZ Bar Reverse Grip Bent Over Row,,MANUAL,Back,MVP_CANDIDATE,Resistance/strength candidate,EZ Bar,source,등,source,등 상부 / 광배근,이두근,name_high,weight_reps,equipment,weight_reps,,1,1,0,MANUAL_QA_REQUIRED
gvs_9984f17b93a7a61b,gvc_0bc719634dc3;gvc_5dffb90bbdf3,EZ Bar Seated Close Grip Concentration Curl | EZ Bar Seated Close Grip Concentration Curl (femal,EZ Bar Seated Close Grip Concentration Curl,,MANUAL,Upper-Arms,MVP_CANDIDATE,Resistance/strength candidate,EZ Bar,source,팔,source,이두근,,name_high,weight_reps,equipment,weight_reps,,2,1,1,MANUAL_QA_REQUIRED
gvs_4f6288fbcb8ac8ab,gvc_8e22349e87e9,EZ Bar Seated Close Grip Shoulder Press,EZ Bar Seated Close Grip Shoulder Press,,MANUAL,Shoulders,MVP_CANDIDATE,Resistance/strength candidate,EZ Bar,source,어깨,source,삼각근,삼두근,name_high,weight_reps,equipment,weight_reps,,1,1,0,MANUAL_QA_REQUIRED
gvs_cdb2cef610600294,gvc_ad2024d5a661,EZ Bar Seated Wrist Curl,EZ Bar Seated Wrist Curl,,MANUAL,Forearms,MVP_CANDIDATE,Resistance/strength candidate,EZ Bar,source,팔,source,,,unsupported,weight_reps,equipment,weight_reps,,1,1,0,MANUAL_QA_REQUIRED
gvs_d50fce7a88753a84,gvc_46cdb13b8a2d,EZ Bar Seated Wrist Reverse Curl,EZ Bar Seated Wrist Reverse Curl,,MANUAL,Forearms,MVP_CANDIDATE,Resistance/strength candidate,EZ Bar,source,팔,source,,,unsupported,weight_reps,equipment,weight_reps,,1,1,0,MANUAL_QA_REQUIRED
gvs_a10a4b555db7e795,gvc_454f5f9eac56,EZ Bar Standing French Press,EZ Bar Standing French Press,,MANUAL,Upper-Arms,MVP_CANDIDATE,Resistance/strength candidate,EZ Bar,source,팔,source,,,unsupported,weight_reps,equipment,weight_reps,,1,1,0,MANUAL_QA_REQUIRED
gvs_de77ff424674e4d4,gvc_e488624d3a8c,EZ Bar Standing Front Raise,EZ Bar Standing Front Raise,,MANUAL,Shoulders,MVP_CANDIDATE,Resistance/strength candidate,EZ Bar,source,어깨,source,전면 삼각근,,name_high,weight_reps,equipment,weight_reps,,1,1,0,MANUAL_QA_REQUIRED
gvs_884757bdd47af355,gvc_0c01fc69b568,EZ Bar Standing Upright Row,EZ Bar Standing Upright Row,,MANUAL,Shoulders,MVP_CANDIDATE,Resistance/strength candidate,EZ Bar,source,어깨,source,등 상부 / 광배근,이두근,name_high,weight_reps,equipment,weight_reps,BODY_MUSCLE_FAMILY_CONFLICT,1,0,1,MANUAL_QA_REQUIRED
gvs_9320dd359792b03d,gvc_6d40d2121ef8,EZ Barbell Anti Gravity Press,EZ Barbell Anti Gravity Press,,MANUAL,Shoulders,MVP_CANDIDATE,Resistance/strength candidate,Barbell,source,어깨,source,,,unsupported,weight_reps,equipment,weight_reps,,2,1,1,MANUAL_QA_REQUIRED
gvs_5863a15057bf2cc6,gvc_2df6e3512e45,EZ Barbell Bench Press,EZ Barbell Bench Press,,MANUAL,Chest,MVP_CANDIDATE,Resistance/strength candidate,Barbell,source,가슴,source,대흉근,삼두근 / 전면 삼각근,name_high,weight_reps,equipment,weight_reps,,1,1,0,MANUAL_QA_REQUIRED
gvs_82a6aefd47314b59,gvc_6b98d59a0f10,EZ Barbell Close Grip Curl,EZ Barbell Close Grip Curl,,MANUAL,Upper-Arms,MVP_CANDIDATE,Resistance/strength candidate,Barbell,source,팔,source,,,unsupported,weight_reps,equipment,weight_reps,,2,1,1,MANUAL_QA_REQUIRED
gvs_7263de76c30140a4,gvc_3ca465446398,EZ Barbell Close Grip Preacher Curl,EZ Barbell Close Grip Preacher Curl,,MANUAL,Upper-Arms,MVP_CANDIDATE,Resistance/strength candidate,Barbell,source,팔,source,이두근,,name_high,weight_reps,equipment,weight_reps,,2,1,1,MANUAL_QA_REQUIRED
gvs_ba1209c935594e71,gvc_d3d2b80395e8,EZ Barbell Curl,EZ Barbell Curl,,MANUAL,Upper-Arms,MVP_CANDIDATE,Resistance/strength candidate,Barbell,source,팔,source,,,unsupported,weight_reps,equipment,weight_reps,,2,1,1,MANUAL_QA_REQUIRED
gvs_e35756c535338a0d,gvc_a6ee5864b13e,EZ Barbell Decline Triceps Extension,EZ Barbell Decline Triceps Extension,,MANUAL,Upper-Arms,MVP_CANDIDATE,Resistance/strength candidate,Barbell,source,팔,source,삼두근,,name_high,weight_reps,equipment,weight_reps,,1,1,0,MANUAL_QA_REQUIRED
gvs_ffc11a5af4153c08,gvc_e4a43f5c8159,EZ Barbell Drag Curl (version 2),EZ Barbell Drag Curl,,MANUAL,Upper-Arms,MVP_CANDIDATE,Resistance/strength candidate,Barbell,source,팔,source,,,unsupported,weight_reps,equipment,weight_reps,,1,1,0,MANUAL_QA_REQUIRED
gvs_ddc533aaf9404150,gvc_30e17a699fe6,EZ Barbell Incline Triceps Extension,EZ Barbell Incline Triceps Extension,,MANUAL,Upper-Arms,MVP_CANDIDATE,Resistance/strength candidate,Barbell,source,팔,source,삼두근,,name_high,weight_reps,equipment,weight_reps,,1,1,0,MANUAL_QA_REQUIRED
gvs_bf2abab12b9c58a5,gvc_8a323183c7fd,EZ Barbell Jm Bench Press,EZ Barbell Jm Bench Press,,MANUAL,Upper-Arms,MVP_CANDIDATE,Resistance/strength candidate,Barbell,source,팔,source,대흉근,삼두근 / 전면 삼각근,name_high,weight_reps,equipment,weight_reps,BODY_MUSCLE_FAMILY_CONFLICT,1,1,0,MANUAL_QA_REQUIRED
gvs_aff272c4360a49da,gvc_e53b76d2c9df,EZ Barbell Lying Triceps Extension,EZ Barbell Lying Triceps Extension,,MANUAL,Upper-Arms,MVP_CANDIDATE,Resistance/strength candidate,Barbell,source,팔,source,삼두근,,name_high,weight_reps,equipment,weight_reps,,2,1,1,MANUAL_QA_REQUIRED
gvs_eee7b232e119dde4,gvc_9ffcb63ac351,EZ Barbell Preacher Curl,EZ Barbell Preacher Curl,,MANUAL,Upper-Arms,MVP_CANDIDATE,Resistance/strength candidate,Barbell,source,팔,source,이두근,,name_high,weight_reps,equipment,weight_reps,,1,1,0,MANUAL_QA_REQUIRED
gvs_01ea0df3349efceb,gvc_31f7606d69af,EZ Barbell Reverse Grip Curl,EZ Barbell Reverse Grip Curl,,MANUAL,Forearms,MVP_CANDIDATE,Resistance/strength candidate,Barbell,source,팔,source,,,unsupported,weight_reps,equipment,weight_reps,,2,1,1,MANUAL_QA_REQUIRED
gvs_ad5a3b129c63e1cc,gvc_6791f1caaf27,EZ Barbell Reverse Grip Preacher Curl,EZ Barbell Reverse Grip Preacher Curl,,MANUAL,Forearms,MVP_CANDIDATE,Resistance/strength candidate,Barbell,source,팔,source,이두근,,name_high,weight_reps,equipment,weight_reps,,1,1,0,MANUAL_QA_REQUIRED
gvs_db934a06896698cc,gvc_6968eae53152,EZ Barbell Seated Curls,EZ Barbell Seated Curls,,MANUAL,Upper-Arms,MVP_CANDIDATE,Resistance/strength candidate,Barbell,source,팔,source,,,unsupported,weight_reps,equipment,weight_reps,,1,1,0,MANUAL_QA_REQUIRED
gvs_8dbe1e8f71d902e7,gvc_e7f59911144c,EZ Barbell Seated Triceps Extension,EZ Barbell Seated Triceps Extension,,MANUAL,Upper-Arms,MVP_CANDIDATE,Resistance/strength candidate,Barbell,source,팔,source,삼두근,,name_high,weight_reps,equipment,weight_reps,,1,1,0,MANUAL_QA_REQUIRED
gvs_3bb760ea0d73df08,gvc_941f61fef9e6,EZ Barbell Spider Curl,EZ Barbell Spider Curl,,MANUAL,Upper-Arms,MVP_CANDIDATE,Resistance/strength candidate,Barbell,source,팔,source,,,unsupported,weight_reps,equipment,weight_reps,,2,1,1,MANUAL_QA_REQUIRED
gvs_c9ea303afd757dc8,gvc_e4a81e6bcabd,EZ Barbell Srtict Curl,EZ Barbell Srtict Curl,,MANUAL,Upper-Arms,MVP_CANDIDATE,Resistance/strength candidate,Barbell,source,팔,source,,,unsupported,weight_reps,equipment,weight_reps,,1,1,0,MANUAL_QA_REQUIRED
gvs_63c6b8362c222028,gvc_3edc5a5552b4,EZ Barbell Standing Back Wrist Curl,EZ Barbell Standing Back Wrist Curl,,MANUAL,Forearms,MVP_CANDIDATE,Resistance/strength candidate,Barbell,source,팔,source,,,unsupported,weight_reps,equipment,weight_reps,,1,1,0,MANUAL_QA_REQUIRED
gvs_3337d210305d1fc6,gvc_b2d02769c1c1,EZ Barbell Standing Preacher Curl,EZ Barbell Standing Preacher Curl,,MANUAL,Upper-Arms,MVP_CANDIDATE,Resistance/strength candidate,Barbell,source,팔,source,이두근,,name_high,weight_reps,equipment,weight_reps,,1,1,0,MANUAL_QA_REQUIRED
gvs_eb3f2ff024ec611e,gvc_9b9f3a5dce38,EZ Barbell Standing Single Arm Neutral Wrist Curl,EZ Barbell Standing Single Arm Neutral Wrist Curl,,MANUAL,,MVP_CANDIDATE,Resistance/strength candidate,Barbell,source,팔,name,,,unsupported,weight_reps,equipment,weight_reps,,1,1,0,MANUAL_QA_REQUIRED
gvs_2fef891a5d57869c,gvc_0c5557d1616e,EZ Barbell Standing Wide Grip Biceps Curl,EZ Barbell Standing Wide Grip Biceps Curl,,MANUAL,Upper-Arms,MVP_CANDIDATE,Resistance/strength candidate,Barbell,source,팔,source,이두근,,name_high,weight_reps,equipment,weight_reps,,2,1,1,MANUAL_QA_REQUIRED
gvs_94a77aa66a8ce494,gvc_d6f306afc333,EZ Barbell Standing Wrist Curl,EZ Barbell Standing Wrist Curl,,MANUAL,Forearms,MVP_CANDIDATE,Resistance/strength candidate,Barbell,source,팔,source,,,unsupported,weight_reps,equipment,weight_reps,,1,1,0,MANUAL_QA_REQUIRED
gvs_9ca19b3f23cd0a97,gvc_299d7ecec987,EZ Barbell Standing Wrist Reverse Curl,EZ Barbell Standing Wrist Reverse Curl,,MANUAL,Forearms,MVP_CANDIDATE,Resistance/strength candidate,Barbell,source,팔,source,,,unsupported,weight_reps,equipment,weight_reps,,1,1,0,MANUAL_QA_REQUIRED
gvs_48cc7b2a683cfbb8,gvc_f280b3b88645,EZ Barbell Stiff Legged Deadlift,EZ Barbell Stiff Legged Deadlift,,MANUAL,Hips,MVP_CANDIDATE,Resistance/strength candidate,Barbell,source,하체,source,둔근 / 햄스트링,등 / 코어,name_high,weight_reps,equipment,weight_reps,,1,1,0,MANUAL_QA_REQUIRED
gvs_768ca15996f86165,gvc_bd64937ff6ae,Far Leg Hip Thrust,Far Leg Hip Thrust,,MANUAL,Hips,MVP_CANDIDATE,Resistance/strength candidate,Bodyweight,inferred_bodyweight,하체,source,둔근,햄스트링,name_high,reps,bodyweight,,,1,0,1,MANUAL_QA_REQUIRED
gvs_6375d6d3b3e809f3,gvc_e656c9f0031e,Fast Sit Up Slow Down,Fast Sit Up Slow Down,,MANUAL,Waist,MVP_CANDIDATE,Resistance/strength candidate,Bodyweight,inferred_bodyweight,코어,source,복직근,,name_high,reps,bodyweight,reps,,1,1,0,MANUAL_QA_REQUIRED
gvs_ed549e9fea56dbdf,gvc_a811058c08ac,Finger Claps,Finger Claps,,MANUAL,Forearms,MVP_CANDIDATE,Resistance/strength candidate,Bodyweight,inferred_bodyweight,팔,source,,,unsupported,reps,bodyweight,,,1,1,0,MANUAL_QA_REQUIRED
gvs_07ecf020b9cad0ba,gvc_98bdc8d83182,Finger Push Up,Finger Push Up,,MANUAL,Chest,MVP_CANDIDATE,Resistance/strength candidate,Bodyweight,inferred_bodyweight,가슴,source,,,unsupported,reps,bodyweight,reps,,1,1,0,MANUAL_QA_REQUIRED
gvs_32a5b2bb0a16856b,gvc_2f4e636532c2,Finger Raises Plank,Finger Raises Plank,,MANUAL,Forearms,MVP_CANDIDATE,Resistance/strength candidate,Bodyweight,inferred_bodyweight,팔,source,코어,,name_high,duration,semantic,duration,BODY_MUSCLE_FAMILY_CONFLICT,1,1,0,MANUAL_QA_REQUIRED
gvs_7a652de39562febb,gvc_47d055073361,Fist Push Up,Fist Push Up,,MANUAL,Chest,MVP_CANDIDATE,Resistance/strength candidate,Bodyweight,inferred_bodyweight,가슴,source,,,unsupported,reps,bodyweight,reps,,1,1,0,MANUAL_QA_REQUIRED
gvs_291669b368a96b63,gvc_b4546900760b,Fixed Feet Sit Up Stand,Fixed Feet Sit Up Stand,,MANUAL,Waist,MVP_CANDIDATE,Resistance/strength candidate,Bodyweight,inferred_bodyweight,코어,source,복직근,,name_high,reps,bodyweight,reps,,1,1,0,MANUAL_QA_REQUIRED
gvs_023596cc1ceac9f2,gvc_d5f2d079088c,Flag,Flag,,MANUAL,Waist,MVP_CANDIDATE,Resistance/strength candidate,Bodyweight,inferred_bodyweight,코어,source,,,unsupported,reps,bodyweight,,,1,1,0,MANUAL_QA_REQUIRED
gvs_d3f37d63699748f3,gvc_addc01587ac8,Flexion Leg Sit Up (straight Arm),Flexion Leg Sit Up (Straight Arm),,MANUAL,Waist,MVP_CANDIDATE,Resistance/strength candidate,Bodyweight,inferred_bodyweight,코어,source,복직근,,name_high,reps,bodyweight,reps,,2,1,1,MANUAL_QA_REQUIRED
gvs_a37b70baddddb878,gvc_f275f671f301,Floor Crunch Feet On Bench,Floor Crunch Feet On Bench,,MANUAL,Waist,MVP_CANDIDATE,Resistance/strength candidate,Bodyweight,inferred_bodyweight,코어,source,복직근,,name_high,reps,bodyweight,reps,,1,0,1,MANUAL_QA_REQUIRED
gvs_f1aea61f7563d87f,gvc_d00c38c7e808;gvc_d070d4cba402,Floor T Raise | Floor T Raise (version 2),Floor T Raise,,MANUAL,Hips;Back,MVP_CANDIDATE,Resistance/strength candidate,Bodyweight,inferred_bodyweight,,conflict,,,unsupported,reps,bodyweight,,BODY_SOURCE_CONFLICT,3,2,1,MANUAL_QA_REQUIRED
gvs_3f4053f88ce74b72,gvc_329c4399d4b9;gvc_4932c8a47e8d;gvc_4932c9a47e8d,Flutter Kicks | Flutter Kicks (version 2) | Flutter Kicks (version 3),Flutter Kicks,,MANUAL,Hips,MVP_CANDIDATE,Resistance/strength candidate,Bodyweight,inferred_bodyweight,하체,source,,,unsupported,reps,bodyweight,,,5,3,2,MANUAL_QA_REQUIRED
gvs_2a6229aa0a77c548,gvc_263db10ab463,Foam Roll Serratus Wall Slide,Foam Roll Serratus Wall Slide,,MANUAL,Back,MVP_CANDIDATE,Resistance/strength candidate,Bodyweight,inferred_bodyweight,등,source,,,unsupported,reps,bodyweight,,,1,1,0,MANUAL_QA_REQUIRED
gvs_a590700d3a9c6411,gvc_083523cbd973,Forearm Push Forward,Forearm Push Forward,,MANUAL,Shoulders,MVP_CANDIDATE,Resistance/strength candidate,Bodyweight,inferred_bodyweight,어깨,source,,,unsupported,reps,bodyweight,,,1,0,1,MANUAL_QA_REQUIRED
gvs_88f8f3137f9b8173,gvc_2258a4e8717a,Forearms To Wide Grip Wall Push Up,Forearms To Wide Grip Wall Push Up,,MANUAL,Chest,MVP_CANDIDATE,Resistance/strength candidate,Bodyweight,inferred_bodyweight,가슴,source,,,unsupported,reps,bodyweight,reps,,1,1,0,MANUAL_QA_REQUIRED
gvs_a76c53da0d838f18,gvc_c8aa0f6f27e7,Forward And Top Wall Push,Forward And Top Wall Push,,MANUAL,Chest,MVP_CANDIDATE,Resistance/strength candidate,Bodyweight,inferred_bodyweight,가슴,source,,,unsupported,reps,bodyweight,,,1,0,1,MANUAL_QA_REQUIRED
gvs_20c2306e60ff8764,gvc_862a14003bbc,Forward Arms Plank,Forward Arms Plank,,MANUAL,Waist,MVP_CANDIDATE,Resistance/strength candidate,Bodyweight,inferred_bodyweight,코어,source,코어,,name_high,duration,semantic,duration,,1,1,0,MANUAL_QA_REQUIRED
gvs_a452e0b368d50ebb,gvc_84d169434ec2,Forward Backward Duck Walk (version 2),Forward Backward Duck Walk,,MANUAL,Hips,MVP_CANDIDATE,Resistance/strength candidate,Bodyweight,inferred_bodyweight,하체,source,,,unsupported,reps,bodyweight,,,1,0,1,MANUAL_QA_REQUIRED
gvs_8db8526a64060ae4,gvc_2e4e1d0b6a80,Forward Lunge,Forward Lunge,포워드 런지,AUTO_PHRASE_DRAFT,Thighs,MVP_CANDIDATE,Resistance/strength candidate,Bodyweight,inferred_bodyweight,하체,source,대퇴사두근,둔근,name_high,reps,bodyweight,reps,,1,1,0,AUTO_DRAFT_COMPLETE
gvs_fe39b0a44e62750a,gvc_1debb79cb2da,Forward Lunge Punch,Forward Lunge Punch,,MANUAL,Thighs,MVP_CANDIDATE,Resistance/strength candidate,Bodyweight,inferred_bodyweight,하체,source,대퇴사두근,둔근,name_high,reps,bodyweight,reps,,1,1,0,MANUAL_QA_REQUIRED
gvs_c3d7d680142c1626,gvc_345461496585,Forward Pulse Lunge With Hands Overhead,Forward Pulse Lunge With Hands Overhead,,MANUAL,Thighs,MVP_CANDIDATE,Resistance/strength candidate,Bodyweight,inferred_bodyweight,하체,source,대퇴사두근,둔근,name_high,reps,bodyweight,reps,,1,1,0,MANUAL_QA_REQUIRED
gvs_e943e18a6d9bc5ac,gvc_af8f5ca53b33,Forward Side Top Presses,Forward Side Top Presses,,MANUAL,Shoulders,MVP_CANDIDATE,Resistance/strength candidate,Bodyweight,inferred_bodyweight,어깨,source,,,unsupported,reps,bodyweight,,,1,1,0,MANUAL_QA_REQUIRED
gvs_45d7bfc4efdc26b6,gvc_ae8b8f1ae922,Forward Step Front Plank,Forward Step Front Plank,,MANUAL,Hips,MVP_CANDIDATE,Resistance/strength candidate,Bodyweight,inferred_bodyweight,하체,source,코어,,name_high,reps,bodyweight,duration,BODY_MUSCLE_FAMILY_CONFLICT,1,0,1,MANUAL_QA_REQUIRED
gvs_63bb3a29b8f844fd,gvc_7f5f76cef8e9,Frog Crunch,Frog Crunch,,MANUAL,Waist,MVP_CANDIDATE,Resistance/strength candidate,Bodyweight,inferred_bodyweight,코어,source,복직근,,name_high,reps,bodyweight,reps,,3,2,1,MANUAL_QA_REQUIRED
gvs_18056968583997b2,gvc_88d2f02c4a0b,Frog Crunch Feet Together,Frog Crunch Feet Together,,MANUAL,Waist,MVP_CANDIDATE,Resistance/strength candidate,Bodyweight,inferred_bodyweight,코어,source,복직근,,name_high,reps,bodyweight,reps,,1,0,1,MANUAL_QA_REQUIRED
gvs_449c1958db2266ae,gvc_45de33645214,Frog Crunch Hold,Frog Crunch Hold,,MANUAL,Waist,MVP_CANDIDATE,Resistance/strength candidate,Bodyweight,inferred_bodyweight,코어,source,복직근,,name_high,duration,semantic,reps,,1,1,0,MANUAL_QA_REQUIRED
gvs_8f1dcc51e5954df1,gvc_29155705b8f1,Frog Glute Bridge,Frog Glute Bridge,,MANUAL,Hips,MVP_CANDIDATE,Resistance/strength candidate,Bodyweight,inferred_bodyweight,하체,source,둔근,햄스트링,name_high,reps,bodyweight,,,1,0,1,MANUAL_QA_REQUIRED
gvs_fc818b9f91c591e7,gvc_582f46af767a,Frog Hip Thrust,Frog Hip Thrust,,MANUAL,Hips,MVP_CANDIDATE,Resistance/strength candidate,Bodyweight,inferred_bodyweight,하체,source,둔근,햄스트링,name_high,reps,bodyweight,,,1,0,1,MANUAL_QA_REQUIRED
gvs_78cc9a70bdb534f2,gvc_661981a3dcee,Frog Planche,Frog Planche,,MANUAL,Waist,MVP_CANDIDATE,Resistance/strength candidate,Bodyweight,inferred_bodyweight,코어,source,,,unsupported,reps,bodyweight,,,1,1,0,MANUAL_QA_REQUIRED
gvs_40d9da2a3e409d0c,gvc_dca7d126bf55,Frog Reverse Hyperextension Tap On Floor,Frog Reverse Hyperextension Tap On Floor,,MANUAL,Hips,MVP_CANDIDATE,Resistance/strength candidate,Bodyweight,inferred_bodyweight,하체,source,,,unsupported,reps,bodyweight,,,1,1,0,MANUAL_QA_REQUIRED
gvs_5791c5016877044d,gvc_adf80a1b1029,Frog Squat,Frog Squat,,MANUAL,Hips,MVP_CANDIDATE,Resistance/strength candidate,Bodyweight,inferred_bodyweight,하체,source,대퇴사두근,둔근,name_high,reps,bodyweight,,,1,0,1,MANUAL_QA_REQUIRED
gvs_4f757d0f8ecd4be7,gvc_bdbde272454d,Frogger,Frogger,,MANUAL,Waist,MVP_CANDIDATE,Resistance/strength candidate,Bodyweight,inferred_bodyweight,코어,source,,,unsupported,reps,bodyweight,,,2,2,0,MANUAL_QA_REQUIRED
gvs_826ac174215a451e,gvc_0244b94c5cd0,Front And Back Arms Rotation,Front And Back Arms Rotation,,MANUAL,Shoulders,MVP_CANDIDATE,Resistance/strength candidate,Bodyweight,inferred_bodyweight,어깨,source,,,unsupported,reps,bodyweight,,,1,0,1,MANUAL_QA_REQUIRED
gvs_f6dfea06126f16e4,gvc_3777982e1199,Front Elbow Plank,Front Elbow Plank,,MANUAL,Waist,MVP_CANDIDATE,Resistance/strength candidate,Bodyweight,inferred_bodyweight,코어,source,코어,,name_high,duration,semantic,duration,,2,1,1,MANUAL_QA_REQUIRED
gvs_e966de77553d29b7,gvc_eba293014c01,Front Lever,Front Lever,,MANUAL,Waist,MVP_CANDIDATE,Resistance/strength candidate,Machine,source,코어,source,,,unsupported,weight_reps,equipment,weight_reps,,1,1,0,MANUAL_QA_REQUIRED
gvs_8659c72eaffc0740,gvc_b7dbac4a6e1f,Front Plank,Front Plank,프론트 플랭크,AUTO_PHRASE_DRAFT,Waist,MVP_CANDIDATE,Resistance/strength candidate,Bodyweight,inferred_bodyweight,코어,source,코어,,name_high,duration,semantic,duration,,1,0,1,AUTO_DRAFT_COMPLETE
gvs_eae51c33680a85a3,gvc_6231cb4ed2c6,Front Plank Against Wall,Front Plank Against Wall,,MANUAL,Waist,MVP_CANDIDATE,Resistance/strength candidate,Bodyweight,inferred_bodyweight,코어,source,코어,,name_high,duration,semantic,duration,,1,1,0,MANUAL_QA_REQUIRED
gvs_5122a04b64328373,gvc_e61e4117a965,Front Plank On Elbow Toe Tap,Front Plank On Elbow Toe Tap,,MANUAL,Hips,MVP_CANDIDATE,Resistance/strength candidate,Bodyweight,inferred_bodyweight,하체,source,코어,,name_high,reps,bodyweight,duration,BODY_MUSCLE_FAMILY_CONFLICT,1,0,1,MANUAL_QA_REQUIRED
gvs_7fe13b067d4c3488,gvc_4f0cce31647f,Front Plank Open And Close,Front Plank Open And Close,,MANUAL,Waist,MVP_CANDIDATE,Resistance/strength candidate,Bodyweight,inferred_bodyweight,코어,source,코어,,name_high,duration,semantic,duration,,1,0,1,MANUAL_QA_REQUIRED
gvs_5b92d9a8b8c611f6,gvc_38dc59ace243,Front Plank To Side Plank,Front Plank To Side Plank,,MANUAL,Waist,MVP_CANDIDATE,Resistance/strength candidate,Bodyweight,inferred_bodyweight,코어,source,코어,,name_high,duration,semantic,duration,,1,1,0,MANUAL_QA_REQUIRED
gvs_3b3d6bfcbc9d68ae,gvc_c57925c15c01,Front Plank To Toe Tap,Front Plank To Toe Tap,,MANUAL,Hips,MVP_CANDIDATE,Resistance/strength candidate,Bodyweight,inferred_bodyweight,하체,source,코어,,name_high,reps,bodyweight,duration,BODY_MUSCLE_FAMILY_CONFLICT,1,1,0,MANUAL_QA_REQUIRED
gvs_abd195933774b12b,gvc_d7a58772af58,Front Plank Toe Tap,Front Plank Toe Tap,,MANUAL,Hips;Waist,MVP_CANDIDATE,Resistance/strength candidate,Bodyweight,inferred_bodyweight,,conflict,코어,,name_high,reps,bodyweight,duration,BODY_SOURCE_CONFLICT,2,1,1,MANUAL_QA_REQUIRED
gvs_041a762d09b9c9a5,gvc_806239420acc,Front Plank Walkout,Front Plank Walkout,,MANUAL,Waist,MVP_CANDIDATE,Resistance/strength candidate,Bodyweight,inferred_bodyweight,코어,source,코어,,name_high,duration,semantic,duration,,1,1,0,MANUAL_QA_REQUIRED
gvs_69fd809300806353,gvc_5734e6cefc91,Front Plank With Arm And Leg Lift,Front Plank With Arm And Leg Lift,,MANUAL,Waist,MVP_CANDIDATE,Resistance/strength candidate,Bodyweight,inferred_bodyweight,코어,source,코어,,name_high,duration,semantic,duration,,2,1,1,MANUAL_QA_REQUIRED
gvs_2d149b01ffdfaf81,gvc_df6a9873f4dc,Front Plank With Arm Lift,Front Plank With Arm Lift,,MANUAL,Waist,MVP_CANDIDATE,Resistance/strength candidate,Bodyweight,inferred_bodyweight,코어,source,코어,,name_high,duration,semantic,duration,,1,0,1,MANUAL_QA_REQUIRED
gvs_9db7447e0d90d7cc,gvc_8f24e0695429,Front Plank With Leg Lift,Front Plank With Leg Lift,,MANUAL,Hips,MVP_CANDIDATE,Resistance/strength candidate,Bodyweight,inferred_bodyweight,하체,source,코어,,name_high,duration,semantic,duration,BODY_MUSCLE_FAMILY_CONFLICT,2,1,1,MANUAL_QA_REQUIRED
gvs_6be30b8967ca8e49,gvc_cb1a66b1a211,Front Plank With Twist,Front Plank With Twist,,MANUAL,Waist,MVP_CANDIDATE,Resistance/strength candidate,Bodyweight,inferred_bodyweight,코어,source,코어,,name_high,reps,bodyweight,duration,,1,1,0,MANUAL_QA_REQUIRED
gvs_50870c9439560b12,gvc_28a9da2c6dbb,Front Scoops,Front Scoops,,MANUAL,Shoulders,MVP_CANDIDATE,Resistance/strength candidate,Bodyweight,inferred_bodyweight,어깨,source,,,unsupported,reps,bodyweight,,,1,0,1,MANUAL_QA_REQUIRED
gvs_6b163cb248720ab4,gvc_d08f82c93caa,Full Arm Rotation,Full Arm Rotation,,MANUAL,Shoulders,MVP_CANDIDATE,Resistance/strength candidate,Bodyweight,inferred_bodyweight,어깨,source,,,unsupported,reps,bodyweight,,,1,1,0,MANUAL_QA_REQUIRED
gvs_165486800302fbfa,gvc_f19d0e4d043b,Full Planche,Full Planche,,MANUAL,Waist,MVP_CANDIDATE,Resistance/strength candidate,Bodyweight,inferred_bodyweight,코어,source,,,unsupported,reps,bodyweight,,,1,1,0,MANUAL_QA_REQUIRED
gvs_b18823a8f3065e22,gvc_5ad99e61d59b,Glute Bridge Abduction Against Wall,Glute Bridge Abduction Against Wall,,MANUAL,Hips,MVP_CANDIDATE,Resistance/strength candidate,Bodyweight,inferred_bodyweight,하체,source,둔근,햄스트링,name_high,reps,bodyweight,,,1,1,0,MANUAL_QA_REQUIRED
gvs_004337c8597d65ba,gvc_6e68e6ec783b,Glute Bridge Alternating Tip Toe,Glute Bridge Alternating Tip Toe,,MANUAL,Hips,MVP_CANDIDATE,Resistance/strength candidate,Bodyweight,inferred_bodyweight,하체,source,둔근,햄스트링,name_high,reps,bodyweight,,,1,0,1,MANUAL_QA_REQUIRED
gvs_04864f92434fdff0,gvc_1ac5036f7e1f,Glute Bridge And Double Open Up,Glute Bridge And Double Open Up,,MANUAL,Hips,MVP_CANDIDATE,Resistance/strength candidate,Bodyweight,inferred_bodyweight,하체,source,둔근,햄스트링,name_high,reps,bodyweight,,,1,0,1,MANUAL_QA_REQUIRED
gvs_a88dc39425bf2dd6,gvc_bd8d08b90b74,Glute Bridge And Open Up,Glute Bridge And Open Up,,MANUAL,Hips,MVP_CANDIDATE,Resistance/strength candidate,Bodyweight,inferred_bodyweight,하체,source,둔근,햄스트링,name_high,reps,bodyweight,,,1,0,1,MANUAL_QA_REQUIRED
gvs_951329f676bcfff0,gvc_880f7f451872,Glute Bridge From Bench,Glute Bridge From Bench,,MANUAL,Hips,MVP_CANDIDATE,Resistance/strength candidate,Bodyweight,inferred_bodyweight,하체,source,둔근,햄스트링,name_high,reps,bodyweight,,,1,1,0,MANUAL_QA_REQUIRED
gvs_ecd76cfc076afb2a,gvc_df47ff61a7ca,Glute Bridge Hip Abduction,Glute Bridge Hip Abduction,글루트 브리지 힙 어브덕션,AUTO_PHRASE_DRAFT,Hips,MVP_CANDIDATE,Resistance/strength candidate,Bodyweight,inferred_bodyweight,하체,source,중둔근,,name_high,reps,bodyweight,,,2,1,1,AUTO_DRAFT_COMPLETE
gvs_8725f7af9c318f8f,gvc_5eabcc85e5a6,Glute Bridge Hip Side Raise,Glute Bridge Hip Side Raise,,MANUAL,Hips,MVP_CANDIDATE,Resistance/strength candidate,Bodyweight,inferred_bodyweight,하체,source,둔근,햄스트링,name_high,reps,bodyweight,,,1,0,1,MANUAL_QA_REQUIRED
gvs_93a45891af5f2019,gvc_d976920e9bea,Glute Bridge Hold With Kick,Glute Bridge Hold With Kick,,MANUAL,Hips,MVP_CANDIDATE,Resistance/strength candidate,Bodyweight,inferred_bodyweight,하체,source,둔근,햄스트링,name_high,reps,bodyweight,,,1,0,1,MANUAL_QA_REQUIRED
gvs_2a45e1461d6b79d4,gvc_f9b3233293ca,Glute Bridge March,Glute Bridge March,,MANUAL,Hips,MVP_CANDIDATE,Resistance/strength candidate,Bodyweight,inferred_bodyweight,하체,source,둔근,햄스트링,name_high,reps,bodyweight,,,2,0,2,MANUAL_QA_REQUIRED
gvs_19bf88a161ee4841,gvc_b735e13eea84,Glute Bridge Roll,Glute Bridge Roll,,MANUAL,Hips,MVP_CANDIDATE,Resistance/strength candidate,Bodyweight,inferred_bodyweight,하체,source,둔근,햄스트링,name_high,reps,bodyweight,,,1,0,1,MANUAL_QA_REQUIRED
gvs_e4b9ba7851794ab2,gvc_21816a8346df,Glute Bridge One Leg On Bench,Glute Bridge Single Leg On Bench,,MANUAL,Hips,MVP_CANDIDATE,Resistance/strength candidate,Bodyweight,inferred_bodyweight,하체,source,둔근,햄스트링,name_high,reps,bodyweight,,,1,0,1,MANUAL_QA_REQUIRED
gvs_6593542ab779e9d4,gvc_a8ee2b61cb7d,Glute Bridge Single Leg With Chair,Glute Bridge Single Leg With Chair,,MANUAL,Hips,MVP_CANDIDATE,Resistance/strength candidate,Bodyweight,inferred_bodyweight,하체,source,둔근,햄스트링,name_high,reps,bodyweight,,,1,0,1,MANUAL_QA_REQUIRED
gvs_9bb8bdc40aa12902,gvc_31f86d52eeb3,Glute Bridge Two Legs On Bench,Glute Bridge Two Legs On Bench,,MANUAL,Hips,MVP_CANDIDATE,Resistance/strength candidate,Bodyweight,inferred_bodyweight,하체,source,둔근,햄스트링,name_high,reps,bodyweight,,,2,1,1,MANUAL_QA_REQUIRED
gvs_83783088c57873b6,gvc_7e5e14aa166b,Glute Bridge Two Legs On Floor,Glute Bridge Two Legs On Floor,,MANUAL,Hips,MVP_CANDIDATE,Resistance/strength candidate,Bodyweight,inferred_bodyweight,하체,source,둔근,햄스트링,name_high,reps,bodyweight,,,1,0,1,MANUAL_QA_REQUIRED
gvs_71b4c290c779b3be,gvc_b49b463fef85,Glute Bridge Two Legs With Chair,Glute Bridge Two Legs With Chair,,MANUAL,Hips,MVP_CANDIDATE,Resistance/strength candidate,Bodyweight,inferred_bodyweight,하체,source,둔근,햄스트링,name_high,reps,bodyweight,,,1,0,1,MANUAL_QA_REQUIRED
gvs_13e3aa5e310182fc,gvc_38b16a5bae95,Glute Bridge Walk,Glute Bridge Walk,,MANUAL,Hips,MVP_CANDIDATE,Resistance/strength candidate,Bodyweight,inferred_bodyweight,하체,source,둔근,햄스트링,name_high,reps,bodyweight,,,2,1,1,MANUAL_QA_REQUIRED
gvs_6b9b0c5c709397aa,gvc_8f5438fb802d,Glute Ham Developer Crunch,Glute Ham Developer Crunch,,MANUAL,Waist,MVP_CANDIDATE,Resistance/strength candidate,Bodyweight,inferred_bodyweight,코어,source,복직근,,name_high,reps,bodyweight,reps,,1,1,0,MANUAL_QA_REQUIRED
gvs_82cdd25626afb604,gvc_3dd3c35f8d23,Glute Ham Developer Hip Extension,Glute Ham Developer Hip Extension,,MANUAL,Hips,MVP_CANDIDATE,Resistance/strength candidate,Bodyweight,inferred_bodyweight,하체,source,,,unsupported,reps,bodyweight,,,1,1,0,MANUAL_QA_REQUIRED
gvs_3c90735d95fad585,gvc_3c8119ed4533,Glute Ham Raise (version 2),Glute Ham Raise,,MANUAL,Thighs,MVP_CANDIDATE,Resistance/strength candidate,Bodyweight,inferred_bodyweight,하체,source,,,unsupported,reps,bodyweight,,,2,1,1,MANUAL_QA_REQUIRED
gvs_e42202ea7cd084a4,gvc_78f332d97e0f,Glute Ham Sit Up,Glute Ham Sit Up,,MANUAL,Waist,MVP_CANDIDATE,Resistance/strength candidate,Bodyweight,inferred_bodyweight,코어,source,복직근,,name_high,reps,bodyweight,reps,,1,0,1,MANUAL_QA_REQUIRED
gvs_1d7711dd243dcce5,gvc_c9611b74358f,Glute Ham Twist,Glute Ham Twist,,MANUAL,Waist,MVP_CANDIDATE,Resistance/strength candidate,Bodyweight,inferred_bodyweight,코어,source,,,unsupported,reps,bodyweight,,,1,1,0,MANUAL_QA_REQUIRED
gvs_78298709d6691b69,gvc_194be094dba8,Glute March,Glute March,,MANUAL,Hips,MVP_CANDIDATE,Resistance/strength candidate,Bodyweight,inferred_bodyweight,하체,source,,,unsupported,reps,bodyweight,,,1,1,0,MANUAL_QA_REQUIRED
gvs_ee0250b9b6d68f55,gvc_b755632a5ca3,Glute Single Leg Bridge From Bench,Glute Single Leg Bridge From Bench,,MANUAL,Hips,MVP_CANDIDATE,Resistance/strength candidate,Bodyweight,inferred_bodyweight,하체,source,,,unsupported,reps,bodyweight,,,1,1,0,MANUAL_QA_REQUIRED
gvs_10c235396dcb96bd,gvc_a2bf20bdc416,Good Morning Side Leg Lift,Good Morning Side Leg Lift,,MANUAL,Hips,MVP_CANDIDATE,Resistance/strength candidate,Bodyweight,inferred_bodyweight,하체,source,,,unsupported,reps,bodyweight,,,1,0,1,MANUAL_QA_REQUIRED
gvs_0ec4c1f17a3956e1,gvc_4526cac69f77,Good Morning Squat,Good Morning Squat,굿모닝 스쿼트,AUTO_PHRASE_DRAFT,Hips,MVP_CANDIDATE,Resistance/strength candidate,Bodyweight,inferred_bodyweight,하체,source,대퇴사두근,둔근,name_high,reps,bodyweight,,,1,1,0,AUTO_DRAFT_COMPLETE
gvs_5eef43a9aaefbfa9,gvc_8918f7ba891c,Grasshopper Push Up,Grasshopper Push Up,,MANUAL,Back,MVP_CANDIDATE,Resistance/strength candidate,Bodyweight,inferred_bodyweight,등,source,,,unsupported,reps,bodyweight,reps,,1,0,1,MANUAL_QA_REQUIRED
gvs_ac607553df428c1b,gvc_bf0bdbf06a99,Groin Crunch,Groin Crunch,,MANUAL,Waist,MVP_CANDIDATE,Resistance/strength candidate,Bodyweight,inferred_bodyweight,코어,source,복직근,,name_high,reps,bodyweight,reps,,1,1,0,MANUAL_QA_REQUIRED
gvs_7b11f703f37e684b,gvc_782d1822d25b,Hack Calf Raise,Hack Calf Raise,,MANUAL,Calves,MVP_CANDIDATE,Resistance/strength candidate,Bodyweight,inferred_bodyweight,하체,source,종아리,,name_high,reps,bodyweight,,,1,1,0,MANUAL_QA_REQUIRED
gvs_00da0baea02b5350,gvc_07f82071601f,Half Chest Fly,Half Chest Fly,,MANUAL,Chest,MVP_CANDIDATE,Resistance/strength candidate,Bodyweight,inferred_bodyweight,가슴,source,대흉근,삼두근 / 전면 삼각근,name_high,reps,bodyweight,,,1,1,0,MANUAL_QA_REQUIRED
gvs_6786db6c14d9cc2e,gvc_3f7dea2632de,Half Circle Draw Chair Supported,Half Circle Draw Chair Supported,,MANUAL,Hips,MVP_CANDIDATE,Resistance/strength candidate,Bodyweight,inferred_bodyweight,하체,source,,,unsupported,reps,bodyweight,,,1,0,1,MANUAL_QA_REQUIRED
gvs_54303bde2f723758,gvc_f38ae82442a0,Half Jackknife,Half Jackknife,,MANUAL,Waist,MVP_CANDIDATE,Resistance/strength candidate,Bodyweight,inferred_bodyweight,코어,source,,,unsupported,reps,bodyweight,,,1,1,0,MANUAL_QA_REQUIRED
gvs_07495ff2cf2f3460,gvc_652080613977,Half Plyo Squat Core Shift,Half Plyo Squat Core Shift,,MANUAL,Hips,MVP_CANDIDATE,Resistance/strength candidate,Bodyweight,inferred_bodyweight,하체,source,대퇴사두근,둔근,name_high,reps,bodyweight,,,1,0,1,MANUAL_QA_REQUIRED
gvs_4ce7eadb5a9f254b,gvc_b2d0df797277,Half Plyo Squat Twist,Half Plyo Squat Twist,,MANUAL,Waist,MVP_CANDIDATE,Resistance/strength candidate,Bodyweight,inferred_bodyweight,코어,source,대퇴사두근,둔근,name_high,reps,bodyweight,,BODY_MUSCLE_FAMILY_CONFLICT,1,0,1,MANUAL_QA_REQUIRED
gvs_7f1f1b1ea1d1fa54,gvc_2d596787f28b,Half Push Up Max Rep,Half Push Up Max Rep,,MANUAL,Chest,MVP_CANDIDATE,Resistance/strength candidate,Bodyweight,inferred_bodyweight,가슴,source,,,unsupported,reps,bodyweight,reps,,1,1,0,MANUAL_QA_REQUIRED
gvs_472b5e185e50be8a,gvc_ec6fe387cc9d,Half Seated Leg Circle,Half Seated Leg Circle,,MANUAL,Hips,MVP_CANDIDATE,Resistance/strength candidate,Bodyweight,inferred_bodyweight,하체,source,,,unsupported,reps,bodyweight,,,1,1,0,MANUAL_QA_REQUIRED
gvs_b49ac6e73986f6af,gvc_d9e664e5b661,Half Sit Up,Half Sit Up,,MANUAL,Waist,MVP_CANDIDATE,Resistance/strength candidate,Bodyweight,inferred_bodyweight,코어,source,복직근,,name_high,reps,bodyweight,reps,,1,1,0,MANUAL_QA_REQUIRED
gvs_e6ba74db932341e3,gvc_790485039c16,Half Squat Side Bend,Half Squat Side Bend,,MANUAL,Waist,MVP_CANDIDATE,Resistance/strength candidate,Bodyweight,inferred_bodyweight,코어,source,대퇴사두근,둔근,name_high,reps,bodyweight,,BODY_MUSCLE_FAMILY_CONFLICT,1,1,0,MANUAL_QA_REQUIRED
gvs_a1efbda81aa6aada,gvc_2ffede8daafd,Half Squat Side Lunge,Half Squat Side Lunge,,MANUAL,Hips,MVP_CANDIDATE,Resistance/strength candidate,Bodyweight,inferred_bodyweight,하체,source,대퇴사두근,둔근,name_high,reps,bodyweight,reps,,1,0,1,MANUAL_QA_REQUIRED
gvs_261e7c1e73fe4668,gvc_a341c14f1eb3,Half Squat Side Reach,Half Squat Side Reach,,MANUAL,Waist,MVP_CANDIDATE,Resistance/strength candidate,Bodyweight,inferred_bodyweight,코어,source,대퇴사두근,둔근,name_high,reps,bodyweight,,BODY_MUSCLE_FAMILY_CONFLICT,2,1,1,MANUAL_QA_REQUIRED
gvs_c5580b50fc5f76e6,gvc_19ca2991743e,Half Squat Torso Punches,Half Squat Torso Punches,,MANUAL,Waist,MVP_CANDIDATE,Resistance/strength candidate,Bodyweight,inferred_bodyweight,코어,source,대퇴사두근,둔근,name_high,reps,bodyweight,,BODY_MUSCLE_FAMILY_CONFLICT,2,1,1,MANUAL_QA_REQUIRED
gvs_d7bc1860b1030806,gvc_2d1fbabaaad7,Half Squat Wall Tip Toe,Half Squat Wall Tip Toe,,MANUAL,Thighs,MVP_CANDIDATE,Resistance/strength candidate,Bodyweight,inferred_bodyweight,하체,source,대퇴사두근,둔근,name_high,reps,bodyweight,,,1,1,0,MANUAL_QA_REQUIRED
gvs_9edeb3329415d5a0,gvc_0d4b8d222b7c,Half Wipers (bent Leg),Half Wipers (Bent Leg),,MANUAL,Waist,MVP_CANDIDATE,Resistance/strength candidate,Bodyweight,inferred_bodyweight,코어,source,,,unsupported,reps,bodyweight,,,2,1,1,MANUAL_QA_REQUIRED
gvs_f01c56c62604d794,gvc_46150084d8fb,Hammer Grip Pull Up On Dip Cage,Hammer Grip Pull Up On Dip Cage,,MANUAL,Back,MVP_CANDIDATE,Resistance/strength candidate,Bodyweight,inferred_bodyweight,등,source,광배근,이두근 / 승모근,name_high,reps,bodyweight,,,2,1,1,MANUAL_QA_REQUIRED
gvs_39ffaf55a4972d4d,gvc_4b36a43309e3,Hamstring Bridge,Hamstring Bridge,,MANUAL,Hips,MVP_CANDIDATE,Resistance/strength candidate,Bodyweight,inferred_bodyweight,하체,source,,,unsupported,reps,bodyweight,,,2,1,1,MANUAL_QA_REQUIRED
gvs_af1a7f5dc49690d5,gvc_ea88c4ecd81e,Hamstring Bridge March,Hamstring Bridge March,,MANUAL,Hips,MVP_CANDIDATE,Resistance/strength candidate,Bodyweight,inferred_bodyweight,하체,source,,,unsupported,reps,bodyweight,,,1,1,0,MANUAL_QA_REQUIRED
gvs_12530b8805792bfe,gvc_7b996999e59c,Hands Behind Double Superman Pulse,Hands Behind Double Superman Pulse,,MANUAL,Hips,MVP_CANDIDATE,Resistance/strength candidate,Bodyweight,inferred_bodyweight,하체,source,,,unsupported,reps,bodyweight,,,1,0,1,MANUAL_QA_REQUIRED
gvs_981d7beedd21b1e4,gvc_29383392478f,Hands Behind Head Chest Squeeze,Hands Behind Head Chest Squeeze,,MANUAL,Chest,MVP_CANDIDATE,Resistance/strength candidate,Bodyweight,inferred_bodyweight,가슴,source,,,unsupported,reps,bodyweight,,,1,0,1,MANUAL_QA_REQUIRED
gvs_d53eaa55b6146ae1,gvc_21ab7113785a,Hands Behind Head Side Leg Raise,Hands Behind Head Side Leg Raise,,MANUAL,Waist,MVP_CANDIDATE,Resistance/strength candidate,Bodyweight,inferred_bodyweight,코어,source,복직근,,name_high,reps,bodyweight,reps,,1,0,1,MANUAL_QA_REQUIRED
gvs_f399490a395c5d28,gvc_8d94b09f68cc,Hands Release Push Up,Hands Release Push Up,,MANUAL,Chest,MVP_CANDIDATE,Resistance/strength candidate,Bodyweight,inferred_bodyweight,가슴,source,,,unsupported,reps,bodyweight,reps,,2,1,1,MANUAL_QA_REQUIRED
gvs_35c7fddd3f07f841,gvc_b11914775172,Handstand,Handstand,,MANUAL,Upper-Arms,MVP_CANDIDATE,Resistance/strength candidate,Bodyweight,inferred_bodyweight,팔,source,,,unsupported,reps,bodyweight,,,1,1,0,MANUAL_QA_REQUIRED
gvs_50e2158e4b7d5000,gvc_4bdaaf8db0c1,Handstand Against The Wall,Handstand Against The Wall,,MANUAL,Shoulders,MVP_CANDIDATE,Resistance/strength candidate,Bodyweight,inferred_bodyweight,어깨,source,,,unsupported,reps,bodyweight,,,1,1,0,MANUAL_QA_REQUIRED
gvs_70a10380215d0472,gvc_4493f7d7f11d,Handstand Hold On Wall,Handstand Hold On Wall,,MANUAL,Shoulders,MVP_CANDIDATE,Resistance/strength candidate,Bodyweight,inferred_bodyweight,어깨,source,,,unsupported,duration,semantic,,,1,1,0,MANUAL_QA_REQUIRED
gvs_7a5b90ce8f4d6a02,gvc_34f2efe5104d;gvc_87ae7911828c,Handstand Push Up | Handstand Push Up (version 2),Handstand Push Up,,MANUAL,Shoulders;Upper-Arms,MVP_CANDIDATE,Resistance/strength candidate,Bodyweight,inferred_bodyweight,,conflict,,,unsupported,reps,bodyweight,reps,BODY_SOURCE_CONFLICT,3,2,1,MANUAL_QA_REQUIRED
gvs_9f0c63c9eb3cb7a9,gvc_99ade373e614,Handstand Push Up Against The Wall,Handstand Push Up Against The Wall,,MANUAL,Shoulders,MVP_CANDIDATE,Resistance/strength candidate,Bodyweight,inferred_bodyweight,어깨,source,,,unsupported,reps,bodyweight,reps,,1,1,0,MANUAL_QA_REQUIRED
gvs_5ef5ff39b0a16905,gvc_44069bef75dc,Handstand Shoulder Tap Against The Wall,Handstand Shoulder Tap Against The Wall,,MANUAL,Shoulders,MVP_CANDIDATE,Resistance/strength candidate,Bodyweight,inferred_bodyweight,어깨,source,,,unsupported,reps,bodyweight,,,1,1,0,MANUAL_QA_REQUIRED
gvs_acef61d64b39a544,gvc_8ee340549fc6,Handstand Walk,Handstand Walk,,MANUAL,Shoulders,MVP_CANDIDATE,Resistance/strength candidate,Bodyweight,inferred_bodyweight,어깨,source,,,unsupported,reps,bodyweight,,,1,1,0,MANUAL_QA_REQUIRED
gvs_c2d85102f4988008,gvc_d241b3499d1c,Hanging Deadbug,Hanging Deadbug,,MANUAL,Hips,MVP_CANDIDATE,Resistance/strength candidate,Bodyweight,inferred_bodyweight,하체,source,,,unsupported,reps,bodyweight,,,1,1,0,MANUAL_QA_REQUIRED
gvs_bd65619f0a7d7907,gvc_901361ed817d,Hanging Flutter Kick,Hanging Flutter Kick,,MANUAL,Hips,MVP_CANDIDATE,Resistance/strength candidate,Bodyweight,inferred_bodyweight,하체,source,,,unsupported,reps,bodyweight,,,1,1,0,MANUAL_QA_REQUIRED
gvs_5ff7582b36c8f6d3,gvc_78cfed2a346f,Hanging Front Lever Raise,Hanging Front Lever Raise,,MANUAL,Waist,MVP_CANDIDATE,Resistance/strength candidate,Machine,source,코어,source,,,unsupported,weight_reps,equipment,weight_reps,,1,1,0,MANUAL_QA_REQUIRED
gvs_a1f324b776df668f,gvc_69440f4693e3,Hanging Half Windmill,Hanging Half Windmill,,MANUAL,Waist,MVP_CANDIDATE,Resistance/strength candidate,Bodyweight,inferred_bodyweight,코어,source,,,unsupported,reps,bodyweight,,,1,1,0,MANUAL_QA_REQUIRED
gvs_7a3771010ea99df9,gvc_01a44fbaad85,Hanging Hollow Hold,Hanging Hollow Hold,,MANUAL,Waist,MVP_CANDIDATE,Resistance/strength candidate,Bodyweight,inferred_bodyweight,코어,source,,,unsupported,duration,semantic,,,1,0,1,MANUAL_QA_REQUIRED
gvs_63e0effa89b1f904,gvc_b2371053828c,Hanging Knees To Elbows,Hanging Knees To Elbows,,MANUAL,Waist,MVP_CANDIDATE,Resistance/strength candidate,Bodyweight,inferred_bodyweight,코어,source,,,unsupported,reps,bodyweight,,,1,1,0,MANUAL_QA_REQUIRED
gvs_885213e7cd3c43a7,gvc_eba544570000,Hanging Leg Hip Raise,Hanging Leg Hip Raise,,MANUAL,Waist,MVP_CANDIDATE,Resistance/strength candidate,Bodyweight,inferred_bodyweight,코어,source,,,unsupported,reps,bodyweight,,,2,1,1,MANUAL_QA_REQUIRED
gvs_03650ce3c13ff50b,gvc_10ef444e100c,Hanging Leg Tuck,Hanging Leg Tuck,,MANUAL,Waist,MVP_CANDIDATE,Resistance/strength candidate,Bodyweight,inferred_bodyweight,코어,source,,,unsupported,reps,bodyweight,,,1,1,0,MANUAL_QA_REQUIRED
gvs_9a03767e5ee6f2c4,gvc_5fa20d79c427,Hanging Oblique Knee Raise,Hanging Oblique Knee Raise,,MANUAL,Waist,MVP_CANDIDATE,Resistance/strength candidate,Bodyweight,inferred_bodyweight,코어,source,복직근,,name_high,reps,bodyweight,reps,,2,1,1,MANUAL_QA_REQUIRED
gvs_2d7a245304c5a0a3,gvc_61fdea059976,Hanging Oblique Knee Raise On Parallel Bars,Hanging Oblique Knee Raise On Parallel Bars,,MANUAL,Waist,MVP_CANDIDATE,Resistance/strength candidate,Bodyweight,inferred_bodyweight,코어,source,복직근,,name_high,reps,bodyweight,reps,,1,1,0,MANUAL_QA_REQUIRED
gvs_18c3caee48580900,gvc_b0246b764713,Hanging Pike,Hanging Pike,,MANUAL,Waist,MVP_CANDIDATE,Resistance/strength candidate,Bodyweight,inferred_bodyweight,코어,source,,,unsupported,reps,bodyweight,,,1,1,0,MANUAL_QA_REQUIRED
gvs_94e898ffce4dd1ff,gvc_6472a60dba35,Hanging Side Lean,Hanging Side Lean,,MANUAL,Waist,MVP_CANDIDATE,Resistance/strength candidate,Bodyweight,inferred_bodyweight,코어,source,,,unsupported,reps,bodyweight,,,1,1,0,MANUAL_QA_REQUIRED
gvs_761672e6087ac6ac,gvc_4bda8dfd0ca9,Hanging Straight Leg Hip Raise,Hanging Straight Leg Hip Raise,,MANUAL,Waist,MVP_CANDIDATE,Resistance/strength candidate,Bodyweight,inferred_bodyweight,코어,source,,,unsupported,reps,bodyweight,,,2,1,1,MANUAL_QA_REQUIRED
gvs_ff5d467cd8f52f5e,gvc_9652720e1c9c,Hanging Straight Leg Raise,Hanging Straight Leg Raise,,MANUAL,Hips,MVP_CANDIDATE,Resistance/strength candidate,Bodyweight,inferred_bodyweight,하체,source,복직근,,name_high,reps,bodyweight,reps,BODY_MUSCLE_FAMILY_CONFLICT,2,1,1,MANUAL_QA_REQUIRED
gvs_d72790950a133011,gvc_3bfa4e5134d7,Hanging Toes To Bar,Hanging Toes To Bar,,MANUAL,Waist,MVP_CANDIDATE,Resistance/strength candidate,Bodyweight,inferred_bodyweight,코어,source,,,unsupported,reps,bodyweight,,,1,1,0,MANUAL_QA_REQUIRED
gvs_da526945d638eef9,gvc_6c54eb8a98d0,Heel Glute Bridge,Heel Glute Bridge,,MANUAL,Hips,MVP_CANDIDATE,Resistance/strength candidate,Bodyweight,inferred_bodyweight,하체,source,둔근,햄스트링,name_high,reps,bodyweight,,,2,1,1,MANUAL_QA_REQUIRED
gvs_07f40464655a3622,gvc_fb0cbd674338,Heel Together Slight Squat,Heel Together Slight Squat,,MANUAL,Hips,MVP_CANDIDATE,Resistance/strength candidate,Bodyweight,inferred_bodyweight,하체,source,대퇴사두근,둔근,name_high,reps,bodyweight,,,1,0,1,MANUAL_QA_REQUIRED
gvs_b654fb18519d22f6,gvc_969b7645da1b,Heels Squat Slide Wall,Heels Squat Slide Wall,,MANUAL,Thighs,MVP_CANDIDATE,Resistance/strength candidate,Bodyweight,inferred_bodyweight,하체,source,대퇴사두근,둔근,name_high,reps,bodyweight,,,2,1,1,MANUAL_QA_REQUIRED
gvs_fd65e6c1185240b9,gvc_495ba3ef00a7,High Bar Incline Push Up,High Bar Incline Push Up,,MANUAL,Chest,MVP_CANDIDATE,Resistance/strength candidate,Bodyweight,inferred_bodyweight,가슴,source,,,unsupported,reps,bodyweight,reps,,1,1,0,MANUAL_QA_REQUIRED
gvs_d8ee1246c3b2c7d4,gvc_50595cb2e38e,High Plank Hip Tap,High Plank Hip Tap,,MANUAL,Waist,MVP_CANDIDATE,Resistance/strength candidate,Bodyweight,inferred_bodyweight,코어,source,코어,,name_high,reps,bodyweight,duration,,1,1,0,MANUAL_QA_REQUIRED
gvs_9024c6dec65aa54c,gvc_c405d7dbf83b,High Plank Knee Drop,High Plank Knee Drop,,MANUAL,Waist,MVP_CANDIDATE,Resistance/strength candidate,Bodyweight,inferred_bodyweight,코어,source,코어,,name_high,duration,semantic,duration,,1,0,1,MANUAL_QA_REQUIRED
gvs_0248edf5b8e819b1,gvc_18b6f79394fb,High Plank Shoulder Tap,High Plank Shoulder Tap,,MANUAL,Waist,MVP_CANDIDATE,Resistance/strength candidate,Bodyweight,inferred_bodyweight,코어,source,코어,,name_high,reps,bodyweight,duration,,1,1,0,MANUAL_QA_REQUIRED
gvs_74b515c317f984fb,gvc_c89b82270ade,Hindu Squat,Hindu Squat,,MANUAL,Thighs,MVP_CANDIDATE,Resistance/strength candidate,Bodyweight,inferred_bodyweight,하체,source,대퇴사두근,둔근,name_high,reps,bodyweight,,,1,1,0,MANUAL_QA_REQUIRED
gvs_95a6e92b664b42eb,gvc_fbadf81be729,Hip Circle Rotation,Hip Circle Rotation,,MANUAL,Hips,MVP_CANDIDATE,Resistance/strength candidate,Bodyweight,inferred_bodyweight,하체,source,,,unsupported,reps,bodyweight,,,1,0,1,MANUAL_QA_REQUIRED
gvs_3c8c3a176a8de697,gvc_e4282d9decd7,Hip Circle With Hula Hoop,Hip Circle With Hula Hoop,,MANUAL,Waist,MVP_CANDIDATE,Resistance/strength candidate,Bodyweight,inferred_bodyweight,코어,source,,,unsupported,reps,bodyweight,,,1,1,0,MANUAL_QA_REQUIRED
gvs_f483f98319ed92db,gvc_bfe52fc9990c,Hip Clam (version 2),Hip Clam,,MANUAL,Hips,MVP_CANDIDATE,Resistance/strength candidate,Bodyweight,inferred_bodyweight,하체,source,,,unsupported,reps,bodyweight,,,1,0,1,MANUAL_QA_REQUIRED
gvs_7362e2697e12bda9,gvc_be26d0a42436,Hip Clam Shell,Hip Clam Shell,,MANUAL,Hips,MVP_CANDIDATE,Resistance/strength candidate,Bodyweight,inferred_bodyweight,하체,source,,,unsupported,reps,bodyweight,,,1,1,0,MANUAL_QA_REQUIRED
gvs_764b4b530a57aa33,gvc_df77a921e73c,Hip Crunch,Hip Crunch,,MANUAL,Waist,MVP_CANDIDATE,Resistance/strength candidate,Bodyweight,inferred_bodyweight,코어,source,복직근,,name_high,reps,bodyweight,reps,,1,0,1,MANUAL_QA_REQUIRED
gvs_640ff33e36ee74a0,gvc_7189ad7adbdd,Hip Lunge,Hip Lunge,,MANUAL,Hips,MVP_CANDIDATE,Resistance/strength candidate,Bodyweight,inferred_bodyweight,하체,source,대퇴사두근,둔근,name_high,reps,bodyweight,reps,,1,1,0,MANUAL_QA_REQUIRED
gvs_95c07cce1466e02e,gvc_2597ba8f3b00;gvc_b5a3da53cfba,Hip Raise (bent Knee) | Hip Raise (bent Knee) (version 2),Hip Raise (Bent Knee),,MANUAL,Waist,MVP_CANDIDATE,Resistance/strength candidate,Bodyweight,inferred_bodyweight,코어,source,,,unsupported,reps,bodyweight,,,3,1,2,MANUAL_QA_REQUIRED
gvs_12d08c4af3cf2ecc,gvc_4ae3b82ce207,Hip Raise Bridge,Hip Raise Bridge,,MANUAL,Waist,MVP_CANDIDATE,Resistance/strength candidate,Bodyweight,inferred_bodyweight,코어,source,,,unsupported,reps,bodyweight,,,1,0,1,MANUAL_QA_REQUIRED
gvs_8a27702499e28dca,gvc_bc016846c4fa,Hip Roll Plank,Hip Roll Plank,,MANUAL,Waist,MVP_CANDIDATE,Resistance/strength candidate,Bodyweight,inferred_bodyweight,코어,source,코어,,name_high,duration,semantic,duration,,2,1,1,MANUAL_QA_REQUIRED
gvs_e5fc19ca572d6d60,gvc_4d555ddff38b,Hip Squat,Hip Squat,,MANUAL,Hips,MVP_CANDIDATE,Resistance/strength candidate,Bodyweight,inferred_bodyweight,하체,source,대퇴사두근,둔근,name_high,reps,bodyweight,,,1,1,0,MANUAL_QA_REQUIRED
gvs_242a89ded54c74ec,gvc_b9c3bdd1dc05,Hip Swirls,Hip Swirls,,MANUAL,Hips,MVP_CANDIDATE,Resistance/strength candidate,Bodyweight,inferred_bodyweight,하체,source,,,unsupported,reps,bodyweight,,,2,1,1,MANUAL_QA_REQUIRED
gvs_90d34eaeb57030ec,gvc_1037dedef7ff,Hip Thrust Side Step,Hip Thrust Side Step,,MANUAL,Hips,MVP_CANDIDATE,Resistance/strength candidate,Bodyweight,inferred_bodyweight,하체,source,둔근,햄스트링,name_high,reps,bodyweight,,,1,0,1,MANUAL_QA_REQUIRED
gvs_d8d65e14b87ee9c2,gvc_c939f535d54d,Hip Thrusts,Hip Thrusts,,MANUAL,Hips,MVP_CANDIDATE,Resistance/strength candidate,Bodyweight,inferred_bodyweight,하체,source,,,unsupported,reps,bodyweight,,,2,1,1,MANUAL_QA_REQUIRED
gvs_bddaa636cad0314c,gvc_7b22b0e49517,Holding Squat,Holding Squat,,MANUAL,Thighs,MVP_CANDIDATE,Resistance/strength candidate,Bodyweight,inferred_bodyweight,하체,source,대퇴사두근,둔근,name_high,reps,bodyweight,,,1,1,0,MANUAL_QA_REQUIRED
gvs_2ca718f34f41d343,gvc_d9cf371783f2,Hollow Body 45 Degrees,Hollow Body 45 Degree,,MANUAL,Waist,MVP_CANDIDATE,Resistance/strength candidate,Bodyweight,inferred_bodyweight,코어,source,,,unsupported,reps,bodyweight,,,1,1,0,MANUAL_QA_REQUIRED
gvs_e3252650bc54ca0e,gvc_0d5d4f53ea49,Hollow Body Hover,Hollow Body Hover,,MANUAL,Waist,MVP_CANDIDATE,Resistance/strength candidate,Bodyweight,inferred_bodyweight,코어,source,,,unsupported,reps,bodyweight,,,1,1,0,MANUAL_QA_REQUIRED
gvs_5b64130baf76081b,gvc_3fece5ba36f8,Hollow Body Tuck,Hollow Body Tuck,,MANUAL,Waist,MVP_CANDIDATE,Resistance/strength candidate,Bodyweight,inferred_bodyweight,코어,source,,,unsupported,reps,bodyweight,,,1,1,0,MANUAL_QA_REQUIRED
gvs_1f407a81bfcc1035,gvc_e84192b27520,Hollow Hold,Hollow Hold,,MANUAL,Waist,MVP_CANDIDATE,Resistance/strength candidate,Bodyweight,inferred_bodyweight,코어,source,,,unsupported,duration,semantic,,,2,1,1,MANUAL_QA_REQUIRED
gvs_e0451ad0dae2098a,gvc_8508775f02bd,Hollow Rock,Hollow Rock,,MANUAL,Waist,MVP_CANDIDATE,Resistance/strength candidate,Bodyweight,inferred_bodyweight,코어,source,,,unsupported,reps,bodyweight,,,1,1,0,MANUAL_QA_REQUIRED
gvs_f66a15fec39d7c98,gvc_b63bf0483a8e,Horse Stance Squat,Horse Stance Squat,,MANUAL,Hips,MVP_CANDIDATE,Resistance/strength candidate,Bodyweight,inferred_bodyweight,하체,source,대퇴사두근,둔근,name_high,reps,bodyweight,,,1,1,0,MANUAL_QA_REQUIRED
gvs_cf1fa55bc45473fb,gvc_20ef95dfab34,Hyght Dumbbell Fly,Hyght Dumbbell Fly,,MANUAL,Chest,MVP_CANDIDATE,Resistance/strength candidate,Dumbbell,source,가슴,source,,,unsupported,weight_reps,equipment,weight_reps,,2,1,1,MANUAL_QA_REQUIRED
gvs_35c5a69b1bcb0903,gvc_5a0bdcf162d1;gvc_fa5643a834f0,Hyperextension | Hyperextension (version 2),Hyperextension,하이퍼익스텐션,AUTO_PHRASE_DRAFT,Hips,MVP_CANDIDATE,Resistance/strength candidate,Bodyweight,inferred_bodyweight,하체,source,,,unsupported,reps,bodyweight,,,3,2,1,AUTO_DRAFT_COMPLETE
gvs_119e406ee1e8b836,gvc_69f7a6e68a8e;gvc_774beb0c3729,Inchworm | Inchworm (version 3),Inchworm,,MANUAL,Waist,MVP_CANDIDATE,Resistance/strength candidate,Bodyweight,inferred_bodyweight,코어,source,,,unsupported,reps,bodyweight,,,3,2,1,MANUAL_QA_REQUIRED
gvs_b15473a48dc4160a,gvc_c0328c94ffbf,Inchworm To Cobra,Inchworm To Cobra,,MANUAL,Waist,MVP_CANDIDATE,Resistance/strength candidate,Bodyweight,inferred_bodyweight,코어,source,,,unsupported,reps,bodyweight,,,1,1,0,MANUAL_QA_REQUIRED
gvs_58519a5919d40ac1,gvc_00b864500693,Incline Close Grip Push Up,Incline Close Grip Push Up,인클라인 클로즈 그립 푸시업,AUTO_PHRASE_DRAFT,Upper-Arms,MVP_CANDIDATE,Resistance/strength candidate,Bodyweight,inferred_bodyweight,팔,source,,,unsupported,reps,bodyweight,reps,,1,1,0,AUTO_DRAFT_COMPLETE
gvs_6ed1d2f9d0a83e89,gvc_ade38c525025,Incline Close Grip Push Up With Chair,Incline Close Grip Push Up With Chair,,MANUAL,Upper-Arms,MVP_CANDIDATE,Resistance/strength candidate,Bodyweight,inferred_bodyweight,팔,source,,,unsupported,reps,bodyweight,reps,,1,1,0,MANUAL_QA_REQUIRED
gvs_30940d47f63d24b7,gvc_bd9b82aba307,Incline Elbow Plank,Incline Elbow Plank,,MANUAL,Waist,MVP_CANDIDATE,Resistance/strength candidate,Bodyweight,inferred_bodyweight,코어,source,코어,,name_high,duration,semantic,duration,,1,1,0,MANUAL_QA_REQUIRED
gvs_07292d964fed2eac,gvc_9294b53f07f7,Incline Finger Press,Incline Finger Press,,MANUAL,Forearms,MVP_CANDIDATE,Resistance/strength candidate,Bodyweight,inferred_bodyweight,팔,source,,,unsupported,reps,bodyweight,,,1,1,0,MANUAL_QA_REQUIRED
gvs_c0f5e3138b5296b3,gvc_507236cd6b8e,Incline Hip Raise,Incline Hip Raise,,MANUAL,Waist,MVP_CANDIDATE,Resistance/strength candidate,Bodyweight,inferred_bodyweight,코어,source,,,unsupported,reps,bodyweight,,,1,1,0,MANUAL_QA_REQUIRED
gvs_cf96bd6e4f05d3d4,gvc_b11769deb75c,Incline Leg Hip Raise (leg Straight),Incline Leg Hip Raise (Leg Straight),,MANUAL,Waist,MVP_CANDIDATE,Resistance/strength candidate,Bodyweight,inferred_bodyweight,코어,source,,,unsupported,reps,bodyweight,,,2,1,1,MANUAL_QA_REQUIRED
gvs_65b2c38d3eb4ad49,gvc_7d1bc3ff8df9,Incline Plyo Push Up,Incline Plyo Push Up,,MANUAL,Chest,MVP_CANDIDATE,Resistance/strength candidate,Bodyweight,inferred_bodyweight,가슴,source,,,unsupported,reps,bodyweight,reps,,1,1,0,MANUAL_QA_REQUIRED
gvs_73b46e33fc1a9033,gvc_a342ced0d108,Incline Push Press,Incline Push Press,인클라인 푸시 프레스,AUTO_PHRASE_DRAFT,Chest,MVP_CANDIDATE,Resistance/strength candidate,Bodyweight,inferred_bodyweight,가슴,source,,,unsupported,reps,bodyweight,,,1,0,1,AUTO_DRAFT_COMPLETE
gvs_66ed6eabf9234f23,gvc_3de5e73af257,Incline Push Up,Incline Push Up,인클라인 푸시업,AUTO_PHRASE_DRAFT,Chest,MVP_CANDIDATE,Resistance/strength candidate,Bodyweight,inferred_bodyweight,가슴,source,,,unsupported,reps,bodyweight,reps,,1,1,0,AUTO_DRAFT_COMPLETE
gvs_71fd93c9636690c5,gvc_5fc5cb556ee1,Incline Push Up On A Smith Bar,Incline Push Up On A Smith Bar,,MANUAL,Chest,MVP_CANDIDATE,Resistance/strength candidate,Smith Machine,source,가슴,source,,,unsupported,weight_reps,equipment,weight_reps,,1,1,0,MANUAL_QA_REQUIRED
gvs_5a259bb2bba95ea0,gvc_32174cb164a6,Incline Push Up With Chair,Incline Push Up With Chair,,MANUAL,Chest,MVP_CANDIDATE,Resistance/strength candidate,Bodyweight,inferred_bodyweight,가슴,source,,,unsupported,reps,bodyweight,reps,,1,1,0,MANUAL_QA_REQUIRED
gvs_4127008d861b71dd,gvc_7f65abc273f3,Incline Reverse Hyperextension,Incline Reverse Hyperextension,인클라인 리버스 하이퍼익스텐션,AUTO_PHRASE_DRAFT,Hips,MVP_CANDIDATE,Resistance/strength candidate,Bodyweight,inferred_bodyweight,하체,source,,,unsupported,reps,bodyweight,,,1,1,0,AUTO_DRAFT_COMPLETE
gvs_02710af981589bb1,gvc_325fbeccf0ca,Incline Reverse Push Up,Incline Reverse Push Up,인클라인 리버스 푸시업,AUTO_PHRASE_DRAFT,Upper-Arms,MVP_CANDIDATE,Resistance/strength candidate,Bodyweight,inferred_bodyweight,팔,source,,,unsupported,reps,bodyweight,reps,,1,1,0,AUTO_DRAFT_COMPLETE
gvs_98f3730e1fbbcbcc,gvc_c621cfbd3390,Incline Svend Press,Incline Svend Press,,MANUAL,Upper-Arms,MVP_CANDIDATE,Resistance/strength candidate,Bodyweight,inferred_bodyweight,팔,source,,,unsupported,reps,bodyweight,,,1,1,0,MANUAL_QA_REQUIRED
gvs_4b7d0df7f142674f,gvc_8b3be6f08ec9;gvc_ee4d86d8e20f,Incline Twisting Sit Up | Incline Twisting Sit Up (version 2),Incline Twisting Sit Up,,MANUAL,Waist,MVP_CANDIDATE,Resistance/strength candidate,Bodyweight,inferred_bodyweight,코어,source,복직근,,name_high,reps,bodyweight,reps,,3,2,1,MANUAL_QA_REQUIRED
gvs_64fbd763f01c6f43,gvc_f6d74f297952,Inner Thighs Pulse,Inner Thighs Pulse,,MANUAL,Hips,MVP_CANDIDATE,Resistance/strength candidate,Bodyweight,inferred_bodyweight,하체,source,,,unsupported,reps,bodyweight,,,1,1,0,MANUAL_QA_REQUIRED
gvs_a0c417ea925dd944,gvc_ce452a90f46e,Inner Wrist Curl,Inner Wrist Curl,,MANUAL,Forearms,MVP_CANDIDATE,Resistance/strength candidate,Bodyweight,inferred_bodyweight,팔,source,,,unsupported,reps,bodyweight,,,1,1,0,MANUAL_QA_REQUIRED
gvs_7b596e1a1e4725c8,gvc_a9c9625b7608,Interlock Fist Circle Draw,Interlock Fist Circle Draw,,MANUAL,Shoulders,MVP_CANDIDATE,Resistance/strength candidate,Bodyweight,inferred_bodyweight,어깨,source,,,unsupported,reps,bodyweight,,,1,1,0,MANUAL_QA_REQUIRED
gvs_0d2addbec886d778,gvc_42903136ce77,Inverse Leg Curl (on Pull Up Cable Machine),Inverse Leg Curl (On Pull Up Cable Machine),,MANUAL,Thighs,MVP_CANDIDATE,Resistance/strength candidate,Cable,source,하체,source,햄스트링,,name_high,weight_reps,equipment,weight_reps,,1,1,0,MANUAL_QA_REQUIRED
gvs_9076cc4631e797d0,gvc_37d9880df5d8,Inverse Leg Curl With Bench Pads,Inverse Leg Curl With Bench Pads,,MANUAL,Thighs,MVP_CANDIDATE,Resistance/strength candidate,Bodyweight,inferred_bodyweight,하체,source,햄스트링,,name_high,reps,bodyweight,,,2,1,1,MANUAL_QA_REQUIRED
gvs_a481a730f37f0e16,gvc_46f21663da01,Inverted Chin Curl With Bent Knee Between Chairs (,Inverted Chin Curl With Bent Knee Between Chairs,,MANUAL,Upper-Arms,MVP_CANDIDATE,Resistance/strength candidate,Bodyweight,inferred_bodyweight,팔,source,,,unsupported,reps,bodyweight,,,2,1,1,MANUAL_QA_REQUIRED
gvs_464d0029f19b3f61,gvc_19c11c1bc91e,Inverted Row,Inverted Row,,MANUAL,Back,MVP_CANDIDATE,Resistance/strength candidate,Bodyweight,inferred_bodyweight,등,source,등 상부 / 광배근,이두근,name_high,reps,bodyweight,,,2,1,1,MANUAL_QA_REQUIRED
gvs_a3a3858e6cbd0ec8,gvc_2e2ff6fa4e0e,Inverted Row Bent Knees,Inverted Row Bent Knees,,MANUAL,Back,MVP_CANDIDATE,Resistance/strength candidate,Bodyweight,inferred_bodyweight,등,source,등 상부 / 광배근,이두근,name_high,reps,bodyweight,,,2,1,1,MANUAL_QA_REQUIRED
gvs_7f7e2eab3cc78f73,gvc_fb36d5b87158,Inverted Row Between Chairs,Inverted Row Between Chairs,,MANUAL,Back,MVP_CANDIDATE,Resistance/strength candidate,Bodyweight,inferred_bodyweight,등,source,등 상부 / 광배근,이두근,name_high,reps,bodyweight,,,2,1,1,MANUAL_QA_REQUIRED
gvs_41a7d2e11649f109,gvc_18d19df1adc5,Inverted Row On Bench,Inverted Row On Bench,,MANUAL,Back,MVP_CANDIDATE,Resistance/strength candidate,Bodyweight,inferred_bodyweight,등,source,등 상부 / 광배근,이두근,name_high,reps,bodyweight,,,1,1,0,MANUAL_QA_REQUIRED
gvs_61024df0ea3fa356,gvc_ff4f7cc18d06,Inverted Row Under Table,Inverted Row Under Table,,MANUAL,Back,MVP_CANDIDATE,Resistance/strength candidate,Bodyweight,inferred_bodyweight,등,source,등 상부 / 광배근,이두근,name_high,reps,bodyweight,,,2,1,1,MANUAL_QA_REQUIRED
gvs_df3cafbfe04285cf,gvc_1348ff8b3c90,Inverted Row With Bent Knee Between Chairs,Inverted Row With Bent Knee Between Chairs,,MANUAL,Back,MVP_CANDIDATE,Resistance/strength candidate,Bodyweight,inferred_bodyweight,등,source,등 상부 / 광배근,이두근,name_high,reps,bodyweight,,,1,1,0,MANUAL_QA_REQUIRED
gvs_8f3dc7b222f8b66c,gvc_a5d708f5b857,Inverted Row With Straps,Inverted Row With Straps,,MANUAL,Back,MVP_CANDIDATE,Resistance/strength candidate,Bodyweight,inferred_bodyweight,등,source,등 상부 / 광배근,이두근,name_high,reps,bodyweight,,,2,1,1,MANUAL_QA_REQUIRED
gvs_0edf55fe68ef5ed4,gvc_96fe92c4c44c,Invisible Chair Pose,Invisible Chair Pose,,MANUAL,Thighs,MVP_CANDIDATE,Resistance/strength candidate,Bodyweight,inferred_bodyweight,하체,source,,,unsupported,reps,bodyweight,duration,,1,1,0,MANUAL_QA_REQUIRED
gvs_6842df4ef00eadb4,gvc_2bc942a104c9,Isometric Hold Close Grip Chin Up,Isometric Hold Close Grip Chin Up,,MANUAL,Back,MVP_CANDIDATE,Resistance/strength candidate,Bodyweight,inferred_bodyweight,등,source,광배근,이두근 / 승모근,name_high,duration,semantic,duration,,1,0,1,MANUAL_QA_REQUIRED
gvs_25ed31caab808428,gvc_e2d21716ee7e,Isometric Hold Push Up,Isometric Hold Push Up,,MANUAL,Chest,MVP_CANDIDATE,Resistance/strength candidate,Bodyweight,inferred_bodyweight,가슴,source,,,unsupported,duration,semantic,duration,,1,0,1,MANUAL_QA_REQUIRED
gvs_abd3f77938a82ee5,gvc_6c6718ed2995,Isometric Hold Wide Hand Push Up,Isometric Hold Wide Hand Push Up,,MANUAL,Chest,MVP_CANDIDATE,Resistance/strength candidate,Bodyweight,inferred_bodyweight,가슴,source,,,unsupported,duration,semantic,duration,,1,0,1,MANUAL_QA_REQUIRED
gvs_68ce031b271a33e3,gvc_dd9ef23a1cf7,Isometric Mid Thighs Pull,Isometric Mid Thighs Pull,,MANUAL,Thighs,MVP_CANDIDATE,Resistance/strength candidate,Bodyweight,inferred_bodyweight,하체,source,,,unsupported,reps,bodyweight,,,1,1,0,MANUAL_QA_REQUIRED
gvs_33e8ade11c7d9411,gvc_5f6414bca79c,Isometric Wipers,Isometric Wipers,,MANUAL,Chest,MVP_CANDIDATE,Resistance/strength candidate,Bodyweight,inferred_bodyweight,가슴,source,,,unsupported,reps,bodyweight,,,1,1,0,MANUAL_QA_REQUIRED
gvs_8b09a9f1a9de1a85,gvc_b03ec7c41c35,Jack Knife Floor,Jack Knife Floor,,MANUAL,Waist,MVP_CANDIDATE,Resistance/strength candidate,Bodyweight,inferred_bodyweight,코어,source,,,unsupported,reps,bodyweight,,,1,0,1,MANUAL_QA_REQUIRED
gvs_da820f5afb7e9594,gvc_636b09529d99,Jack Split Crunches,Jack Split Crunches,,MANUAL,Waist,MVP_CANDIDATE,Resistance/strength candidate,Bodyweight,inferred_bodyweight,코어,source,,,unsupported,reps,bodyweight,,,1,0,1,MANUAL_QA_REQUIRED
gvs_9d4415bc4c2c8ae6,gvc_2408a4c51358,Jackknife (donkey) Squat,Jackknife (Donkey) Squat,,MANUAL,Hips,MVP_CANDIDATE,Resistance/strength candidate,Bodyweight,inferred_bodyweight,하체,source,대퇴사두근,둔근,name_high,reps,bodyweight,,,1,1,0,MANUAL_QA_REQUIRED
gvs_3ff38dfe54b9a0f8,gvc_8a461a0853d9,Janda Sit Up,Janda Sit Up,,MANUAL,Waist,MVP_CANDIDATE,Resistance/strength candidate,Bodyweight,inferred_bodyweight,코어,source,복직근,,name_high,reps,bodyweight,reps,,1,0,1,MANUAL_QA_REQUIRED
gvs_cb136fc4735983d2,gvc_7312a70e9a8f,Jump Shrug,Jump Shrug,,MANUAL,Thighs,MVP_CANDIDATE,Resistance/strength candidate,Bodyweight,inferred_bodyweight,하체,source,,,unsupported,reps,bodyweight,,,1,1,0,MANUAL_QA_REQUIRED
gvs_ebb38632edfc59bc,gvc_d8a0cddee5c4,Jump Squat,Jump Squat,,MANUAL,Thighs,MVP_CANDIDATE,Resistance/strength candidate,Bodyweight,inferred_bodyweight,하체,source,대퇴사두근,둔근,name_high,reps,bodyweight,,,2,1,1,MANUAL_QA_REQUIRED
gvs_3474b68c160c8a16,gvc_d87844fae5c7,Jump Squat Ii,Jump Squat Ii,,MANUAL,Thighs,MVP_CANDIDATE,Resistance/strength candidate,Bodyweight,inferred_bodyweight,하체,source,대퇴사두근,둔근,name_high,reps,bodyweight,,,1,1,0,MANUAL_QA_REQUIRED
gvs_6e86e6b7b1195517,gvc_ba1c49d5aaa1,Jumping Pull Up,Jumping Pull Up,,MANUAL,Back,MVP_CANDIDATE,Resistance/strength candidate,Bodyweight,inferred_bodyweight,등,source,광배근,이두근 / 승모근,name_high,reps,bodyweight,,,1,1,0,MANUAL_QA_REQUIRED
gvs_16d32d1eae5ab01c,gvc_582d59eb64c5,Kettlebell Advanced Windmill,Kettlebell Advanced Windmill,,MANUAL,Waist,MVP_CANDIDATE,Resistance/strength candidate,Kettlebell,source,코어,source,,,unsupported,weight_reps,equipment,weight_reps,,1,1,0,MANUAL_QA_REQUIRED
gvs_6c2f8274d9f5e7de,gvc_180e32e67a4f,Kettlebell Alternate Biceps Curl,Kettlebell Alternate Biceps Curl,케틀벨 얼터네이트 바이셉 컬,AUTO_PHRASE_DRAFT,Upper-Arms,MVP_CANDIDATE,Resistance/strength candidate,Kettlebell,source,팔,source,이두근,,name_high,weight_reps,equipment,weight_reps,,1,1,0,AUTO_DRAFT_COMPLETE
gvs_303324f3ea91f87b,gvc_6f203b739991,Kettlebell Alternating Press,Kettlebell Alternating Press,,MANUAL,Shoulders,MVP_CANDIDATE,Resistance/strength candidate,Kettlebell,source,어깨,source,,,unsupported,weight_reps,equipment,weight_reps,,1,1,0,MANUAL_QA_REQUIRED
gvs_3ace5858da192bde,gvc_d38a62b137ef,Kettlebell Alternating Press On Floor,Kettlebell Alternating Press On Floor,,MANUAL,Chest,MVP_CANDIDATE,Resistance/strength candidate,Kettlebell,source,가슴,source,,,unsupported,weight_reps,equipment,weight_reps,,1,1,0,MANUAL_QA_REQUIRED
gvs_c8295bde64537be4,gvc_221af61dbd83,Kettlebell Alternating Renegade Row,Kettlebell Alternating Renegade Row,,MANUAL,Back,MVP_CANDIDATE,Resistance/strength candidate,Kettlebell,source,등,source,등 상부 / 광배근,이두근,name_high,weight_reps,equipment,weight_reps,,1,1,0,MANUAL_QA_REQUIRED
gvs_950dc5fe1ff32d58,gvc_64a593348e13,Kettlebell Alternating Row,Kettlebell Alternating Row,케틀벨 얼터네이팅 로우,AUTO_PHRASE_DRAFT,Back,MVP_CANDIDATE,Resistance/strength candidate,Kettlebell,source,등,source,등 상부 / 광배근,이두근,name_high,weight_reps,equipment,weight_reps,,1,1,0,AUTO_DRAFT_COMPLETE
gvs_8fe4b094ae798fde,gvc_7dab3dd8afd2,Kettlebell Angled Press,Kettlebell Angled Press,,MANUAL,Back,MVP_CANDIDATE,Resistance/strength candidate,Kettlebell,source,등,source,,,unsupported,weight_reps,equipment,weight_reps,,2,1,1,MANUAL_QA_REQUIRED
gvs_330d1faa2377d530,gvc_28362403439d,Kettlebell Arm Bar,Kettlebell Arm Bar,,MANUAL,Waist,MVP_CANDIDATE,Resistance/strength candidate,Kettlebell,source,코어,source,,,unsupported,weight_reps,equipment,weight_reps,,1,1,0,MANUAL_QA_REQUIRED
gvs_0e3029b85c6b0c76,gvc_79dea0c4b458,Kettlebell Arnold Press,Kettlebell Arnold Press,케틀벨 아놀드 프레스,AUTO_PHRASE_DRAFT,Shoulders,MVP_CANDIDATE,Resistance/strength candidate,Kettlebell,source,어깨,source,,,unsupported,weight_reps,equipment,weight_reps,,1,1,0,AUTO_DRAFT_COMPLETE
gvs_b6dfcf991e412c05,gvc_1614a95fd813,Kettlebell Around Head Rotation,Kettlebell Around Head Rotation,,MANUAL,Back,MVP_CANDIDATE,Resistance/strength candidate,Kettlebell,source,등,source,,,unsupported,weight_reps,equipment,weight_reps,,2,1,1,MANUAL_QA_REQUIRED
gvs_86134d94d29cb2ae,gvc_c131d3ef3896,Kettlebell Atlas Swing,Kettlebell Atlas Swing,,MANUAL,Waist,MVP_CANDIDATE,Resistance/strength candidate,Kettlebell,source,코어,source,,,unsupported,weight_reps,equipment,weight_reps,,1,1,0,MANUAL_QA_REQUIRED
gvs_b610605edd0066c8,gvc_cb0e4fe1fede,Kettlebell Backward Lunge,Kettlebell Backward Lunge,,MANUAL,Thighs,MVP_CANDIDATE,Resistance/strength candidate,Kettlebell,source,하체,source,대퇴사두근,둔근,name_high,weight_reps,equipment,weight_reps,,1,1,0,MANUAL_QA_REQUIRED
gvs_416ebbd54f147f01,gvc_b7b86076b4b7,Kettlebell Bench Press,Kettlebell Bench Press,케틀벨 벤치프레스,AUTO_PHRASE_DRAFT,Chest,MVP_CANDIDATE,Resistance/strength candidate,Kettlebell,source,가슴,source,대흉근,삼두근 / 전면 삼각근,name_high,weight_reps,equipment,weight_reps,,1,1,0,AUTO_DRAFT_COMPLETE
gvs_e08f03761596f944,gvc_7659ce709216,Kettlebell Bent Over Alternate Twist Row,Kettlebell Bent Over Alternate Twist Row,,MANUAL,Back,MVP_CANDIDATE,Resistance/strength candidate,Kettlebell,source,등,source,등 상부 / 광배근,이두근,name_high,weight_reps,equipment,weight_reps,,1,1,0,MANUAL_QA_REQUIRED
gvs_357dfb7ab5128ad0,gvc_1f74d2ad28f1,Kettlebell Bent Over Row,Kettlebell Bent Over Row,케틀벨 벤트오버 로우,AUTO_PHRASE_DRAFT,Back,MVP_CANDIDATE,Resistance/strength candidate,Kettlebell,source,등,source,등 상부 / 광배근,이두근,name_high,weight_reps,equipment,weight_reps,,1,1,0,AUTO_DRAFT_COMPLETE
gvs_e4d0d7b7a0b06707,gvc_055abc14c96d,Kettlebell Bent Press,Kettlebell Bent Press,,MANUAL,Waist,MVP_CANDIDATE,Resistance/strength candidate,Kettlebell,source,코어,source,,,unsupported,weight_reps,equipment,weight_reps,,3,2,1,MANUAL_QA_REQUIRED
gvs_baee0a631a1bbd43,gvc_523c7db1536d,Kettlebell Biceps Curl,Kettlebell Biceps Curl,케틀벨 바이셉 컬,AUTO_PHRASE_DRAFT,Upper-Arms,MVP_CANDIDATE,Resistance/strength candidate,Kettlebell,source,팔,source,이두근,,name_high,weight_reps,equipment,weight_reps,,2,1,1,AUTO_DRAFT_COMPLETE
gvs_5be1ac68be3dc002,gvc_471e7e606a59,Kettlebell Box Squat,Kettlebell Box Squat,,MANUAL,Hips,MVP_CANDIDATE,Resistance/strength candidate,Kettlebell,source,하체,source,대퇴사두근,둔근,name_high,weight_reps,equipment,weight_reps,,1,1,0,MANUAL_QA_REQUIRED
gvs_594c9756f338b2fc,gvc_461b5ec1da44,Kettlebell Calf Raise And Front Squat,Kettlebell Calf Raise And Front Squat,,MANUAL,Thighs,MVP_CANDIDATE,Resistance/strength candidate,Kettlebell,source,하체,source,종아리,,name_high,weight_reps,equipment,weight_reps,,1,1,0,MANUAL_QA_REQUIRED
gvs_4157cbaa686a0918,gvc_a6b19613c774,Kettlebell Clean And Jerk,Kettlebell Clean And Jerk,,MANUAL,Weightlifting,MVP_CANDIDATE,Resistance/strength candidate,Kettlebell,source,,unknown,,,unsupported,weight_reps,equipment,weight_reps,,1,1,0,MANUAL_QA_REQUIRED
gvs_4b066c50dffdd00e,gvc_92d45b4e7019,Kettlebell Clean And Press,Kettlebell Clean And Press,,MANUAL,Weightlifting,MVP_CANDIDATE,Resistance/strength candidate,Kettlebell,source,,unknown,,,unsupported,weight_reps,equipment,weight_reps,,1,1,0,MANUAL_QA_REQUIRED
gvs_352aff33c8ba0ecb,gvc_e3a6f37c3130,Kettlebell Clean And Push Press,Kettlebell Clean And Push Press,,MANUAL,Weightlifting,MVP_CANDIDATE,Resistance/strength candidate,Kettlebell,source,,unknown,,,unsupported,weight_reps,equipment,weight_reps,,1,1,0,MANUAL_QA_REQUIRED
gvs_734060594c5b1a09,gvc_07a38cfe31f4,Kettlebell Clean Grip Reverse Lunge,Kettlebell Clean Grip Reverse Lunge,,MANUAL,Thighs,MVP_CANDIDATE,Resistance/strength candidate,Kettlebell,source,하체,source,대퇴사두근,둔근,name_high,weight_reps,equipment,weight_reps,,1,1,0,MANUAL_QA_REQUIRED
gvs_f2cb215fc3e60357,gvc_f944d0dc1b1e,Kettlebell Concentration Curl,Kettlebell Concentration Curl,케틀벨 컨센트레이션 컬,AUTO_PHRASE_DRAFT,Upper-Arms,MVP_CANDIDATE,Resistance/strength candidate,Kettlebell,source,팔,source,이두근,,name_high,weight_reps,equipment,weight_reps,,1,1,0,AUTO_DRAFT_COMPLETE
gvs_06d470195e7d7465,gvc_f39084b97fcb,Kettlebell Contralateral Reverse Lunge,Kettlebell Contralateral Reverse Lunge,,MANUAL,Thighs,MVP_CANDIDATE,Resistance/strength candidate,Kettlebell,source,하체,source,대퇴사두근,둔근,name_high,weight_reps,equipment,weight_reps,,1,1,0,MANUAL_QA_REQUIRED
gvs_676e079f1e1eead7,gvc_c2bb74b98046,Kettlebell Cossack Squat,Kettlebell Cossack Squat,,MANUAL,Thighs,MVP_CANDIDATE,Resistance/strength candidate,Kettlebell,source,하체,source,대퇴사두근,둔근,name_high,weight_reps,equipment,weight_reps,,1,1,0,MANUAL_QA_REQUIRED
gvs_994ed73563ebad65,gvc_7c99d49d5a44,Kettlebell Deadlift,Kettlebell Deadlift,케틀벨 데드리프트,AUTO_PHRASE_DRAFT,Hips,MVP_CANDIDATE,Resistance/strength candidate,Kettlebell,source,하체,source,둔근 / 햄스트링,등 / 코어,name_high,weight_reps,equipment,weight_reps,,2,1,1,AUTO_DRAFT_COMPLETE
gvs_a1254cf4322e3712,gvc_2b22fd8abaaa,Kettlebell Decline Shrug,Kettlebell Decline Shrug,케틀벨 디클라인 슈러그,AUTO_PHRASE_DRAFT,Back,MVP_CANDIDATE,Resistance/strength candidate,Kettlebell,source,등,source,,,unsupported,weight_reps,equipment,weight_reps,,1,1,0,AUTO_DRAFT_COMPLETE
gvs_c3e472343900f486,gvc_5c72203c625b,Kettlebell Deep Push Up,Kettlebell Deep Push Up,,MANUAL,Chest,MVP_CANDIDATE,Resistance/strength candidate,Kettlebell,source,가슴,source,,,unsupported,weight_reps,equipment,weight_reps,,1,1,0,MANUAL_QA_REQUIRED
gvs_d65e875de92fab05,gvc_79956be6134b,Kettlebell Double Alternating Hang Clean,Kettlebell Double Alternating Hang Clean,,MANUAL,Shoulders,MVP_CANDIDATE,Resistance/strength candidate,Kettlebell,source,어깨,source,,,unsupported,weight_reps,equipment,weight_reps,,1,1,0,MANUAL_QA_REQUIRED
gvs_aa8ba55e369d51ac,gvc_1fa93c024e95,Kettlebell Double Jerk,Kettlebell Double Jerk,,MANUAL,Shoulders,MVP_CANDIDATE,Resistance/strength candidate,Kettlebell,source,어깨,source,,,unsupported,weight_reps,equipment,weight_reps,,1,1,0,MANUAL_QA_REQUIRED
gvs_290dbe89e24c5681,gvc_301cec3c3c71,Kettlebell Double Push Press,Kettlebell Double Push Press,,MANUAL,Shoulders,MVP_CANDIDATE,Resistance/strength candidate,Kettlebell,source,어깨,source,,,unsupported,weight_reps,equipment,weight_reps,,1,1,0,MANUAL_QA_REQUIRED
gvs_fa7987a1a02e21e9,gvc_0c8389adeb0f,Kettlebell Double Snatch,Kettlebell Double Snatch,,MANUAL,Shoulders,MVP_CANDIDATE,Resistance/strength candidate,Kettlebell,source,어깨,source,,,unsupported,weight_reps,equipment,weight_reps,,1,1,0,MANUAL_QA_REQUIRED
gvs_2e53aaed0201ba8d,gvc_f201305a197d,Kettlebell Figure,Kettlebell Figure,,MANUAL,Waist,MVP_CANDIDATE,Resistance/strength candidate,Kettlebell,source,코어,source,,,unsupported,weight_reps,equipment,weight_reps,,1,1,0,MANUAL_QA_REQUIRED
gvs_9253264d02295189,gvc_41d4f4729f1c,Kettlebell Figure 8 Swing,Kettlebell Figure 8 Swing,,MANUAL,Hips,MVP_CANDIDATE,Resistance/strength candidate,Kettlebell,source,하체,source,,,unsupported,weight_reps,equipment,weight_reps,,1,1,0,MANUAL_QA_REQUIRED
gvs_a999cdadc1f53129,gvc_3c337d287d98,Kettlebell Floor Fly,Kettlebell Floor Fly,,MANUAL,Chest,MVP_CANDIDATE,Resistance/strength candidate,Kettlebell,source,가슴,source,,,unsupported,weight_reps,equipment,weight_reps,,1,1,0,MANUAL_QA_REQUIRED
gvs_a557e9e6bcf2aba8,gvc_66934dc3c8b1,Kettlebell Fly,Kettlebell Fly,,MANUAL,Chest,MVP_CANDIDATE,Resistance/strength candidate,Kettlebell,source,가슴,source,,,unsupported,weight_reps,equipment,weight_reps,,1,1,0,MANUAL_QA_REQUIRED
gvs_204f8f60320b5946,gvc_0b17e6f22227,Kettlebell Forward Backward Lunge,Kettlebell Forward Backward Lunge,,MANUAL,Thighs,MVP_CANDIDATE,Resistance/strength candidate,Kettlebell,source,하체,source,대퇴사두근,둔근,name_high,weight_reps,equipment,weight_reps,,1,1,0,MANUAL_QA_REQUIRED
gvs_468f9845bce121d9,gvc_84bd40ad6626,Kettlebell Forward Backward Lunge (version 2) (mal,Kettlebell Forward Backward Lunge,,MANUAL,,MVP_CANDIDATE,Resistance/strength candidate,Kettlebell,source,하체,name,대퇴사두근,둔근,name_high,weight_reps,equipment,weight_reps,,1,1,0,MANUAL_QA_REQUIRED
gvs_199f644ec3d942ce,gvc_aa838bc48033;gvc_f95986b94870,Kettlebell Forward Lunge | Kettlebell Forward Lunge (version 2),Kettlebell Forward Lunge,케틀벨 포워드 런지,AUTO_PHRASE_DRAFT,Thighs,MVP_CANDIDATE,Resistance/strength candidate,Kettlebell,source,하체,source,대퇴사두근,둔근,name_high,weight_reps,equipment,weight_reps,,2,2,0,AUTO_DRAFT_COMPLETE
gvs_e15fbd6055854a62,gvc_9cebde75063a,Kettlebell Front Raise,Kettlebell Front Raise,케틀벨 프론트 레이즈,AUTO_PHRASE_DRAFT,Shoulders,MVP_CANDIDATE,Resistance/strength candidate,Kettlebell,source,어깨,source,전면 삼각근,,name_high,weight_reps,equipment,weight_reps,,2,1,1,AUTO_DRAFT_COMPLETE
gvs_3add4902d326cffc,gvc_77d6a1f1179f,Kettlebell Front Squat,Kettlebell Front Squat,케틀벨 프론트 스쿼트,AUTO_PHRASE_DRAFT,Thighs,MVP_CANDIDATE,Resistance/strength candidate,Kettlebell,source,하체,source,대퇴사두근,둔근,name_high,weight_reps,equipment,weight_reps,,2,1,1,AUTO_DRAFT_COMPLETE
gvs_d4a8d23d46b13f19,gvc_8767420ecc0b,Kettlebell Goblet Forward Backward Lunge,Kettlebell Goblet Forward Backward Lunge,,MANUAL,Thighs,MVP_CANDIDATE,Resistance/strength candidate,Kettlebell,source,하체,source,대퇴사두근,둔근,name_high,weight_reps,equipment,weight_reps,,1,1,0,MANUAL_QA_REQUIRED
gvs_02949e2d6a79224d,gvc_e477facd1724,Kettlebell Goblet Forward Backward Lunge (version,Kettlebell Goblet Forward Backward Lunge,,MANUAL,,MVP_CANDIDATE,Resistance/strength candidate,Kettlebell,source,하체,name,대퇴사두근,둔근,name_high,weight_reps,equipment,weight_reps,,1,1,0,MANUAL_QA_REQUIRED
gvs_de39fb63e2f8ee1b,gvc_a321f5066036,Kettlebell Goblet Lateral Step Up,Kettlebell Goblet Lateral Step Up,,MANUAL,Thighs,MVP_CANDIDATE,Resistance/strength candidate,Kettlebell,source,하체,source,대퇴사두근,둔근,name_high,weight_reps,equipment,weight_reps,,1,1,0,MANUAL_QA_REQUIRED
gvs_df72172f41cc7fb7,gvc_b25ba53356d7,Kettlebell Goblet Pulse Squat,Kettlebell Goblet Pulse Squat,,MANUAL,Thighs,MVP_CANDIDATE,Resistance/strength candidate,Kettlebell,source,하체,source,대퇴사두근,둔근,name_high,weight_reps,equipment,weight_reps,,1,1,0,MANUAL_QA_REQUIRED
gvs_73ea2e3c8b926db6,gvc_52f92c0c3f5b,Kettlebell Goblet Squat,Kettlebell Goblet Squat,케틀벨 고블릿 스쿼트,AUTO_PHRASE_DRAFT,Thighs,MVP_CANDIDATE,Resistance/strength candidate,Kettlebell,source,하체,source,대퇴사두근,둔근,name_high,weight_reps,equipment,weight_reps,,2,1,1,AUTO_DRAFT_COMPLETE
gvs_dd92d31424f2e2f6,gvc_f050e5c34bf7,Kettlebell Good Morning,Kettlebell Good Morning,케틀벨 굿모닝,AUTO_PHRASE_DRAFT,Hips,MVP_CANDIDATE,Resistance/strength candidate,Kettlebell,source,하체,source,,,unsupported,weight_reps,equipment,weight_reps,,2,2,0,AUTO_DRAFT_COMPLETE
gvs_103d40f276f87494,gvc_4e18774aee2e,Kettlebell Gorilla Row,Kettlebell Gorilla Row,,MANUAL,Back,MVP_CANDIDATE,Resistance/strength candidate,Kettlebell,source,등,source,등 상부 / 광배근,이두근,name_high,weight_reps,equipment,weight_reps,,1,1,0,MANUAL_QA_REQUIRED
gvs_ce10ff0e3d7e6420,gvc_904b89010298,Kettlebell Half Kneeling Halo,Kettlebell Half Kneeling Halo,,MANUAL,Shoulders,MVP_CANDIDATE,Resistance/strength candidate,Kettlebell,source,어깨,source,,,unsupported,weight_reps,equipment,weight_reps,,1,1,0,MANUAL_QA_REQUIRED
gvs_68f4d4b3334dfa83,gvc_cd53f05d80cf,Kettlebell Half Kneeling Shoulder Press,Kettlebell Half Kneeling Shoulder Press,,MANUAL,Shoulders,MVP_CANDIDATE,Resistance/strength candidate,Kettlebell,source,어깨,source,삼각근,삼두근,name_high,weight_reps,equipment,weight_reps,,1,1,0,MANUAL_QA_REQUIRED
gvs_fe0ffca482b97a5a,gvc_28f7fa5eb9dc,Kettlebell Half Kneeling One Arm Bottoms Up Press,Kettlebell Half Kneeling Single Arm Bottoms Up Press,,MANUAL,,MVP_CANDIDATE,Resistance/strength candidate,Kettlebell,source,,unknown,,,unsupported,weight_reps,equipment,weight_reps,,1,1,0,MANUAL_QA_REQUIRED
gvs_3d09823fe1f7a147,gvc_0cb26074f8ab,Kettlebell Half Turkish Get Up,Kettlebell Half Turkish Get Up,,MANUAL,Thighs,MVP_CANDIDATE,Resistance/strength candidate,Kettlebell,source,하체,source,,,unsupported,weight_reps,equipment,weight_reps,,1,1,0,MANUAL_QA_REQUIRED
gvs_82ab41ccc8bd74a6,gvc_81ce6f00a90a,Kettlebell Hammer Grip Incline Bench Two Arm Row B,Kettlebell Hammer Grip Incline Bench Two Arm Row B,,MANUAL,,MVP_CANDIDATE,Resistance/strength candidate,Kettlebell,source,등,name,등 상부 / 광배근,이두근,name_high,weight_reps,equipment,weight_reps,,1,1,0,MANUAL_QA_REQUIRED
gvs_efa5bc3410e2f0c6,gvc_e7afe78609f2,Kettlebell Hang Clean,Kettlebell Hang Clean,,MANUAL,Thighs,MVP_CANDIDATE,Resistance/strength candidate,Kettlebell,source,하체,source,,,unsupported,weight_reps,equipment,weight_reps,,1,1,0,MANUAL_QA_REQUIRED
gvs_7d07d2bdd475a1e1,gvc_8a147fbdac2d,Kettlebell Head Supported Row,Kettlebell Head Supported Row,,MANUAL,Back,MVP_CANDIDATE,Resistance/strength candidate,Kettlebell,source,등,source,등 상부 / 광배근,이두근,name_high,weight_reps,equipment,weight_reps,,1,1,0,MANUAL_QA_REQUIRED
gvs_f11969aeef3ea738,gvc_f416eb0f7203,Kettlebell Incline Alternate Curl,Kettlebell Incline Alternate Curl,,MANUAL,Upper-Arms,MVP_CANDIDATE,Resistance/strength candidate,Kettlebell,source,팔,source,,,unsupported,weight_reps,equipment,weight_reps,,1,1,0,MANUAL_QA_REQUIRED
gvs_798840ac69ffbc4e,gvc_e6c883626821,Kettlebell Incline Bench Press,Kettlebell Incline Bench Press,케틀벨 인클라인 벤치프레스,AUTO_PHRASE_DRAFT,Chest,MVP_CANDIDATE,Resistance/strength candidate,Kettlebell,source,가슴,source,대흉근,삼두근 / 전면 삼각근,name_high,weight_reps,equipment,weight_reps,,1,1,0,AUTO_DRAFT_COMPLETE
gvs_7e192da619058298,gvc_a89d03d30804,Kettlebell Incline Biceps Curl,Kettlebell Incline Biceps Curl,케틀벨 인클라인 바이셉 컬,AUTO_PHRASE_DRAFT,Upper-Arms,MVP_CANDIDATE,Resistance/strength candidate,Kettlebell,source,팔,source,이두근,,name_high,weight_reps,equipment,weight_reps,,1,1,0,AUTO_DRAFT_COMPLETE
gvs_3b01480229f666c4,gvc_7069d668a966,Kettlebell Incline Fly,Kettlebell Incline Fly,,MANUAL,Chest,MVP_CANDIDATE,Resistance/strength candidate,Kettlebell,source,가슴,source,,,unsupported,weight_reps,equipment,weight_reps,,1,1,0,MANUAL_QA_REQUIRED
gvs_9544b934514c965e,gvc_609ae1de0360,Kettlebell Incline Hammer Press,Kettlebell Incline Hammer Press,,MANUAL,Chest,MVP_CANDIDATE,Resistance/strength candidate,Kettlebell,source,가슴,source,,,unsupported,weight_reps,equipment,weight_reps,,1,1,0,MANUAL_QA_REQUIRED
gvs_3dd025ed7aa4b84d,gvc_db5dd1a90edf,Kettlebell Incline Inner Biceps Curl,Kettlebell Incline Inner Biceps Curl,,MANUAL,Upper-Arms,MVP_CANDIDATE,Resistance/strength candidate,Kettlebell,source,팔,source,이두근,,name_high,weight_reps,equipment,weight_reps,,1,1,0,MANUAL_QA_REQUIRED
gvs_c459310e0ce6316c,gvc_2cf93245ef8a,Kettlebell Incline Palm In Press,Kettlebell Incline Palm In Press,,MANUAL,Chest,MVP_CANDIDATE,Resistance/strength candidate,Kettlebell,source,가슴,source,,,unsupported,weight_reps,equipment,weight_reps,,1,1,0,MANUAL_QA_REQUIRED
gvs_3bed390f03d16e47,gvc_3e443114653b,Kettlebell Incline Pullover,Kettlebell Incline Pullover,,MANUAL,Back,MVP_CANDIDATE,Resistance/strength candidate,Kettlebell,source,등,source,,,unsupported,weight_reps,equipment,weight_reps,,1,1,0,MANUAL_QA_REQUIRED
gvs_09de6acae415737c,gvc_1d4c00690b38,Kettlebell Incline Row,Kettlebell Incline Row,케틀벨 인클라인 로우,AUTO_PHRASE_DRAFT,Back,MVP_CANDIDATE,Resistance/strength candidate,Kettlebell,source,등,source,등 상부 / 광배근,이두근,name_high,weight_reps,equipment,weight_reps,,1,1,0,AUTO_DRAFT_COMPLETE
gvs_ecb0bad2377aab48,gvc_fbf62b19b233,Kettlebell Incline Shrug,Kettlebell Incline Shrug,케틀벨 인클라인 슈러그,AUTO_PHRASE_DRAFT,Back,MVP_CANDIDATE,Resistance/strength candidate,Kettlebell,source,등,source,,,unsupported,weight_reps,equipment,weight_reps,,1,1,0,AUTO_DRAFT_COMPLETE
gvs_9ed0dc7e541c1634,gvc_bfa739170cf5,Kettlebell Incline Triceps Extension,Kettlebell Incline Triceps Extension,케틀벨 인클라인 트라이셉 익스텐션,AUTO_PHRASE_DRAFT,Upper-Arms,MVP_CANDIDATE,Resistance/strength candidate,Kettlebell,source,팔,source,삼두근,,name_high,weight_reps,equipment,weight_reps,,1,1,0,AUTO_DRAFT_COMPLETE
gvs_fdd48d0be572a9e3,gvc_a96f5af8ea18,Kettlebell Incline Twist Press,Kettlebell Incline Twist Press,,MANUAL,Chest,MVP_CANDIDATE,Resistance/strength candidate,Kettlebell,source,가슴,source,,,unsupported,weight_reps,equipment,weight_reps,,1,1,0,MANUAL_QA_REQUIRED
gvs_bf6b5b689f10e6ca,gvc_652fbf325c82,Kettlebell Incline Twisted Fly,Kettlebell Incline Twisted Fly,,MANUAL,Chest,MVP_CANDIDATE,Resistance/strength candidate,Kettlebell,source,가슴,source,,,unsupported,weight_reps,equipment,weight_reps,,1,1,0,MANUAL_QA_REQUIRED
gvs_d89982e94fa939a9,gvc_c6cb691962c9,Kettlebell Incline Y Raise,Kettlebell Incline Y Raise,,MANUAL,Shoulders,MVP_CANDIDATE,Resistance/strength candidate,Kettlebell,source,어깨,source,,,unsupported,weight_reps,equipment,weight_reps,,1,1,0,MANUAL_QA_REQUIRED
gvs_4103cd2398c135b3,gvc_710c952507ae,Kettlebell Ipsilateral Reverse Lunge,Kettlebell Ipsilateral Reverse Lunge,,MANUAL,Thighs,MVP_CANDIDATE,Resistance/strength candidate,Kettlebell,source,하체,source,대퇴사두근,둔근,name_high,weight_reps,equipment,weight_reps,,1,1,0,MANUAL_QA_REQUIRED
gvs_4e3b9763fa935783,gvc_9cffa58b4003,Kettlebell Kickstand One Leg Deadlift,Kettlebell Kickstand Single Leg Deadlift,,MANUAL,Hips,MVP_CANDIDATE,Resistance/strength candidate,Kettlebell,source,하체,source,둔근 / 햄스트링,등 / 코어,name_high,weight_reps,equipment,weight_reps,,1,1,0,MANUAL_QA_REQUIRED
gvs_cbdbaf5f4d03c80f,gvc_635c00dbc23f,Kettlebell Kneeling Hold To Stand,Kettlebell Kneeling Hold To Stand,,MANUAL,Thighs,MVP_CANDIDATE,Resistance/strength candidate,Kettlebell,source,하체,source,,,unsupported,weight_reps,equipment,weight_reps,,1,1,0,MANUAL_QA_REQUIRED
gvs_d569638b5edcb0e3,gvc_dfef5c5756af,Kettlebell Kneeling Hold To Stand Clean Grip,Kettlebell Kneeling Hold To Stand Clean Grip,,MANUAL,Thighs,MVP_CANDIDATE,Resistance/strength candidate,Kettlebell,source,하체,source,,,unsupported,weight_reps,equipment,weight_reps,,1,1,0,MANUAL_QA_REQUIRED
gvs_73e02d6427dff1e6,gvc_f1442a9a0c2e,Kettlebell Kneeling One Arm Bottoms Up Press,Kettlebell Kneeling Single Arm Bottoms Up Press,,MANUAL,Shoulders,MVP_CANDIDATE,Resistance/strength candidate,Kettlebell,source,어깨,source,,,unsupported,weight_reps,equipment,weight_reps,,1,1,0,MANUAL_QA_REQUIRED
gvs_2a0d50c9ec74ed59,gvc_eb71c87fdc09,Kettlebell Lateral Lunge,Kettlebell Lateral Lunge,,MANUAL,Thighs,MVP_CANDIDATE,Resistance/strength candidate,Kettlebell,source,하체,source,대퇴사두근,둔근,name_high,weight_reps,equipment,weight_reps,,1,1,0,MANUAL_QA_REQUIRED
gvs_642ff8932ed69dfb,gvc_887e5976164c,Kettlebell Lateral Raise,Kettlebell Lateral Raise,케틀벨 레터럴 레이즈,AUTO_PHRASE_DRAFT,Shoulders,MVP_CANDIDATE,Resistance/strength candidate,Kettlebell,source,어깨,source,측면 삼각근,,name_high,weight_reps,equipment,weight_reps,,1,1,0,AUTO_DRAFT_COMPLETE
gvs_1a7607c7862b5c17,gvc_5d149a90c6f3,Kettlebell Lateral Step Up,Kettlebell Lateral Step Up,,MANUAL,Thighs,MVP_CANDIDATE,Resistance/strength candidate,Kettlebell,source,하체,source,대퇴사두근,둔근,name_high,weight_reps,equipment,weight_reps,,1,1,0,MANUAL_QA_REQUIRED
gvs_066c1d177d1450df,gvc_20a06cae9acf,Kettlebell Lateral Step Up Thighs,Kettlebell Lateral Step Up Thighs,,MANUAL,,MVP_CANDIDATE,Resistance/strength candidate,Kettlebell,source,하체,name,대퇴사두근,둔근,name_high,weight_reps,equipment,weight_reps,,1,1,0,MANUAL_QA_REQUIRED
gvs_05b5f55e7ddd2240,gvc_1746864b1210,Kettlebell Learning Front Raise,Kettlebell Learning Front Raise,,MANUAL,Shoulders,MVP_CANDIDATE,Resistance/strength candidate,Kettlebell,source,어깨,source,전면 삼각근,,name_high,weight_reps,equipment,weight_reps,,1,1,0,MANUAL_QA_REQUIRED
gvs_fedd03f0cb2e1f3e,gvc_772194df1575,Kettlebell Leg Raise,Kettlebell Leg Raise,케틀벨 레그 레이즈,AUTO_PHRASE_DRAFT,Waist,MVP_CANDIDATE,Resistance/strength candidate,Kettlebell,source,코어,source,복직근,,name_high,weight_reps,equipment,weight_reps,,1,1,0,AUTO_DRAFT_COMPLETE
gvs_cbf8c9bc50480bda,gvc_df254761d920,Kettlebell Low Fly,Kettlebell Low Fly,,MANUAL,Chest,MVP_CANDIDATE,Resistance/strength candidate,Kettlebell,source,가슴,source,,,unsupported,weight_reps,equipment,weight_reps,,1,1,0,MANUAL_QA_REQUIRED
gvs_6a233d90f26e618a,gvc_47061b840c12,Kettlebell Low Windmill,Kettlebell Low Windmill,,MANUAL,Waist,MVP_CANDIDATE,Resistance/strength candidate,Kettlebell,source,코어,source,,,unsupported,weight_reps,equipment,weight_reps,,1,1,0,MANUAL_QA_REQUIRED
gvs_f9f8eb301eb97fbe,gvc_52eaca58d84b,Kettlebell Lunge Pass Through,Kettlebell Lunge Pass Through,,MANUAL,Thighs,MVP_CANDIDATE,Resistance/strength candidate,Kettlebell,source,하체,source,대퇴사두근,둔근,name_high,weight_reps,equipment,weight_reps,,1,1,0,MANUAL_QA_REQUIRED
gvs_2768ec664627f204,gvc_0da70457c35a,Kettlebell Lunge With Twist Thighs,Kettlebell Lunge With Twist Thighs,,MANUAL,Waist,MVP_CANDIDATE,Resistance/strength candidate,Kettlebell,source,코어,source,대퇴사두근,둔근,name_high,weight_reps,equipment,weight_reps,BODY_MUSCLE_FAMILY_CONFLICT,1,1,0,MANUAL_QA_REQUIRED
gvs_588364c651a6d90c,gvc_873b26761b19,Kettlebell Lying On Floor Chest Press,Kettlebell Lying On Floor Chest Press,,MANUAL,Chest,MVP_CANDIDATE,Resistance/strength candidate,Kettlebell,source,가슴,source,대흉근,삼두근 / 전면 삼각근,name_high,weight_reps,equipment,weight_reps,,1,1,0,MANUAL_QA_REQUIRED
gvs_684e1c4dcf8803b5,gvc_370c7861a593,Kettlebell Lying On Floor Rear Delt Raise,Kettlebell Lying On Floor Rear Delt Raise,,MANUAL,Shoulders,MVP_CANDIDATE,Resistance/strength candidate,Kettlebell,source,어깨,source,후면 삼각근,,name_high,weight_reps,equipment,weight_reps,,1,1,0,MANUAL_QA_REQUIRED
gvs_493865bbcc47c08b,gvc_b3fb31a8f14f,Kettlebell Lying Rear Delt Row,Kettlebell Lying Rear Delt Row,,MANUAL,Back,MVP_CANDIDATE,Resistance/strength candidate,Kettlebell,source,등,source,후면 삼각근,,name_high,weight_reps,equipment,weight_reps,BODY_MUSCLE_FAMILY_CONFLICT,1,1,0,MANUAL_QA_REQUIRED
gvs_eda6db18934a3836,gvc_9c630af688d2,Kettlebell Lying Triceps Extension Skull Crusher,Kettlebell Lying Triceps Extension Skull Crusher,케틀벨 라잉 트라이셉 익스텐션 스컬 크러셔,AUTO_PHRASE_DRAFT,Upper-Arms,MVP_CANDIDATE,Resistance/strength candidate,Kettlebell,source,팔,source,삼두근,,name_high,weight_reps,equipment,weight_reps,,1,1,0,AUTO_DRAFT_COMPLETE
gvs_365353f6b6b553f0,gvc_03557dcc039b,Kettlebell Lying Woodchop,Kettlebell Lying Woodchop,,MANUAL,Waist,MVP_CANDIDATE,Resistance/strength candidate,Kettlebell,source,코어,source,,,unsupported,weight_reps,equipment,weight_reps,,1,1,0,MANUAL_QA_REQUIRED
gvs_751ed1e390adc873,gvc_663aa2898560,Kettlebell Neutral Grip Bench Press,Kettlebell Neutral Grip Bench Press,케틀벨 뉴트럴 그립 벤치프레스,AUTO_PHRASE_DRAFT,Chest,MVP_CANDIDATE,Resistance/strength candidate,Kettlebell,source,가슴,source,대흉근,삼두근 / 전면 삼각근,name_high,weight_reps,equipment,weight_reps,,1,1,0,AUTO_DRAFT_COMPLETE
gvs_d16bcf4805c967ca,gvc_d6bf986669d4,Kettlebell One Legged Deadlift,Kettlebell One Legged Deadlift,,MANUAL,Hips,MVP_CANDIDATE,Resistance/strength candidate,Kettlebell,source,하체,source,둔근 / 햄스트링,등 / 코어,name_high,weight_reps,equipment,weight_reps,,1,1,0,MANUAL_QA_REQUIRED
gvs_986b164fbeee334f,gvc_731d7fc9f3ec,Kettlebell Overhand Grip Swing,Kettlebell Overhand Grip Swing,,MANUAL,Hips,MVP_CANDIDATE,Resistance/strength candidate,Kettlebell,source,하체,source,,,unsupported,weight_reps,equipment,weight_reps,,1,0,1,MANUAL_QA_REQUIRED
gvs_ab5d46437d448dbb,gvc_a0df39e05c49,Kettlebell Overhead Carry,Kettlebell Overhead Carry,,MANUAL,Thighs,MVP_CANDIDATE,Resistance/strength candidate,Kettlebell,source,하체,source,,,unsupported,weight_reps,equipment,weight_reps,,1,1,0,MANUAL_QA_REQUIRED
gvs_f268cff2acea7eb0,gvc_77dfd5a3ffc8,Kettlebell Overhead Crunch (on Stability Ball),Kettlebell Overhead Crunch (On Stability Ball),,MANUAL,Waist,MVP_CANDIDATE,Resistance/strength candidate,Kettlebell,source,코어,source,복직근,,name_high,weight_reps,equipment,weight_reps,,1,1,0,MANUAL_QA_REQUIRED
gvs_8d39dc6e73792924,gvc_5831535356e5,Kettlebell Overhead Lunge,Kettlebell Overhead Lunge,케틀벨 오버헤드 런지,AUTO_PHRASE_DRAFT,Thighs,MVP_CANDIDATE,Resistance/strength candidate,Kettlebell,source,하체,source,대퇴사두근,둔근,name_high,weight_reps,equipment,weight_reps,,1,1,0,AUTO_DRAFT_COMPLETE
gvs_c2b0a692ebdcc280,gvc_d71f66eabcf3,Kettlebell Overhead Triceps Extension,Kettlebell Overhead Triceps Extension,케틀벨 오버헤드 트라이셉 익스텐션,AUTO_PHRASE_DRAFT,Upper-Arms,MVP_CANDIDATE,Resistance/strength candidate,Kettlebell,source,팔,source,삼두근,,name_high,weight_reps,equipment,weight_reps,,1,1,0,AUTO_DRAFT_COMPLETE
gvs_9f00e4ae8e0c88c0,gvc_b6d9d4d5ddf2,Kettlebell Pistol Squat,Kettlebell Pistol Squat,,MANUAL,Thighs,MVP_CANDIDATE,Resistance/strength candidate,Kettlebell,source,하체,source,대퇴사두근,둔근,name_high,weight_reps,equipment,weight_reps,,2,2,0,MANUAL_QA_REQUIRED
gvs_652d67b0e84180e6,gvc_03a1349bb401,Kettlebell Plank Pass Through,Kettlebell Plank Pass Through,,MANUAL,Waist,MVP_CANDIDATE,Resistance/strength candidate,Kettlebell,source,코어,source,코어,,name_high,weight_reps,equipment,duration,,1,1,0,MANUAL_QA_REQUIRED
gvs_5bd923b9a99d50e5,gvc_93bbb6cb960c,Kettlebell Prone Incline Curl,Kettlebell Prone Incline Curl,,MANUAL,Upper-Arms,MVP_CANDIDATE,Resistance/strength candidate,Kettlebell,source,팔,source,,,unsupported,weight_reps,equipment,weight_reps,,1,1,0,MANUAL_QA_REQUIRED
gvs_61fc3b844605976e,gvc_4e3b07d86a26,Kettlebell Prone Rear Delt Swing,Kettlebell Prone Rear Delt Swing,,MANUAL,Shoulders,MVP_CANDIDATE,Resistance/strength candidate,Kettlebell,source,어깨,source,후면 삼각근,,name_high,weight_reps,equipment,weight_reps,,1,1,0,MANUAL_QA_REQUIRED
gvs_56d76ed26838249c,gvc_857498dd6a97,Kettlebell Pullover,Kettlebell Pullover,,MANUAL,Back,MVP_CANDIDATE,Resistance/strength candidate,Kettlebell,source,등,source,,,unsupported,weight_reps,equipment,weight_reps,,1,1,0,MANUAL_QA_REQUIRED
gvs_4ccd72a2e90d1b70,gvc_22e2d6e523f2,Kettlebell Pullover 3 Month Position,Kettlebell Pullover 3 Month Position,,MANUAL,Back,MVP_CANDIDATE,Resistance/strength candidate,Kettlebell,source,등,source,,,unsupported,weight_reps,equipment,weight_reps,,1,1,0,MANUAL_QA_REQUIRED
gvs_b1b227efeeb2722f,gvc_f790051fc38c,Kettlebell Pullover Dead Bug,Kettlebell Pullover Dead Bug,,MANUAL,Waist,MVP_CANDIDATE,Resistance/strength candidate,Kettlebell,source,코어,source,,,unsupported,weight_reps,equipment,weight_reps,,1,1,0,MANUAL_QA_REQUIRED
gvs_5d052fb0b4e23c96,gvc_a81777dc1674,Kettlebell Pullover On Stability Ball,Kettlebell Pullover On Stability Ball,,MANUAL,Back,MVP_CANDIDATE,Resistance/strength candidate,Kettlebell,source,등,source,,,unsupported,weight_reps,equipment,weight_reps,,1,1,0,MANUAL_QA_REQUIRED
gvs_b3a6da0c1a05da6e,gvc_fa8cca512a90,Kettlebell Rear Delt Row,Kettlebell Rear Delt Row,,MANUAL,Back;Shoulders,MVP_CANDIDATE,Resistance/strength candidate,Kettlebell,source,,conflict,후면 삼각근,,name_high,weight_reps,equipment,weight_reps,BODY_SOURCE_CONFLICT,2,1,1,MANUAL_QA_REQUIRED
gvs_9968babd21811df9,gvc_6af1b83342f5,Kettlebell Rear Fly,Kettlebell Rear Fly,,MANUAL,Shoulders,MVP_CANDIDATE,Resistance/strength candidate,Kettlebell,source,어깨,source,,,unsupported,weight_reps,equipment,weight_reps,,1,1,0,MANUAL_QA_REQUIRED
gvs_3947f28063a8e2a6,gvc_a2f188f7a891,Kettlebell Reverse Bench Press,Kettlebell Reverse Bench Press,케틀벨 리버스 벤치프레스,AUTO_PHRASE_DRAFT,Chest,MVP_CANDIDATE,Resistance/strength candidate,Kettlebell,source,가슴,source,대흉근,삼두근 / 전면 삼각근,name_high,weight_reps,equipment,weight_reps,,1,1,0,AUTO_DRAFT_COMPLETE
gvs_138c6cb2a9f5e2a8,gvc_773ea111d1c2,Kettlebell Reverse Fly,Kettlebell Reverse Fly,케틀벨 리버스 플라이,AUTO_PHRASE_DRAFT,Shoulders,MVP_CANDIDATE,Resistance/strength candidate,Kettlebell,source,어깨,source,후면 삼각근,,name_high,weight_reps,equipment,weight_reps,,1,1,0,AUTO_DRAFT_COMPLETE
gvs_48925bf2883462ac,gvc_6d8687e6f40d,Kettlebell Rear Lunge,Kettlebell Reverse Lunge,케틀벨 리버스 런지,AUTO_PHRASE_DRAFT,Thighs,MVP_CANDIDATE,Resistance/strength candidate,Kettlebell,source,하체,source,대퇴사두근,둔근,name_high,weight_reps,equipment,weight_reps,,2,2,0,AUTO_DRAFT_COMPLETE
gvs_4c3949434c81323b,gvc_6e582696f9d9,Kettlebell Reverse Press On Floor,Kettlebell Reverse Press On Floor,,MANUAL,Chest,MVP_CANDIDATE,Resistance/strength candidate,Kettlebell,source,가슴,source,,,unsupported,weight_reps,equipment,weight_reps,,1,1,0,MANUAL_QA_REQUIRED
gvs_94a74fb202327d44,gvc_72cbf8f63eb4,Kettlebell Reverse Spider Curl,Kettlebell Reverse Spider Curl,,MANUAL,Upper-Arms,MVP_CANDIDATE,Resistance/strength candidate,Kettlebell,source,팔,source,,,unsupported,weight_reps,equipment,weight_reps,,1,1,0,MANUAL_QA_REQUIRED
gvs_80a7db2477ef6c66,gvc_b319318d941e,Kettlebell Romanian Deadlift,Kettlebell Romanian Deadlift,케틀벨 루마니안 데드리프트,AUTO_PHRASE_DRAFT,Hips,MVP_CANDIDATE,Resistance/strength candidate,Kettlebell,source,하체,source,둔근 / 햄스트링,코어,name_high,weight_reps,equipment,weight_reps,,2,1,1,AUTO_DRAFT_COMPLETE
gvs_43798f706d07d0ea,gvc_64c54c6a3fc6,Kettlebell Romanian Deadlift To Squat,Kettlebell Romanian Deadlift To Squat,,MANUAL,Thighs,MVP_CANDIDATE,Resistance/strength candidate,Kettlebell,source,하체,source,둔근 / 햄스트링,코어,name_high,weight_reps,equipment,weight_reps,,1,1,0,MANUAL_QA_REQUIRED
gvs_50da91af061e7107,gvc_85e245c3de85,Kettlebell Rotational Deadlift,Kettlebell Rotational Deadlift,,MANUAL,Hips,MVP_CANDIDATE,Resistance/strength candidate,Kettlebell,source,하체,source,둔근 / 햄스트링,등 / 코어,name_high,weight_reps,equipment,weight_reps,,1,1,0,MANUAL_QA_REQUIRED
gvs_7781a0a18c80992d,gvc_227806888d4f,Kettlebell Russian Twist,Kettlebell Russian Twist,케틀벨 러시안 트위스트,AUTO_PHRASE_DRAFT,Waist,MVP_CANDIDATE,Resistance/strength candidate,Kettlebell,source,코어,source,복사근,코어,name_high,weight_reps,equipment,weight_reps,,1,1,0,AUTO_DRAFT_COMPLETE
gvs_a4bfa2a5bf7923d9,gvc_91576b5fbdb2,Kettlebell Seated Front Raise,Kettlebell Seated Front Raise,케틀벨 시티드 프론트 레이즈,AUTO_PHRASE_DRAFT,Shoulders,MVP_CANDIDATE,Resistance/strength candidate,Kettlebell,source,어깨,source,전면 삼각근,,name_high,weight_reps,equipment,weight_reps,,1,1,0,AUTO_DRAFT_COMPLETE
gvs_99756d0a72ad6a8c,gvc_e888471f65bd,Kettlebell Seated Lateral Raise,Kettlebell Seated Lateral Raise,케틀벨 시티드 레터럴 레이즈,AUTO_PHRASE_DRAFT,Shoulders,MVP_CANDIDATE,Resistance/strength candidate,Kettlebell,source,어깨,source,측면 삼각근,,name_high,weight_reps,equipment,weight_reps,,1,1,0,AUTO_DRAFT_COMPLETE
gvs_d99d96b67e3ac868,gvc_87e7fccb04eb,Kettlebell Seated Neutral Grip Shoulders Press,Kettlebell Seated Neutral Grip Shoulders Press,,MANUAL,Shoulders,MVP_CANDIDATE,Resistance/strength candidate,Kettlebell,source,어깨,source,,,unsupported,weight_reps,equipment,weight_reps,,1,1,0,MANUAL_QA_REQUIRED
gvs_5187968f91b4e91f,gvc_ae85be0280d5,Kettlebell Seated Press,Kettlebell Seated Press,,MANUAL,Shoulders,MVP_CANDIDATE,Resistance/strength candidate,Kettlebell,source,어깨,source,,,unsupported,weight_reps,equipment,weight_reps,,1,1,0,MANUAL_QA_REQUIRED
gvs_26711306968b6b3c,gvc_bff363009f89,Kettlebell Seated Shoulder Press,Kettlebell Seated Shoulder Press,케틀벨 시티드 숄더 프레스,AUTO_PHRASE_DRAFT,Shoulders,MVP_CANDIDATE,Resistance/strength candidate,Kettlebell,source,어깨,source,삼각근,삼두근,name_high,weight_reps,equipment,weight_reps,,1,1,0,AUTO_DRAFT_COMPLETE
gvs_257f73f64a9d9514,gvc_18da04265386,Kettlebell Seated One Arm Military Press,Kettlebell Seated Single Arm Military Press,케틀벨 시티드 원암 밀리터리 프레스,AUTO_PHRASE_DRAFT,Shoulders,MVP_CANDIDATE,Resistance/strength candidate,Kettlebell,source,어깨,source,삼각근,삼두근,name_high,weight_reps,equipment,weight_reps,,1,1,0,AUTO_DRAFT_COMPLETE
gvs_9a0a0b28e7984d22,gvc_b0a3ada5152a,Kettlebell Seated Two Arm Military Press,Kettlebell Seated Two Arm Military Press,,MANUAL,Shoulders,MVP_CANDIDATE,Resistance/strength candidate,Kettlebell,source,어깨,source,삼각근,삼두근,name_high,weight_reps,equipment,weight_reps,,1,1,0,MANUAL_QA_REQUIRED
gvs_6782c46d6e3e4aa9,gvc_d5c675b5e5df,Kettlebell Seesaw Press,Kettlebell Seesaw Press,,MANUAL,Shoulders,MVP_CANDIDATE,Resistance/strength candidate,Kettlebell,source,어깨,source,,,unsupported,weight_reps,equipment,weight_reps,,2,1,1,MANUAL_QA_REQUIRED
gvs_835373f9cc8e51c9,gvc_adf74007fca6,Kettlebell Shrug,Kettlebell Shrug,케틀벨 슈러그,AUTO_PHRASE_DRAFT,Back,MVP_CANDIDATE,Resistance/strength candidate,Kettlebell,source,등,source,,,unsupported,weight_reps,equipment,weight_reps,,1,1,0,AUTO_DRAFT_COMPLETE
gvs_9f843ec56021d29d,gvc_c86b82e512a2,Kettlebell Side Bend,Kettlebell Side Bend,,MANUAL,Waist,MVP_CANDIDATE,Resistance/strength candidate,Kettlebell,source,코어,source,복사근,코어,name_high,weight_reps,equipment,weight_reps,,1,1,0,MANUAL_QA_REQUIRED
gvs_93ed9d6bd706daa3,gvc_04adb8421803,Kettlebell Side Lunge,Kettlebell Side Lunge,케틀벨 사이드 런지,AUTO_PHRASE_DRAFT,Thighs,MVP_CANDIDATE,Resistance/strength candidate,Kettlebell,source,하체,source,대퇴사두근,둔근,name_high,weight_reps,equipment,weight_reps,,1,1,0,AUTO_DRAFT_COMPLETE
gvs_73bc4573deb2ad7b,gvc_0aa13d8a674e,Kettlebell Side Squat Step,Kettlebell Side Squat Step,,MANUAL,Thighs,MVP_CANDIDATE,Resistance/strength candidate,Kettlebell,source,하체,source,대퇴사두근,둔근,name_high,weight_reps,equipment,weight_reps,,1,0,1,MANUAL_QA_REQUIRED
gvs_34695bba0759b520,gvc_f03eca8bf22b,Kettlebell Side Swing,Kettlebell Side Swing,,MANUAL,Waist,MVP_CANDIDATE,Resistance/strength candidate,Kettlebell,source,코어,source,,,unsupported,weight_reps,equipment,weight_reps,,1,1,0,MANUAL_QA_REQUIRED
gvs_aa56aad72446a17f,gvc_1a51992ffca3,Kettlebell Single Arm Clean,Kettlebell Single Arm Clean,,MANUAL,Weightlifting,MVP_CANDIDATE,Resistance/strength candidate,Kettlebell,source,,unknown,,,unsupported,weight_reps,equipment,weight_reps,,1,0,1,MANUAL_QA_REQUIRED
gvs_29c3aa7cdb7c5c72,gvc_4213765fadda,Kettlebell One Arm Clean And Jerk,Kettlebell Single Arm Clean And Jerk,,MANUAL,Shoulders,MVP_CANDIDATE,Resistance/strength candidate,Kettlebell,source,어깨,source,,,unsupported,weight_reps,equipment,weight_reps,,2,1,1,MANUAL_QA_REQUIRED
gvs_608325c6ad731dc4,gvc_7bddcf7cdbe7,Kettlebell Single Arm Clean And Press,Kettlebell Single Arm Clean And Press,,MANUAL,Weightlifting,MVP_CANDIDATE,Resistance/strength candidate,Kettlebell,source,,unknown,,,unsupported,weight_reps,equipment,weight_reps,,1,1,0,MANUAL_QA_REQUIRED
gvs_8e89b5ec272d547e,gvc_438ff523c783,Kettlebell Single Arm Clean And Push Press,Kettlebell Single Arm Clean And Push Press,,MANUAL,,MVP_CANDIDATE,Resistance/strength candidate,Kettlebell,source,,unknown,,,unsupported,weight_reps,equipment,weight_reps,,1,1,0,MANUAL_QA_REQUIRED
gvs_3b06cb8978c8bfcd,gvc_7232770d4281,Kettlebell One Arm Floor Press,Kettlebell Single Arm Floor Press,,MANUAL,Chest,MVP_CANDIDATE,Resistance/strength candidate,Kettlebell,source,가슴,source,,,unsupported,weight_reps,equipment,weight_reps,,1,1,0,MANUAL_QA_REQUIRED
gvs_16770ca5c644ad99,gvc_5ddea0602d17,Kettlebell One Arm Jerk,Kettlebell Single Arm Jerk,,MANUAL,Shoulders,MVP_CANDIDATE,Resistance/strength candidate,Kettlebell,source,어깨,source,,,unsupported,weight_reps,equipment,weight_reps,,1,1,0,MANUAL_QA_REQUIRED
gvs_a9de72a4b39b06ee,gvc_854b856df6cc,Kettlebell One Arm Military Press To The Side,Kettlebell Single Arm Military Press To The Side,,MANUAL,Shoulders,MVP_CANDIDATE,Resistance/strength candidate,Kettlebell,source,어깨,source,삼각근,삼두근,name_high,weight_reps,equipment,weight_reps,,1,1,0,MANUAL_QA_REQUIRED
gvs_7bceb7a0443aa182,gvc_f7b0418f1452,Kettlebell Single Arm Overhead Lunge,Kettlebell Single Arm Overhead Lunge,케틀벨 원암 오버헤드 런지,AUTO_PHRASE_DRAFT,Thighs,MVP_CANDIDATE,Resistance/strength candidate,Kettlebell,source,하체,source,대퇴사두근,둔근,name_high,weight_reps,equipment,weight_reps,,1,1,0,AUTO_DRAFT_COMPLETE
gvs_75959376308ae48c,gvc_6ccb62cbcb9e,Kettlebell One Arm Overhead Squat Thighs,Kettlebell Single Arm Overhead Squat Thighs,,MANUAL,Shoulders,MVP_CANDIDATE,Resistance/strength candidate,Kettlebell,source,어깨,source,대퇴사두근,둔근,name_high,weight_reps,equipment,weight_reps,BODY_MUSCLE_FAMILY_CONFLICT,1,1,0,MANUAL_QA_REQUIRED
gvs_78a409ba62812550,gvc_82a1853d4ce8,Kettlebell One Arm Row,Kettlebell Single Arm Row,케틀벨 원암 로우,AUTO_PHRASE_DRAFT,Back,MVP_CANDIDATE,Resistance/strength candidate,Kettlebell,source,등,source,등 상부 / 광배근,이두근,name_high,weight_reps,equipment,weight_reps,,1,1,0,AUTO_DRAFT_COMPLETE
gvs_04efa61b5ddf752b,gvc_a8383b708a1a,Kettlebell One Arm Snatch,Kettlebell Single Arm Snatch,,MANUAL,Shoulders,MVP_CANDIDATE,Resistance/strength candidate,Kettlebell,source,어깨,source,,,unsupported,weight_reps,equipment,weight_reps,,1,1,0,MANUAL_QA_REQUIRED
gvs_1e98f96af6f804c4,gvc_e9fb156b1ee1,Kettlebell Single Arm Swing,Kettlebell Single Arm Swing,,MANUAL,Weightlifting,MVP_CANDIDATE,Resistance/strength candidate,Kettlebell,source,,unknown,,,unsupported,weight_reps,equipment,weight_reps,,2,1,1,MANUAL_QA_REQUIRED
gvs_646088ed2dbb0361,gvc_bcc5943fad10,Kettlebell Single Leg Deadlift,Kettlebell Single Leg Deadlift,케틀벨 싱글 레그 데드리프트,AUTO_PHRASE_DRAFT,Hips,MVP_CANDIDATE,Resistance/strength candidate,Kettlebell,source,하체,source,둔근 / 햄스트링,등 / 코어,name_high,weight_reps,equipment,weight_reps,,1,1,0,AUTO_DRAFT_COMPLETE
gvs_f7bf4112bab91634,gvc_64bfdb9023b0,Kettlebell Single Leg Glute Bridge Pullover Back H,Kettlebell Single Leg Glute Bridge Pullover Back H,,MANUAL,,MVP_CANDIDATE,Resistance/strength candidate,Kettlebell,source,하체,name,둔근,햄스트링,name_high,weight_reps,equipment,weight_reps,,1,1,0,MANUAL_QA_REQUIRED
gvs_a4958d379f5e67c7,gvc_2e64b2a9c131,Kettlebell Single Leg Split Squat,Kettlebell Single Leg Split Squat,케틀벨 싱글 레그 스플릿 스쿼트,AUTO_PHRASE_DRAFT,Thighs,MVP_CANDIDATE,Resistance/strength candidate,Kettlebell,source,하체,source,대퇴사두근,둔근,name_high,weight_reps,equipment,weight_reps,,1,1,0,AUTO_DRAFT_COMPLETE
gvs_80c83b762d330e44,gvc_346e1c4cd621,Kettlebell Single Leg Split Squat With Low Box,Kettlebell Single Leg Split Squat With Low Box,,MANUAL,Thighs,MVP_CANDIDATE,Resistance/strength candidate,Kettlebell,source,하체,source,대퇴사두근,둔근,name_high,weight_reps,equipment,weight_reps,,1,1,0,MANUAL_QA_REQUIRED
gvs_e797857c30d510f6,gvc_f3eafd75ae34,Kettlebell Single Leg Split Squat With The Ring,Kettlebell Single Leg Split Squat With The Ring,,MANUAL,Thighs,MVP_CANDIDATE,Resistance/strength candidate,Kettlebell,source,하체,source,대퇴사두근,둔근,name_high,weight_reps,equipment,weight_reps,,1,1,0,MANUAL_QA_REQUIRED
gvs_d916e5a099187aa2,gvc_71d0982875d7,Kettlebell Sit Up Press,Kettlebell Sit Up Press,,MANUAL,Waist,MVP_CANDIDATE,Resistance/strength candidate,Kettlebell,source,코어,source,복직근,,name_high,weight_reps,equipment,weight_reps,,1,1,0,MANUAL_QA_REQUIRED
gvs_d0d42b7782c43c27,gvc_86e1a417650c,Kettlebell Snatch And Swing,Kettlebell Snatch And Swing,,MANUAL,Hips,MVP_CANDIDATE,Resistance/strength candidate,Kettlebell,source,하체,source,,,unsupported,weight_reps,equipment,weight_reps,,1,1,0,MANUAL_QA_REQUIRED
gvs_361d2af8f5cc01ee,gvc_8c3e9e6ced45,Kettlebell Split Squat,Kettlebell Split Squat,케틀벨 스플릿 스쿼트,AUTO_PHRASE_DRAFT,Thighs,MVP_CANDIDATE,Resistance/strength candidate,Kettlebell,source,하체,source,대퇴사두근,둔근,name_high,weight_reps,equipment,weight_reps,,2,1,1,AUTO_DRAFT_COMPLETE
gvs_4d0eb7e8275b8762,gvc_55f481f05b31,Kettlebell Staggered Stance Deadlift,Kettlebell Staggered Stance Deadlift,,MANUAL,Hips,MVP_CANDIDATE,Resistance/strength candidate,Kettlebell,source,하체,source,둔근 / 햄스트링,등 / 코어,name_high,weight_reps,equipment,weight_reps,,1,0,1,MANUAL_QA_REQUIRED
gvs_8133ff1b989fe853,gvc_ad80f2d201cb,Kettlebell Standing Bottoms Up One Arm Shoulder Pr,Kettlebell Standing Bottoms Up Single Arm Shoulder Pr,,MANUAL,,MVP_CANDIDATE,Resistance/strength candidate,Kettlebell,source,어깨,name,,,unsupported,weight_reps,equipment,weight_reps,,1,1,0,MANUAL_QA_REQUIRED
gvs_b7d36697749e275f,gvc_9570766ecbd7,Kettlebell Standing Calf Raise,Kettlebell Standing Calf Raise,케틀벨 스탠딩 카프 레이즈,AUTO_PHRASE_DRAFT,Calves,MVP_CANDIDATE,Resistance/strength candidate,Kettlebell,source,하체,source,종아리,,name_high,weight_reps,equipment,weight_reps,,2,1,1,AUTO_DRAFT_COMPLETE
gvs_c04652a679036fd8,gvc_731b422bd489,Kettlebell Standing Crush Curl,Kettlebell Standing Crush Curl,,MANUAL,Upper-Arms,MVP_CANDIDATE,Resistance/strength candidate,Kettlebell,source,팔,source,,,unsupported,weight_reps,equipment,weight_reps,,1,1,0,MANUAL_QA_REQUIRED
gvs_1979392d5ce99bdd,gvc_316add54b821,Kettlebell Standing Prone Lateral Raise,Kettlebell Standing Prone Lateral Raise,,MANUAL,Shoulders,MVP_CANDIDATE,Resistance/strength candidate,Kettlebell,source,어깨,source,측면 삼각근,,name_high,weight_reps,equipment,weight_reps,,1,1,0,MANUAL_QA_REQUIRED
gvs_c436d798791e97f6,gvc_2d80b4649124,Kettlebell Standing Reverse Curl,Kettlebell Standing Reverse Curl,케틀벨 스탠딩 리버스 컬,AUTO_PHRASE_DRAFT,Forearms,MVP_CANDIDATE,Resistance/strength candidate,Kettlebell,source,팔,source,,,unsupported,weight_reps,equipment,weight_reps,,1,1,0,AUTO_DRAFT_COMPLETE
gvs_1823390bbfcfb5a3,gvc_2681fdc8ee29,Kettlebell Standing One Arm Curl Over Incline Benc,Kettlebell Standing Single Arm Curl Over Incline Benc,,MANUAL,,MVP_CANDIDATE,Resistance/strength candidate,Kettlebell,source,팔,name,,,unsupported,weight_reps,equipment,weight_reps,,1,1,0,MANUAL_QA_REQUIRED
gvs_1ab1bb2acc3ef798,gvc_f462a2e75cb9,Kettlebell Standing One Arm Extension,Kettlebell Standing Single Arm Extension,,MANUAL,Upper-Arms,MVP_CANDIDATE,Resistance/strength candidate,Kettlebell,source,팔,source,,,unsupported,weight_reps,equipment,weight_reps,,1,1,0,MANUAL_QA_REQUIRED
gvs_c330a0aede529f24,gvc_fe145dc87cd4,Kettlebell Standing Slingshots,Kettlebell Standing Slingshots,,MANUAL,Shoulders,MVP_CANDIDATE,Resistance/strength candidate,Kettlebell,source,어깨,source,,,unsupported,weight_reps,equipment,weight_reps,,1,0,1,MANUAL_QA_REQUIRED
gvs_99abfff1d959bfb5,gvc_d00ee5288d44,Kettlebell Step Up (version 2),Kettlebell Step Up,케틀벨 스텝업,AUTO_PHRASE_DRAFT,Thighs,MVP_CANDIDATE,Resistance/strength candidate,Kettlebell,source,하체,source,대퇴사두근,둔근,name_high,weight_reps,equipment,weight_reps,,1,1,0,AUTO_DRAFT_COMPLETE
gvs_cc2313c89f5c4a5a,gvc_aec062988afa,Kettlebell Straight Leg Deadlift,Kettlebell Straight Leg Deadlift,케틀벨 스트레이트 레그 데드리프트,AUTO_PHRASE_DRAFT,Hips,MVP_CANDIDATE,Resistance/strength candidate,Kettlebell,source,하체,source,둔근 / 햄스트링,코어,name_high,weight_reps,equipment,weight_reps,,1,1,0,AUTO_DRAFT_COMPLETE
gvs_08a9dbab4bf2c31b,gvc_8cb5253454f8,Kettlebell Strict Press,Kettlebell Strict Press,,MANUAL,Shoulders,MVP_CANDIDATE,Resistance/strength candidate,Kettlebell,source,어깨,source,,,unsupported,weight_reps,equipment,weight_reps,,1,1,0,MANUAL_QA_REQUIRED
gvs_b983d84c10b2ac22,gvc_78e263dbc967,Kettlebell Suitcase Deadlift,Kettlebell Suitcase Deadlift,,MANUAL,Hips,MVP_CANDIDATE,Resistance/strength candidate,Kettlebell,source,하체,source,둔근 / 햄스트링,등 / 코어,name_high,weight_reps,equipment,weight_reps,,1,1,0,MANUAL_QA_REQUIRED
gvs_f887924acdf00f74,gvc_c537d60a0180,Kettlebell Sumo Deadlift,Kettlebell Sumo Deadlift,,MANUAL,Hips,MVP_CANDIDATE,Resistance/strength candidate,Kettlebell,source,하체,source,둔근 / 햄스트링,등 / 코어,name_high,weight_reps,equipment,weight_reps,,1,1,0,MANUAL_QA_REQUIRED
gvs_35a58392113d2d68,gvc_ad104bdfa8fa,Kettlebell Sumo Deadlift With High Pull,Kettlebell Sumo Deadlift With High Pull,,MANUAL,Hips,MVP_CANDIDATE,Resistance/strength candidate,Kettlebell,source,하체,source,둔근 / 햄스트링,등 / 코어,name_high,weight_reps,equipment,weight_reps,,1,1,0,MANUAL_QA_REQUIRED
gvs_6a6691b251007ce0,gvc_3c3ab7f6b805,Kettlebell Sumo High Pull,Kettlebell Sumo High Pull,,MANUAL,Back,MVP_CANDIDATE,Resistance/strength candidate,Kettlebell,source,등,source,,,unsupported,weight_reps,equipment,weight_reps,,1,1,0,MANUAL_QA_REQUIRED
gvs_6417b81682b27fa2,gvc_02c53be8b0b1;gvc_e8aa9199d827,Kettlebell Sumo Squat | Kettlebell Sumo Squat (version 2),Kettlebell Sumo Squat,케틀벨 스모 스쿼트,AUTO_PHRASE_DRAFT,Hips,MVP_CANDIDATE,Resistance/strength candidate,Kettlebell,source,하체,source,대퇴사두근,둔근,name_high,weight_reps,equipment,weight_reps,,2,2,0,AUTO_DRAFT_COMPLETE
gvs_a2a172fabf37bf94,gvc_3818291bd60b,Kettlebell Sumo Squat Off Stepbox,Kettlebell Sumo Squat Off Stepbox,,MANUAL,Hips,MVP_CANDIDATE,Resistance/strength candidate,Kettlebell,source,하체,source,대퇴사두근,둔근,name_high,weight_reps,equipment,weight_reps,,1,1,0,MANUAL_QA_REQUIRED
gvs_8335dd6ea4a7f204,gvc_68eb92deca36,Kettlebell Swing,Kettlebell Swing,,MANUAL,Hips,MVP_CANDIDATE,Resistance/strength candidate,Kettlebell,source,하체,source,,,unsupported,weight_reps,equipment,weight_reps,,2,1,1,MANUAL_QA_REQUIRED
gvs_d1cc50e8cde89462,gvc_3edd69c088ec,Kettlebell Swing Clean Grip Front Squat,Kettlebell Swing Clean Grip Front Squat,,MANUAL,Hips,MVP_CANDIDATE,Resistance/strength candidate,Kettlebell,source,하체,source,대퇴사두근,둔근,name_high,weight_reps,equipment,weight_reps,,1,0,1,MANUAL_QA_REQUIRED
gvs_a127fe9cebed1cbe,gvc_b57a3af3770b,Kettlebell Swing Clean Grip Front Squat Overhead P,Kettlebell Swing Clean Grip Front Squat Overhead P,,MANUAL,,MVP_CANDIDATE,Resistance/strength candidate,Kettlebell,source,하체,name,대퇴사두근,둔근,name_high,weight_reps,equipment,weight_reps,,1,0,1,MANUAL_QA_REQUIRED
gvs_4b36e4681334d046,gvc_36f7276644c4,Kettlebell Swing To Goblet Squat,Kettlebell Swing To Goblet Squat,,MANUAL,Thighs,MVP_CANDIDATE,Resistance/strength candidate,Kettlebell,source,하체,source,대퇴사두근,둔근,name_high,weight_reps,equipment,weight_reps,,1,1,0,MANUAL_QA_REQUIRED
gvs_1058e6f9eccef0dd,gvc_08a6194cf1ea,Kettlebell Thruster,Kettlebell Thruster,,MANUAL,Shoulders,MVP_CANDIDATE,Resistance/strength candidate,Kettlebell,source,어깨,source,,,unsupported,weight_reps,equipment,weight_reps,,1,1,0,MANUAL_QA_REQUIRED
gvs_d8ee368d09c548c9,gvc_00caf4524dee,Kettlebell Turkish Get Up (squat Style),Kettlebell Turkish Get Up (Squat Style),,MANUAL,Thighs,MVP_CANDIDATE,Resistance/strength candidate,Kettlebell,source,하체,source,대퇴사두근,둔근,name_high,weight_reps,equipment,weight_reps,,1,1,0,MANUAL_QA_REQUIRED
gvs_2769af26a383741c,gvc_f0c56aec8445,Kettlebell Two Arm Clean,Kettlebell Two Arm Clean,,MANUAL,Shoulders,MVP_CANDIDATE,Resistance/strength candidate,Kettlebell,source,어깨,source,,,unsupported,weight_reps,equipment,weight_reps,,1,1,0,MANUAL_QA_REQUIRED
gvs_7c67305a8cdb76d8,gvc_aa1f28d4b267,Kettlebell Two Arm Military Press,Kettlebell Two Arm Military Press,,MANUAL,Shoulders,MVP_CANDIDATE,Resistance/strength candidate,Kettlebell,source,어깨,source,삼각근,삼두근,name_high,weight_reps,equipment,weight_reps,,1,1,0,MANUAL_QA_REQUIRED
gvs_7722aa0aebfff280,gvc_f3b0de4c82f1,Kettlebell Two Arm Row,Kettlebell Two Arm Row,,MANUAL,Back,MVP_CANDIDATE,Resistance/strength candidate,Kettlebell,source,등,source,등 상부 / 광배근,이두근,name_high,weight_reps,equipment,weight_reps,,1,1,0,MANUAL_QA_REQUIRED
gvs_c48c432d76134405,gvc_48bbd3842202,Kettlebell Upright Row,Kettlebell Upright Row,케틀벨 업라이트 로우,AUTO_PHRASE_DRAFT,Shoulders,MVP_CANDIDATE,Resistance/strength candidate,Kettlebell,source,어깨,source,등 상부 / 광배근,이두근,name_high,weight_reps,equipment,weight_reps,BODY_MUSCLE_FAMILY_CONFLICT,2,2,0,MANUAL_QA_REQUIRED
gvs_ebfb41aea60d2010,gvc_a5f95aa95666,Kettlebell Weighted Russian Twist,Kettlebell Weighted Russian Twist,,MANUAL,Waist,MVP_CANDIDATE,Resistance/strength candidate,Kettlebell,source,코어,source,복사근,코어,name_high,weight_reps,equipment,weight_reps,,1,0,1,MANUAL_QA_REQUIRED
gvs_a0c5ae366c9be3d8,gvc_1533650735b2,Kettlebell Wide Upright Row,Kettlebell Wide Upright Row,,MANUAL,Shoulders,MVP_CANDIDATE,Resistance/strength candidate,Kettlebell,source,어깨,source,등 상부 / 광배근,이두근,name_high,weight_reps,equipment,weight_reps,BODY_MUSCLE_FAMILY_CONFLICT,1,1,0,MANUAL_QA_REQUIRED
gvs_08b1830f664088c7,gvc_9eced65c37bc,Kettlebell Windmill,Kettlebell Windmill,,MANUAL,Waist,MVP_CANDIDATE,Resistance/strength candidate,Kettlebell,source,코어,source,,,unsupported,weight_reps,equipment,weight_reps,,2,1,1,MANUAL_QA_REQUIRED
gvs_264369aa77fb5eb4,gvc_15fa8c6e613c,Kettlebell Wood Chop,Kettlebell Wood Chop,케틀벨 우드찹,AUTO_PHRASE_DRAFT,Waist,MVP_CANDIDATE,Resistance/strength candidate,Kettlebell,source,코어,source,복사근,코어,name_high,weight_reps,equipment,weight_reps,,2,1,1,AUTO_DRAFT_COMPLETE
gvs_8fbb084dc81f16a1,gvc_e8aaa3a38273,Kettlebell Wrist Curl,Kettlebell Wrist Curl,케틀벨 리스트 컬,AUTO_PHRASE_DRAFT,Forearms,MVP_CANDIDATE,Resistance/strength candidate,Kettlebell,source,팔,source,,,unsupported,weight_reps,equipment,weight_reps,,1,1,0,AUTO_DRAFT_COMPLETE
gvs_62cca6c94e275415,gvc_020e4d71fefe;gvc_10adb00d25dd,Kicks Leg Bent | Kicks Leg Bent (version 2),Kicks Leg Bent,,MANUAL,Hips,MVP_CANDIDATE,Resistance/strength candidate,Bodyweight,inferred_bodyweight,하체,source,,,unsupported,reps,bodyweight,,,3,1,2,MANUAL_QA_REQUIRED
gvs_f66c2d79abbb6ba5,gvc_f9d577040768,Kipping Handstand Push Up,Kipping Handstand Push Up,,MANUAL,Shoulders,MVP_CANDIDATE,Resistance/strength candidate,Bodyweight,inferred_bodyweight,어깨,source,,,unsupported,reps,bodyweight,reps,,1,1,0,MANUAL_QA_REQUIRED
gvs_02971da6b24c0544,gvc_0f7923b7ec9a,Knee Articulations Extension,Knee Articulations Extension,,MANUAL,Thighs,MVP_CANDIDATE,Resistance/strength candidate,Bodyweight,inferred_bodyweight,하체,source,,,unsupported,reps,bodyweight,,,1,1,0,MANUAL_QA_REQUIRED
gvs_180d722539cf869d,gvc_afd4c2411ca9,Knee In And Out Crunch,Knee In And Out Crunch,,MANUAL,Waist,MVP_CANDIDATE,Resistance/strength candidate,Bodyweight,inferred_bodyweight,코어,source,복직근,,name_high,reps,bodyweight,reps,,1,1,0,MANUAL_QA_REQUIRED
gvs_19d0b50c4ad9eece,gvc_18d459ffd9f0,Knee Push Up Chest Pullback,Knee Push Up Chest Pullback,,MANUAL,Chest,MVP_CANDIDATE,Resistance/strength candidate,Bodyweight,inferred_bodyweight,가슴,source,,,unsupported,reps,bodyweight,reps,,1,1,0,MANUAL_QA_REQUIRED
gvs_e17f6f3e4a58f328,gvc_b509c0b45a25,Knee Raise,Knee Raise,니 레이즈,AUTO_PHRASE_DRAFT,Thighs,MVP_CANDIDATE,Resistance/strength candidate,Bodyweight,inferred_bodyweight,하체,source,복직근,,name_high,reps,bodyweight,reps,BODY_MUSCLE_FAMILY_CONFLICT,2,1,1,MANUAL_QA_REQUIRED
gvs_5d6201eccc8b8b36,gvc_25e385208213,Knee To Elbow Touch Front Plank,Knee To Elbow Touch Front Plank,,MANUAL,Waist,MVP_CANDIDATE,Resistance/strength candidate,Bodyweight,inferred_bodyweight,코어,source,코어,,name_high,duration,semantic,duration,,1,1,0,MANUAL_QA_REQUIRED
gvs_e8887c0e0640fd48,gvc_fb3226ec53c6,Knee Touch Crunch,Knee Touch Crunch,,MANUAL,Waist,MVP_CANDIDATE,Resistance/strength candidate,Bodyweight,inferred_bodyweight,코어,source,복직근,,name_high,reps,bodyweight,reps,,2,1,1,MANUAL_QA_REQUIRED
gvs_e46e23aec99d99bc,gvc_60644c85f101,Knee Tuck Oblique Crunch,Knee Tuck Oblique Crunch,,MANUAL,Waist,MVP_CANDIDATE,Resistance/strength candidate,Bodyweight,inferred_bodyweight,코어,source,복직근,,name_high,reps,bodyweight,reps,,1,1,0,MANUAL_QA_REQUIRED
gvs_9735d15f6589035f,gvc_c77fdefbb096,Knee Tuck Push Up,Knee Tuck Push Up,,MANUAL,Waist,MVP_CANDIDATE,Resistance/strength candidate,Bodyweight,inferred_bodyweight,코어,source,,,unsupported,reps,bodyweight,reps,,1,0,1,MANUAL_QA_REQUIRED
gvs_512286a399e363eb,gvc_0514f3c7a3b8,Kneeling Abdominal Draw In,Kneeling Abdominal Draw In,,MANUAL,Waist,MVP_CANDIDATE,Resistance/strength candidate,Bodyweight,inferred_bodyweight,코어,source,,,unsupported,reps,bodyweight,,,2,1,1,MANUAL_QA_REQUIRED
gvs_0ab3e6807a90e49e,gvc_5dc481b20759,Kneeling Back And Side Leg Lift,Kneeling Back And Side Leg Lift,,MANUAL,Hips,MVP_CANDIDATE,Resistance/strength candidate,Bodyweight,inferred_bodyweight,하체,source,,,unsupported,reps,bodyweight,,,1,0,1,MANUAL_QA_REQUIRED
gvs_e0d102ecd32188de,gvc_69c6d0cccf29,Kneeling Back Leg Lift,Kneeling Back Leg Lift,,MANUAL,Hips,MVP_CANDIDATE,Resistance/strength candidate,Bodyweight,inferred_bodyweight,하체,source,,,unsupported,reps,bodyweight,,,1,1,0,MANUAL_QA_REQUIRED
gvs_4909f8a2eb56caa0,gvc_b0455a85d0e7,Kneeling Back Leg Lift Curl,Kneeling Back Leg Lift Curl,,MANUAL,Hips,MVP_CANDIDATE,Resistance/strength candidate,Bodyweight,inferred_bodyweight,하체,source,,,unsupported,reps,bodyweight,,,1,0,1,MANUAL_QA_REQUIRED
gvs_598413241d15804a,gvc_948c5f62b522,Kneeling Back Rotation,Kneeling Back Rotation,,MANUAL,Back,MVP_CANDIDATE,Resistance/strength candidate,Bodyweight,inferred_bodyweight,등,source,,,unsupported,reps,bodyweight,,,1,1,0,MANUAL_QA_REQUIRED
gvs_23b4c46257150fcc,gvc_192f3e41b92b,Kneeling Backward Hip Circles,Kneeling Backward Hip Circles,,MANUAL,Hips,MVP_CANDIDATE,Resistance/strength candidate,Bodyweight,inferred_bodyweight,하체,source,,,unsupported,reps,bodyweight,,,1,1,0,MANUAL_QA_REQUIRED
gvs_56ddb5b342aba52b,gvc_7f9ba0df1fb3,Kneeling Clock Push Up,Kneeling Clock Push Up,,MANUAL,Chest,MVP_CANDIDATE,Resistance/strength candidate,Bodyweight,inferred_bodyweight,가슴,source,,,unsupported,reps,bodyweight,reps,,1,1,0,MANUAL_QA_REQUIRED
gvs_7048b45acb075ca8,gvc_baaebbc2d284,Kneeling Cobra Push Up,Kneeling Cobra Push Up,,MANUAL,Chest,MVP_CANDIDATE,Resistance/strength candidate,Bodyweight,inferred_bodyweight,가슴,source,,,unsupported,reps,bodyweight,reps,,2,1,1,MANUAL_QA_REQUIRED
gvs_4ed830c728df7b8f,gvc_8c6fe4b731df,Kneeling Dynamic Plank,Kneeling Dynamic Plank,,MANUAL,Waist,MVP_CANDIDATE,Resistance/strength candidate,Bodyweight,inferred_bodyweight,코어,source,코어,,name_high,duration,semantic,duration,,2,1,1,MANUAL_QA_REQUIRED
gvs_52355f88cdae8e46,gvc_c49ef5cb0ea3,Kneeling Elbow Mobilisation,Kneeling Elbow Mobilisation,,MANUAL,Back,MVP_CANDIDATE,Resistance/strength candidate,Bodyweight,inferred_bodyweight,등,source,,,unsupported,reps,bodyweight,,,2,1,1,MANUAL_QA_REQUIRED
gvs_f8ae75746be26242,gvc_ab7a95208b74,Kneeling External Rotation,Kneeling External Rotation,,MANUAL,Hips,MVP_CANDIDATE,Resistance/strength candidate,Bodyweight,inferred_bodyweight,하체,source,,,unsupported,reps,bodyweight,,,2,1,1,MANUAL_QA_REQUIRED
gvs_65e42ebfba1a3987,gvc_679080b804a8,Kneeling Finger Press,Kneeling Finger Press,,MANUAL,Forearms,MVP_CANDIDATE,Resistance/strength candidate,Bodyweight,inferred_bodyweight,팔,source,,,unsupported,reps,bodyweight,,,1,1,0,MANUAL_QA_REQUIRED
gvs_acb01bb43166762a,gvc_3e82c9f986da,Kneeling Finger Push Up,Kneeling Finger Push Up,,MANUAL,Chest,MVP_CANDIDATE,Resistance/strength candidate,Bodyweight,inferred_bodyweight,가슴,source,,,unsupported,reps,bodyweight,reps,,1,1,0,MANUAL_QA_REQUIRED
gvs_44c6dfd08e7a9b5a,gvc_828d2459db86,Kneeling Fire Hydrant Cross Knee Tap,Kneeling Fire Hydrant Cross Knee Tap,,MANUAL,Hips,MVP_CANDIDATE,Resistance/strength candidate,Bodyweight,inferred_bodyweight,하체,source,,,unsupported,reps,bodyweight,,,1,0,1,MANUAL_QA_REQUIRED
gvs_7520ab4c0efe6136,gvc_2d2c3687cdc9,Kneeling Fist Push Up,Kneeling Fist Push Up,,MANUAL,Chest,MVP_CANDIDATE,Resistance/strength candidate,Bodyweight,inferred_bodyweight,가슴,source,,,unsupported,reps,bodyweight,reps,,1,1,0,MANUAL_QA_REQUIRED
gvs_d4ea99e38d536b1b,gvc_67a605b37280,Kneeling Fist Roll,Kneeling Fist Roll,,MANUAL,Forearms,MVP_CANDIDATE,Resistance/strength candidate,Bodyweight,inferred_bodyweight,팔,source,,,unsupported,reps,bodyweight,,,1,1,0,MANUAL_QA_REQUIRED
gvs_354d599cd6f29a42,gvc_9b3747d90f05,Kneeling Fist To Palm Switch,Kneeling Fist To Palm Switch,,MANUAL,Forearms,MVP_CANDIDATE,Resistance/strength candidate,Bodyweight,inferred_bodyweight,팔,source,,,unsupported,reps,bodyweight,,,1,1,0,MANUAL_QA_REQUIRED
gvs_9b187b30e24068c6,gvc_9466cd39fb44,Kneeling Forward Hip Circles,Kneeling Forward Hip Circles,,MANUAL,Hips,MVP_CANDIDATE,Resistance/strength candidate,Bodyweight,inferred_bodyweight,하체,source,,,unsupported,reps,bodyweight,,,1,1,0,MANUAL_QA_REQUIRED
gvs_9b0c042d21a60b05,gvc_7990e0f3a168,Kneeling Forward Palm Nudges,Kneeling Forward Palm Nudges,,MANUAL,Forearms,MVP_CANDIDATE,Resistance/strength candidate,Bodyweight,inferred_bodyweight,팔,source,,,unsupported,reps,bodyweight,,,1,1,0,MANUAL_QA_REQUIRED
gvs_b857739af7715bb4,gvc_9cb6faf7d5cf,Kneeling Glute Press,Kneeling Glute Press,,MANUAL,Hips,MVP_CANDIDATE,Resistance/strength candidate,Bodyweight,inferred_bodyweight,하체,source,,,unsupported,reps,bodyweight,,,1,0,1,MANUAL_QA_REQUIRED
gvs_b0ece0dbb42b01e3,gvc_7b96ac778b41,Kneeling Hip Flexor,Kneeling Hip Flexor,,MANUAL,Thighs,MVP_CANDIDATE,Resistance/strength candidate,Bodyweight,inferred_bodyweight,하체,source,,,unsupported,reps,bodyweight,,,1,0,1,MANUAL_QA_REQUIRED
gvs_d70ea991209ceb95,gvc_0e78aabaa102,Kneeling Hip Flexor Frontal,Kneeling Hip Flexor Frontal,,MANUAL,Hips,MVP_CANDIDATE,Resistance/strength candidate,Bodyweight,inferred_bodyweight,하체,source,,,unsupported,reps,bodyweight,,,1,1,0,MANUAL_QA_REQUIRED
gvs_d97c8b40a88833aa,gvc_1d29ffd95d0d,Kneeling Hip Flexor Lift,Kneeling Hip Flexor Lift,,MANUAL,Hips,MVP_CANDIDATE,Resistance/strength candidate,Bodyweight,inferred_bodyweight,하체,source,,,unsupported,reps,bodyweight,,,1,0,1,MANUAL_QA_REQUIRED
gvs_414a042e80d23aac,gvc_a36859b21cff,Kneeling Hip Flexor Sagital,Kneeling Hip Flexor Sagital,,MANUAL,Hips,MVP_CANDIDATE,Resistance/strength candidate,Bodyweight,inferred_bodyweight,하체,source,,,unsupported,reps,bodyweight,,,1,1,0,MANUAL_QA_REQUIRED
gvs_9c76699caeb0886e,gvc_1d85687c8ddd,Kneeling Hip Flexor Transverse,Kneeling Hip Flexor Transverse,,MANUAL,Hips,MVP_CANDIDATE,Resistance/strength candidate,Bodyweight,inferred_bodyweight,하체,source,,,unsupported,reps,bodyweight,,,1,1,0,MANUAL_QA_REQUIRED
gvs_ab82902756e9f4f7,gvc_7ca2df5587f5,Kneeling Hip Thrust,Kneeling Hip Thrust,닐링 힙 쓰러스트,AUTO_PHRASE_DRAFT,Hips,MVP_CANDIDATE,Resistance/strength candidate,Bodyweight,inferred_bodyweight,하체,source,둔근,햄스트링,name_high,reps,bodyweight,,,2,1,1,AUTO_DRAFT_COMPLETE
gvs_8996135e7cba48b8,gvc_ac5460b8c67e,Kneeling Hold To Stand,Kneeling Hold To Stand,,MANUAL,Thighs,MVP_CANDIDATE,Resistance/strength candidate,Bodyweight,inferred_bodyweight,하체,source,,,unsupported,reps,bodyweight,,,1,0,1,MANUAL_QA_REQUIRED
gvs_3cd93b7381daeb43,gvc_d4a47dd84a0d,Kneeling Incline Finger Press,Kneeling Incline Finger Press,,MANUAL,Forearms,MVP_CANDIDATE,Resistance/strength candidate,Bodyweight,inferred_bodyweight,팔,source,,,unsupported,reps,bodyweight,,,1,1,0,MANUAL_QA_REQUIRED
gvs_5684762c28a545a2,gvc_cc7a21c8da07,Kneeling Knuckle Push Up,Kneeling Knuckle Push Up,,MANUAL,Chest,MVP_CANDIDATE,Resistance/strength candidate,Bodyweight,inferred_bodyweight,가슴,source,,,unsupported,reps,bodyweight,reps,,1,1,0,MANUAL_QA_REQUIRED
gvs_3d97597152c70571,gvc_7bc1eaba976a,Kneeling Leg Circle,Kneeling Leg Circle,,MANUAL,Hips,MVP_CANDIDATE,Resistance/strength candidate,Bodyweight,inferred_bodyweight,하체,source,,,unsupported,reps,bodyweight,,,1,0,1,MANUAL_QA_REQUIRED
gvs_d7f48b6ae1f20d88,gvc_d0c271bf2f7b,Kneeling Leg External Rotation,Kneeling Leg External Rotation,,MANUAL,Hips,MVP_CANDIDATE,Resistance/strength candidate,Bodyweight,inferred_bodyweight,하체,source,,,unsupported,reps,bodyweight,,,1,0,1,MANUAL_QA_REQUIRED
gvs_7cd55fb5ec40014d,gvc_3fc31199cdef,Kneeling Leg Half Circle,Kneeling Leg Half Circle,,MANUAL,Hips,MVP_CANDIDATE,Resistance/strength candidate,Bodyweight,inferred_bodyweight,하체,source,,,unsupported,reps,bodyweight,,,2,1,1,MANUAL_QA_REQUIRED
gvs_cc7bf392ef093108,gvc_bf58ac02f876,Kneeling Leg Half Circle On Bench,Kneeling Leg Half Circle On Bench,,MANUAL,Hips,MVP_CANDIDATE,Resistance/strength candidate,Bodyweight,inferred_bodyweight,하체,source,,,unsupported,reps,bodyweight,,,1,0,1,MANUAL_QA_REQUIRED
gvs_57b2cac0c4e9f5b6,gvc_83582ceaffb7,Kneeling Leg Raise,Kneeling Leg Raise,닐링 레그 레이즈,AUTO_PHRASE_DRAFT,Hips,MVP_CANDIDATE,Resistance/strength candidate,Bodyweight,inferred_bodyweight,하체,source,복직근,,name_high,reps,bodyweight,reps,BODY_MUSCLE_FAMILY_CONFLICT,1,0,1,MANUAL_QA_REQUIRED
gvs_84c78b1984d8c6f9,gvc_8b5024d0d598,Kneeling Modified Hindu Push Up,Kneeling Modified Hindu Push Up,,MANUAL,Waist,MVP_CANDIDATE,Resistance/strength candidate,Bodyweight,inferred_bodyweight,코어,source,,,unsupported,reps,bodyweight,reps,,1,1,0,MANUAL_QA_REQUIRED
gvs_04f3180a981a1b1c,gvc_025ca4304268,Kneeling One Side Archer Push Up,Kneeling One Side Archer Push Up,,MANUAL,Chest,MVP_CANDIDATE,Resistance/strength candidate,Bodyweight,inferred_bodyweight,가슴,source,,,unsupported,reps,bodyweight,reps,,1,1,0,MANUAL_QA_REQUIRED
gvs_31665477c837963f,gvc_cf3543689374,Kneeling Pike Push Up (on Bench),Kneeling Pike Push Up (On Bench),,MANUAL,Shoulders,MVP_CANDIDATE,Resistance/strength candidate,Bodyweight,inferred_bodyweight,어깨,source,,,unsupported,reps,bodyweight,reps,,1,0,1,MANUAL_QA_REQUIRED
gvs_7c10f5870b3f5587,gvc_cda9b6e8f5bb,Kneeling Plank,Kneeling Plank,닐링 플랭크,AUTO_PHRASE_DRAFT,Waist,MVP_CANDIDATE,Resistance/strength candidate,Bodyweight,inferred_bodyweight,코어,source,코어,,name_high,duration,semantic,duration,,2,1,1,AUTO_DRAFT_COMPLETE
gvs_ee81d14faa4f5eb7,gvc_cb3ecab995f3,Kneeling Pulse,Kneeling Pulse,,MANUAL,Hips,MVP_CANDIDATE,Resistance/strength candidate,Bodyweight,inferred_bodyweight,하체,source,,,unsupported,reps,bodyweight,,,2,1,1,MANUAL_QA_REQUIRED
gvs_be04b11f7d0b4597,gvc_d4d97948e489,Kneeling Push Up,Kneeling Push Up,닐링 푸시업,AUTO_PHRASE_DRAFT,Chest,MVP_CANDIDATE,Resistance/strength candidate,Bodyweight,inferred_bodyweight,가슴,source,,,unsupported,reps,bodyweight,reps,,1,1,0,AUTO_DRAFT_COMPLETE
gvs_c19af6b5f89eec39,gvc_01110b0f0068,Kneeling Push Up Jump,Kneeling Push Up Jump,,MANUAL,Chest,MVP_CANDIDATE,Resistance/strength candidate,Bodyweight,inferred_bodyweight,가슴,source,,,unsupported,reps,bodyweight,reps,,1,1,0,MANUAL_QA_REQUIRED
gvs_d550a2e88cbc6e36,gvc_953604b386a3,Kneeling Push Up To Child Pose,Kneeling Push Up To Child Pose,,MANUAL,Chest,MVP_CANDIDATE,Resistance/strength candidate,Bodyweight,inferred_bodyweight,가슴,source,,,unsupported,reps,bodyweight,duration,,1,0,1,MANUAL_QA_REQUIRED
gvs_cedb48005ab950f6,gvc_0181d922662a,Kneeling Push Up To Hovering Table Top,Kneeling Push Up To Hovering Table Top,,MANUAL,Chest,MVP_CANDIDATE,Resistance/strength candidate,Bodyweight,inferred_bodyweight,가슴,source,,,unsupported,reps,bodyweight,reps,,2,1,1,MANUAL_QA_REQUIRED
gvs_fbac6df87fd79136,gvc_284a08ddbe9e,Kneeling Reverse Palm Nudges,Kneeling Reverse Palm Nudges,,MANUAL,Forearms,MVP_CANDIDATE,Resistance/strength candidate,Bodyweight,inferred_bodyweight,팔,source,,,unsupported,reps,bodyweight,,,1,1,0,MANUAL_QA_REQUIRED
gvs_f1296937d301c84f,gvc_669e60806fcf,Kneeling Rotational Push Up,Kneeling Rotational Push Up,,MANUAL,Chest,MVP_CANDIDATE,Resistance/strength candidate,Bodyweight,inferred_bodyweight,가슴,source,,,unsupported,reps,bodyweight,reps,,1,1,0,MANUAL_QA_REQUIRED
gvs_4630a29eb76a0e70,gvc_fbd518e74a3b,Kneeling Scapular Push Up,Kneeling Scapular Push Up,,MANUAL,Back,MVP_CANDIDATE,Resistance/strength candidate,Bodyweight,inferred_bodyweight,등,source,,,unsupported,reps,bodyweight,reps,,1,1,0,MANUAL_QA_REQUIRED
gvs_56bf4a6a2226e794,gvc_88b58d4dc6a7,Kneeling Shoulder Tap,Kneeling Shoulder Tap,,MANUAL,Chest;Waist,MVP_CANDIDATE,Resistance/strength candidate,Bodyweight,inferred_bodyweight,,conflict,,,unsupported,reps,bodyweight,,BODY_SOURCE_CONFLICT,2,1,1,MANUAL_QA_REQUIRED
gvs_049bc0742f38891e,gvc_61e4ee962ef0,Kneeling Side Leg Circle,Kneeling Side Leg Circle,,MANUAL,Hips,MVP_CANDIDATE,Resistance/strength candidate,Bodyweight,inferred_bodyweight,하체,source,,,unsupported,reps,bodyweight,,,1,0,1,MANUAL_QA_REQUIRED
gvs_6d878693fa98195b,gvc_c533b82cc403,Kneeling Side Leg To Kick,Kneeling Side Leg To Kick,,MANUAL,Hips,MVP_CANDIDATE,Resistance/strength candidate,Bodyweight,inferred_bodyweight,하체,source,,,unsupported,reps,bodyweight,,,2,1,1,MANUAL_QA_REQUIRED
gvs_db2867f13e23cb2d,gvc_3220eebb88a5,Kneeling Side Plank Raise,Kneeling Side Plank Raise,,MANUAL,Waist,MVP_CANDIDATE,Resistance/strength candidate,Bodyweight,inferred_bodyweight,코어,source,코어,,name_high,reps,bodyweight,duration,,1,1,0,MANUAL_QA_REQUIRED
gvs_8b347c2adf0735f0,gvc_2eccbe0add90,Kneeling Side Plank Twist,Kneeling Side Plank Twist,,MANUAL,Waist,MVP_CANDIDATE,Resistance/strength candidate,Bodyweight,inferred_bodyweight,코어,source,코어,,name_high,reps,bodyweight,duration,,1,0,1,MANUAL_QA_REQUIRED
gvs_97856ea600b2035c,gvc_dd0ed26f2c20,Kneeling Single Hamstring Curl,Kneeling Single Hamstring Curl,,MANUAL,Thighs,MVP_CANDIDATE,Resistance/strength candidate,Bodyweight,inferred_bodyweight,하체,source,,,unsupported,reps,bodyweight,,,2,1,1,MANUAL_QA_REQUIRED
gvs_ba3c7c5060891e16,gvc_5af3f1433376,Kneeling Single Kickback,Kneeling Single Kickback,,MANUAL,Hips,MVP_CANDIDATE,Resistance/strength candidate,Bodyweight,inferred_bodyweight,하체,source,,,unsupported,reps,bodyweight,,,1,0,1,MANUAL_QA_REQUIRED
gvs_fb767f14b14c91a6,gvc_7ab168e07ba8,Kneeling Single Kickback Fire Hydrant,Kneeling Single Kickback Fire Hydrant,,MANUAL,Hips,MVP_CANDIDATE,Resistance/strength candidate,Bodyweight,inferred_bodyweight,하체,source,,,unsupported,reps,bodyweight,,,2,1,1,MANUAL_QA_REQUIRED
gvs_f32f72dc1b370212,gvc_3784e3aecf9b,Kneeling Single Slow Kickback,Kneeling Single Slow Kickback,,MANUAL,Hips,MVP_CANDIDATE,Resistance/strength candidate,Bodyweight,inferred_bodyweight,하체,source,,,unsupported,reps,bodyweight,,,1,0,1,MANUAL_QA_REQUIRED
gvs_4e4acc7ffbad5337,gvc_3dadd6244f43,Kneeling Staggered Push Up,Kneeling Staggered Push Up,,MANUAL,Chest,MVP_CANDIDATE,Resistance/strength candidate,Bodyweight,inferred_bodyweight,가슴,source,,,unsupported,reps,bodyweight,reps,,1,0,1,MANUAL_QA_REQUIRED
gvs_b0ecc0ea780cd900,gvc_4986572b2efb,Kneeling Stay Forward Wheel Rollout,Kneeling Stay Forward Wheel Rollout,,MANUAL,Waist,MVP_CANDIDATE,Resistance/strength candidate,Ab Wheel,source,코어,source,,,unsupported,,review,,,1,1,0,MANUAL_QA_REQUIRED
gvs_ee7e27aed6b51b74,gvc_9098be659722,Kneeling Straight Leg Circle,Kneeling Straight Leg Circle,,MANUAL,Hips,MVP_CANDIDATE,Resistance/strength candidate,Bodyweight,inferred_bodyweight,하체,source,,,unsupported,reps,bodyweight,,,1,0,1,MANUAL_QA_REQUIRED
gvs_e1147d9366f87fb3,gvc_847d3dc48675,Kneeling Straight Leg Side Kick,Kneeling Straight Leg Side Kick,,MANUAL,Hips,MVP_CANDIDATE,Resistance/strength candidate,Bodyweight,inferred_bodyweight,하체,source,,,unsupported,reps,bodyweight,,,1,0,1,MANUAL_QA_REQUIRED
gvs_bacd708a4f8e3d5c,gvc_446922b8fc8d,Kneeling To Standing Squat,Kneeling To Standing Squat,,MANUAL,Hips,MVP_CANDIDATE,Resistance/strength candidate,Bodyweight,inferred_bodyweight,하체,source,대퇴사두근,둔근,name_high,reps,bodyweight,,,1,1,0,MANUAL_QA_REQUIRED
gvs_7e8525818b71b7b1,gvc_ad4dcf5b11b0,Kneeling Upper Back Rotation,Kneeling Upper Back Rotation,,MANUAL,Back,MVP_CANDIDATE,Resistance/strength candidate,Bodyweight,inferred_bodyweight,등,source,,,unsupported,reps,bodyweight,,,1,0,1,MANUAL_QA_REQUIRED
gvs_6a0a6ec9fd577d39,gvc_ca64971f2435,Kneeling Wrist Sinkers,Kneeling Wrist Sinkers,,MANUAL,Forearms,MVP_CANDIDATE,Resistance/strength candidate,Bodyweight,inferred_bodyweight,팔,source,,,unsupported,reps,bodyweight,,,1,1,0,MANUAL_QA_REQUIRED
gvs_96a675f4474c580a,gvc_81991aba972f,Knees And Toes Point In Squat Slide Wall,Knees And Toes Point In Squat Slide Wall,,MANUAL,Hips,MVP_CANDIDATE,Resistance/strength candidate,Bodyweight,inferred_bodyweight,하체,source,대퇴사두근,둔근,name_high,reps,bodyweight,,,2,1,1,MANUAL_QA_REQUIRED
gvs_1a76beaed1e49c5c,gvc_4c3a6b386523,Knuckle Push Up Against Wall,Knuckle Push Up Against Wall,,MANUAL,Chest,MVP_CANDIDATE,Resistance/strength candidate,Bodyweight,inferred_bodyweight,가슴,source,,,unsupported,reps,bodyweight,reps,,1,1,0,MANUAL_QA_REQUIRED
gvs_2865694e2d187034,gvc_aca5f300c129,L Pull Up Back,L Pull Up Back,,MANUAL,Waist,MVP_CANDIDATE,Resistance/strength candidate,Bodyweight,inferred_bodyweight,코어,source,광배근,이두근 / 승모근,name_high,reps,bodyweight,,BODY_MUSCLE_FAMILY_CONFLICT,1,1,0,MANUAL_QA_REQUIRED
gvs_ce86931b580cabeb,gvc_6baecfdf19a5,L Sit,L Sit,,MANUAL,Waist,MVP_CANDIDATE,Resistance/strength candidate,Bodyweight,inferred_bodyweight,코어,source,,,unsupported,reps,bodyweight,,,1,0,1,MANUAL_QA_REQUIRED
gvs_1650e1a7fa574777,gvc_46dc5267d5b1,L Sit Chin Up,L Sit Chin Up,,MANUAL,Back,MVP_CANDIDATE,Resistance/strength candidate,Bodyweight,inferred_bodyweight,등,source,광배근,이두근 / 승모근,name_high,reps,bodyweight,,,1,1,0,MANUAL_QA_REQUIRED
gvs_560040e3b4356313,gvc_86a2ba64370c,L Sit Kick Out,L Sit Kick Out,,MANUAL,Waist,MVP_CANDIDATE,Resistance/strength candidate,Bodyweight,inferred_bodyweight,코어,source,,,unsupported,reps,bodyweight,,,1,1,0,MANUAL_QA_REQUIRED
gvs_aac2d0d0f7d0a652,gvc_72cefc1c645a,L Sit On Chair,L Sit On Chair,,MANUAL,Waist,MVP_CANDIDATE,Resistance/strength candidate,Bodyweight,inferred_bodyweight,코어,source,,,unsupported,reps,bodyweight,,,1,1,0,MANUAL_QA_REQUIRED
gvs_deff348f9af4f25f,gvc_735a382795eb,L Sit On Floor,L Sit On Floor,,MANUAL,Waist,MVP_CANDIDATE,Resistance/strength candidate,Bodyweight,inferred_bodyweight,코어,source,,,unsupported,reps,bodyweight,,,1,1,0,MANUAL_QA_REQUIRED
gvs_365f1abce31b4872,gvc_1cc1e9880aa6,L Sit Pull Up,L Sit Pull Up,,MANUAL,Back,MVP_CANDIDATE,Resistance/strength candidate,Bodyweight,inferred_bodyweight,등,source,광배근,이두근 / 승모근,name_high,reps,bodyweight,,,1,1,0,MANUAL_QA_REQUIRED
gvs_253ac6d9a695e3d9,gvc_ca6f360f9beb,Landmine,Landmine,랜드마인,AUTO_PHRASE_DRAFT,Waist,MVP_CANDIDATE,Resistance/strength candidate,Landmine,name,코어,source,,,unsupported,weight_reps,equipment,,,2,1,1,AUTO_DRAFT_COMPLETE
gvs_7e59c68b9779f4c3,gvc_97f50094792e,Landmine Deadlift,Landmine Deadlift,랜드마인 데드리프트,AUTO_PHRASE_DRAFT,Hips,MVP_CANDIDATE,Resistance/strength candidate,Landmine,name,하체,source,둔근 / 햄스트링,등 / 코어,name_high,weight_reps,equipment,,,1,1,0,AUTO_DRAFT_COMPLETE
gvs_26fdc61aa851e3e0,gvc_9848310bbdcf,Landmine Floor One Arm Chest Fly,Landmine Floor Single Arm Chest Fly,,MANUAL,Chest,MVP_CANDIDATE,Resistance/strength candidate,Landmine,name,가슴,source,대흉근,삼두근 / 전면 삼각근,name_high,weight_reps,equipment,,,1,1,0,MANUAL_QA_REQUIRED
gvs_da88c3601c0042c2,gvc_83da5c17c97e,Landmine Front Squat,Landmine Front Squat,랜드마인 프론트 스쿼트,AUTO_PHRASE_DRAFT,Thighs,MVP_CANDIDATE,Resistance/strength candidate,Landmine,name,하체,source,대퇴사두근,둔근,name_high,weight_reps,equipment,,,1,1,0,AUTO_DRAFT_COMPLETE
gvs_fe83a189e7a93041,gvc_e2535af4d390,Landmine Kneeling One Arm Shoulder Press,Landmine Kneeling Single Arm Shoulder Press,랜드마인 닐링 원암 숄더 프레스,AUTO_PHRASE_DRAFT,Shoulders,MVP_CANDIDATE,Resistance/strength candidate,Landmine,name,어깨,source,삼각근,삼두근,name_high,weight_reps,equipment,,,2,2,0,AUTO_DRAFT_COMPLETE
gvs_954a0c38d266afee,gvc_7e6ea37f33f6,Landmine Kneeling Squeeze Press,Landmine Kneeling Squeeze Press,,MANUAL,Chest,MVP_CANDIDATE,Resistance/strength candidate,Landmine,name,가슴,source,,,unsupported,weight_reps,equipment,,,1,1,0,MANUAL_QA_REQUIRED
gvs_d12f92d6479eeaf8,gvc_718d29e405af,Landmine Kneeling Thruster Press,Landmine Kneeling Thruster Press,,MANUAL,Shoulders,MVP_CANDIDATE,Resistance/strength candidate,Landmine,name,어깨,source,,,unsupported,weight_reps,equipment,,,1,1,0,MANUAL_QA_REQUIRED
gvs_3d84ce7f2ef4ec6f,gvc_c9a0f2e4e031,Landmine Lateral Raise,Landmine Lateral Raise,랜드마인 레터럴 레이즈,AUTO_PHRASE_DRAFT,Shoulders,MVP_CANDIDATE,Resistance/strength candidate,Landmine,name,어깨,source,측면 삼각근,,name_high,weight_reps,equipment,,,1,1,0,AUTO_DRAFT_COMPLETE
gvs_c036e476c0739484,gvc_11036b39c5d5,Landmine Neutral Grip Chest Press With Viking Pres,Landmine Neutral Grip Chest Press With Viking Pres,,MANUAL,,MVP_CANDIDATE,Resistance/strength candidate,Landmine,name,가슴,name,대흉근,삼두근 / 전면 삼각근,name_high,weight_reps,equipment,,,1,1,0,MANUAL_QA_REQUIRED
gvs_bf20ca21e75d5e75,gvc_5b52803daacc,Landmine Overhead Rear Lunge,Landmine Overhead Reverse Lunge,랜드마인 오버헤드 리버스 런지,AUTO_PHRASE_DRAFT,Thighs,MVP_CANDIDATE,Resistance/strength candidate,Landmine,name,하체,source,대퇴사두근,둔근,name_high,weight_reps,equipment,reps,,1,1,0,AUTO_DRAFT_COMPLETE
gvs_4bc3e67479e9c7a2,gvc_592519fd24da,Landmine Press,Landmine Press,,MANUAL,Shoulders,MVP_CANDIDATE,Resistance/strength candidate,Landmine,name,어깨,source,,,unsupported,weight_reps,equipment,,,1,1,0,MANUAL_QA_REQUIRED
gvs_fa836e1c990e60a2,gvc_fb88e3e7e423,Landmine Push Up,Landmine Push Up,랜드마인 푸시업,AUTO_PHRASE_DRAFT,Chest,MVP_CANDIDATE,Resistance/strength candidate,Landmine,name,가슴,source,,,unsupported,weight_reps,equipment,reps,,1,1,0,AUTO_DRAFT_COMPLETE
gvs_beb9f4592c3087dd,gvc_ddef83b934ad;gvc_ece5100b582c,Landmine Rear Lunge | Landmine Rear Lunge (version 2),Landmine Reverse Lunge,랜드마인 리버스 런지,AUTO_PHRASE_DRAFT,Thighs,MVP_CANDIDATE,Resistance/strength candidate,Landmine,name,하체,source,대퇴사두근,둔근,name_high,weight_reps,equipment,reps,,2,2,0,AUTO_DRAFT_COMPLETE
gvs_c0032406d324acae,gvc_6a9afbd90a03;gvc_ce8f6be01e08,Landmine Romanian Deadlift | Landmine Romanian Deadlift (version 2),Landmine Romanian Deadlift,랜드마인 루마니안 데드리프트,AUTO_PHRASE_DRAFT,Hips,MVP_CANDIDATE,Resistance/strength candidate,Landmine,name,하체,source,둔근 / 햄스트링,코어,name_high,weight_reps,equipment,,,3,2,1,AUTO_DRAFT_COMPLETE
gvs_f6bf122fee81a937,gvc_17513d987532,Landmine Seated Shoulder Press,Landmine Seated Shoulder Press,랜드마인 시티드 숄더 프레스,AUTO_PHRASE_DRAFT,Shoulders,MVP_CANDIDATE,Resistance/strength candidate,Landmine,name,어깨,source,삼각근,삼두근,name_high,weight_reps,equipment,,,1,1,0,AUTO_DRAFT_COMPLETE
gvs_356a53401d5838be,gvc_e62611f7bb08,Landmine Shoulder To Shoulder Press,Landmine Shoulder To Shoulder Press,,MANUAL,Shoulders,MVP_CANDIDATE,Resistance/strength candidate,Landmine,name,어깨,source,삼각근,삼두근,name_high,weight_reps,equipment,,,1,1,0,MANUAL_QA_REQUIRED
gvs_8ab1fce387a578c3,gvc_c748ce34c2a4,Landmine Shoulders Press With Viking Press Attachm,Landmine Shoulders Press With Viking Press Attachm,,MANUAL,,MVP_CANDIDATE,Resistance/strength candidate,Landmine,name,,unknown,,,unsupported,weight_reps,equipment,,,1,1,0,MANUAL_QA_REQUIRED
gvs_e01babed1e4864d9,gvc_a74ba9e2b64e;gvc_d41990494d35,Landmine One Arm Bent Over Row | Landmine One Arm Bent Over Row (version 2),Landmine Single Arm Bent Over Row,랜드마인 원암 벤트오버 로우,AUTO_PHRASE_DRAFT,Back,MVP_CANDIDATE,Resistance/strength candidate,Landmine,name,등,source,등 상부 / 광배근,이두근,name_high,weight_reps,equipment,,,2,2,0,AUTO_DRAFT_COMPLETE
gvs_fe29a44d10fb6989,gvc_715a3b02d5f9,Landmine Single Arm Low Fly,Landmine Single Arm Low Fly,,MANUAL,Chest,MVP_CANDIDATE,Resistance/strength candidate,Landmine,name,가슴,source,,,unsupported,weight_reps,equipment,,,1,1,0,MANUAL_QA_REQUIRED
gvs_7dcfbc1636095f4c,gvc_41c09bc43940,Landmine Single Arm Press,Landmine Single Arm Press,,MANUAL,Shoulders,MVP_CANDIDATE,Resistance/strength candidate,Landmine,name,어깨,source,,,unsupported,weight_reps,equipment,,,1,1,0,MANUAL_QA_REQUIRED
gvs_a24b01077fe9e02f,gvc_9bb1a3efc78b,Landmine Single Arm Side Low Fly,Landmine Single Arm Side Low Fly,,MANUAL,Chest,MVP_CANDIDATE,Resistance/strength candidate,Landmine,name,가슴,source,,,unsupported,weight_reps,equipment,,,1,1,0,MANUAL_QA_REQUIRED
gvs_3e430e77eed84f8f,gvc_d6a42df4a80a,Landmine Single Leg Hip Thrust,Landmine Single Leg Hip Thrust,랜드마인 싱글 레그 힙 쓰러스트,AUTO_PHRASE_DRAFT,Hips,MVP_CANDIDATE,Resistance/strength candidate,Landmine,name,하체,source,둔근,햄스트링,name_high,weight_reps,equipment,,,1,0,1,AUTO_DRAFT_COMPLETE
gvs_3af65e897775c2e5,gvc_c6e5c8703b61,Landmine Single Leg Landmine RDL,Landmine Single Leg Landmine RDL,,MANUAL,Hips,MVP_CANDIDATE,Resistance/strength candidate,Landmine,name,하체,source,,,unsupported,weight_reps,equipment,,,1,1,0,MANUAL_QA_REQUIRED
gvs_422fc443af442843,gvc_55cf7ceed80f,Landmine Single Leg Romanian Deadlift,Landmine Single Leg Romanian Deadlift,랜드마인 싱글 레그 루마니안 데드리프트,AUTO_PHRASE_DRAFT,Hips,MVP_CANDIDATE,Resistance/strength candidate,Landmine,name,하체,source,둔근 / 햄스트링,코어,name_high,weight_reps,equipment,,,1,0,1,AUTO_DRAFT_COMPLETE
gvs_9ac656c58e5f04f5,gvc_1079e88297d3,Landmine One Leg Stiff Leg Deadlift,Landmine Single Leg Stiff Leg Deadlift,랜드마인 싱글 레그 스티프 레그 데드리프트,AUTO_PHRASE_DRAFT,Hips,MVP_CANDIDATE,Resistance/strength candidate,Landmine,name,하체,source,둔근 / 햄스트링,코어,name_high,weight_reps,equipment,,,1,1,0,AUTO_DRAFT_COMPLETE
gvs_2c836c6e49668fc0,gvc_391f2faefc28,Landmine Sissy Squat,Landmine Sissy Squat,,MANUAL,Thighs,MVP_CANDIDATE,Resistance/strength candidate,Landmine,name,하체,source,대퇴사두근,둔근,name_high,weight_reps,equipment,,,1,1,0,MANUAL_QA_REQUIRED
gvs_8250d0d8625d43ea,gvc_c2b9f11e523c,Landmine Squat,Landmine Squat,랜드마인 스쿼트,AUTO_PHRASE_DRAFT,Thighs,MVP_CANDIDATE,Resistance/strength candidate,Landmine,name,하체,source,대퇴사두근,둔근,name_high,weight_reps,equipment,,,1,1,0,AUTO_DRAFT_COMPLETE
gvs_883fcf16e8c4401c,gvc_98aac4814aa7,Landmine Squat And Press,Landmine Squat And Press,,MANUAL,,MVP_CANDIDATE,Resistance/strength candidate,Landmine,name,하체,name,대퇴사두근,둔근,name_high,weight_reps,equipment,,,1,1,0,MANUAL_QA_REQUIRED
gvs_1f534fa2bbc53110,gvc_bf8e8e5771ca,Landmine Squat With Linebacker Attachment T,Landmine Squat With Linebacker Attachment T,,MANUAL,,MVP_CANDIDATE,Resistance/strength candidate,Landmine,name,하체,name,대퇴사두근,둔근,name_high,weight_reps,equipment,,,1,1,0,MANUAL_QA_REQUIRED
gvs_c9397623bc7988a3,gvc_e8840e60ab82,Landmine Standing Side Bend,Landmine Standing Side Bend,,MANUAL,Waist,MVP_CANDIDATE,Resistance/strength candidate,Landmine,name,코어,source,복사근,코어,name_high,weight_reps,equipment,,,2,1,1,MANUAL_QA_REQUIRED
gvs_1d2eb25ad62575a0,gvc_7f1d993edf6f,Landmine Sumo Squat,Landmine Sumo Squat,랜드마인 스모 스쿼트,AUTO_PHRASE_DRAFT,Hips,MVP_CANDIDATE,Resistance/strength candidate,Landmine,name,하체,source,대퇴사두근,둔근,name_high,weight_reps,equipment,,,1,1,0,AUTO_DRAFT_COMPLETE
gvs_dc4756086e92577e,gvc_7ab34c21a585,Lateral Elbow Plank Walk,Lateral Elbow Plank Walk,,MANUAL,Waist,MVP_CANDIDATE,Resistance/strength candidate,Bodyweight,inferred_bodyweight,코어,source,코어,,name_high,reps,bodyweight,duration,,1,1,0,MANUAL_QA_REQUIRED
gvs_3cd9b3b8573cb386,gvc_1ee48687634c,Lateral Raise (bent Arms),Lateral Raise (Bent Arms),,MANUAL,Shoulders,MVP_CANDIDATE,Resistance/strength candidate,Bodyweight,inferred_bodyweight,어깨,source,측면 삼각근,,name_high,reps,bodyweight,,,1,0,1,MANUAL_QA_REQUIRED
gvs_b44d1e6a36c8f910,gvc_a3f36ad588fe,Lateral Raise With Towel,Lateral Raise With Towel,,MANUAL,Shoulders,MVP_CANDIDATE,Resistance/strength candidate,Bodyweight,inferred_bodyweight,어깨,source,측면 삼각근,,name_high,reps,bodyweight,,,1,1,0,MANUAL_QA_REQUIRED
gvs_3c6c3c019a11d31d,gvc_7087e057ae33,Lateral Step Up,Lateral Step Up,,MANUAL,Thighs,MVP_CANDIDATE,Resistance/strength candidate,Bodyweight,inferred_bodyweight,하체,source,대퇴사두근,둔근,name_high,reps,bodyweight,,,2,1,1,MANUAL_QA_REQUIRED
gvs_9d6f70d842c8f2ee,gvc_40dd0208abde,Lateral Step Up With Knee Drive,Lateral Step Up With Knee Drive,,MANUAL,Thighs,MVP_CANDIDATE,Resistance/strength candidate,Bodyweight,inferred_bodyweight,하체,source,대퇴사두근,둔근,name_high,reps,bodyweight,,,1,1,0,MANUAL_QA_REQUIRED
gvs_7dc0ebebf68d4ad3,gvc_58922a6bf6a9,Lay Down Push Up,Lay Down Push Up,,MANUAL,Chest,MVP_CANDIDATE,Resistance/strength candidate,Bodyweight,inferred_bodyweight,가슴,source,,,unsupported,reps,bodyweight,reps,,2,1,1,MANUAL_QA_REQUIRED
gvs_4684f2c1793eccf9,gvc_316fba4607a4,Lean Back Heel Tap,Lean Back Heel Tap,,MANUAL,Waist,MVP_CANDIDATE,Resistance/strength candidate,Bodyweight,inferred_bodyweight,코어,source,,,unsupported,reps,bodyweight,,,1,1,0,MANUAL_QA_REQUIRED
gvs_cbb96c041e3bfd56,gvc_77676bf1cf9f,Lean Back Tap Ankle Tap,Lean Back Tap Ankle Tap,,MANUAL,Waist,MVP_CANDIDATE,Resistance/strength candidate,Bodyweight,inferred_bodyweight,코어,source,,,unsupported,reps,bodyweight,,,1,1,0,MANUAL_QA_REQUIRED
gvs_74b29b388cfd490e,gvc_b73d3a922e39,Leaning Forward Side Lunge,Leaning Forward Side Lunge,,MANUAL,Hips,MVP_CANDIDATE,Resistance/strength candidate,Bodyweight,inferred_bodyweight,하체,source,대퇴사두근,둔근,name_high,reps,bodyweight,reps,,1,0,1,MANUAL_QA_REQUIRED
gvs_48dd907a2059d4b4,gvc_2eb28f38bdd6,Leg Climb Crunch,Leg Climb Crunch,,MANUAL,Waist,MVP_CANDIDATE,Resistance/strength candidate,Bodyweight,inferred_bodyweight,코어,source,복직근,,name_high,reps,bodyweight,reps,,1,0,1,MANUAL_QA_REQUIRED
gvs_12cdca3492f46e12,gvc_da83ca50784f,Leg Curl (on Stability Ball),Leg Curl (On Stability Ball),,MANUAL,Thighs,MVP_CANDIDATE,Resistance/strength candidate,Stability Ball,source,하체,source,햄스트링,,name_high,,review,,,1,0,1,MANUAL_QA_REQUIRED
gvs_20f214ec1953ffaa,gvc_7db79c9b6ca9,Leg Drop Pulse,Leg Drop Pulse,,MANUAL,Waist,MVP_CANDIDATE,Resistance/strength candidate,Bodyweight,inferred_bodyweight,코어,source,,,unsupported,reps,bodyweight,,,1,1,0,MANUAL_QA_REQUIRED
gvs_46400fa2695d29a0,gvc_dbe56cdf8384,Leg Extension Crunch (with Stability Ball),Leg Extension Crunch (With Stability Ball),,MANUAL,Waist,MVP_CANDIDATE,Resistance/strength candidate,Stability Ball,source,코어,source,대퇴사두근,,name_high,,review,reps,BODY_MUSCLE_FAMILY_CONFLICT,1,1,0,MANUAL_QA_REQUIRED
gvs_14f02d27d2975ce7,gvc_fdd6c9d9b4b2,Leg Extension Glute Bridge,Leg Extension Glute Bridge,레그 익스텐션 글루트 브리지,AUTO_PHRASE_DRAFT,Hips,MVP_CANDIDATE,Resistance/strength candidate,Bodyweight,inferred_bodyweight,하체,source,대퇴사두근,,name_high,reps,bodyweight,,,1,0,1,AUTO_DRAFT_COMPLETE
gvs_c78ff533db2873ab,gvc_f832cdab8ea8,Leg Extension Plank,Leg Extension Plank,레그 익스텐션 플랭크,AUTO_PHRASE_DRAFT,Waist,MVP_CANDIDATE,Resistance/strength candidate,Bodyweight,inferred_bodyweight,코어,source,대퇴사두근,,name_high,reps,bodyweight,duration,BODY_MUSCLE_FAMILY_CONFLICT,1,1,0,MANUAL_QA_REQUIRED
gvs_0c5a1bfd93493ee9,gvc_bfa8735fbc40,Leg Extension Star Crunch,Leg Extension Star Crunch,,MANUAL,Waist,MVP_CANDIDATE,Resistance/strength candidate,Bodyweight,inferred_bodyweight,코어,source,대퇴사두근,,name_high,reps,bodyweight,reps,BODY_MUSCLE_FAMILY_CONFLICT,1,1,0,MANUAL_QA_REQUIRED
gvs_03378bf8b852f47e,gvc_c9d36e00f55b,Leg Front Kick,Leg Front Kick,,MANUAL,Waist,MVP_CANDIDATE,Resistance/strength candidate,Bodyweight,inferred_bodyweight,코어,source,,,unsupported,reps,bodyweight,,,2,1,1,MANUAL_QA_REQUIRED
gvs_91cd750f2099f7f7,gvc_bba5af818d85,Leg Over Knee Glute Bridge,Leg Over Knee Glute Bridge,,MANUAL,Hips,MVP_CANDIDATE,Resistance/strength candidate,Bodyweight,inferred_bodyweight,하체,source,둔근,햄스트링,name_high,reps,bodyweight,,,2,1,1,MANUAL_QA_REQUIRED
gvs_f3d73461eb6cfadd,gvc_a29df4d3d21c,Leg Over Knee Glute Bridge (left),Leg Over Knee Glute Bridge (Left),,MANUAL,Hips,MVP_CANDIDATE,Resistance/strength candidate,Bodyweight,inferred_bodyweight,하체,source,둔근,햄스트링,name_high,reps,bodyweight,,,1,0,1,MANUAL_QA_REQUIRED
gvs_9e690d90cdde894a,gvc_8b7dd813d218,Leg Raise Dragon Flag,Leg Raise Dragon Flag,,MANUAL,Waist,MVP_CANDIDATE,Resistance/strength candidate,Bodyweight,inferred_bodyweight,코어,source,복직근,,name_high,reps,bodyweight,reps,,1,1,0,MANUAL_QA_REQUIRED
gvs_fe02862314885a5b,gvc_89ee81b94e03,Leg Raise Hip Lift,Leg Raise Hip Lift,,MANUAL,Waist,MVP_CANDIDATE,Resistance/strength candidate,Bodyweight,inferred_bodyweight,코어,source,복직근,,name_high,reps,bodyweight,reps,,2,1,1,MANUAL_QA_REQUIRED
gvs_248618bb840b3433,gvc_545212c94f8b,Leg Raise Hip Lift With Head Up,Leg Raise Hip Lift With Head Up,,MANUAL,Waist,MVP_CANDIDATE,Resistance/strength candidate,Bodyweight,inferred_bodyweight,코어,source,복직근,,name_high,reps,bodyweight,reps,,1,1,0,MANUAL_QA_REQUIRED
gvs_2aa6d41b1e173863,gvc_5533a432262e,Leg Raise Oblique Crunch,Leg Raise Oblique Crunch,,MANUAL,Waist,MVP_CANDIDATE,Resistance/strength candidate,Bodyweight,inferred_bodyweight,코어,source,복직근,,name_high,reps,bodyweight,reps,,1,1,0,MANUAL_QA_REQUIRED
gvs_7186b208a97bf6ae,gvc_fed70886c580,Leg Raises Hold On Chair,Leg Raises Hold On Chair,,MANUAL,Waist,MVP_CANDIDATE,Resistance/strength candidate,Bodyweight,inferred_bodyweight,코어,source,,,unsupported,duration,semantic,,,1,1,0,MANUAL_QA_REQUIRED
gvs_398ca736f146b370,gvc_845affcd7330,Leg Up Crunch Bottle Pass,Leg Up Crunch Bottle Pass,,MANUAL,Waist,MVP_CANDIDATE,Resistance/strength candidate,Bodyweight,inferred_bodyweight,코어,source,복직근,,name_high,reps,bodyweight,reps,,1,1,0,MANUAL_QA_REQUIRED
gvs_d33d6c70e7f5a2ca,gvc_76c89adac81e,Long Arm Crunch,Long Arm Crunch,,MANUAL,Waist,MVP_CANDIDATE,Resistance/strength candidate,Bodyweight,inferred_bodyweight,코어,source,복직근,,name_high,reps,bodyweight,reps,,2,1,1,MANUAL_QA_REQUIRED
gvs_23f05336654622a8,gvc_d17d695842ee,Long Lever Standing Hip Extension,Long Lever Standing Hip Extension,,MANUAL,Hips,MVP_CANDIDATE,Resistance/strength candidate,Machine,source,하체,source,,,unsupported,weight_reps,equipment,weight_reps,,1,1,0,MANUAL_QA_REQUIRED
gvs_c69003863b544318,gvc_feb04cfe18f0,Long Plank Against Wall,Long Plank Against Wall,,MANUAL,Waist,MVP_CANDIDATE,Resistance/strength candidate,Bodyweight,inferred_bodyweight,코어,source,코어,,name_high,duration,semantic,duration,,1,1,0,MANUAL_QA_REQUIRED
gvs_ca0e027dc4adac55,gvc_2a7293b9a7a5,Low Plank Leg Raise,Low Plank Leg Raise,로우 플랭크 레그 레이즈,AUTO_PHRASE_DRAFT,Waist,MVP_CANDIDATE,Resistance/strength candidate,Bodyweight,inferred_bodyweight,코어,source,복직근,,name_high,reps,bodyweight,duration,,1,1,0,AUTO_DRAFT_COMPLETE
gvs_93d917adce374311,gvc_19e4c09ff510,Lower Ab Swipe,Lower Ab Swipe,,MANUAL,Waist,MVP_CANDIDATE,Resistance/strength candidate,Bodyweight,inferred_bodyweight,코어,source,,,unsupported,reps,bodyweight,,,1,1,0,MANUAL_QA_REQUIRED
gvs_dabc5ebcbc6ab292,gvc_97c80493391d,Lunge,Lunge,런지,AUTO_PHRASE_DRAFT,Hips,MVP_CANDIDATE,Resistance/strength candidate,Bodyweight,inferred_bodyweight,하체,source,대퇴사두근,둔근,name_high,reps,bodyweight,reps,,2,0,2,AUTO_DRAFT_COMPLETE
gvs_f1f9169c6b3342a6,gvc_4f9dde965699,Lunge Twist,Lunge Twist,,MANUAL,Thighs,MVP_CANDIDATE,Resistance/strength candidate,Bodyweight,inferred_bodyweight,하체,source,대퇴사두근,둔근,name_high,reps,bodyweight,reps,,1,1,0,MANUAL_QA_REQUIRED
gvs_bc72b2c6dd8e2d64,gvc_dec66ee86105,Lunge With Jump,Lunge With Jump,,MANUAL,Thighs,MVP_CANDIDATE,Resistance/strength candidate,Bodyweight,inferred_bodyweight,하체,source,대퇴사두근,둔근,name_high,reps,bodyweight,reps,,2,2,0,MANUAL_QA_REQUIRED
gvs_7c5ff1a848b73b02,gvc_dff680b36995,Lunge With Twist Thighs,Lunge With Twist Thighs,,MANUAL,Waist,MVP_CANDIDATE,Resistance/strength candidate,Bodyweight,inferred_bodyweight,코어,source,대퇴사두근,둔근,name_high,reps,bodyweight,reps,BODY_MUSCLE_FAMILY_CONFLICT,1,1,0,MANUAL_QA_REQUIRED
gvs_5f715a1572a03da1,gvc_20192d17461f,Lyine Prone Shoulder Extension,Lyine Prone Shoulder Extension,,MANUAL,Shoulders,MVP_CANDIDATE,Resistance/strength candidate,Bodyweight,inferred_bodyweight,어깨,source,,,unsupported,reps,bodyweight,,,1,1,0,MANUAL_QA_REQUIRED
gvs_2f11ea1cd3e01d16,gvc_3a40d27516b3,Lyine Prone T Raise,Lyine Prone T Raise,,MANUAL,Back,MVP_CANDIDATE,Resistance/strength candidate,Bodyweight,inferred_bodyweight,등,source,,,unsupported,reps,bodyweight,,,1,1,0,MANUAL_QA_REQUIRED
gvs_d6002fdae4a9578c,gvc_782d0c37be0e,Lyine Prone W Raise,Lyine Prone W Raise,,MANUAL,Back,MVP_CANDIDATE,Resistance/strength candidate,Bodyweight,inferred_bodyweight,등,source,,,unsupported,reps,bodyweight,,,1,1,0,MANUAL_QA_REQUIRED
gvs_0402a87c77596ed6,gvc_4a3bc872d88b,Lyine Prone Y Raise,Lyine Prone Y Raise,,MANUAL,Back,MVP_CANDIDATE,Resistance/strength candidate,Bodyweight,inferred_bodyweight,등,source,,,unsupported,reps,bodyweight,,,1,1,0,MANUAL_QA_REQUIRED
gvs_d362a121c7cf2ad1,gvc_23b410184309,Lying 90 Degree Alternate Leg Extension,Lying 90 Degree Alternate Leg Extension,,MANUAL,Hips,MVP_CANDIDATE,Resistance/strength candidate,Bodyweight,inferred_bodyweight,하체,source,대퇴사두근,,name_high,reps,bodyweight,,,1,1,0,MANUAL_QA_REQUIRED
gvs_07d7aff3a58e76cb,gvc_e66b3279d838,Lying 90 Degrees Leg Tap Crunch,Lying 90 Degrees Leg Tap Crunch,,MANUAL,Waist,MVP_CANDIDATE,Resistance/strength candidate,Bodyweight,inferred_bodyweight,코어,source,복직근,,name_high,reps,bodyweight,reps,,1,0,1,MANUAL_QA_REQUIRED
gvs_c0f4098c2988389a,gvc_3519572fc68c,Lying Ab Hold,Lying Ab Hold,,MANUAL,Waist,MVP_CANDIDATE,Resistance/strength candidate,Bodyweight,inferred_bodyweight,코어,source,,,unsupported,duration,semantic,,,1,0,1,MANUAL_QA_REQUIRED
gvs_2070493d280f1489,gvc_07ee46508fe0,Lying Abduction Adduction,Lying Abduction Adduction,,MANUAL,Hips,MVP_CANDIDATE,Resistance/strength candidate,Bodyweight,inferred_bodyweight,하체,source,,,unsupported,reps,bodyweight,,,1,0,1,MANUAL_QA_REQUIRED
gvs_00681157f9657f7f,gvc_d4a34e54b542,Lying Air Punch,Lying Air Punch,,MANUAL,Chest,MVP_CANDIDATE,Resistance/strength candidate,Bodyweight,inferred_bodyweight,가슴,source,,,unsupported,reps,bodyweight,,,1,0,1,MANUAL_QA_REQUIRED
gvs_99f28635c44b3d69,gvc_9838b473b320,Lying Alternate Back Raise,Lying Alternate Back Raise,,MANUAL,Back,MVP_CANDIDATE,Resistance/strength candidate,Bodyweight,inferred_bodyweight,등,source,,,unsupported,reps,bodyweight,,,1,1,0,MANUAL_QA_REQUIRED
gvs_ab99543869c24b0e,gvc_4592d0fd13ce,Lying Alternate Bent Leg Circle,Lying Alternate Bent Leg Circle,,MANUAL,Hips,MVP_CANDIDATE,Resistance/strength candidate,Bodyweight,inferred_bodyweight,하체,source,,,unsupported,reps,bodyweight,,,1,0,1,MANUAL_QA_REQUIRED
gvs_f799732f48007337,gvc_ae3ff01dbd1b,Lying Alternate Bent Leg Raise,Lying Alternate Bent Leg Raise,,MANUAL,Waist,MVP_CANDIDATE,Resistance/strength candidate,Bodyweight,inferred_bodyweight,코어,source,복직근,,name_high,reps,bodyweight,reps,,1,0,1,MANUAL_QA_REQUIRED
gvs_965944ee15c9c7dc,gvc_051ca9b4f3c5,Lying Alternate Butterfly (abduction),Lying Alternate Butterfly (Abduction),,MANUAL,Hips,MVP_CANDIDATE,Resistance/strength candidate,Bodyweight,inferred_bodyweight,하체,source,,,unsupported,reps,bodyweight,,,1,1,0,MANUAL_QA_REQUIRED
gvs_40a21faa90320aac,gvc_51a3c66074f8,Lying Alternate Feet Open And Close,Lying Alternate Feet Open And Close,,MANUAL,Hips,MVP_CANDIDATE,Resistance/strength candidate,Bodyweight,inferred_bodyweight,하체,source,,,unsupported,reps,bodyweight,,,1,0,1,MANUAL_QA_REQUIRED
gvs_c2581eb17dfcb4e5,gvc_30266451c504,Lying Alternate Flutter Kick,Lying Alternate Flutter Kick,,MANUAL,Hips,MVP_CANDIDATE,Resistance/strength candidate,Bodyweight,inferred_bodyweight,하체,source,,,unsupported,reps,bodyweight,,,1,1,0,MANUAL_QA_REQUIRED
gvs_8bc0526224256944,gvc_093019826598,Lying Alternate Frog Kick,Lying Alternate Frog Kick,,MANUAL,Hips,MVP_CANDIDATE,Resistance/strength candidate,Bodyweight,inferred_bodyweight,하체,source,,,unsupported,reps,bodyweight,,,2,1,1,MANUAL_QA_REQUIRED
gvs_bb01cb6ec51c4f4c,gvc_2fc71d5d0068,Lying Alternate Hip Extension,Lying Alternate Hip Extension,,MANUAL,Hips,MVP_CANDIDATE,Resistance/strength candidate,Bodyweight,inferred_bodyweight,하체,source,,,unsupported,reps,bodyweight,,,2,1,1,MANUAL_QA_REQUIRED
gvs_04fc6a3e1f6dac6c,gvc_74f4641c2e6d,Lying Alternate Knee Flexion,Lying Alternate Knee Flexion,,MANUAL,Hips,MVP_CANDIDATE,Resistance/strength candidate,Bodyweight,inferred_bodyweight,하체,source,,,unsupported,reps,bodyweight,,,1,0,1,MANUAL_QA_REQUIRED
gvs_cfcba8445efa9af6,gvc_e6692d02de67,Lying Alternate Sole Kick,Lying Alternate Sole Kick,,MANUAL,Hips,MVP_CANDIDATE,Resistance/strength candidate,Bodyweight,inferred_bodyweight,하체,source,,,unsupported,reps,bodyweight,,,1,1,0,MANUAL_QA_REQUIRED
gvs_53a2dadf394289f7,gvc_30433446cfa6,Lying Alternate Straight Leg Circle,Lying Alternate Straight Leg Circle,,MANUAL,Hips,MVP_CANDIDATE,Resistance/strength candidate,Bodyweight,inferred_bodyweight,하체,source,,,unsupported,reps,bodyweight,,,2,1,1,MANUAL_QA_REQUIRED
gvs_47fc964bb1adc08b,gvc_ea46c54e333a,Lying Alternate Straight Leg Lift,Lying Alternate Straight Leg Lift,,MANUAL,Hips,MVP_CANDIDATE,Resistance/strength candidate,Bodyweight,inferred_bodyweight,하체,source,,,unsupported,reps,bodyweight,,,1,0,1,MANUAL_QA_REQUIRED
gvs_fd25db7a882bf334,gvc_2db6ed446568,Lying Alternate Toe Tap,Lying Alternate Toe Tap,,MANUAL,Thighs,MVP_CANDIDATE,Resistance/strength candidate,Bodyweight,inferred_bodyweight,하체,source,,,unsupported,reps,bodyweight,,,1,0,1,MANUAL_QA_REQUIRED
gvs_5d8995a87349ce92,gvc_f5ab42286d73,Lying Alternate Toe Touch,Lying Alternate Toe Touch,,MANUAL,Waist,MVP_CANDIDATE,Resistance/strength candidate,Bodyweight,inferred_bodyweight,코어,source,,,unsupported,reps,bodyweight,,,1,0,1,MANUAL_QA_REQUIRED
gvs_cb6433c7f5818fc7,gvc_4d47c4a0017f,Lying Alternate Toe Touch Floor,Lying Alternate Toe Touch Floor,,MANUAL,Hips,MVP_CANDIDATE,Resistance/strength candidate,Bodyweight,inferred_bodyweight,하체,source,,,unsupported,reps,bodyweight,,,2,1,1,MANUAL_QA_REQUIRED
gvs_ed9284f1f5309dd5,gvc_b7eebd4f046c;gvc_fc5ad79d08ef,Lying Alternate Knee Tuck | Lying Alternating Knee Tuck,Lying Alternating Knee Tuck,,MANUAL,Hips;Waist,MVP_CANDIDATE,Resistance/strength candidate,Bodyweight,inferred_bodyweight,,conflict,,,unsupported,reps,bodyweight,,BODY_SOURCE_CONFLICT,2,1,1,MANUAL_QA_REQUIRED
gvs_ce6c51b8360a04f0,gvc_3dc9a280d901;gvc_f6d6d9ae7490,Lying Alternate Leg Extension | Lying Alternating Legs Extension,Lying Alternating Legs Extension,,MANUAL,Thighs,MVP_CANDIDATE,Resistance/strength candidate,Bodyweight,inferred_bodyweight,하체,source,,,unsupported,reps,bodyweight,,,2,1,1,MANUAL_QA_REQUIRED
gvs_dd42c57db63369bd,gvc_b2e33ebe585f,Lying Anterior Pelvic Shift,Lying Anterior Pelvic Shift,,MANUAL,Hips,MVP_CANDIDATE,Resistance/strength candidate,Bodyweight,inferred_bodyweight,하체,source,,,unsupported,reps,bodyweight,,,1,0,1,MANUAL_QA_REQUIRED
gvs_76914eaaf886add4,gvc_6877d6b1bdd7,Lying Arm Crossover,Lying Arm Crossover,,MANUAL,Chest,MVP_CANDIDATE,Resistance/strength candidate,Bodyweight,inferred_bodyweight,가슴,source,,,unsupported,reps,bodyweight,,,2,1,1,MANUAL_QA_REQUIRED
gvs_54adc7646c2cd68e,gvc_f42dbd3aa609,Lying Arms Curl With Pillow,Lying Arms Curl With Pillow,,MANUAL,Upper-Arms,MVP_CANDIDATE,Resistance/strength candidate,Bodyweight,inferred_bodyweight,팔,source,,,unsupported,reps,bodyweight,,,1,0,1,MANUAL_QA_REQUIRED
gvs_157da374964bdcfe,gvc_e4df094be832,Lying Arms Forward Circle,Lying Arms Forward Circle,,MANUAL,Shoulders,MVP_CANDIDATE,Resistance/strength candidate,Bodyweight,inferred_bodyweight,어깨,source,,,unsupported,reps,bodyweight,,,1,0,1,MANUAL_QA_REQUIRED
gvs_fa2740ca79b593d0,gvc_efce3a82902b,Lying Arms Slide,Lying Arms Slide,,MANUAL,Shoulders,MVP_CANDIDATE,Resistance/strength candidate,Bodyweight,inferred_bodyweight,어깨,source,,,unsupported,reps,bodyweight,,,2,1,1,MANUAL_QA_REQUIRED
gvs_0815d507d2852eaf,gvc_09ca5f168b9c;gvc_26b1d91a9eaf,Lying Around The World | Lying Around The World (version 2),Lying Around The World,,MANUAL,Shoulders;Back,MVP_CANDIDATE,Resistance/strength candidate,Bodyweight,inferred_bodyweight,,conflict,,,unsupported,reps,bodyweight,,BODY_SOURCE_CONFLICT,4,3,1,MANUAL_QA_REQUIRED
gvs_b73ccd84dfac4a52,gvc_c29a7e1661de,Lying Back Contraction,Lying Back Contraction,,MANUAL,Back,MVP_CANDIDATE,Resistance/strength candidate,Bodyweight,inferred_bodyweight,등,source,,,unsupported,reps,bodyweight,,,1,0,1,MANUAL_QA_REQUIRED
gvs_2b17273e680e5704,gvc_3059e2bdd8b6,Lying Back Extension,Lying Back Extension,,MANUAL,Hips,MVP_CANDIDATE,Resistance/strength candidate,Bodyweight,inferred_bodyweight,하체,source,,,unsupported,reps,bodyweight,,,2,1,1,MANUAL_QA_REQUIRED
gvs_948d2c1978af18f1,gvc_0b95c3febe2a,Lying Bent Knee Figure,Lying Bent Knee Figure,,MANUAL,Hips,MVP_CANDIDATE,Resistance/strength candidate,Bodyweight,inferred_bodyweight,하체,source,,,unsupported,reps,bodyweight,,,1,1,0,MANUAL_QA_REQUIRED
gvs_a2d60eb5a8b493a1,gvc_64e989fe89df,Lying Bent Knee Raise And Extend,Lying Bent Knee Raise And Extend,,MANUAL,Waist,MVP_CANDIDATE,Resistance/strength candidate,Bodyweight,inferred_bodyweight,코어,source,복직근,,name_high,reps,bodyweight,reps,,1,0,1,MANUAL_QA_REQUIRED
gvs_abea0101a306bea9,gvc_cee1f82ff8d3,Lying Bent Knee Side Roll,Lying Bent Knee Side Roll,,MANUAL,Waist,MVP_CANDIDATE,Resistance/strength candidate,Bodyweight,inferred_bodyweight,코어,source,,,unsupported,reps,bodyweight,,,1,0,1,MANUAL_QA_REQUIRED
gvs_9ce1c72fbd5860f7,gvc_e6aa9b47d65c,Lying Bent Leg Tuck,Lying Bent Leg Tuck,,MANUAL,Waist,MVP_CANDIDATE,Resistance/strength candidate,Bodyweight,inferred_bodyweight,코어,source,,,unsupported,reps,bodyweight,,,1,0,1,MANUAL_QA_REQUIRED
gvs_3f12f61de72ed6a9,gvc_aa5d6ee63a91,Lying Bent Legs Raise,Lying Bent Legs Raise,,MANUAL,Waist,MVP_CANDIDATE,Resistance/strength candidate,Bodyweight,inferred_bodyweight,코어,source,,,unsupported,reps,bodyweight,,,1,1,0,MANUAL_QA_REQUIRED
gvs_daf7951f3b0f25af,gvc_183f2726bc7f,Lying Bicep Curl,Lying Bicep Curl,,MANUAL,Upper-Arms,MVP_CANDIDATE,Resistance/strength candidate,Bodyweight,inferred_bodyweight,팔,source,,,unsupported,reps,bodyweight,,,1,0,1,MANUAL_QA_REQUIRED
gvs_8243a29febdcd14f,gvc_64d4f17515a3,Lying Biceps Curl With Towel,Lying Biceps Curl With Towel,,MANUAL,Upper-Arms,MVP_CANDIDATE,Resistance/strength candidate,Bodyweight,inferred_bodyweight,팔,source,이두근,,name_high,reps,bodyweight,,,2,1,1,MANUAL_QA_REQUIRED
gvs_e0c4660a04b5c0c8,gvc_96f3b7a691b0,Lying Bicycle Crunch,Lying Bicycle Crunch,,MANUAL,Waist,MVP_CANDIDATE,Resistance/strength candidate,Bodyweight,inferred_bodyweight,코어,source,복직근,,name_high,reps,bodyweight,reps,,2,1,1,MANUAL_QA_REQUIRED
gvs_d34bd205248c84fd,gvc_09cd3886b8ff,Lying Butt Curl,Lying Butt Curl,,MANUAL,Hips,MVP_CANDIDATE,Resistance/strength candidate,Bodyweight,inferred_bodyweight,하체,source,,,unsupported,reps,bodyweight,,,1,0,1,MANUAL_QA_REQUIRED
gvs_aeb8a2bae33fd9c8,gvc_6d51536e7389,Lying Butterfly (abduction),Lying Butterfly (Abduction),,MANUAL,Hips,MVP_CANDIDATE,Resistance/strength candidate,Bodyweight,inferred_bodyweight,하체,source,,,unsupported,reps,bodyweight,,,1,1,0,MANUAL_QA_REQUIRED
gvs_0b1dae41a3176ed1,gvc_3ba0a2ba2aca,Lying Butterfly Crunch,Lying Butterfly Crunch,,MANUAL,Waist,MVP_CANDIDATE,Resistance/strength candidate,Bodyweight,inferred_bodyweight,코어,source,복직근,,name_high,reps,bodyweight,reps,,1,0,1,MANUAL_QA_REQUIRED
gvs_17770eb225104630,gvc_baa8f43a15a7,Lying Butterfly Leg Raise,Lying Butterfly Leg Raise,,MANUAL,Hips,MVP_CANDIDATE,Resistance/strength candidate,Bodyweight,inferred_bodyweight,하체,source,복직근,,name_high,reps,bodyweight,reps,BODY_MUSCLE_FAMILY_CONFLICT,1,0,1,MANUAL_QA_REQUIRED
gvs_d83cade94dcf5a7d,gvc_7558e3e520e5,Lying Criss Cross Legs,Lying Criss Cross Legs,,MANUAL,Hips,MVP_CANDIDATE,Resistance/strength candidate,Bodyweight,inferred_bodyweight,하체,source,,,unsupported,reps,bodyweight,,,1,1,0,MANUAL_QA_REQUIRED
gvs_8c696d707fba9b16,gvc_a85532b318ae,Lying Cross Ankle Tap,Lying Cross Ankle Tap,,MANUAL,Waist,MVP_CANDIDATE,Resistance/strength candidate,Bodyweight,inferred_bodyweight,코어,source,,,unsupported,reps,bodyweight,,,1,0,1,MANUAL_QA_REQUIRED
gvs_c5bde27ffb74093f,gvc_cd9960187e70,Lying Crossed Legs Pelvic Twist,Lying Crossed Legs Pelvic Twist,,MANUAL,Hips,MVP_CANDIDATE,Resistance/strength candidate,Bodyweight,inferred_bodyweight,하체,source,,,unsupported,reps,bodyweight,,,1,0,1,MANUAL_QA_REQUIRED
gvs_b01cfb2c9d9ec66a,gvc_6cedf1ed001c,Lying Crossed Legs Twist,Lying Crossed Legs Twist,,MANUAL,Waist,MVP_CANDIDATE,Resistance/strength candidate,Bodyweight,inferred_bodyweight,코어,source,,,unsupported,reps,bodyweight,,,1,0,1,MANUAL_QA_REQUIRED
gvs_99574b27eae5b05f,gvc_d9380c420e58,Lying Crunch (straight Legs),Lying Crunch (Straight Legs),,MANUAL,Waist,MVP_CANDIDATE,Resistance/strength candidate,Bodyweight,inferred_bodyweight,코어,source,복직근,,name_high,reps,bodyweight,reps,,2,1,1,MANUAL_QA_REQUIRED
gvs_1914fc0d0c8d0241,gvc_9c0675c57653,Lying Crunch Through Legs Abduction,Lying Crunch Through Legs Abduction,,MANUAL,Waist,MVP_CANDIDATE,Resistance/strength candidate,Bodyweight,inferred_bodyweight,코어,source,복직근,,name_high,reps,bodyweight,reps,,1,1,0,MANUAL_QA_REQUIRED
gvs_c6e770e917bc067d,gvc_0b8c8bdedf92,Lying Cycle,Lying Cycle,,MANUAL,Waist,MVP_CANDIDATE,Resistance/strength candidate,Bodyweight,inferred_bodyweight,코어,source,,,unsupported,reps,bodyweight,distance_duration,,1,1,0,MANUAL_QA_REQUIRED
gvs_164bf898af2301e2,gvc_80db0258d62a,Lying Cycle Punches,Lying Cycle Punches,,MANUAL,Waist,MVP_CANDIDATE,Resistance/strength candidate,Bodyweight,inferred_bodyweight,코어,source,,,unsupported,reps,bodyweight,distance_duration,,1,1,0,MANUAL_QA_REQUIRED
gvs_9eca4d3ee91700f8,gvc_001ff68635ed,Lying Double Glute Lift,Lying Double Glute Lift,,MANUAL,Hips,MVP_CANDIDATE,Resistance/strength candidate,Bodyweight,inferred_bodyweight,하체,source,,,unsupported,reps,bodyweight,,,1,0,1,MANUAL_QA_REQUIRED
gvs_49e889eabc7eb908,gvc_bc0a80a5cd3b,Lying Double Glute Lift Heel Tap,Lying Double Glute Lift Heel Tap,,MANUAL,Hips,MVP_CANDIDATE,Resistance/strength candidate,Bodyweight,inferred_bodyweight,하체,source,,,unsupported,reps,bodyweight,,,1,0,1,MANUAL_QA_REQUIRED
gvs_0f1f4e18952e6542,gvc_e46d17cf8b91,Lying Double Legs Biceps Curl With Towel,Lying Double Legs Biceps Curl With Towel,,MANUAL,Upper-Arms,MVP_CANDIDATE,Resistance/strength candidate,Bodyweight,inferred_bodyweight,팔,source,이두근,,name_high,reps,bodyweight,,,1,1,0,MANUAL_QA_REQUIRED
gvs_eff2c90b81481083,gvc_249ae3845754,Lying Double Legs Hammer Curl With Towel,Lying Double Legs Hammer Curl With Towel,,MANUAL,Upper-Arms,MVP_CANDIDATE,Resistance/strength candidate,Bodyweight,inferred_bodyweight,팔,source,이두근,,name_high,reps,bodyweight,,,1,1,0,MANUAL_QA_REQUIRED
gvs_a3b13e5911bbbac1,gvc_bbe43f9f61e0,Lying Elbow Swipes,Lying Elbow Swipes,,MANUAL,Back,MVP_CANDIDATE,Resistance/strength candidate,Bodyweight,inferred_bodyweight,등,source,,,unsupported,reps,bodyweight,,,1,0,1,MANUAL_QA_REQUIRED
gvs_49bfd88f4c0312cf,gvc_32e3b0b004a7,Lying Elbow To Knee,Lying Elbow To Knee,,MANUAL,Waist,MVP_CANDIDATE,Resistance/strength candidate,Bodyweight,inferred_bodyweight,코어,source,,,unsupported,reps,bodyweight,,,2,1,1,MANUAL_QA_REQUIRED
gvs_b59f6d11882acc65,gvc_279bfe84b80d,Lying Elbow Touch,Lying Elbow Touch,,MANUAL,Chest,MVP_CANDIDATE,Resistance/strength candidate,Bodyweight,inferred_bodyweight,가슴,source,,,unsupported,reps,bodyweight,,,1,0,1,MANUAL_QA_REQUIRED
gvs_ba7de8cccd91ddae,gvc_b4de1738cb7b,Lying Flat Hip Raise,Lying Flat Hip Raise,,MANUAL,Waist,MVP_CANDIDATE,Resistance/strength candidate,Bodyweight,inferred_bodyweight,코어,source,,,unsupported,reps,bodyweight,,,2,1,1,MANUAL_QA_REQUIRED
gvs_795ee4d69938e980,gvc_a65b11aaf5c2,Lying Floor 6 Inch Hold,Lying Floor 6 Inch Hold,,MANUAL,Waist,MVP_CANDIDATE,Resistance/strength candidate,Bodyweight,inferred_bodyweight,코어,source,,,unsupported,duration,semantic,,,1,1,0,MANUAL_QA_REQUIRED
gvs_eded5f177695cf97,gvc_94356115c1c8,Lying Floor Abduction Adduction,Lying Floor Abduction Adduction,,MANUAL,Hips,MVP_CANDIDATE,Resistance/strength candidate,Bodyweight,inferred_bodyweight,하체,source,,,unsupported,reps,bodyweight,,,1,0,1,MANUAL_QA_REQUIRED
gvs_afb1873586580c55,gvc_0fa89edf4826,Lying Floor Fly,Lying Floor Fly,,MANUAL,Chest,MVP_CANDIDATE,Resistance/strength candidate,Bodyweight,inferred_bodyweight,가슴,source,,,unsupported,reps,bodyweight,,,2,1,1,MANUAL_QA_REQUIRED
gvs_fd00ccacaf24e9be,gvc_4dd9b7dcfad6,Lying Floor Horizontal Flutter Kick,Lying Floor Horizontal Flutter Kick,,MANUAL,Hips,MVP_CANDIDATE,Resistance/strength candidate,Bodyweight,inferred_bodyweight,하체,source,,,unsupported,reps,bodyweight,,,1,0,1,MANUAL_QA_REQUIRED
gvs_cd21ef4419208f6a,gvc_9206c81e4e58,Lying Floor Hyperextension,Lying Floor Hyperextension,,MANUAL,Hips,MVP_CANDIDATE,Resistance/strength candidate,Bodyweight,inferred_bodyweight,하체,source,,,unsupported,reps,bodyweight,,,1,1,0,MANUAL_QA_REQUIRED
gvs_603f959aaebd13ec,gvc_1d1f42e630ca,Lying Floor Hyperextension With Towel,Lying Floor Hyperextension With Towel,,MANUAL,Hips,MVP_CANDIDATE,Resistance/strength candidate,Bodyweight,inferred_bodyweight,하체,source,,,unsupported,reps,bodyweight,,,1,1,0,MANUAL_QA_REQUIRED
gvs_6cf78efc0d46bf16,gvc_9cd596c88e7c,Lying Floor Negative Dragon Flag,Lying Floor Negative Dragon Flag,,MANUAL,Waist,MVP_CANDIDATE,Resistance/strength candidate,Bodyweight,inferred_bodyweight,코어,source,,,unsupported,reps,bodyweight,,,1,1,0,MANUAL_QA_REQUIRED
gvs_d0b5d47557e76c95,gvc_326161cfa51d,Lying Floor Negative Half Dragon Flag,Lying Floor Negative Half Dragon Flag,,MANUAL,Waist,MVP_CANDIDATE,Resistance/strength candidate,Bodyweight,inferred_bodyweight,코어,source,,,unsupported,reps,bodyweight,,,1,1,0,MANUAL_QA_REQUIRED
gvs_34f5108d82cb69c9,gvc_a2fe0618e6fa,Lying Floor Quarter Twisting Crunch,Lying Floor Quarter Twisting Crunch,,MANUAL,Waist,MVP_CANDIDATE,Resistance/strength candidate,Bodyweight,inferred_bodyweight,코어,source,복직근,,name_high,reps,bodyweight,reps,,1,0,1,MANUAL_QA_REQUIRED
gvs_85c944a86ab039aa,gvc_6ce6f7651a60,Lying Floor Row Hold With Bent Knee,Lying Floor Row Hold With Bent Knee,,MANUAL,Back,MVP_CANDIDATE,Resistance/strength candidate,Bodyweight,inferred_bodyweight,등,source,등 상부 / 광배근,이두근,name_high,duration,semantic,,,1,1,0,MANUAL_QA_REQUIRED
gvs_5f5a7b0817dabda2,gvc_289efb11b9f9,Lying Floor Row With Bent Knee,Lying Floor Row With Bent Knee,,MANUAL,Back,MVP_CANDIDATE,Resistance/strength candidate,Bodyweight,inferred_bodyweight,등,source,등 상부 / 광배근,이두근,name_high,reps,bodyweight,,,2,1,1,MANUAL_QA_REQUIRED
gvs_35abb7786da8a16e,gvc_517681d2bd95,Lying Floor Single Leg Negative Dragon Flag,Lying Floor Single Leg Negative Dragon Flag,,MANUAL,Waist,MVP_CANDIDATE,Resistance/strength candidate,Bodyweight,inferred_bodyweight,코어,source,,,unsupported,reps,bodyweight,,,1,1,0,MANUAL_QA_REQUIRED
gvs_cd6b3dfa6940639c,gvc_4c1372965ab9,Lying Floor Slide,Lying Floor Slide,,MANUAL,Back,MVP_CANDIDATE,Resistance/strength candidate,Bodyweight,inferred_bodyweight,등,source,,,unsupported,reps,bodyweight,,,1,1,0,MANUAL_QA_REQUIRED
gvs_5f64bc2c9130810e,gvc_d58999e3ae5e,Lying Frog Crunch,Lying Frog Crunch,,MANUAL,Hips,MVP_CANDIDATE,Resistance/strength candidate,Bodyweight,inferred_bodyweight,하체,source,복직근,,name_high,reps,bodyweight,reps,BODY_MUSCLE_FAMILY_CONFLICT,1,0,1,MANUAL_QA_REQUIRED
gvs_abc8f8381007d7c2,gvc_0e392d03e988,Lying Frog Crunch Feet Together,Lying Frog Crunch Feet Together,,MANUAL,Waist,MVP_CANDIDATE,Resistance/strength candidate,Bodyweight,inferred_bodyweight,코어,source,복직근,,name_high,reps,bodyweight,reps,,2,1,1,MANUAL_QA_REQUIRED
gvs_93fc45ca6d275630,gvc_7d5ddb635b6f,Lying Frog Kick,Lying Frog Kick,,MANUAL,Hips,MVP_CANDIDATE,Resistance/strength candidate,Bodyweight,inferred_bodyweight,하체,source,,,unsupported,reps,bodyweight,,,2,1,1,MANUAL_QA_REQUIRED
gvs_95e4df2abcc01e88,gvc_63076b568a7c,Lying Frog Pulse,Lying Frog Pulse,,MANUAL,Hips,MVP_CANDIDATE,Resistance/strength candidate,Bodyweight,inferred_bodyweight,하체,source,,,unsupported,reps,bodyweight,,,1,0,1,MANUAL_QA_REQUIRED
gvs_e6f3add51dd43fd5,gvc_479fe48cda42,Lying Frog Push,Lying Frog Push,,MANUAL,Hips,MVP_CANDIDATE,Resistance/strength candidate,Bodyweight,inferred_bodyweight,하체,source,,,unsupported,reps,bodyweight,,,1,0,1,MANUAL_QA_REQUIRED
gvs_140e2cc8e4d634fe,gvc_c1da54c620e2,Lying Front Raise,Lying Front Raise,라잉 프론트 레이즈,AUTO_PHRASE_DRAFT,Shoulders,MVP_CANDIDATE,Resistance/strength candidate,Bodyweight,inferred_bodyweight,어깨,source,전면 삼각근,,name_high,reps,bodyweight,,,1,1,0,AUTO_DRAFT_COMPLETE
gvs_4fce05a3cfb62e93,gvc_25fff56a41e6,Lying Full Leg Raise,Lying Full Leg Raise,,MANUAL,Hips,MVP_CANDIDATE,Resistance/strength candidate,Bodyweight,inferred_bodyweight,하체,source,복직근,,name_high,reps,bodyweight,reps,BODY_MUSCLE_FAMILY_CONFLICT,1,0,1,MANUAL_QA_REQUIRED
gvs_c770c5bef8e4fedc,gvc_58054854417a,Lying Half Butterfly Raise,Lying Half Butterfly Raise,,MANUAL,Hips,MVP_CANDIDATE,Resistance/strength candidate,Bodyweight,inferred_bodyweight,하체,source,,,unsupported,reps,bodyweight,,,1,0,1,MANUAL_QA_REQUIRED
gvs_2a9563dfeed002c7,gvc_d9fccf0d6037,Lying Hands On Side Upper Body Raise,Lying Hands On Side Upper Body Raise,,MANUAL,Hips,MVP_CANDIDATE,Resistance/strength candidate,Bodyweight,inferred_bodyweight,하체,source,,,unsupported,reps,bodyweight,,,1,0,1,MANUAL_QA_REQUIRED
gvs_aa5191ff1c02188f,gvc_d15a1e7da897,Lying Heel To Heel Dragback,Lying Heel To Heel Dragback,,MANUAL,Hips,MVP_CANDIDATE,Resistance/strength candidate,Bodyweight,inferred_bodyweight,하체,source,,,unsupported,reps,bodyweight,,,1,0,1,MANUAL_QA_REQUIRED
gvs_1bf3d72a336509e4,gvc_4911ccb5b8ca,Lying High Criss Cross Legs,Lying High Criss Cross Legs,,MANUAL,Hips,MVP_CANDIDATE,Resistance/strength candidate,Bodyweight,inferred_bodyweight,하체,source,,,unsupported,reps,bodyweight,,,1,0,1,MANUAL_QA_REQUIRED
gvs_b620a97e259a30c8,gvc_7860f77850a3,Lying Hip Abduction Knee Bent,Lying Hip Abduction Knee Bent,,MANUAL,Hips,MVP_CANDIDATE,Resistance/strength candidate,Bodyweight,inferred_bodyweight,하체,source,중둔근,,name_high,reps,bodyweight,,,1,0,1,MANUAL_QA_REQUIRED
gvs_bec4cbaddac06131,gvc_428ab145ef67,Lying Hip Adduction,Lying Hip Adduction,라잉 힙 어덕션,AUTO_PHRASE_DRAFT,Hips,MVP_CANDIDATE,Resistance/strength candidate,Bodyweight,inferred_bodyweight,하체,source,내전근,,name_high,reps,bodyweight,,,2,1,1,AUTO_DRAFT_COMPLETE
gvs_38b1cb12e0808d58,gvc_9847006e79fa,Lying Hip Circle,Lying Hip Circle,,MANUAL,Hips,MVP_CANDIDATE,Resistance/strength candidate,Bodyweight,inferred_bodyweight,하체,source,,,unsupported,reps,bodyweight,,,1,1,0,MANUAL_QA_REQUIRED
gvs_c0bdc9df4723f3c7,gvc_6db8a011884f,Lying Hip Flexion With Knee Bent,Lying Hip Flexion With Knee Bent,,MANUAL,Hips,MVP_CANDIDATE,Resistance/strength candidate,Bodyweight,inferred_bodyweight,하체,source,,,unsupported,reps,bodyweight,,,1,0,1,MANUAL_QA_REQUIRED
gvs_0f82f8c1ecfb8cc1,gvc_540aba210f70,Lying Hip Knee Raise,Lying Hip Knee Raise,,MANUAL,Waist,MVP_CANDIDATE,Resistance/strength candidate,Bodyweight,inferred_bodyweight,코어,source,복직근,,name_high,reps,bodyweight,reps,,1,1,0,MANUAL_QA_REQUIRED
gvs_9831c36f4c357b17,gvc_414dbc27d6d8,Lying Hip Lift (on Stability Ball),Lying Hip Lift (On Stability Ball),,MANUAL,Hips,MVP_CANDIDATE,Resistance/strength candidate,Stability Ball,source,하체,source,,,unsupported,,review,,,2,1,1,MANUAL_QA_REQUIRED
gvs_2fff3aee5f279564,gvc_7c289d1c6247,Lying Hip Rotation,Lying Hip Rotation,,MANUAL,Hips,MVP_CANDIDATE,Resistance/strength candidate,Bodyweight,inferred_bodyweight,하체,source,,,unsupported,reps,bodyweight,,,1,0,1,MANUAL_QA_REQUIRED
gvs_434647948b256062,gvc_e3cb4f69a8c6,Lying Hip Straight Leg Raise,Lying Hip Straight Leg Raise,,MANUAL,Hips,MVP_CANDIDATE,Resistance/strength candidate,Bodyweight,inferred_bodyweight,하체,source,복직근,,name_high,reps,bodyweight,reps,BODY_MUSCLE_FAMILY_CONFLICT,1,0,1,MANUAL_QA_REQUIRED
gvs_7883528e0b85b9d8,gvc_8a2a12a27a5a,Lying Hover Leg Clap (abduction),Lying Hover Leg Clap (Abduction),,MANUAL,Hips,MVP_CANDIDATE,Resistance/strength candidate,Bodyweight,inferred_bodyweight,하체,source,,,unsupported,reps,bodyweight,,,1,1,0,MANUAL_QA_REQUIRED
gvs_4bdea9a3001fe33b,gvc_0a06681bb180,Lying Hyperextension Hold,Lying Hyperextension Hold,,MANUAL,Hips,MVP_CANDIDATE,Resistance/strength candidate,Bodyweight,inferred_bodyweight,하체,source,,,unsupported,duration,semantic,,,2,1,1,MANUAL_QA_REQUIRED
gvs_ee6ac96e7d7ad0e0,gvc_3bdba68be37c,Lying Knee Hugs Circle,Lying Knee Hugs Circle,,MANUAL,Hips,MVP_CANDIDATE,Resistance/strength candidate,Bodyweight,inferred_bodyweight,하체,source,,,unsupported,reps,bodyweight,,,1,0,1,MANUAL_QA_REQUIRED
gvs_dc73f5cdfada8de9,gvc_d37a900123c8,Lying Knee Raise,Lying Knee Raise,라잉 니 레이즈,AUTO_PHRASE_DRAFT,Waist,MVP_CANDIDATE,Resistance/strength candidate,Bodyweight,inferred_bodyweight,코어,source,복직근,,name_high,reps,bodyweight,reps,,1,1,0,AUTO_DRAFT_COMPLETE
gvs_a02341ea9ff5cca0,gvc_b53f9029ea8b,Lying Knee Tuck,Lying Knee Tuck,,MANUAL,Waist,MVP_CANDIDATE,Resistance/strength candidate,Bodyweight,inferred_bodyweight,코어,source,,,unsupported,reps,bodyweight,,,1,1,0,MANUAL_QA_REQUIRED
gvs_0f48d71779e229a7,gvc_6033396f27a9,Lying Lat Pulldown,Lying Lat Pulldown,라잉 랫 풀다운,AUTO_PHRASE_DRAFT,Back,MVP_CANDIDATE,Resistance/strength candidate,Bodyweight,inferred_bodyweight,등,source,광배근,이두근 / 승모근,name_high,reps,bodyweight,,,1,1,0,AUTO_DRAFT_COMPLETE
gvs_9603b8c807293c5e,gvc_ff3e59512592,Lying Lat Row,Lying Lat Row,,MANUAL,Back,MVP_CANDIDATE,Resistance/strength candidate,Bodyweight,inferred_bodyweight,등,source,등 상부 / 광배근,이두근,name_high,reps,bodyweight,,,1,0,1,MANUAL_QA_REQUIRED
gvs_5d2030d0218e9822,gvc_dd18994bc109,Lying Leg Abduction,Lying Leg Abduction,,MANUAL,Hips,MVP_CANDIDATE,Resistance/strength candidate,Bodyweight,inferred_bodyweight,하체,source,,,unsupported,reps,bodyweight,,,2,1,1,MANUAL_QA_REQUIRED
gvs_f9b6019b93645033,gvc_263fbe20c21e,Lying Leg Circle Hip Raise,Lying Leg Circle Hip Raise,,MANUAL,Waist,MVP_CANDIDATE,Resistance/strength candidate,Bodyweight,inferred_bodyweight,코어,source,,,unsupported,reps,bodyweight,,,1,1,0,MANUAL_QA_REQUIRED
gvs_ba6dedbf9a234437,gvc_9b647f870cd7,Lying Leg Cross,Lying Leg Cross,,MANUAL,Waist,MVP_CANDIDATE,Resistance/strength candidate,Bodyweight,inferred_bodyweight,코어,source,,,unsupported,reps,bodyweight,,,1,1,0,MANUAL_QA_REQUIRED
gvs_f14d082ba47de62b,gvc_0abebbb09b59,Lying Leg Crossover,Lying Leg Crossover,,MANUAL,Hips,MVP_CANDIDATE,Resistance/strength candidate,Bodyweight,inferred_bodyweight,하체,source,,,unsupported,reps,bodyweight,,,1,0,1,MANUAL_QA_REQUIRED
gvs_a475c0990f5da185,gvc_009a979f597a,Lying Leg Extension,Lying Leg Extension,라잉 레그 익스텐션,AUTO_PHRASE_DRAFT,Waist,MVP_CANDIDATE,Resistance/strength candidate,Bodyweight,inferred_bodyweight,코어,source,대퇴사두근,,name_high,reps,bodyweight,,BODY_MUSCLE_FAMILY_CONFLICT,1,0,1,MANUAL_QA_REQUIRED
gvs_decd1d8ea2e94f7c,gvc_e91dcd20e26e,Lying Leg Hip Raise,Lying Leg Hip Raise,,MANUAL,Waist,MVP_CANDIDATE,Resistance/strength candidate,Bodyweight,inferred_bodyweight,코어,source,,,unsupported,reps,bodyweight,,,2,1,1,MANUAL_QA_REQUIRED
gvs_e0bc831caeabd84c,gvc_bc5a316d1a6b;gvc_e776e2c28aea,Lying Leg Hip Raise On Floor | Lying Leg Hip Raise On Floor (version 2),Lying Leg Hip Raise On Floor,,MANUAL,Waist,MVP_CANDIDATE,Resistance/strength candidate,Bodyweight,inferred_bodyweight,코어,source,,,unsupported,reps,bodyweight,,,2,2,0,MANUAL_QA_REQUIRED
gvs_8c5324f33061fcdb,gvc_f5c39f35f2ed,Lying Leg Lift,Lying Leg Lift,,MANUAL,Waist,MVP_CANDIDATE,Resistance/strength candidate,Bodyweight,inferred_bodyweight,코어,source,,,unsupported,reps,bodyweight,,,1,1,0,MANUAL_QA_REQUIRED
gvs_62c96d8cb4cb3aae,gvc_c034afa55a6e,Lying Leg Raise,Lying Leg Raise,라잉 레그 레이즈,AUTO_PHRASE_DRAFT,Hips;Waist,MVP_CANDIDATE,Resistance/strength candidate,Bodyweight,inferred_bodyweight,,conflict,복직근,,name_high,reps,bodyweight,reps,BODY_SOURCE_CONFLICT,3,1,2,MANUAL_QA_REQUIRED
gvs_1d4761b368e4dcdb,gvc_94a1cab37d6d,Lying Leg Raise (modified),Lying Leg Raise (Modified),,MANUAL,Hips,MVP_CANDIDATE,Resistance/strength candidate,Bodyweight,inferred_bodyweight,하체,source,복직근,,name_high,reps,bodyweight,reps,BODY_MUSCLE_FAMILY_CONFLICT,1,1,0,MANUAL_QA_REQUIRED
gvs_6abdefc98b9a794d,gvc_6a2b61f55265,Lying Leg Raise And Hold,Lying Leg Raise And Hold,,MANUAL,Hips,MVP_CANDIDATE,Resistance/strength candidate,Bodyweight,inferred_bodyweight,하체,source,복직근,,name_high,duration,semantic,reps,BODY_MUSCLE_FAMILY_CONFLICT,2,1,1,MANUAL_QA_REQUIRED
gvs_c00be5403ea9318a,gvc_432fa98bf2ab,Lying Leg Raise Flat Bench,Lying Leg Raise Flat Bench,,MANUAL,Waist,MVP_CANDIDATE,Resistance/strength candidate,Bodyweight,inferred_bodyweight,코어,source,복직근,,name_high,reps,bodyweight,reps,,1,1,0,MANUAL_QA_REQUIRED
gvs_fa772470116460ce,gvc_0fef3cc08077,Lying Leg Raise To Side,Lying Leg Raise To Side,,MANUAL,Waist,MVP_CANDIDATE,Resistance/strength candidate,Bodyweight,inferred_bodyweight,코어,source,복직근,,name_high,reps,bodyweight,reps,,1,0,1,MANUAL_QA_REQUIRED
gvs_02de5cb991741ce1,gvc_90427e1a72da,Lying Legs Extension Abduction,Lying Legs Extension Abduction,,MANUAL,Hips,MVP_CANDIDATE,Resistance/strength candidate,Bodyweight,inferred_bodyweight,하체,source,,,unsupported,reps,bodyweight,,,1,0,1,MANUAL_QA_REQUIRED
gvs_4742e376139c3f14,gvc_edd533e3cd3d,Lying Legs Extension Toes Flexion,Lying Legs Extension Toes Flexion,,MANUAL,Thighs,MVP_CANDIDATE,Resistance/strength candidate,Bodyweight,inferred_bodyweight,하체,source,,,unsupported,reps,bodyweight,,,1,0,1,MANUAL_QA_REQUIRED
gvs_eaf4bb091ee56f41,gvc_990f2027738d,Lying Legs Triangle Drop,Lying Legs Triangle Drop,,MANUAL,Hips,MVP_CANDIDATE,Resistance/strength candidate,Bodyweight,inferred_bodyweight,하체,source,,,unsupported,reps,bodyweight,,,1,1,0,MANUAL_QA_REQUIRED
gvs_24ffc6c1d515ccad,gvc_e3840d08bcff,Lying Obliques Crunch (version 2),Lying Obliques Crunch,,MANUAL,Waist,MVP_CANDIDATE,Resistance/strength candidate,Bodyweight,inferred_bodyweight,코어,source,복직근,,name_high,reps,bodyweight,reps,,1,1,0,MANUAL_QA_REQUIRED
gvs_08d4c1c9a826ddc1,gvc_f6239f7eff8a,Lying Obliques Scissors,Lying Obliques Scissors,,MANUAL,Hips,MVP_CANDIDATE,Resistance/strength candidate,Bodyweight,inferred_bodyweight,하체,source,,,unsupported,reps,bodyweight,,,1,1,0,MANUAL_QA_REQUIRED
gvs_7d4b922f043863d7,gvc_b0df7ab0089b,Lying Overhead Arm Extension,Lying Overhead Arm Extension,,MANUAL,Upper-Arms,MVP_CANDIDATE,Resistance/strength candidate,Bodyweight,inferred_bodyweight,팔,source,,,unsupported,reps,bodyweight,,,1,0,1,MANUAL_QA_REQUIRED
gvs_ed3a86cab41fc9e0,gvc_e24eea00c344,Lying Prone A,Lying Prone A,,MANUAL,Back,MVP_CANDIDATE,Resistance/strength candidate,Bodyweight,inferred_bodyweight,등,source,,,unsupported,reps,bodyweight,,,1,1,0,MANUAL_QA_REQUIRED
gvs_2c7300f9b0deefc9,gvc_e24ef500c344,Lying Prone T,Lying Prone T,,MANUAL,Back,MVP_CANDIDATE,Resistance/strength candidate,Bodyweight,inferred_bodyweight,등,source,,,unsupported,reps,bodyweight,,,1,1,0,MANUAL_QA_REQUIRED
gvs_9e4365c7f9209ebf,gvc_e0e9189d80bd,Lying Prone V Lift,Lying Prone V Lift,,MANUAL,Back,MVP_CANDIDATE,Resistance/strength candidate,Bodyweight,inferred_bodyweight,등,source,,,unsupported,reps,bodyweight,,,1,1,0,MANUAL_QA_REQUIRED
gvs_da71945aff85cb4c,gvc_e24ef800c344,Lying Prone W,Lying Prone W,,MANUAL,Back,MVP_CANDIDATE,Resistance/strength candidate,Bodyweight,inferred_bodyweight,등,source,,,unsupported,reps,bodyweight,,,2,1,1,MANUAL_QA_REQUIRED
gvs_c63828a17ceb5aed,gvc_9bef32fd7f3b,Lying Prone W To T,Lying Prone W To T,,MANUAL,Back,MVP_CANDIDATE,Resistance/strength candidate,Bodyweight,inferred_bodyweight,등,source,,,unsupported,reps,bodyweight,,,1,1,0,MANUAL_QA_REQUIRED
gvs_74a2a156569e2930,gvc_9bef37fd7f3b,Lying Prone W To Y,Lying Prone W To Y,,MANUAL,Back,MVP_CANDIDATE,Resistance/strength candidate,Bodyweight,inferred_bodyweight,등,source,,,unsupported,reps,bodyweight,,,1,1,0,MANUAL_QA_REQUIRED
gvs_2fa746c22046ed4c,gvc_7e6ff203da6d,Lying Prone Y Raise,Lying Prone Y Raise,,MANUAL,Back,MVP_CANDIDATE,Resistance/strength candidate,Bodyweight,inferred_bodyweight,등,source,,,unsupported,reps,bodyweight,,,1,1,0,MANUAL_QA_REQUIRED
gvs_2344768b73f89ee3,gvc_dbdfb54012c8,Lying Prone Y To T To W,Lying Prone Y To T To W,,MANUAL,Back,MVP_CANDIDATE,Resistance/strength candidate,Bodyweight,inferred_bodyweight,등,source,,,unsupported,reps,bodyweight,,,1,1,0,MANUAL_QA_REQUIRED
gvs_b98adf3dea4f2409,gvc_fafe9c4583d3,Lying Punches,Lying Punches,,MANUAL,Chest,MVP_CANDIDATE,Resistance/strength candidate,Bodyweight,inferred_bodyweight,가슴,source,,,unsupported,reps,bodyweight,,,1,1,0,MANUAL_QA_REQUIRED
gvs_336addc84f84381e,gvc_891ac585e656,Lying Quarter Hip Raise,Lying Quarter Hip Raise,,MANUAL,Waist,MVP_CANDIDATE,Resistance/strength candidate,Bodyweight,inferred_bodyweight,코어,source,,,unsupported,reps,bodyweight,,,1,0,1,MANUAL_QA_REQUIRED
gvs_8ac3aba7659e1727,gvc_78a6c1464b43,Lying Raised Heel Tap,Lying Raised Heel Tap,,MANUAL,Hips,MVP_CANDIDATE,Resistance/strength candidate,Bodyweight,inferred_bodyweight,하체,source,,,unsupported,reps,bodyweight,,,1,0,1,MANUAL_QA_REQUIRED
gvs_610896c1e856f441,gvc_767d9be460e9;gvc_8e141a3f0151,Lying Raised Shoulders Windshield Wiper | Lying Raised Shoulders Windshield Wiper W,Lying Raised Shoulders Windshield Wiper,,MANUAL,Waist,MVP_CANDIDATE,Resistance/strength candidate,Bodyweight,inferred_bodyweight,코어,source,,,unsupported,reps,bodyweight,,,2,1,1,MANUAL_QA_REQUIRED
gvs_2e3f01506039276a,gvc_ec14bc47d0b1,Lying Rear Lateral Raise,Lying Rear Lateral Raise,라잉 리어 레터럴 레이즈,AUTO_PHRASE_DRAFT,Shoulders,MVP_CANDIDATE,Resistance/strength candidate,Bodyweight,inferred_bodyweight,어깨,source,후면 삼각근,,name_high,reps,bodyweight,,,1,1,0,AUTO_DRAFT_COMPLETE
gvs_e0958092f2f02a78,gvc_bb75dc659740,Lying Reverse Abdominal Press,Lying Reverse Abdominal Press,,MANUAL,Waist,MVP_CANDIDATE,Resistance/strength candidate,Bodyweight,inferred_bodyweight,코어,source,,,unsupported,reps,bodyweight,,,1,0,1,MANUAL_QA_REQUIRED
gvs_ed9fbb23ffd3709b,gvc_6c4e810569dd,Lying Reverse Frog Crunch,Lying Reverse Frog Crunch,,MANUAL,Hips,MVP_CANDIDATE,Resistance/strength candidate,Bodyweight,inferred_bodyweight,하체,source,복직근,,name_high,reps,bodyweight,reps,BODY_MUSCLE_FAMILY_CONFLICT,1,0,1,MANUAL_QA_REQUIRED
gvs_eae0bdba71704fc8,gvc_13a83adbe019,Lying Reverse Leg Extension,Lying Reverse Leg Extension,라잉 리버스 레그 익스텐션,AUTO_PHRASE_DRAFT,Thighs,MVP_CANDIDATE,Resistance/strength candidate,Bodyweight,inferred_bodyweight,하체,source,대퇴사두근,,name_high,reps,bodyweight,,,1,1,0,AUTO_DRAFT_COMPLETE
gvs_eafdf65765b01327,gvc_4dae18f270b1,Lying Reverse Push Up,Lying Reverse Push Up,라잉 리버스 푸시업,AUTO_PHRASE_DRAFT,Back,MVP_CANDIDATE,Resistance/strength candidate,Bodyweight,inferred_bodyweight,등,source,,,unsupported,reps,bodyweight,reps,,1,1,0,AUTO_DRAFT_COMPLETE
gvs_e325c94f72d719b7,gvc_0583673bce47,Lying Rotator Cuff Rotation,Lying Rotator Cuff Rotation,,MANUAL,Back,MVP_CANDIDATE,Resistance/strength candidate,Bodyweight,inferred_bodyweight,등,source,,,unsupported,reps,bodyweight,,,1,0,1,MANUAL_QA_REQUIRED
gvs_50b3b00081c283f6,gvc_799afdd4c4e0,Lying Russian Twist,Lying Russian Twist,라잉 러시안 트위스트,AUTO_PHRASE_DRAFT,Waist,MVP_CANDIDATE,Resistance/strength candidate,Bodyweight,inferred_bodyweight,코어,source,복사근,코어,name_high,reps,bodyweight,,,1,0,1,AUTO_DRAFT_COMPLETE
gvs_8c9f115020215032,gvc_39558819b7f1,Lying Scissor Crunch,Lying Scissor Crunch,,MANUAL,Waist,MVP_CANDIDATE,Resistance/strength candidate,Bodyweight,inferred_bodyweight,코어,source,복직근,,name_high,reps,bodyweight,reps,,1,0,1,MANUAL_QA_REQUIRED
gvs_fd00ae74668f39c2,gvc_b0b5e9193ea4,Lying Scissor Kick,Lying Scissor Kick,,MANUAL,Hips,MVP_CANDIDATE,Resistance/strength candidate,Bodyweight,inferred_bodyweight,하체,source,,,unsupported,reps,bodyweight,,,1,0,1,MANUAL_QA_REQUIRED
gvs_419b3351f7338791,gvc_430e48077bad,Lying Scissors Cross,Lying Scissors Cross,,MANUAL,Hips,MVP_CANDIDATE,Resistance/strength candidate,Bodyweight,inferred_bodyweight,하체,source,,,unsupported,reps,bodyweight,,,2,1,1,MANUAL_QA_REQUIRED
gvs_bbcfe466000c8394,gvc_8ac3aa4d6032,Lying Side Reverse Crunch,Lying Side Reverse Crunch,라잉 사이드 리버스 크런치,AUTO_PHRASE_DRAFT,Waist,MVP_CANDIDATE,Resistance/strength candidate,Bodyweight,inferred_bodyweight,코어,source,복직근,,name_high,reps,bodyweight,reps,,2,1,1,AUTO_DRAFT_COMPLETE
gvs_65e4f3abf8ce0203,gvc_68e25e97eabf,Lying Side To Side Knee,Lying Side To Side Knee,,MANUAL,Hips,MVP_CANDIDATE,Resistance/strength candidate,Bodyweight,inferred_bodyweight,하체,source,,,unsupported,reps,bodyweight,,,1,1,0,MANUAL_QA_REQUIRED
gvs_1af128209c70cd42,gvc_5d5b8dc03884,Lying Side To Side Roll On Stability Ball,Lying Side To Side Roll On Stability Ball,,MANUAL,,MVP_CANDIDATE,Resistance/strength candidate,Stability Ball,source,,unknown,,,unsupported,,review,,,1,0,1,MANUAL_QA_REQUIRED
gvs_9887f7fd941f0081,gvc_be8870a4dea6,Lying Single Glute Lift,Lying Single Glute Lift,,MANUAL,Hips,MVP_CANDIDATE,Resistance/strength candidate,Bodyweight,inferred_bodyweight,하체,source,,,unsupported,reps,bodyweight,,,2,0,2,MANUAL_QA_REQUIRED
gvs_8be81217cca60607,gvc_6b7f2696e547,Lying Single Leg Abduction,Lying Single Leg Abduction,,MANUAL,Hips,MVP_CANDIDATE,Resistance/strength candidate,Bodyweight,inferred_bodyweight,하체,source,,,unsupported,reps,bodyweight,,,1,0,1,MANUAL_QA_REQUIRED
gvs_39ab10a2710868d4,gvc_44319d7a9a5b,Lying Single Leg Butterfly,Lying Single Leg Butterfly,,MANUAL,Hips,MVP_CANDIDATE,Resistance/strength candidate,Bodyweight,inferred_bodyweight,하체,source,,,unsupported,reps,bodyweight,,,1,0,1,MANUAL_QA_REQUIRED
gvs_071e9ef557ea7e81,gvc_71d5b8ef05e1,Lying Single Leg Extension,Lying Single Leg Extension,,MANUAL,Thighs,MVP_CANDIDATE,Resistance/strength candidate,Bodyweight,inferred_bodyweight,하체,source,대퇴사두근,,name_high,reps,bodyweight,,,1,0,1,MANUAL_QA_REQUIRED
gvs_967710ac12efd60e,gvc_2926f067dfc5,Lying Single Leg Lift,Lying Single Leg Lift,,MANUAL,Waist,MVP_CANDIDATE,Resistance/strength candidate,Bodyweight,inferred_bodyweight,코어,source,,,unsupported,reps,bodyweight,,,1,0,1,MANUAL_QA_REQUIRED
gvs_22aa485b7403495b,gvc_02a83cd22ca8,Lying Single Leg Raise,Lying Single Leg Raise,,MANUAL,Hips;Waist,MVP_CANDIDATE,Resistance/strength candidate,Bodyweight,inferred_bodyweight,,conflict,복직근,,name_high,reps,bodyweight,reps,BODY_SOURCE_CONFLICT,3,1,2,MANUAL_QA_REQUIRED
gvs_30cab280b80f55c2,gvc_67852bf7c95d,Lying Single Legs Reverse Biceps Curl With Towel,Lying Single Legs Reverse Biceps Curl With Towel,,MANUAL,Forearms,MVP_CANDIDATE,Resistance/strength candidate,Bodyweight,inferred_bodyweight,팔,source,이두근,,name_high,reps,bodyweight,,,1,1,0,MANUAL_QA_REQUIRED
gvs_7567862a5388b96c,gvc_b019ecf10115,Lying Single To Double Leg Raise,Lying Single To Double Leg Raise,,MANUAL,Waist,MVP_CANDIDATE,Resistance/strength candidate,Bodyweight,inferred_bodyweight,코어,source,복직근,,name_high,reps,bodyweight,reps,,1,0,1,MANUAL_QA_REQUIRED
gvs_72f63b3652dd8f08,gvc_5f79f327cb4f,Lying Single To Double Toe Tap,Lying Single To Double Toe Tap,,MANUAL,Waist,MVP_CANDIDATE,Resistance/strength candidate,Bodyweight,inferred_bodyweight,코어,source,,,unsupported,reps,bodyweight,,,1,1,0,MANUAL_QA_REQUIRED
gvs_46a5700f796246ff,gvc_2193a2d2170c,Lying Single Toe Pointing,Lying Single Toe Pointing,,MANUAL,Calves,MVP_CANDIDATE,Resistance/strength candidate,Bodyweight,inferred_bodyweight,하체,source,,,unsupported,reps,bodyweight,,,1,0,1,MANUAL_QA_REQUIRED
gvs_742302a20955dbb4,gvc_0e6e0a95fae5,Lying Spiderman Crawl,Lying Spiderman Crawl,,MANUAL,Waist,MVP_CANDIDATE,Resistance/strength candidate,Bodyweight,inferred_bodyweight,코어,source,,,unsupported,reps,bodyweight,,,1,1,0,MANUAL_QA_REQUIRED
gvs_d31f36c1a4b05145,gvc_7de0145ee22e,Lying Split Abductor,Lying Split Abductor,,MANUAL,Hips,MVP_CANDIDATE,Resistance/strength candidate,Bodyweight,inferred_bodyweight,하체,source,,,unsupported,reps,bodyweight,,,1,0,1,MANUAL_QA_REQUIRED
gvs_c7558f2ce241ab76,gvc_24b8306872b4,Lying Straight Leg Marches,Lying Straight Leg Marches,,MANUAL,Waist,MVP_CANDIDATE,Resistance/strength candidate,Bodyweight,inferred_bodyweight,코어,source,,,unsupported,reps,bodyweight,,,1,1,0,MANUAL_QA_REQUIRED
gvs_7bd8ad54df3c464e,gvc_d7932903ff9b,Lying Straight Leg Reverse Crunch,Lying Straight Leg Reverse Crunch,,MANUAL,Waist,MVP_CANDIDATE,Resistance/strength candidate,Bodyweight,inferred_bodyweight,코어,source,복직근,,name_high,reps,bodyweight,reps,,1,0,1,MANUAL_QA_REQUIRED
gvs_d0ac7c8c46c44b2a,gvc_5c7ba778d6ee,Lying Superman Soar,Lying Superman Soar,,MANUAL,Back,MVP_CANDIDATE,Resistance/strength candidate,Bodyweight,inferred_bodyweight,등,source,,,unsupported,reps,bodyweight,,,1,0,1,MANUAL_QA_REQUIRED
gvs_79894d1223793cd8,gvc_26d66c66d7dd,Lying Swimming Legs,Lying Swimming Legs,,MANUAL,Hips,MVP_CANDIDATE,Resistance/strength candidate,Bodyweight,inferred_bodyweight,하체,source,,,unsupported,reps,bodyweight,,,1,0,1,MANUAL_QA_REQUIRED
gvs_c942862f3607e74f,gvc_3460c8c6bb6d,Lying T Raise,Lying T Raise,,MANUAL,Back,MVP_CANDIDATE,Resistance/strength candidate,Bodyweight,inferred_bodyweight,등,source,,,unsupported,reps,bodyweight,,,1,0,1,MANUAL_QA_REQUIRED
gvs_2b2cebefe289dd1f,gvc_2080daa6d2dc,Lying Tip Toe,Lying Tip Toe,,MANUAL,Calves,MVP_CANDIDATE,Resistance/strength candidate,Bodyweight,inferred_bodyweight,하체,source,,,unsupported,reps,bodyweight,,,1,0,1,MANUAL_QA_REQUIRED
gvs_9610ef0ed2de6bbc,gvc_bb22108c2583,Lying Toe Tap,Lying Toe Tap,,MANUAL,Hips,MVP_CANDIDATE,Resistance/strength candidate,Bodyweight,inferred_bodyweight,하체,source,,,unsupported,reps,bodyweight,,,2,1,1,MANUAL_QA_REQUIRED
gvs_dafd636b379bb543,gvc_29380bc9c0c7,Lying Toe Touch,Lying Toe Touch,,MANUAL,Waist,MVP_CANDIDATE,Resistance/strength candidate,Bodyweight,inferred_bodyweight,코어,source,,,unsupported,reps,bodyweight,,,1,1,0,MANUAL_QA_REQUIRED
gvs_d5b9ffbeddfb2548,gvc_aa01fb50741b,Lying Top Grab Front Grab,Lying Top Grab Front Grab,,MANUAL,Chest,MVP_CANDIDATE,Resistance/strength candidate,Bodyweight,inferred_bodyweight,가슴,source,,,unsupported,reps,bodyweight,,,1,0,1,MANUAL_QA_REQUIRED
gvs_07c752fdfbf195f1,gvc_dbdb56d5026e,Lying Triceps Extension With Pillow,Lying Triceps Extension With Pillow,,MANUAL,Upper-Arms,MVP_CANDIDATE,Resistance/strength candidate,Bodyweight,inferred_bodyweight,팔,source,삼두근,,name_high,reps,bodyweight,,,1,0,1,MANUAL_QA_REQUIRED
gvs_8436109ceb7b98e6,gvc_ee600a6fc15d,Lying Tuck Crunch,Lying Tuck Crunch,,MANUAL,Waist,MVP_CANDIDATE,Resistance/strength candidate,Bodyweight,inferred_bodyweight,코어,source,복직근,,name_high,reps,bodyweight,reps,,2,1,1,MANUAL_QA_REQUIRED
gvs_1ad01b252c55de71,gvc_ab64ec49415e,Lying Tuck Up,Lying Tuck Up,,MANUAL,Waist,MVP_CANDIDATE,Resistance/strength candidate,Bodyweight,inferred_bodyweight,코어,source,,,unsupported,reps,bodyweight,,,1,1,0,MANUAL_QA_REQUIRED
gvs_e2ef046ecc12b554,gvc_e43d731d1361,Lying Tuck Up Knee Tap,Lying Tuck Up Knee Tap,,MANUAL,Waist,MVP_CANDIDATE,Resistance/strength candidate,Bodyweight,inferred_bodyweight,코어,source,,,unsupported,reps,bodyweight,,,1,1,0,MANUAL_QA_REQUIRED
gvs_b1237a564d0e1ed4,gvc_5c4f61c0c70b,Lying Twist Toe Touch,Lying Twist Toe Touch,,MANUAL,Waist,MVP_CANDIDATE,Resistance/strength candidate,Bodyweight,inferred_bodyweight,코어,source,,,unsupported,reps,bodyweight,,,1,1,0,MANUAL_QA_REQUIRED
gvs_cf3a97adfdee9ca5,gvc_cb95619b87a2,Lying Twist Toe Touch Against Wall,Lying Twist Toe Touch Against Wall,,MANUAL,Waist,MVP_CANDIDATE,Resistance/strength candidate,Bodyweight,inferred_bodyweight,코어,source,,,unsupported,reps,bodyweight,,,1,1,0,MANUAL_QA_REQUIRED
gvs_2cc4f090191780be,gvc_fea81ccaaba0,Lying Upper Body Superman Row,Lying Upper Body Superman Row,,MANUAL,Back,MVP_CANDIDATE,Resistance/strength candidate,Bodyweight,inferred_bodyweight,등,source,등 상부 / 광배근,이두근,name_high,reps,bodyweight,,,1,0,1,MANUAL_QA_REQUIRED
gvs_24fb3dccc0131406,gvc_5e8332ab83d6,Lying Upper Body T Raise,Lying Upper Body T Raise,,MANUAL,Back,MVP_CANDIDATE,Resistance/strength candidate,Bodyweight,inferred_bodyweight,등,source,,,unsupported,reps,bodyweight,,,1,0,1,MANUAL_QA_REQUIRED
gvs_a9e10233c5d5bb2b,gvc_b259108f25ad,Lying Upper Trapezius Press,Lying Upper Trapezius Press,,MANUAL,Back,MVP_CANDIDATE,Resistance/strength candidate,Bodyweight,inferred_bodyweight,등,source,,,unsupported,reps,bodyweight,,,1,1,0,MANUAL_QA_REQUIRED
gvs_46305e84086ad6ce,gvc_ce0516d9c02d,Lying Vertical Scissors On Floor,Lying Vertical Scissors On Floor,,MANUAL,Hips,MVP_CANDIDATE,Resistance/strength candidate,Bodyweight,inferred_bodyweight,하체,source,,,unsupported,reps,bodyweight,,,2,1,1,MANUAL_QA_REQUIRED
gvs_355edd5c8c5700f6,gvc_ecba878e58a3,Lying Windshield Wiper,Lying Windshield Wiper,,MANUAL,Waist,MVP_CANDIDATE,Resistance/strength candidate,Bodyweight,inferred_bodyweight,코어,source,,,unsupported,reps,bodyweight,,,1,0,1,MANUAL_QA_REQUIRED
gvs_c108a0c2f353ba28,gvc_fae7ea86870d,Lever Ab Coaster Crunch,Machine Ab Coaster Crunch,,MANUAL,Waist,MVP_CANDIDATE,Resistance/strength candidate,Machine,source,코어,source,복직근,,name_high,weight_reps,equipment,weight_reps,,2,1,1,MANUAL_QA_REQUIRED
gvs_aa294fcb3fdddefb,gvc_96f2a84035fc,Lever Ab Coaster Oblique Crunch,Machine Ab Coaster Oblique Crunch,,MANUAL,Waist,MVP_CANDIDATE,Resistance/strength candidate,Machine,source,코어,source,복직근,,name_high,weight_reps,equipment,weight_reps,,1,0,1,MANUAL_QA_REQUIRED
gvs_6cea52cb0f1ed94b,gvc_37424a1f76a3,Lever Ab Swing,Machine Ab Swing,,MANUAL,Waist,MVP_CANDIDATE,Resistance/strength candidate,Machine,source,코어,source,,,unsupported,weight_reps,equipment,weight_reps,,1,1,0,MANUAL_QA_REQUIRED
gvs_7f2fad092efe7471,gvc_31b978e3b531,Lever Abdominal Leg Raise,Machine Abdominal Leg Raise,,MANUAL,Waist,MVP_CANDIDATE,Resistance/strength candidate,Machine,source,코어,source,복직근,,name_high,weight_reps,equipment,weight_reps,,1,1,0,MANUAL_QA_REQUIRED
gvs_cc90d084a59059ba,gvc_96688a80da5b,Lever Abduction Squat,Machine Abduction Squat,,MANUAL,Hips,MVP_CANDIDATE,Resistance/strength candidate,Machine,source,하체,source,대퇴사두근,둔근,name_high,weight_reps,equipment,weight_reps,,1,0,1,MANUAL_QA_REQUIRED
gvs_0aad0f4ad0b6a084,gvc_9b8e7c25707a,Lever Alternate Biceps Curl,Machine Alternate Biceps Curl,머신 얼터네이트 바이셉 컬,AUTO_PHRASE_DRAFT,Upper-Arms,MVP_CANDIDATE,Resistance/strength candidate,Machine,source,팔,source,이두근,,name_high,weight_reps,equipment,weight_reps,,1,1,0,AUTO_DRAFT_COMPLETE
gvs_c8ab2028e5b845e6,gvc_3cd1fdbf8ea1,Lever Alternate Leg Extension (plate Loaded),Machine Alternate Leg Extension (Plate Loaded),,MANUAL,Thighs,MVP_CANDIDATE,Resistance/strength candidate,Machine,source,하체,source,대퇴사두근,,name_high,weight_reps,equipment,weight_reps,,1,1,0,MANUAL_QA_REQUIRED
gvs_722733862f288a64,gvc_174d99893edc,Lever Alternate Leg Press (plate Loaded),Machine Alternate Leg Press (Plate Loaded),,MANUAL,Thighs,MVP_CANDIDATE,Resistance/strength candidate,Machine,source,하체,source,대퇴사두근,둔근,name_high,weight_reps,equipment,weight_reps,,1,1,0,MANUAL_QA_REQUIRED
gvs_d7baa53ec2bf83bc,gvc_e29e883008d6,Lever Alternating Pullover (plate Loaded),Machine Alternating Pullover (Plate Loaded),,MANUAL,Back,MVP_CANDIDATE,Resistance/strength candidate,Machine,source,등,source,,,unsupported,weight_reps,equipment,weight_reps,,1,1,0,MANUAL_QA_REQUIRED
gvs_1960cad5ef466a25,gvc_f5a1d0486b3a,Lever Angled Leg Press,Machine Angled Leg Press,,MANUAL,Thighs,MVP_CANDIDATE,Resistance/strength candidate,Machine,source,하체,source,대퇴사두근,둔근,name_high,weight_reps,equipment,weight_reps,,2,1,1,MANUAL_QA_REQUIRED
gvs_27764e5a2f1f30d4,gvc_105d39c06c3a,Lever Angled Single Leg Press,Machine Angled Single Leg Press,,MANUAL,Thighs,MVP_CANDIDATE,Resistance/strength candidate,Machine,source,하체,source,대퇴사두근,둔근,name_high,weight_reps,equipment,weight_reps,,1,1,0,MANUAL_QA_REQUIRED
gvs_20733c1f472ab5ff,gvc_86205acaf0ad,Lever Assisted Chin Up,Machine Assisted Chin Up,머신 어시스트 친업,AUTO_PHRASE_DRAFT,Back,MVP_CANDIDATE,Resistance/strength candidate,Machine,source,등,source,광배근,이두근 / 승모근,name_high,assisted_weight_reps,policy,weight_reps,,1,1,0,AUTO_DRAFT_COMPLETE
gvs_c4dec9b55870fbf5,gvc_f6159ab52563,Lever Assisted Neutral Grip Chin Up,Machine Assisted Neutral Grip Chin Up,머신 어시스트 뉴트럴 그립 친업,AUTO_PHRASE_DRAFT,Back,MVP_CANDIDATE,Resistance/strength candidate,Machine,source,등,source,광배근,이두근 / 승모근,name_high,assisted_weight_reps,policy,weight_reps,,1,1,0,AUTO_DRAFT_COMPLETE
gvs_710c89b05f7f0e9e,gvc_e63c11c21744,Lever Assisted Standing Chin Up,Machine Assisted Standing Chin Up,머신 어시스트 스탠딩 친업,AUTO_PHRASE_DRAFT,Back,MVP_CANDIDATE,Resistance/strength candidate,Machine,source,등,source,광배근,이두근 / 승모근,name_high,assisted_weight_reps,policy,weight_reps,,1,1,0,AUTO_DRAFT_COMPLETE
gvs_5424bffcfa2727de,gvc_ff4a6e9207b8,Lever Assisted Triceps Pushdown,Machine Assisted Triceps Pushdown,머신 어시스트 트라이셉 푸시다운,AUTO_PHRASE_DRAFT,Upper-Arms,MVP_CANDIDATE,Resistance/strength candidate,Machine,source,팔,source,삼두근,,name_high,weight_reps,equipment,weight_reps,,1,0,1,AUTO_DRAFT_COMPLETE
gvs_0920bcbedffaad2a,gvc_34736999e80d;gvc_508c43cad5c9,Lever Back Extension | Lever Back Extension (version 2),Machine Back Extension,,MANUAL,Waist;Back,MVP_CANDIDATE,Resistance/strength candidate,Machine,source,,conflict,,,unsupported,weight_reps,equipment,weight_reps,BODY_SOURCE_CONFLICT,4,2,2,MANUAL_QA_REQUIRED
gvs_9b5f889b2b4fcc8b,gvc_7a60f394ee63,Lever Banded Abdominal Leg Raise,Machine Banded Abdominal Leg Raise,,MANUAL,Waist,MVP_CANDIDATE,Resistance/strength candidate,Machine,source,코어,source,복직근,,name_high,weight_reps,equipment,weight_reps,,1,1,0,MANUAL_QA_REQUIRED
gvs_ecd33c27e05ad29f,gvc_3eeef70d0f02,Lever Belt Romanian Deadlift,Machine Belt Romanian Deadlift,,MANUAL,Hips,MVP_CANDIDATE,Resistance/strength candidate,Machine,source,하체,source,둔근 / 햄스트링,코어,name_high,weight_reps,equipment,weight_reps,,1,1,0,MANUAL_QA_REQUIRED
gvs_6ff2e69dacc31fa9,gvc_6b641b0e92ae,Lever Belt Squat,Machine Belt Squat,,MANUAL,Thighs,MVP_CANDIDATE,Resistance/strength candidate,Machine,source,하체,source,대퇴사두근,둔근,name_high,weight_reps,equipment,weight_reps,,1,1,0,MANUAL_QA_REQUIRED
gvs_c57051a2784296e0,gvc_463e4178cdad,Lever Belt Sumo Squat,Machine Belt Sumo Squat,,MANUAL,Hips,MVP_CANDIDATE,Resistance/strength candidate,Machine,source,하체,source,대퇴사두근,둔근,name_high,weight_reps,equipment,weight_reps,,1,1,0,MANUAL_QA_REQUIRED
gvs_51d9fcd46a74100a,gvc_15c335db2bbf,Lever Bent Over Low Row,Machine Bent Over Low Row,머신 벤트오버 로우 로우,AUTO_PHRASE_DRAFT,Back,MVP_CANDIDATE,Resistance/strength candidate,Machine,source,등,source,등 상부 / 광배근,이두근,name_high,weight_reps,equipment,weight_reps,,1,1,0,AUTO_DRAFT_COMPLETE
gvs_a16ab6e47e205cae,gvc_31e0b32936fb,Lever Bent Over Neutral Grip Row (with Chest Support),Machine Bent Over Neutral Grip Row (With Chest Support),,MANUAL,Back,MVP_CANDIDATE,Resistance/strength candidate,Machine,source,등,source,등 상부 / 광배근,이두근,name_high,weight_reps,equipment,weight_reps,,1,1,0,MANUAL_QA_REQUIRED
gvs_4e650013e96ac4bb,gvc_847388aec9f1,Lever Bent Over Row (plate Loaded),Machine Bent Over Row (Plate Loaded),,MANUAL,Back,MVP_CANDIDATE,Resistance/strength candidate,Machine,source,등,source,등 상부 / 광배근,이두근,name_high,weight_reps,equipment,weight_reps,,2,1,1,MANUAL_QA_REQUIRED
gvs_cd3863dc80d7b5c2,gvc_316cfbf62ba8,Lever Bent Over Row With V Bar (plate Loaded),Machine Bent Over Row With V Bar (Plate Loaded),,MANUAL,Back,MVP_CANDIDATE,Resistance/strength candidate,Machine,source,등,source,등 상부 / 광배근,이두근,name_high,weight_reps,equipment,weight_reps,,1,1,0,MANUAL_QA_REQUIRED
gvs_8c9508f391103983,gvc_36540ff9ff8f,Lever Bicep Curl,Machine Bicep Curl,,MANUAL,Upper-Arms,MVP_CANDIDATE,Resistance/strength candidate,Machine,source,팔,source,,,unsupported,weight_reps,equipment,weight_reps,,1,1,0,MANUAL_QA_REQUIRED
gvs_6c0b5c8ffe07889f,gvc_da4af771fc6a,Lever Biceps Curl,Machine Biceps Curl,머신 바이셉 컬,AUTO_PHRASE_DRAFT,Upper-Arms,MVP_CANDIDATE,Resistance/strength candidate,Machine,source,팔,source,이두근,,name_high,weight_reps,equipment,weight_reps,,2,1,1,AUTO_DRAFT_COMPLETE
gvs_c1545092379bb128,gvc_bb78046bcf20,Lever Bulgarian Split Squat (plate Loaded),Machine Bulgarian Split Squat (Plate Loaded),,MANUAL,,MVP_CANDIDATE,Resistance/strength candidate,Machine,source,하체,name,대퇴사두근,둔근,name_high,weight_reps,equipment,weight_reps,,1,1,0,MANUAL_QA_REQUIRED
gvs_50b30a452f42a8e9,gvc_378c05f18f0a;gvc_8b30bf333ef0;gvc_8b30c5333ef0;gvc_8b30c6333ef0,Lever Chest Press | Lever Chest Press (version 3) | Lever Chest Press (version 4) | Lever Chest Press (version 5),Machine Chest Press,머신 체스트 프레스,AUTO_PHRASE_DRAFT,Chest,MVP_CANDIDATE,Resistance/strength candidate,Machine,source,가슴,source,대흉근,삼두근 / 전면 삼각근,name_high,weight_reps,equipment,weight_reps,,5,3,2,AUTO_DRAFT_COMPLETE
gvs_30ea473f0dccfc67,gvc_665b2e459f8a,Lever Chest Press (plate Loaded),Machine Chest Press (Plate Loaded),,MANUAL,Chest,MVP_CANDIDATE,Resistance/strength candidate,Machine,source,가슴,source,대흉근,삼두근 / 전면 삼각근,name_high,weight_reps,equipment,weight_reps,,2,1,1,MANUAL_QA_REQUIRED
gvs_eaf08d8051fab1ee,gvc_49342711bf34,Lever Chest Press (version 3) Chest+,Machine Chest Press Chest+,,MANUAL,,MVP_CANDIDATE,Resistance/strength candidate,Machine,source,가슴,name,대흉근,삼두근 / 전면 삼각근,name_high,weight_reps,equipment,weight_reps,,1,1,0,MANUAL_QA_REQUIRED
gvs_57276a3dbdb08555,gvc_71ccaa7c30ae;gvc_b527e8826bac,Lever Cross Lat Pulldown | Lever Cross Lat Pulldown (version 2),Machine Cross Lat Pulldown,,MANUAL,Back,MVP_CANDIDATE,Resistance/strength candidate,Machine,source,등,source,광배근,이두근 / 승모근,name_high,weight_reps,equipment,weight_reps,,2,2,0,MANUAL_QA_REQUIRED
gvs_0628b60558880fc9,gvc_a375f8aed548,Lever Crossovers,Machine Crossovers,,MANUAL,,MVP_CANDIDATE,Resistance/strength candidate,Machine,source,,unknown,,,unsupported,weight_reps,equipment,weight_reps,,1,1,0,MANUAL_QA_REQUIRED
gvs_1e3ce20eb8defb88,gvc_bc41d79e87c3,Lever Deadlift (plate Loaded),Machine Deadlift (Plate Loaded),,MANUAL,Hips;Thighs,MVP_CANDIDATE,Resistance/strength candidate,Machine,source,하체,source,둔근 / 햄스트링,등 / 코어,name_high,weight_reps,equipment,weight_reps,,2,1,1,MANUAL_QA_REQUIRED
gvs_11e85538d5fbd6d0,gvc_58544af37cd8;gvc_f4247f3bb951,Lever Decline Chest Press | Lever Decline Chest Press (version 2),Machine Decline Chest Press,머신 디클라인 체스트 프레스,AUTO_PHRASE_DRAFT,Chest,MVP_CANDIDATE,Resistance/strength candidate,Machine,source,가슴,source,대흉근,삼두근 / 전면 삼각근,name_high,weight_reps,equipment,weight_reps,,2,2,0,AUTO_DRAFT_COMPLETE
gvs_c0c6b83df86c812d,gvc_9212427f2639,Lever Decline Single Arm Chest Press,Machine Decline Single Arm Chest Press,머신 디클라인 원암 체스트 프레스,AUTO_PHRASE_DRAFT,Chest,MVP_CANDIDATE,Resistance/strength candidate,Machine,source,가슴,source,대흉근,삼두근 / 전면 삼각근,name_high,weight_reps,equipment,weight_reps,,1,1,0,AUTO_DRAFT_COMPLETE
gvs_ba1a1d1fced6b677,gvc_2a448ccc9280,Lever Elevanted Squat,Machine Elevated Squat,,MANUAL,Thighs,MVP_CANDIDATE,Resistance/strength candidate,Machine,source,하체,source,대퇴사두근,둔근,name_high,weight_reps,equipment,weight_reps,,1,1,0,MANUAL_QA_REQUIRED
gvs_8cdbe9e5c0ca8405,gvc_831aa3cbd2ef,Lever Front Pulldown,Machine Front Pulldown,머신 프론트 풀다운,AUTO_PHRASE_DRAFT,Back,MVP_CANDIDATE,Resistance/strength candidate,Machine,source,등,source,,,unsupported,weight_reps,equipment,weight_reps,,2,1,1,AUTO_DRAFT_COMPLETE
gvs_a903ebe403eea592,gvc_be52dc4d657a,Lever Glute Abductors Press,Machine Glute Abductors Press,,MANUAL,Hips,MVP_CANDIDATE,Resistance/strength candidate,Machine,source,하체,source,,,unsupported,weight_reps,equipment,weight_reps,,2,1,1,MANUAL_QA_REQUIRED
gvs_aa22426fcff18447,gvc_4f31683352c1,Lever Glute Press,Machine Glute Press,,MANUAL,Hips,MVP_CANDIDATE,Resistance/strength candidate,Machine,source,하체,source,,,unsupported,weight_reps,equipment,weight_reps,,1,1,0,MANUAL_QA_REQUIRED
gvs_4f3caa8b2fa62133,gvc_e9c2a0eccfcc,Lever Good Morning On The Hack Squat Machine (fema,Machine Good Morning On The Hack Squat Machine,,MANUAL,,MVP_CANDIDATE,Resistance/strength candidate,Machine,source,하체,name,대퇴사두근,둔근,name_high,weight_reps,equipment,weight_reps,,1,0,1,MANUAL_QA_REQUIRED
gvs_9ff2c5d46cde314a,gvc_37b173d7682b,Lever Hammer Grip Preacher Curl,Machine Hammer Grip Preacher Curl,,MANUAL,Upper-Arms,MVP_CANDIDATE,Resistance/strength candidate,Machine,source,팔,source,이두근,,name_high,weight_reps,equipment,weight_reps,,1,1,0,MANUAL_QA_REQUIRED
gvs_624db0441198e64e,gvc_2e7345c68aa8;gvc_2e7346c68aa8;gvc_6f3f00e082af,Lever High Row (plate Loaded) | Lever High Row (plate Loaded) (version 2) | Lever High Row (plate Loaded) (version 3),Machine High Row (Plate Loaded),,MANUAL,Back,MVP_CANDIDATE,Resistance/strength candidate,Machine,source,등,source,등 상부 / 광배근,이두근,name_high,weight_reps,equipment,weight_reps,,3,2,1,MANUAL_QA_REQUIRED
gvs_726a88bec6cf7014,gvc_41f56fb7d00c,Lever Hip Extension (version 2),Machine Hip Extension,,MANUAL,Hips,MVP_CANDIDATE,Resistance/strength candidate,Machine,source,하체,source,,,unsupported,weight_reps,equipment,weight_reps,,1,1,0,MANUAL_QA_REQUIRED
gvs_e11c55b6f5924f24,gvc_0ea81507c903,Lever Hip Thrust,Machine Hip Thrust,머신 힙 쓰러스트,AUTO_PHRASE_DRAFT,Hips,MVP_CANDIDATE,Resistance/strength candidate,Machine,source,하체,source,둔근,햄스트링,name_high,weight_reps,equipment,weight_reps,,1,0,1,AUTO_DRAFT_COMPLETE
gvs_7370eb0b229e31bb,gvc_6a4a5b3d4254,Lever Hip Thrust (plate Loaded),Machine Hip Thrust (Plate Loaded),,MANUAL,Hips,MVP_CANDIDATE,Resistance/strength candidate,Machine,source,하체,source,둔근,햄스트링,name_high,weight_reps,equipment,weight_reps,,2,1,1,MANUAL_QA_REQUIRED
gvs_568021fea573f2d8,gvc_0a8aeaa48548,Lever Horizontal Leg Press,Machine Horizontal Leg Press,,MANUAL,Thighs,MVP_CANDIDATE,Resistance/strength candidate,Machine,source,하체,source,대퇴사두근,둔근,name_high,weight_reps,equipment,weight_reps,,1,1,0,MANUAL_QA_REQUIRED
gvs_d0a93161607ae5a5,gvc_b056b953bd5d,Lever Horizontal One Leg Press,Machine Horizontal Single Leg Press,,MANUAL,Hips,MVP_CANDIDATE,Resistance/strength candidate,Machine,source,하체,source,대퇴사두근,둔근,name_high,weight_reps,equipment,weight_reps,,2,1,1,MANUAL_QA_REQUIRED
gvs_7e8068dd01807071,gvc_c0eb82e8bb2f,Lever Incline Chest Press,Machine Incline Chest Press,머신 인클라인 체스트 프레스,AUTO_PHRASE_DRAFT,Chest,MVP_CANDIDATE,Resistance/strength candidate,Machine,source,가슴,source,대흉근,삼두근 / 전면 삼각근,name_high,weight_reps,equipment,weight_reps,,3,2,1,AUTO_DRAFT_COMPLETE
gvs_8d01cae562eaff49,gvc_8b332a35277b,Lever Incline Chest Press (plate Loaded),Machine Incline Chest Press (Plate Loaded),,MANUAL,,MVP_CANDIDATE,Resistance/strength candidate,Machine,source,가슴,name,대흉근,삼두근 / 전면 삼각근,name_high,weight_reps,equipment,weight_reps,,1,1,0,MANUAL_QA_REQUIRED
gvs_65e710ca76266b80,gvc_19502f2e7b41,Lever Incline Fly,Machine Incline Fly,,MANUAL,Chest,MVP_CANDIDATE,Resistance/strength candidate,Machine,source,가슴,source,,,unsupported,weight_reps,equipment,weight_reps,,1,1,0,MANUAL_QA_REQUIRED
gvs_15ddb4f38cb5570b,gvc_663989da827d,Lever Incline Hammer Chest Press,Machine Incline Hammer Chest Press,,MANUAL,Chest,MVP_CANDIDATE,Resistance/strength candidate,Machine,source,가슴,source,대흉근,삼두근 / 전면 삼각근,name_high,weight_reps,equipment,weight_reps,,2,1,1,MANUAL_QA_REQUIRED
gvs_f2ecf8f99d097615,gvc_b242806b7d8f,Lever Incline Single Arm Chest Press,Machine Incline Single Arm Chest Press,머신 인클라인 원암 체스트 프레스,AUTO_PHRASE_DRAFT,Chest,MVP_CANDIDATE,Resistance/strength candidate,Machine,source,가슴,source,대흉근,삼두근 / 전면 삼각근,name_high,weight_reps,equipment,weight_reps,,1,1,0,AUTO_DRAFT_COMPLETE
gvs_17f2ecfa8ec289c8,gvc_a2b146e3ea9e,Lever Kneeling Leg Curl (plate Loaded),Machine Kneeling Leg Curl (Plate Loaded),,MANUAL,Thighs,MVP_CANDIDATE,Resistance/strength candidate,Machine,source,하체,source,햄스트링,,name_high,weight_reps,equipment,weight_reps,,1,0,1,MANUAL_QA_REQUIRED
gvs_ec0cd2832ac660e3,gvc_696b56dcbbb0,Lever Kneeling Twist,Machine Kneeling Twist,,MANUAL,Waist,MVP_CANDIDATE,Resistance/strength candidate,Machine,source,코어,source,,,unsupported,weight_reps,equipment,weight_reps,,1,1,0,MANUAL_QA_REQUIRED
gvs_331af554802a8c6a,gvc_20905978c4de,Lever Lateral Pulldown (plate Loaded),Machine Lateral Pulldown (Plate Loaded),,MANUAL,Back,MVP_CANDIDATE,Resistance/strength candidate,Machine,source,등,source,,,unsupported,weight_reps,equipment,weight_reps,,1,1,0,MANUAL_QA_REQUIRED
gvs_2f6e40bca562466c,gvc_09bc43163d13;gvc_9cbe822d975b,Lever Lateral Raise | Lever Lateral Raise (version 2),Machine Lateral Raise,머신 레터럴 레이즈,AUTO_PHRASE_DRAFT,Shoulders,MVP_CANDIDATE,Resistance/strength candidate,Machine,source,어깨,source,측면 삼각근,,name_high,weight_reps,equipment,weight_reps,,3,2,1,AUTO_DRAFT_COMPLETE
gvs_25061dc056eb2d32,gvc_5e86b8cc8a47,Lever Lateral Raise (plate Loaded),Machine Lateral Raise (Plate Loaded),,MANUAL,Shoulders,MVP_CANDIDATE,Resistance/strength candidate,Machine,source,어깨,source,측면 삼각근,,name_high,weight_reps,equipment,weight_reps,,1,1,0,MANUAL_QA_REQUIRED
gvs_ceeba05183e35d15,gvc_27ed91ff5d4b,Lever Lateral Raise With Chest Support,Machine Lateral Raise With Chest Support,,MANUAL,Shoulders,MVP_CANDIDATE,Resistance/strength candidate,Machine,source,어깨,source,측면 삼각근,,name_high,weight_reps,equipment,weight_reps,,1,1,0,MANUAL_QA_REQUIRED
gvs_da5087c6075365b4,gvc_284833619c0c,Lever Lateral Wide Pulldown,Machine Lateral Wide Pulldown,,MANUAL,Back,MVP_CANDIDATE,Resistance/strength candidate,Machine,source,등,source,,,unsupported,weight_reps,equipment,weight_reps,,1,1,0,MANUAL_QA_REQUIRED
gvs_b48b2ed185944011,gvc_587c903264b8,Lever Leg Extension,Machine Leg Extension,머신 레그 익스텐션,AUTO_PHRASE_DRAFT,Thighs,MVP_CANDIDATE,Resistance/strength candidate,Machine,source,하체,source,대퇴사두근,,name_high,weight_reps,equipment,weight_reps,,2,1,1,AUTO_DRAFT_COMPLETE
gvs_c772837375c7091b,gvc_2b06d50cf1fb,Lever Leg Extension (inward Toes),Machine Leg Extension (Inward Toes),,MANUAL,Thighs,MVP_CANDIDATE,Resistance/strength candidate,Machine,source,하체,source,대퇴사두근,,name_high,weight_reps,equipment,weight_reps,,1,1,0,MANUAL_QA_REQUIRED
gvs_6bdca7734fda81d3,gvc_6fbe8227a039,Lever Leg Extension (plate Loaded),Machine Leg Extension (Plate Loaded),,MANUAL,Thighs,MVP_CANDIDATE,Resistance/strength candidate,Machine,source,하체,source,대퇴사두근,,name_high,weight_reps,equipment,weight_reps,,1,1,0,MANUAL_QA_REQUIRED
gvs_cf06387e10e88b7c,gvc_e832f9157fe5,Lever Leg Press (plate Loaded),Machine Leg Press (Plate Loaded),,MANUAL,Thighs,MVP_CANDIDATE,Resistance/strength candidate,Machine,source,하체,source,대퇴사두근,둔근,name_high,weight_reps,equipment,weight_reps,,1,1,0,MANUAL_QA_REQUIRED
gvs_b843907fada04df7,gvc_ecb31f9d6213,Lever Linear Hack Squat,Machine Linear Hack Squat,,MANUAL,Thighs,MVP_CANDIDATE,Resistance/strength candidate,Machine,source,하체,source,대퇴사두근,둔근,name_high,weight_reps,equipment,weight_reps,,1,1,0,MANUAL_QA_REQUIRED
gvs_de5d17ff63e0fbb7,gvc_46f38ab8ad93,Lever Low Row (plate Loaded),Machine Low Row (Plate Loaded),,MANUAL,Back,MVP_CANDIDATE,Resistance/strength candidate,Machine,source,등,source,등 상부 / 광배근,이두근,name_high,weight_reps,equipment,weight_reps,,1,1,0,MANUAL_QA_REQUIRED
gvs_1c419ce8dee4c65e,gvc_5f578f9eb2f1,Lever Lying Chest Press (plate Loaded),Machine Lying Chest Press (Plate Loaded),,MANUAL,Chest,MVP_CANDIDATE,Resistance/strength candidate,Machine,source,가슴,source,대흉근,삼두근 / 전면 삼각근,name_high,weight_reps,equipment,weight_reps,,2,1,1,MANUAL_QA_REQUIRED
gvs_ad8fb484a7ea4bfc,gvc_64363a065518;gvc_9d062d4a3aa4,Lever Lying Crunch | Lever Lying Crunch (version 2),Machine Lying Crunch,머신 라잉 크런치,AUTO_PHRASE_DRAFT,Waist,MVP_CANDIDATE,Resistance/strength candidate,Machine,source,코어,source,복직근,,name_high,weight_reps,equipment,weight_reps,,2,1,1,AUTO_DRAFT_COMPLETE
gvs_ccf24bccc2cf7c5a,gvc_152ee396769b,Lever Lying Decline Chest Press (plate Loaded),Machine Lying Decline Chest Press (Plate Loaded),,MANUAL,Chest,MVP_CANDIDATE,Resistance/strength candidate,Machine,source,가슴,source,대흉근,삼두근 / 전면 삼각근,name_high,weight_reps,equipment,weight_reps,,1,1,0,MANUAL_QA_REQUIRED
gvs_9006b86bb04506a3,gvc_b85ad7279afa,Lever Lying Leg Curl,Machine Lying Leg Curl,머신 라잉 레그 컬,AUTO_PHRASE_DRAFT,Thighs,MVP_CANDIDATE,Resistance/strength candidate,Machine,source,하체,source,햄스트링,,name_high,weight_reps,equipment,weight_reps,,2,1,1,AUTO_DRAFT_COMPLETE
gvs_93cc706ef570d2d4,gvc_0317afa25ab7,Lever Lying Leg Raise Bent Knee,Machine Lying Leg Raise Bent Knee,,MANUAL,Hips,MVP_CANDIDATE,Resistance/strength candidate,Machine,source,하체,source,복직근,,name_high,weight_reps,equipment,weight_reps,BODY_MUSCLE_FAMILY_CONFLICT,1,1,0,MANUAL_QA_REQUIRED
gvs_9044b86e0800df08,gvc_40facc6f7303,Lever Lying Single Arm Full Chest Press (plate Loa,Machine Lying Single Arm Full Chest Press (Plate Loa,,MANUAL,,MVP_CANDIDATE,Resistance/strength candidate,Machine,source,가슴,name,대흉근,삼두근 / 전면 삼각근,name_high,weight_reps,equipment,weight_reps,,1,1,0,MANUAL_QA_REQUIRED
gvs_b13b4fc25cc49574,gvc_39f1d0d77377,Lever Lying Single Leg Curl,Machine Lying Single Leg Curl,,MANUAL,Thighs,MVP_CANDIDATE,Resistance/strength candidate,Machine,source,하체,source,햄스트링,,name_high,weight_reps,equipment,weight_reps,,2,1,1,MANUAL_QA_REQUIRED
gvs_439718315a58e799,gvc_c6f792fbdcd1,Lever Lying T Bar Row,Machine Lying T Bar Row,,MANUAL,Back,MVP_CANDIDATE,Resistance/strength candidate,Machine,source,등,source,등 상부 / 광배근,이두근,name_high,weight_reps,equipment,weight_reps,,1,1,0,MANUAL_QA_REQUIRED
gvs_d7701c37116eac77,gvc_e1f9bfb9be24,Lever Military Press (plate Loaded),Machine Military Press (Plate Loaded),,MANUAL,Shoulders,MVP_CANDIDATE,Resistance/strength candidate,Machine,source,어깨,source,삼각근,삼두근,name_high,weight_reps,equipment,weight_reps,,2,1,1,MANUAL_QA_REQUIRED
gvs_5562f3cfd539b177,gvc_0c8fca84021c,Lever Neutral Grip Seated Row (plate Loaded),Machine Neutral Grip Seated Row (Plate Loaded),,MANUAL,Back,MVP_CANDIDATE,Resistance/strength candidate,Machine,source,등,source,등 상부 / 광배근,이두근,name_high,weight_reps,equipment,weight_reps,,1,1,0,MANUAL_QA_REQUIRED
gvs_397e6764dd8a7cc6,gvc_fb8a714907b3,Lever Outdoor Air Walking,Machine Outdoor Air Walking,,MANUAL,Hips,MVP_CANDIDATE,Resistance/strength candidate,Machine,source,하체,source,,,unsupported,weight_reps,equipment,weight_reps,,1,1,0,MANUAL_QA_REQUIRED
gvs_a064ff37f50e69bf,gvc_7fbf7daec529,Lever Outdoor Seated Chest Press,Machine Outdoor Seated Chest Press,,MANUAL,Chest,MVP_CANDIDATE,Resistance/strength candidate,Machine,source,가슴,source,대흉근,삼두근 / 전면 삼각근,name_high,weight_reps,equipment,weight_reps,,1,1,0,MANUAL_QA_REQUIRED
gvs_cffbfc213e337c19,gvc_1d0942c6c1c3,Lever Outdoor Seated Lat Pulldown,Machine Outdoor Seated Lat Pulldown,,MANUAL,Back,MVP_CANDIDATE,Resistance/strength candidate,Machine,source,등,source,광배근,이두근 / 승모근,name_high,weight_reps,equipment,weight_reps,,1,1,0,MANUAL_QA_REQUIRED
gvs_53277e48af79a56a,gvc_fc0fd19dcb40,Lever Outdoor Seated Leg Press,Machine Outdoor Seated Leg Press,,MANUAL,Thighs,MVP_CANDIDATE,Resistance/strength candidate,Machine,source,하체,source,대퇴사두근,둔근,name_high,weight_reps,equipment,weight_reps,,1,1,0,MANUAL_QA_REQUIRED
gvs_3e27e086d43968a4,gvc_d3cd806a355b,Lever Outdoor Side Surf,Machine Outdoor Side Surf,,MANUAL,Waist,MVP_CANDIDATE,Resistance/strength candidate,Machine,source,코어,source,,,unsupported,weight_reps,equipment,weight_reps,,1,1,0,MANUAL_QA_REQUIRED
gvs_4257111c6203a35e,gvc_253a4214d835,Lever Overhead Triceps Extension,Machine Overhead Triceps Extension,머신 오버헤드 트라이셉 익스텐션,AUTO_PHRASE_DRAFT,Upper-Arms,MVP_CANDIDATE,Resistance/strength candidate,Machine,source,팔,source,삼두근,,name_high,weight_reps,equipment,weight_reps,,1,1,0,AUTO_DRAFT_COMPLETE
gvs_3d5b457968ab2e5d,gvc_03a85b3dc138,Lever Parallel Chest Press,Machine Parallel Chest Press,,MANUAL,Chest,MVP_CANDIDATE,Resistance/strength candidate,Machine,source,가슴,source,대흉근,삼두근 / 전면 삼각근,name_high,weight_reps,equipment,weight_reps,,1,1,0,MANUAL_QA_REQUIRED
gvs_70208f7ba351747b,gvc_7c0df861b89a,Lever Pec Deck Fly,Machine Pec Deck Fly,,MANUAL,Chest,MVP_CANDIDATE,Resistance/strength candidate,Machine,source,가슴,source,,,unsupported,weight_reps,equipment,weight_reps,,2,1,1,MANUAL_QA_REQUIRED
gvs_0fb9a8bfdcfedd9f,gvc_fcc9897c38f2,Lever Pendulum Squat (plate Loaded),Machine Pendulum Squat (Plate Loaded),,MANUAL,Thighs,MVP_CANDIDATE,Resistance/strength candidate,Machine,source,하체,source,대퇴사두근,둔근,name_high,weight_reps,equipment,weight_reps,,2,1,1,MANUAL_QA_REQUIRED
gvs_287c5ae1012179c1,gvc_7390c0438e97;gvc_9185f28218ce,Lever Preacher Curl | Lever Preacher Curl (version 2),Machine Preacher Curl,머신 프리처 컬,AUTO_PHRASE_DRAFT,Upper-Arms,MVP_CANDIDATE,Resistance/strength candidate,Machine,source,팔,source,이두근,,name_high,weight_reps,equipment,weight_reps,,3,2,1,AUTO_DRAFT_COMPLETE
gvs_114928d1db5e7085,gvc_316ea9a0fd0e,Lever Preacher Curl (plate Loaded),Machine Preacher Curl (Plate Loaded),,MANUAL,Upper-Arms,MVP_CANDIDATE,Resistance/strength candidate,Machine,source,팔,source,이두근,,name_high,weight_reps,equipment,weight_reps,,2,2,0,MANUAL_QA_REQUIRED
gvs_bf99d87e0b5d24e4,gvc_5bead9e9bf80,Lever Preacher Curl (turned Torso),Machine Preacher Curl (Turned Torso),,MANUAL,Upper-Arms,MVP_CANDIDATE,Resistance/strength candidate,Machine,source,팔,source,이두근,,name_high,weight_reps,equipment,weight_reps,,1,1,0,MANUAL_QA_REQUIRED
gvs_257585783a63c016,gvc_ebabac0dc7c5,Lever Pronated Grip Seated Row (plate Loaded),Machine Pronated Grip Seated Row (Plate Loaded),,MANUAL,Back,MVP_CANDIDATE,Resistance/strength candidate,Machine,source,등,source,등 상부 / 광배근,이두근,name_high,weight_reps,equipment,weight_reps,,1,1,0,MANUAL_QA_REQUIRED
gvs_cae58a8b6c08876b,gvc_bb890b91ec11,Lever Pronated Grip Seated Scapular Retraction Shr,Machine Pronated Grip Seated Scapular Retraction Shr,,MANUAL,,MVP_CANDIDATE,Resistance/strength candidate,Machine,source,,unknown,,,unsupported,weight_reps,equipment,weight_reps,,1,1,0,MANUAL_QA_REQUIRED
gvs_c8adc0a46c01a106,gvc_9306add375ca,Lever Pullover (plate Loaded),Machine Pullover (Plate Loaded),,MANUAL,Back,MVP_CANDIDATE,Resistance/strength candidate,Machine,source,등,source,,,unsupported,weight_reps,equipment,weight_reps,,1,1,0,MANUAL_QA_REQUIRED
gvs_0346e4281800fea2,gvc_06c41065e61c,Lever Push Up,Machine Push Up,머신 푸시업,AUTO_PHRASE_DRAFT,Chest,MVP_CANDIDATE,Resistance/strength candidate,Machine,source,가슴,source,,,unsupported,weight_reps,equipment,weight_reps,,1,1,0,AUTO_DRAFT_COMPLETE
gvs_6dc363121a552838,gvc_04b8e1f27ad8,Lever Push Up With Towels,Machine Push Up With Towels,,MANUAL,Chest,MVP_CANDIDATE,Resistance/strength candidate,Machine,source,가슴,source,,,unsupported,weight_reps,equipment,weight_reps,,1,1,0,MANUAL_QA_REQUIRED
gvs_b39bdd09268ab875,gvc_6b86591a0b78,Lever Rear Foot Elevanted Split Squat (plate Loade,Machine Rear Foot Elevated Split Squat (Plate Loade,,MANUAL,,MVP_CANDIDATE,Resistance/strength candidate,Machine,source,하체,name,대퇴사두근,둔근,name_high,weight_reps,equipment,weight_reps,,1,1,0,MANUAL_QA_REQUIRED
gvs_001b9f6639088ae8,gvc_d5e1429cb5f0,Lever Reverse Grip High Row (plate Loaded),Machine Reverse Grip High Row (Plate Loaded),,MANUAL,Back,MVP_CANDIDATE,Resistance/strength candidate,Machine,source,등,source,등 상부 / 광배근,이두근,name_high,weight_reps,equipment,weight_reps,,1,1,0,MANUAL_QA_REQUIRED
gvs_5e1128c963d566c5,gvc_9c1143009edb,Lever Reverse Grip Lateral Pulldown (plate Loaded),Machine Reverse Grip Lateral Pulldown (Plate Loaded),,MANUAL,Back,MVP_CANDIDATE,Resistance/strength candidate,Machine,source,등,source,,,unsupported,weight_reps,equipment,weight_reps,,1,1,0,MANUAL_QA_REQUIRED
gvs_28f99fcea92c9f5c,gvc_d45ce3783c76,Lever Reverse Hyperextension (plate Loaded),Machine Reverse Hyperextension (Plate Loaded),,MANUAL,Hips,MVP_CANDIDATE,Resistance/strength candidate,Machine,source,하체,source,,,unsupported,weight_reps,equipment,weight_reps,,2,1,1,MANUAL_QA_REQUIRED
gvs_ce5b83900c68302e,gvc_ba00db1daf34,Lever Reverse Seated Shoulder Press,Machine Reverse Seated Shoulder Press,머신 리버스 시티드 숄더 프레스,AUTO_PHRASE_DRAFT,Shoulders,MVP_CANDIDATE,Resistance/strength candidate,Machine,source,어깨,source,삼각근,삼두근,name_high,weight_reps,equipment,weight_reps,,1,1,0,AUTO_DRAFT_COMPLETE
gvs_5df8e918bb77b642,gvc_2793c1f01a0c,Lever Reverse T Bar Row,Machine Reverse T Bar Row,,MANUAL,Back,MVP_CANDIDATE,Resistance/strength candidate,Machine,source,등,source,등 상부 / 광배근,이두근,name_high,weight_reps,equipment,weight_reps,,2,1,1,MANUAL_QA_REQUIRED
gvs_16e9d91c22d29716,gvc_cb5e09dc4d1b,Lever Reverse Vertical Hack Squat,Machine Reverse Vertical Hack Squat,,MANUAL,Hips,MVP_CANDIDATE,Resistance/strength candidate,Machine,source,하체,source,대퇴사두근,둔근,name_high,weight_reps,equipment,weight_reps,,2,1,1,MANUAL_QA_REQUIRED
gvs_8cf198d8b2f04f32,gvc_97e951572026,Lever Romanian Deadlift (plate Loaded),Machine Romanian Deadlift (Plate Loaded),,MANUAL,Hips,MVP_CANDIDATE,Resistance/strength candidate,Machine,source,하체,source,둔근 / 햄스트링,코어,name_high,weight_reps,equipment,weight_reps,,1,1,0,MANUAL_QA_REQUIRED
gvs_e89f65631372677b,gvc_41337bbd7259,Lever Rotary Calf,Machine Rotary Calf,,MANUAL,Calves,MVP_CANDIDATE,Resistance/strength candidate,Machine,source,하체,source,,,unsupported,weight_reps,equipment,weight_reps,,2,1,1,MANUAL_QA_REQUIRED
gvs_70fe04ce13ddb344,gvc_3f4ea4135f88,Lever Row (plate Loaded),Machine Row (Plate Loaded),,MANUAL,Back,MVP_CANDIDATE,Resistance/strength candidate,Machine,source,등,source,등 상부 / 광배근,이두근,name_high,weight_reps,equipment,weight_reps,,1,1,0,MANUAL_QA_REQUIRED
gvs_f6143b16b2921dfc,gvc_a435f4ff4852,Lever Seated Bent Over Rear Delt Fly,Machine Seated Bent Over Rear Delt Fly,,MANUAL,Shoulders,MVP_CANDIDATE,Resistance/strength candidate,Machine,source,어깨,source,후면 삼각근,,name_high,weight_reps,equipment,weight_reps,,1,1,0,MANUAL_QA_REQUIRED
gvs_ad9dce9c9b1c3e0c,gvc_611b89f1e11f;gvc_691a6660be33,Lever Seated Calf Press | Lever Seated Calf Press (version 2),Machine Seated Calf Press,,MANUAL,Calves,MVP_CANDIDATE,Resistance/strength candidate,Machine,source,하체,source,종아리,,name_high,weight_reps,equipment,weight_reps,,3,2,1,MANUAL_QA_REQUIRED
gvs_c079234e38d364ce,gvc_511c5fe0aa59;gvc_a93693a7bfac,Lever Seated Calf Raise (plate Loaded) | Lever Seated Calf Raise (plate Loaded) (version 2),Machine Seated Calf Raise (Plate Loaded),,MANUAL,Calves,MVP_CANDIDATE,Resistance/strength candidate,Machine,source,하체,source,종아리,,name_high,weight_reps,equipment,weight_reps,,3,2,1,MANUAL_QA_REQUIRED
gvs_079e71dbce84e353,gvc_497540cb2652,Lever Seated Crunch,Machine Seated Crunch,머신 시티드 크런치,AUTO_PHRASE_DRAFT,Waist,MVP_CANDIDATE,Resistance/strength candidate,Machine,source,코어,source,복직근,,name_high,weight_reps,equipment,weight_reps,,2,1,1,AUTO_DRAFT_COMPLETE
gvs_7e4546271cbe17c7,gvc_597d3d9386e0,Lever Seated Crunch (chest Pad),Machine Seated Crunch (Chest Pad),,MANUAL,Waist,MVP_CANDIDATE,Resistance/strength candidate,Machine,source,코어,source,복직근,,name_high,weight_reps,equipment,weight_reps,,2,1,1,MANUAL_QA_REQUIRED
gvs_583bf1aae18d5140,gvc_0abc6cbf71f3,Lever Seated Crunch (hands Pad),Machine Seated Crunch (Hands Pad),,MANUAL,Waist,MVP_CANDIDATE,Resistance/strength candidate,Machine,source,코어,source,복직근,,name_high,weight_reps,equipment,weight_reps,,2,1,1,MANUAL_QA_REQUIRED
gvs_570aaf11cdae970d,gvc_18644b08a799,Lever Seated Dip,Machine Seated Dip,머신 시티드 딥스,AUTO_PHRASE_DRAFT,Upper-Arms,MVP_CANDIDATE,Resistance/strength candidate,Machine,source,팔,source,,,unsupported,weight_reps,equipment,weight_reps,,2,1,1,AUTO_DRAFT_COMPLETE
gvs_37718aeb590c65fb,gvc_067f0a089d4d;gvc_8bfa75e8947c,Lever Seated Fly | Lever Seated Fly (version 2),Machine Seated Fly,,MANUAL,Chest,MVP_CANDIDATE,Resistance/strength candidate,Machine,source,가슴,source,,,unsupported,weight_reps,equipment,weight_reps,,4,2,2,MANUAL_QA_REQUIRED
gvs_a3228d7ab1a619d8,gvc_300249b75dca,Lever Seated Hammer Grip Shoulder Press,Machine Seated Hammer Grip Shoulder Press,,MANUAL,Shoulders,MVP_CANDIDATE,Resistance/strength candidate,Machine,source,어깨,source,삼각근,삼두근,name_high,weight_reps,equipment,weight_reps,,1,1,0,MANUAL_QA_REQUIRED
gvs_07ca73218d1adfa9,gvc_6f1d7b5472e6;gvc_9f52273874ea,Lever Seated Hip Abduction | Lever Seated Hip Abduction (version 2),Machine Seated Hip Abduction,머신 시티드 힙 어브덕션,AUTO_PHRASE_DRAFT,Hips,MVP_CANDIDATE,Resistance/strength candidate,Machine,source,하체,source,중둔근,,name_high,weight_reps,equipment,weight_reps,,3,1,2,AUTO_DRAFT_COMPLETE
gvs_fb06f2ddd4a436f5,gvc_24187a45fa1e;gvc_58377bed493f,Lever Seated Hip Adduction | Lever Seated Hip Adduction (version 2),Machine Seated Hip Adduction,머신 시티드 힙 어덕션,AUTO_PHRASE_DRAFT,Thighs;Hips,MVP_CANDIDATE,Resistance/strength candidate,Machine,source,하체,source,내전근,,name_high,weight_reps,equipment,weight_reps,,3,1,2,AUTO_DRAFT_COMPLETE
gvs_56ea108fdb0bb3a7,gvc_47aa6c9e6cff,Lever Seated Leg Curl,Machine Seated Leg Curl,머신 시티드 레그 컬,AUTO_PHRASE_DRAFT,Thighs,MVP_CANDIDATE,Resistance/strength candidate,Machine,source,하체,source,햄스트링,,name_high,weight_reps,equipment,weight_reps,,2,1,1,AUTO_DRAFT_COMPLETE
gvs_3f7536f132b6bc91,gvc_0a70901e0de3,Lever Seated Leg Curl (plate Loaded),Machine Seated Leg Curl (Plate Loaded),,MANUAL,Thighs,MVP_CANDIDATE,Resistance/strength candidate,Machine,source,하체,source,햄스트링,,name_high,weight_reps,equipment,weight_reps,,1,1,0,MANUAL_QA_REQUIRED
gvs_ab1c890298cbaae8,gvc_72fe34210965,Lever Seated Leg Extension (version 2),Machine Seated Leg Extension,머신 시티드 레그 익스텐션,AUTO_PHRASE_DRAFT,Thighs,MVP_CANDIDATE,Resistance/strength candidate,Machine,source,하체,source,대퇴사두근,,name_high,weight_reps,equipment,weight_reps,,2,2,0,AUTO_DRAFT_COMPLETE
gvs_aff57cafe566d267,gvc_7a6118162f2e;gvc_896981555acf,Lever Seated Leg Press | Lever Seated Leg Press (version 2),Machine Seated Leg Press,머신 시티드 레그 프레스,AUTO_PHRASE_DRAFT,Thighs,MVP_CANDIDATE,Resistance/strength candidate,Machine,source,하체,source,대퇴사두근,둔근,name_high,weight_reps,equipment,weight_reps,,3,2,1,AUTO_DRAFT_COMPLETE
gvs_c87e614e3050a29c,gvc_c9cb1718e832,Lever Seated Leg Raise Crunch (plate Loaded),Machine Seated Leg Raise Crunch (Plate Loaded),,MANUAL,Waist,MVP_CANDIDATE,Resistance/strength candidate,Machine,source,코어,source,복직근,,name_high,weight_reps,equipment,weight_reps,,2,1,1,MANUAL_QA_REQUIRED
gvs_d023c3e7a9e906e7,gvc_f59246d8084c,Lever Seated Neutral Grip Reverse Fly,Machine Seated Neutral Grip Reverse Fly,머신 시티드 뉴트럴 그립 리버스 플라이,AUTO_PHRASE_DRAFT,Shoulders,MVP_CANDIDATE,Resistance/strength candidate,Machine,source,어깨,source,후면 삼각근,,name_high,weight_reps,equipment,weight_reps,,1,0,1,AUTO_DRAFT_COMPLETE
gvs_6f080ab6ec44a9fc,gvc_d1a796faa08d,Lever Seated Reverse Fly,Machine Seated Reverse Fly,머신 시티드 리버스 플라이,AUTO_PHRASE_DRAFT,Shoulders,MVP_CANDIDATE,Resistance/strength candidate,Machine,source,어깨,source,후면 삼각근,,name_high,weight_reps,equipment,weight_reps,,4,2,2,AUTO_DRAFT_COMPLETE
gvs_eb9fd2b2b0b4ed7c,gvc_d88925b7af4f,Lever Seated Reverse Fly (parallel Grip),Machine Seated Reverse Fly (Parallel Grip),,MANUAL,Shoulders,MVP_CANDIDATE,Resistance/strength candidate,Machine,source,어깨,source,후면 삼각근,,name_high,weight_reps,equipment,weight_reps,,2,2,0,MANUAL_QA_REQUIRED
gvs_e95ed9a7451d140f,gvc_7ad7f82ad4f7;gvc_9e311408621e,Lever Seated Row | Lever Seated Row (version 2),Machine Seated Row,머신 시티드 로우,AUTO_PHRASE_DRAFT,Back,MVP_CANDIDATE,Resistance/strength candidate,Machine,source,등,source,등 상부 / 광배근,이두근,name_high,weight_reps,equipment,weight_reps,,4,2,2,AUTO_DRAFT_COMPLETE
gvs_98564e5fdc48c577,gvc_51f16210ec1b,Lever Seated Row (plate Loaded),Machine Seated Row (Plate Loaded),,MANUAL,Back,MVP_CANDIDATE,Resistance/strength candidate,Machine,source,등,source,등 상부 / 광배근,이두근,name_high,weight_reps,equipment,weight_reps,,1,1,0,MANUAL_QA_REQUIRED
gvs_310e0035198cdfa1,gvc_b62250e065ea,Lever Seated Shoulder Press,Machine Seated Shoulder Press,머신 시티드 숄더 프레스,AUTO_PHRASE_DRAFT,Shoulders,MVP_CANDIDATE,Resistance/strength candidate,Machine,source,어깨,source,삼각근,삼두근,name_high,weight_reps,equipment,weight_reps,,2,1,1,AUTO_DRAFT_COMPLETE
gvs_e0eddff9c13ccf61,gvc_6d2079974f65,Lever Seated Single Arm Row,Machine Seated Single Arm Row,머신 시티드 원암 로우,AUTO_PHRASE_DRAFT,Back,MVP_CANDIDATE,Resistance/strength candidate,Machine,source,등,source,등 상부 / 광배근,이두근,name_high,weight_reps,equipment,weight_reps,,1,1,0,AUTO_DRAFT_COMPLETE
gvs_f0834095ad10e6cd,gvc_4f414495c64c,Lever Seated Single Arm Shoulder Press,Machine Seated Single Arm Shoulder Press,머신 시티드 원암 숄더 프레스,AUTO_PHRASE_DRAFT,Shoulders,MVP_CANDIDATE,Resistance/strength candidate,Machine,source,어깨,source,삼각근,삼두근,name_high,weight_reps,equipment,weight_reps,,1,1,0,AUTO_DRAFT_COMPLETE
gvs_a8fce16f11cead87,gvc_56da5bbf795a,Lever Seated Single Arm Wide Lat Pulldown B,Machine Seated Single Arm Wide Lat Pulldown B,,MANUAL,,MVP_CANDIDATE,Resistance/strength candidate,Machine,source,등,name,광배근,이두근 / 승모근,name_high,weight_reps,equipment,weight_reps,,1,1,0,MANUAL_QA_REQUIRED
gvs_9f75def09bd2b6fe,gvc_87925ab99df4,Lever Seated Single Calf Press,Machine Seated Single Calf Press,,MANUAL,Calves,MVP_CANDIDATE,Resistance/strength candidate,Machine,source,하체,source,종아리,,name_high,weight_reps,equipment,weight_reps,,1,0,1,MANUAL_QA_REQUIRED
gvs_29febce27856b32c,gvc_c84ae181abb8,Lever Seated One Leg Curl,Machine Seated Single Leg Curl,,MANUAL,Thighs,MVP_CANDIDATE,Resistance/strength candidate,Machine,source,하체,source,햄스트링,,name_high,weight_reps,equipment,weight_reps,,2,1,1,MANUAL_QA_REQUIRED
gvs_492fe8611821bbd1,gvc_2dbaebf09646,Lever Seated Single Leg Press (version 2),Machine Seated Single Leg Press,,MANUAL,Thighs,MVP_CANDIDATE,Resistance/strength candidate,Machine,source,하체,source,대퇴사두근,둔근,name_high,weight_reps,equipment,weight_reps,,1,1,0,MANUAL_QA_REQUIRED
gvs_7c2a8151b4d62bed,gvc_fbaa6bc9e4d4,Lever Seated Single Leg Squat Calf Raise On Leg Press Machine,Machine Seated Single Leg Squat Calf Raise On Leg Press Machine,,MANUAL,Calves,MVP_CANDIDATE,Resistance/strength candidate,Machine,source,하체,source,종아리,,name_high,weight_reps,equipment,weight_reps,,1,0,1,MANUAL_QA_REQUIRED
gvs_8f7fec3541a3c881,gvc_c335ecc4ee40,Lever Seated Squat Calf Raise On Leg Press Machine,Machine Seated Squat Calf Raise On Leg Press Machine,,MANUAL,Calves,MVP_CANDIDATE,Resistance/strength candidate,Machine,source,하체,source,종아리,,name_high,weight_reps,equipment,weight_reps,,2,1,1,MANUAL_QA_REQUIRED
gvs_2835c9808c20a58e,gvc_331d84805e52,Lever Sitting Toe Raise,Machine Seated Toe Raise,,MANUAL,Calves,MVP_CANDIDATE,Resistance/strength candidate,Machine,source,하체,source,,,unsupported,weight_reps,equipment,weight_reps,,1,1,0,MANUAL_QA_REQUIRED
gvs_113f2135449b8241,gvc_e45309540c6e,Lever Seated Triceps Extension (plate Loaded) (mal,Machine Seated Triceps Extension (Plate Loaded),,MANUAL,,MVP_CANDIDATE,Resistance/strength candidate,Machine,source,팔,name,삼두근,,name_high,weight_reps,equipment,weight_reps,,1,1,0,MANUAL_QA_REQUIRED
gvs_11ea3ab4df4dda7a,gvc_cf9816503535,Lever Seated Twist,Machine Seated Twist,,MANUAL,Waist,MVP_CANDIDATE,Resistance/strength candidate,Machine,source,코어,source,,,unsupported,weight_reps,equipment,weight_reps,,2,1,1,MANUAL_QA_REQUIRED
gvs_f92833759ca2c7f1,gvc_65f26c9910a5,Lever Seated Wide Lat Pulldown,Machine Seated Wide Lat Pulldown,,MANUAL,Back,MVP_CANDIDATE,Resistance/strength candidate,Machine,source,등,source,광배근,이두근 / 승모근,name_high,weight_reps,equipment,weight_reps,,1,1,0,MANUAL_QA_REQUIRED
gvs_3a4acc676bcf2c17,gvc_3ef16b979421,Lever Seated Wide Pulldown (plate Loaded) B,Machine Seated Wide Pulldown (Plate Loaded) B,,MANUAL,,MVP_CANDIDATE,Resistance/strength candidate,Machine,source,등,name,,,unsupported,weight_reps,equipment,weight_reps,,1,1,0,MANUAL_QA_REQUIRED
gvs_0700441ec9826fe6,gvc_597ff1c51e43;gvc_6146a1dc3c1a,Lever Shoulder Press (plate Loaded) (version 2) | Lever Shoulder Press (plate Loaded) Version,Machine Shoulder Press (Plate Loaded),,MANUAL,Shoulders,MVP_CANDIDATE,Resistance/strength candidate,Machine,source,어깨,source,삼각근,삼두근,name_high,weight_reps,equipment,weight_reps,,2,2,0,MANUAL_QA_REQUIRED
gvs_5f28b78f7b54ddaf,gvc_67a4e6aed622,Lever Shrug (plate Loaded),Machine Shrug (Plate Loaded),,MANUAL,Back,MVP_CANDIDATE,Resistance/strength candidate,Machine,source,등,source,,,unsupported,weight_reps,equipment,weight_reps,,1,0,1,MANUAL_QA_REQUIRED
gvs_f452c61623c4a89c,gvc_34b84adc8131,Lever Side Hip Abduction,Machine Side Hip Abduction,머신 사이드 힙 어브덕션,AUTO_PHRASE_DRAFT,Hips,MVP_CANDIDATE,Resistance/strength candidate,Machine,source,하체,source,중둔근,,name_high,weight_reps,equipment,weight_reps,,1,0,1,AUTO_DRAFT_COMPLETE
gvs_f0a63d0f53de5ddf,gvc_7741812c8ada,Lever Side Seated Single Arm Rear Delt Fly,Machine Side Seated Single Arm Rear Delt Fly,,MANUAL,,MVP_CANDIDATE,Resistance/strength candidate,Machine,source,가슴,name,후면 삼각근,,name_high,weight_reps,equipment,weight_reps,BODY_MUSCLE_FAMILY_CONFLICT,1,1,0,MANUAL_QA_REQUIRED
gvs_4a270e432a19a0a3,gvc_1e58d9cdf58e,Lever Single Arm Chest Press (plate Loaded),Machine Single Arm Chest Press (Plate Loaded),,MANUAL,Chest,MVP_CANDIDATE,Resistance/strength candidate,Machine,source,가슴,source,대흉근,삼두근 / 전면 삼각근,name_high,weight_reps,equipment,weight_reps,,1,1,0,MANUAL_QA_REQUIRED
gvs_8fb725a1821b7e35,gvc_c21d88797aaf,Lever One Arm Incline Chest Press (plate Loaded),Machine Single Arm Incline Chest Press (Plate Loaded),,MANUAL,Chest,MVP_CANDIDATE,Resistance/strength candidate,Machine,source,가슴,source,대흉근,삼두근 / 전면 삼각근,name_high,weight_reps,equipment,weight_reps,,1,1,0,MANUAL_QA_REQUIRED
gvs_18071cd0570beb9e,gvc_cdaa2dc6e67d,Lever One Arm Lateral High Row,Machine Single Arm Lateral High Row,,MANUAL,Back,MVP_CANDIDATE,Resistance/strength candidate,Machine,source,등,source,등 상부 / 광배근,이두근,name_high,weight_reps,equipment,weight_reps,,2,1,1,MANUAL_QA_REQUIRED
gvs_8027d44ebd861ffc,gvc_5f834f51c490,Lever One Arm Lateral Wide Pulldown (plate Loaded),Machine Single Arm Lateral Wide Pulldown (Plate Loaded),,MANUAL,Back,MVP_CANDIDATE,Resistance/strength candidate,Machine,source,등,source,,,unsupported,weight_reps,equipment,weight_reps,,1,1,0,MANUAL_QA_REQUIRED
gvs_08b0ac458205e659,gvc_eef6a78ebb5a,Lever One Arm Low Row (plate Loaded),Machine Single Arm Low Row (Plate Loaded),,MANUAL,Back,MVP_CANDIDATE,Resistance/strength candidate,Machine,source,등,source,등 상부 / 광배근,이두근,name_high,weight_reps,equipment,weight_reps,,1,1,0,MANUAL_QA_REQUIRED
gvs_0f3dc0841858e1f2,gvc_e962d9dd446c,Lever Single Arm Neutral Grip Seated Row (plate Lo,Machine Single Arm Neutral Grip Seated Row (Plate Lo,,MANUAL,,MVP_CANDIDATE,Resistance/strength candidate,Machine,source,등,name,등 상부 / 광배근,이두근,name_high,weight_reps,equipment,weight_reps,,1,1,0,MANUAL_QA_REQUIRED
gvs_05a547a8ca41326a,gvc_3032d949e8f5,Lever Single Arm Reverse Grip High Row (plate Load,Machine Single Arm Reverse Grip High Row (Plate Load,,MANUAL,,MVP_CANDIDATE,Resistance/strength candidate,Machine,source,등,name,등 상부 / 광배근,이두근,name_high,weight_reps,equipment,weight_reps,,1,1,0,MANUAL_QA_REQUIRED
gvs_a68ddc98b36a217e,gvc_481965727a97,Lever One Arm Shoulder Press (plate Loaded),Machine Single Arm Shoulder Press (Plate Loaded),,MANUAL,Shoulders,MVP_CANDIDATE,Resistance/strength candidate,Machine,source,어깨,source,삼각근,삼두근,name_high,weight_reps,equipment,weight_reps,,1,1,0,MANUAL_QA_REQUIRED
gvs_d631315cdec92cda,gvc_e3b7f8ea6470,Lever Single Arm Shoulder Press (plate Loaded) (ve,Machine Single Arm Shoulder Press (Plate Loaded) (Ve,,MANUAL,,MVP_CANDIDATE,Resistance/strength candidate,Machine,source,어깨,name,삼각근,삼두근,name_high,weight_reps,equipment,weight_reps,,1,1,0,MANUAL_QA_REQUIRED
gvs_2c62046382feb8bb,gvc_5ee24d58fbe4,Lever Single Leg Deadlift On Hack Squat Machine (f,Machine Single Leg Deadlift On Hack Squat Machine,,MANUAL,,MVP_CANDIDATE,Resistance/strength candidate,Machine,source,하체,name,둔근 / 햄스트링,등 / 코어,name_high,weight_reps,equipment,weight_reps,,1,0,1,MANUAL_QA_REQUIRED
gvs_f4de947bfbda05eb,gvc_c4e9e9a7c3c1,Lever One Leg Extension,Machine Single Leg Extension,,MANUAL,Thighs,MVP_CANDIDATE,Resistance/strength candidate,Machine,source,하체,source,대퇴사두근,,name_high,weight_reps,equipment,weight_reps,,2,1,1,MANUAL_QA_REQUIRED
gvs_04f22789295974b5,gvc_f5864e19e05c,Lever Single Leg Extension (plate Loaded),Machine Single Leg Extension (Plate Loaded),,MANUAL,Thighs,MVP_CANDIDATE,Resistance/strength candidate,Machine,source,하체,source,대퇴사두근,,name_high,weight_reps,equipment,weight_reps,,1,1,0,MANUAL_QA_REQUIRED
gvs_7a79f14654773b94,gvc_40e24db7bd37,Lever Squat (plate Loaded),Machine Squat (Plate Loaded),,MANUAL,Thighs,MVP_CANDIDATE,Resistance/strength candidate,Machine,source,하체,source,대퇴사두근,둔근,name_high,weight_reps,equipment,weight_reps,,3,2,1,MANUAL_QA_REQUIRED
gvs_32378f7d22951985,gvc_7945833e9ea6,Lever Standing Calf Raise,Machine Standing Calf Raise,머신 스탠딩 카프 레이즈,AUTO_PHRASE_DRAFT,Calves,MVP_CANDIDATE,Resistance/strength candidate,Machine,source,하체,source,종아리,,name_high,weight_reps,equipment,weight_reps,,2,1,1,AUTO_DRAFT_COMPLETE
gvs_09755d77939eae27,gvc_e03e8032fa04,Lever Standing Hip Extension,Machine Standing Hip Extension,,MANUAL,Hips,MVP_CANDIDATE,Resistance/strength candidate,Machine,source,하체,source,,,unsupported,weight_reps,equipment,weight_reps,,2,1,1,MANUAL_QA_REQUIRED
gvs_1ca25ea2e72e2ec4,gvc_81b76fffa775,Lever Standing Lateral Raise,Machine Standing Lateral Raise,머신 스탠딩 레터럴 레이즈,AUTO_PHRASE_DRAFT,Shoulders,MVP_CANDIDATE,Resistance/strength candidate,Machine,source,어깨,source,측면 삼각근,,name_high,weight_reps,equipment,weight_reps,,1,1,0,AUTO_DRAFT_COMPLETE
gvs_dbbcf37fd4aceb8f,gvc_3d95613369d2,Lever Standing Pec Fly,Machine Standing Pec Fly,,MANUAL,Chest,MVP_CANDIDATE,Resistance/strength candidate,Machine,source,가슴,source,,,unsupported,weight_reps,equipment,weight_reps,,1,1,0,MANUAL_QA_REQUIRED
gvs_18eabf4c79be7b52,gvc_7b7e2e301ced,Lever Standing Rear Kick,Machine Standing Rear Kick,,MANUAL,Hips,MVP_CANDIDATE,Resistance/strength candidate,Machine,source,하체,source,,,unsupported,weight_reps,equipment,weight_reps,,2,1,1,MANUAL_QA_REQUIRED
gvs_ceed9329a4ec1b71,gvc_1130383db86b,Lever Standing Single Leg Curl (plate Loaded),Machine Standing Single Leg Curl (Plate Loaded),,MANUAL,Thighs,MVP_CANDIDATE,Resistance/strength candidate,Machine,source,하체,source,햄스트링,,name_high,weight_reps,equipment,weight_reps,,1,1,0,MANUAL_QA_REQUIRED
gvs_eca7654d017455d1,gvc_915df7678a16,Lever Standing Viking Press,Machine Standing Viking Press,,MANUAL,Shoulders,MVP_CANDIDATE,Resistance/strength candidate,Machine,source,어깨,source,,,unsupported,weight_reps,equipment,weight_reps,,1,1,0,MANUAL_QA_REQUIRED
gvs_5adcb6213f51d495,gvc_f099c5a036a2,Lever Supinated Grip Seated Row (plate Loaded),Machine Supinated Grip Seated Row (Plate Loaded),,MANUAL,Back,MVP_CANDIDATE,Resistance/strength candidate,Machine,source,등,source,등 상부 / 광배근,이두근,name_high,weight_reps,equipment,weight_reps,,1,1,0,MANUAL_QA_REQUIRED
gvs_5a30b343f8a3b5a3,gvc_b356665d57d0,Lever T Bar Row (plate Loaded),Machine T Bar Row (Plate Loaded),,MANUAL,Back,MVP_CANDIDATE,Resistance/strength candidate,Machine,source,등,source,등 상부 / 광배근,이두근,name_high,weight_reps,equipment,weight_reps,,2,1,1,MANUAL_QA_REQUIRED
gvs_eef4ae6983a3b9a1,gvc_c005bacaebcb,Lever Total Abdominal Crunch,Machine Total Abdominal Crunch,,MANUAL,Waist,MVP_CANDIDATE,Resistance/strength candidate,Machine,source,코어,source,복직근,,name_high,weight_reps,equipment,weight_reps,,1,1,0,MANUAL_QA_REQUIRED
gvs_9a7a7e67b24155d7,gvc_bdff2c0d9407,Lever Triceps Dip (plate Loaded),Machine Triceps Dip (Plate Loaded),,MANUAL,Upper-Arms,MVP_CANDIDATE,Resistance/strength candidate,Machine,source,팔,source,,,unsupported,weight_reps,equipment,weight_reps,,1,1,0,MANUAL_QA_REQUIRED
gvs_4037ce2841f272ce,gvc_20817c2702d0;gvc_20817d2702d0;gvc_38ddbd4fc791,Lever Triceps Extension | Lever Triceps Extension (version 2) | Lever Triceps Extension (version 3),Machine Triceps Extension,머신 트라이셉 익스텐션,AUTO_PHRASE_DRAFT,Upper-Arms,MVP_CANDIDATE,Resistance/strength candidate,Machine,source,팔,source,삼두근,,name_high,weight_reps,equipment,weight_reps,,6,3,3,AUTO_DRAFT_COMPLETE
gvs_22f30b8e17746c38,gvc_76831d14248b,Lever Trunk Rotation,Machine Trunk Rotation,,MANUAL,Waist,MVP_CANDIDATE,Resistance/strength candidate,Machine,source,코어,source,,,unsupported,weight_reps,equipment,weight_reps,,1,1,0,MANUAL_QA_REQUIRED
gvs_03a6aa965d53bb24,gvc_3b11f6b3333c,Lever Unilateral Row,Machine Unilateral Row,,MANUAL,Back,MVP_CANDIDATE,Resistance/strength candidate,Machine,source,등,source,등 상부 / 광배근,이두근,name_high,weight_reps,equipment,weight_reps,,1,1,0,MANUAL_QA_REQUIRED
gvs_5d7e0955c7e06da1,gvc_2926eefba296,Lever Vertical Leg Press,Machine Vertical Leg Press,,MANUAL,Thighs,MVP_CANDIDATE,Resistance/strength candidate,Machine,source,하체,source,대퇴사두근,둔근,name_high,weight_reps,equipment,weight_reps,,1,1,0,MANUAL_QA_REQUIRED
gvs_d178f17d2e4c72bd,gvc_47e596b77b98,Lever Vertical Squat,Machine Vertical Squat,,MANUAL,Thighs,MVP_CANDIDATE,Resistance/strength candidate,Machine,source,하체,source,대퇴사두근,둔근,name_high,weight_reps,equipment,weight_reps,,1,1,0,MANUAL_QA_REQUIRED
gvs_837f40ea44628f18,gvc_7c5384811fa1,Medicine Ball Alternate V Up,Medicine Ball Alternate V Up,,MANUAL,Waist,MVP_CANDIDATE,Resistance/strength candidate,Medicine Ball,source,코어,source,,,unsupported,,review,,,1,0,1,MANUAL_QA_REQUIRED
gvs_f805ac40a2348c2e,gvc_37b415d2e80a,Medicine Ball Catch And Overhead Throw,Medicine Ball Catch And Overhead Throw,,MANUAL,Back,MVP_CANDIDATE,Resistance/strength candidate,Medicine Ball,source,등,source,,,unsupported,,review,,,1,1,0,MANUAL_QA_REQUIRED
gvs_e1774f798254b3e1,gvc_41ee56336894,Medicine Ball Chest Pass Against Wall,Medicine Ball Chest Pass Against Wall,,MANUAL,Chest,MVP_CANDIDATE,Resistance/strength candidate,Medicine Ball,source,가슴,source,,,unsupported,,review,,,1,1,0,MANUAL_QA_REQUIRED
gvs_21548bfbbf26bca3,gvc_6b93eb34b360,Medicine Ball Close Grip Push Up,Medicine Ball Close Grip Push Up,메디신볼 클로즈 그립 푸시업,AUTO_PHRASE_DRAFT,Upper-Arms,MVP_CANDIDATE,Resistance/strength candidate,Medicine Ball,source,팔,source,,,unsupported,,review,reps,,1,1,0,MANUAL_QA_REQUIRED
gvs_ea40efdec41b66f0,gvc_8b564b77291c,Medicine Ball Crunch On Stability Ball,Medicine Ball Crunch On Stability Ball,,MANUAL,Waist,MVP_CANDIDATE,Resistance/strength candidate,Medicine Ball,source,코어,source,복직근,,name_high,,review,reps,,1,1,0,MANUAL_QA_REQUIRED
gvs_6caa3c05e62090ed,gvc_73b025271264,Medicine Ball Goblet Squat,Medicine Ball Goblet Squat,메디신볼 고블릿 스쿼트,AUTO_PHRASE_DRAFT,Thighs,MVP_CANDIDATE,Resistance/strength candidate,Medicine Ball,source,하체,source,대퇴사두근,둔근,name_high,,review,,,1,1,0,MANUAL_QA_REQUIRED
gvs_564786341fe46dae,gvc_f4575e40ec4f,Medicine Ball Lunge With Biceps Curl,Medicine Ball Lunge With Biceps Curl,,MANUAL,Thighs,MVP_CANDIDATE,Resistance/strength candidate,Medicine Ball,source,하체,source,대퇴사두근,둔근,name_high,,review,reps,,1,1,0,MANUAL_QA_REQUIRED
gvs_221086661b62f358,gvc_8c2a5d590661,Medicine Ball Lying Leg Raise,Medicine Ball Lying Leg Raise,메디신볼 라잉 레그 레이즈,AUTO_PHRASE_DRAFT,Waist,MVP_CANDIDATE,Resistance/strength candidate,Medicine Ball,source,코어,source,복직근,,name_high,,review,reps,,1,1,0,MANUAL_QA_REQUIRED
gvs_8daf2765dadcb63d,gvc_cc05a3c8988d,Medicine Ball Overhead Slam,Medicine Ball Overhead Slam,,MANUAL,Back,MVP_CANDIDATE,Resistance/strength candidate,Medicine Ball,source,등,source,,,unsupported,,review,,,2,1,1,MANUAL_QA_REQUIRED
gvs_6c8377f55f489515,gvc_a17de9fc02cb,Medicine Ball Plank Jack,Medicine Ball Plank Jack,,MANUAL,Waist,MVP_CANDIDATE,Resistance/strength candidate,Medicine Ball,source,코어,source,코어,,name_high,,review,duration,,1,1,0,MANUAL_QA_REQUIRED
gvs_2c3a20fbab41e683,gvc_aac28b9e567b,Medicine Ball Plyo Push Up,Medicine Ball Plyo Push Up,,MANUAL,Chest,MVP_CANDIDATE,Resistance/strength candidate,Medicine Ball,source,가슴,source,,,unsupported,,review,reps,,1,1,0,MANUAL_QA_REQUIRED
gvs_37f2040fa7d00117,gvc_820d0de65102,Medicine Ball Roll Plank,Medicine Ball Roll Plank,,MANUAL,Waist,MVP_CANDIDATE,Resistance/strength candidate,Medicine Ball,source,코어,source,코어,,name_high,duration,semantic,duration,,1,1,0,MANUAL_QA_REQUIRED
gvs_e12b0d24fea3069a,gvc_beb7a384a627,Medicine Ball Rotary Throw,Medicine Ball Rotary Throw,,MANUAL,Waist,MVP_CANDIDATE,Resistance/strength candidate,Medicine Ball,source,코어,source,,,unsupported,,review,,,1,1,0,MANUAL_QA_REQUIRED
gvs_54c68d6e140b53cc,gvc_2462aa583d5e,Medicine Ball Russian Twist (legs Up),Medicine Ball Russian Twist (Legs Up),,MANUAL,Waist,MVP_CANDIDATE,Resistance/strength candidate,Medicine Ball,source,코어,source,복사근,코어,name_high,,review,,,1,1,0,MANUAL_QA_REQUIRED
gvs_8abcf0a0a50d991a,gvc_0462f8b7b6d9,Medicine Ball Sit Up (wall),Medicine Ball Sit Up (Wall),,MANUAL,Waist,MVP_CANDIDATE,Resistance/strength candidate,Medicine Ball,source,코어,source,복직근,,name_high,,review,reps,,1,0,1,MANUAL_QA_REQUIRED
gvs_7390acb0b62274aa,gvc_bcd5ad4e2ffb,Medicine Ball Slam (version 2),Medicine Ball Slam,,MANUAL,Waist,MVP_CANDIDATE,Resistance/strength candidate,Medicine Ball,source,코어,source,,,unsupported,,review,,,1,1,0,MANUAL_QA_REQUIRED
gvs_3e85c8d0b76bddc2,gvc_defa81e1dc48,Medicine Ball Supine Chest Throw,Medicine Ball Supine Chest Throw,,MANUAL,Upper-Arms,MVP_CANDIDATE,Resistance/strength candidate,Medicine Ball,source,팔,source,,,unsupported,,review,,,1,1,0,MANUAL_QA_REQUIRED
gvs_a100ef0a0119a594,gvc_6774495fd192,Medicine Ball Throw Squat With Wall,Medicine Ball Throw Squat With Wall,,MANUAL,Shoulders,MVP_CANDIDATE,Resistance/strength candidate,Medicine Ball,source,어깨,source,대퇴사두근,둔근,name_high,,review,,BODY_MUSCLE_FAMILY_CONFLICT,1,1,0,MANUAL_QA_REQUIRED
gvs_2a8515b41af135fc,gvc_42e2103a3645;gvc_5488f10038c1,Mid Air Lateral Raises With Switching Palms | Mid Air Lateral Raises With Switching Palms (femal,Mid Air Lateral Raises With Switching Palms,,MANUAL,Shoulders,MVP_CANDIDATE,Resistance/strength candidate,Bodyweight,inferred_bodyweight,어깨,source,,,unsupported,reps,bodyweight,,,2,1,1,MANUAL_QA_REQUIRED
gvs_a915e0718c30de99,gvc_f7609ad43849,Mid Back Elbow Squeez,Mid Back Elbow Squeez,,MANUAL,Back,MVP_CANDIDATE,Resistance/strength candidate,Bodyweight,inferred_bodyweight,등,source,,,unsupported,reps,bodyweight,,,1,0,1,MANUAL_QA_REQUIRED
gvs_625bdff6bee493c0,gvc_925cdcf86d42,Mini Squat With A Chair,Mini Squat With A Chair,,MANUAL,Thighs,MVP_CANDIDATE,Resistance/strength candidate,Bodyweight,inferred_bodyweight,하체,source,대퇴사두근,둔근,name_high,reps,bodyweight,,,1,1,0,MANUAL_QA_REQUIRED
gvs_aa82b0a1f81f892d,gvc_509685c41c58,Mixed Grip Chin Up,Mixed Grip Chin Up,,MANUAL,Back,MVP_CANDIDATE,Resistance/strength candidate,Bodyweight,inferred_bodyweight,등,source,광배근,이두근 / 승모근,name_high,reps,bodyweight,,,1,1,0,MANUAL_QA_REQUIRED
gvs_0e599f2a17b6572c,gvc_fe8c3c5a36fa,Muscle Up,Muscle Up,,MANUAL,Back,MVP_CANDIDATE,Resistance/strength candidate,Bodyweight,inferred_bodyweight,등,source,,,unsupported,reps,bodyweight,,,1,1,0,MANUAL_QA_REQUIRED
gvs_fb3adfca0d72ae54,gvc_1842daee4503,Narrow Lunge With Wall Supported,Narrow Lunge With Wall Supported,,MANUAL,Thighs,MVP_CANDIDATE,Resistance/strength candidate,Bodyweight,inferred_bodyweight,하체,source,대퇴사두근,둔근,name_high,reps,bodyweight,reps,,2,1,1,MANUAL_QA_REQUIRED
gvs_9c914fad3fb3fac9,gvc_a8d9537e7d91,Narrow Squat From Deficit,Narrow Squat From Deficit,,MANUAL,Thighs,MVP_CANDIDATE,Resistance/strength candidate,Bodyweight,inferred_bodyweight,하체,source,대퇴사두근,둔근,name_high,reps,bodyweight,,,2,1,1,MANUAL_QA_REQUIRED
gvs_4c04b2bdd7ba883d,gvc_a09e38a6036a,Narrow To Normal Squat,Narrow To Normal Squat,,MANUAL,Thighs,MVP_CANDIDATE,Resistance/strength candidate,Bodyweight,inferred_bodyweight,하체,source,대퇴사두근,둔근,name_high,reps,bodyweight,,,1,0,1,MANUAL_QA_REQUIRED
gvs_6e3b4a454c8fde79,gvc_56c926bdd4c3,Negative Biceps Leg Concentration Curl,Negative Biceps Leg Concentration Curl,,MANUAL,Upper-Arms,MVP_CANDIDATE,Resistance/strength candidate,Bodyweight,inferred_bodyweight,팔,source,이두근,,name_high,reps,bodyweight,,,2,1,1,MANUAL_QA_REQUIRED
gvs_1d05ad131b2664a3,gvc_6e6f7691b050,Negative Crunch,Negative Crunch,,MANUAL,Waist,MVP_CANDIDATE,Resistance/strength candidate,Bodyweight,inferred_bodyweight,코어,source,복직근,,name_high,reps,bodyweight,reps,,1,1,0,MANUAL_QA_REQUIRED
gvs_51f8e654b0de0b4a,gvc_d1228356c156,Negative Dragon Flag,Negative Dragon Flag,,MANUAL,Waist,MVP_CANDIDATE,Resistance/strength candidate,Bodyweight,inferred_bodyweight,코어,source,,,unsupported,reps,bodyweight,,,2,1,1,MANUAL_QA_REQUIRED
gvs_c919e7eeace20380,gvc_305541d8210e,Negative Push Up,Negative Push Up,,MANUAL,Back,MVP_CANDIDATE,Resistance/strength candidate,Bodyweight,inferred_bodyweight,등,source,,,unsupported,reps,bodyweight,reps,,1,1,0,MANUAL_QA_REQUIRED
gvs_2e24d4dde7dc5d51,gvc_dde6ce6f9681,Neutral Grip Chin Up,Neutral Grip Chin Up,뉴트럴 그립 친업,AUTO_PHRASE_DRAFT,Back,MVP_CANDIDATE,Resistance/strength candidate,Bodyweight,inferred_bodyweight,등,source,광배근,이두근 / 승모근,name_high,reps,bodyweight,,,1,1,0,AUTO_DRAFT_COMPLETE
gvs_b9f0dec836b107ea,gvc_2e20a1b89f2d,Neutral Wrist Roller,Neutral Wrist Roller,,MANUAL,Forearms,MVP_CANDIDATE,Resistance/strength candidate,Bodyweight,inferred_bodyweight,팔,source,,,unsupported,reps,bodyweight,,,1,1,0,MANUAL_QA_REQUIRED
gvs_9719782b62080b9b,gvc_3aae331ed683,Nordic Hamstring Curl,Nordic Hamstring Curl,,MANUAL,Thighs,MVP_CANDIDATE,Resistance/strength candidate,Bodyweight,inferred_bodyweight,하체,source,햄스트링,,name_high,reps,bodyweight,,,1,1,0,MANUAL_QA_REQUIRED
gvs_23379158cb3cb24e,gvc_81ba2cda79ac,Oblique Crunch (version 2),Oblique Crunch,,MANUAL,Waist,MVP_CANDIDATE,Resistance/strength candidate,Bodyweight,inferred_bodyweight,코어,source,복직근,,name_high,reps,bodyweight,reps,,1,1,0,MANUAL_QA_REQUIRED
gvs_ab8c475210d3b15c,gvc_5da5572ca3ce,Oblique Crunches Floor,Oblique Crunches Floor,,MANUAL,Waist,MVP_CANDIDATE,Resistance/strength candidate,Bodyweight,inferred_bodyweight,코어,source,,,unsupported,reps,bodyweight,,,1,1,0,MANUAL_QA_REQUIRED
gvs_017eb8e21b0d9e34,gvc_6bddd8cc5dd5,Oblique Crunches With Straight Leg Lift,Oblique Crunches With Straight Leg Lift,,MANUAL,Waist,MVP_CANDIDATE,Resistance/strength candidate,Bodyweight,inferred_bodyweight,코어,source,,,unsupported,reps,bodyweight,,,1,1,0,MANUAL_QA_REQUIRED
gvs_0a07989165980a9d,gvc_3bc97e45f247,Oblique V Up On Floor,Oblique V Up On Floor,,MANUAL,Waist,MVP_CANDIDATE,Resistance/strength candidate,Bodyweight,inferred_bodyweight,코어,source,,,unsupported,reps,bodyweight,,,2,1,1,MANUAL_QA_REQUIRED
gvs_b50d87a770e223b7,gvc_16d7aec86004,Offset Leg Push Up,Offset Leg Push Up,,MANUAL,Chest,MVP_CANDIDATE,Resistance/strength candidate,Bodyweight,inferred_bodyweight,가슴,source,,,unsupported,reps,bodyweight,reps,,1,1,0,MANUAL_QA_REQUIRED
gvs_6710e217f4219e6f,gvc_632e7cf334f1,Old School Reverse Extensions,Old School Reverse Extensions,,MANUAL,Upper-Arms,MVP_CANDIDATE,Resistance/strength candidate,Bodyweight,inferred_bodyweight,팔,source,,,unsupported,reps,bodyweight,,,2,1,1,MANUAL_QA_REQUIRED
gvs_faf396e0744b2d22,gvc_249dee5b488d,Olympic Barbell Hammer Curl,Olympic Barbell Hammer Curl,,MANUAL,Forearms,MVP_CANDIDATE,Resistance/strength candidate,Barbell,source,팔,source,이두근,,name_high,weight_reps,equipment,weight_reps,,2,1,1,MANUAL_QA_REQUIRED
gvs_57d1eef1efe6df31,gvc_2737e8dec2a8,Olympic Barbell Triceps Extension,Olympic Barbell Triceps Extension,,MANUAL,Upper-Arms,MVP_CANDIDATE,Resistance/strength candidate,Barbell,source,팔,source,삼두근,,name_high,weight_reps,equipment,weight_reps,,1,1,0,MANUAL_QA_REQUIRED
gvs_67681e9870491c42,gvc_9a149afb7a70,One Side Archer Push Up,One Side Archer Push Up,,MANUAL,Chest,MVP_CANDIDATE,Resistance/strength candidate,Bodyweight,inferred_bodyweight,가슴,source,,,unsupported,reps,bodyweight,reps,,1,1,0,MANUAL_QA_REQUIRED
gvs_0d0a1c03fa9f80b3,gvc_07ae00f9fe8b,Open Pulsing Glute Bridge,Open Pulsing Glute Bridge,,MANUAL,Hips,MVP_CANDIDATE,Resistance/strength candidate,Bodyweight,inferred_bodyweight,하체,source,둔근,햄스트링,name_high,reps,bodyweight,,,1,0,1,MANUAL_QA_REQUIRED
gvs_b4d5046da2dd538d,gvc_3f882b19b064;gvc_bb4a974e75b5,Opposite Arm And Leg Raise Against Wall | Opposite Arm And Leg Raise Against Wall H,Opposite Arm And Leg Raise Against Wall,,MANUAL,Hips,MVP_CANDIDATE,Resistance/strength candidate,Bodyweight,inferred_bodyweight,하체,source,복직근,,name_high,reps,bodyweight,reps,BODY_MUSCLE_FAMILY_CONFLICT,2,1,1,MANUAL_QA_REQUIRED
gvs_747878a9c35f4991,gvc_089dcc916d75,Opposite Arm Raise Against Wall,Opposite Arm Raise Against Wall,,MANUAL,Hips,MVP_CANDIDATE,Resistance/strength candidate,Bodyweight,inferred_bodyweight,하체,source,,,unsupported,reps,bodyweight,,,1,1,0,MANUAL_QA_REQUIRED
gvs_282f0146f7ff1b24,gvc_269a713d461b,Opposite Crunch,Opposite Crunch,,MANUAL,Waist,MVP_CANDIDATE,Resistance/strength candidate,Bodyweight,inferred_bodyweight,코어,source,복직근,,name_high,reps,bodyweight,reps,,1,1,0,MANUAL_QA_REQUIRED
gvs_dcb59c45c8e02f9d,gvc_fef202bd3577,Opposite Leg Raise,Opposite Leg Raise,,MANUAL,Hips,MVP_CANDIDATE,Resistance/strength candidate,Bodyweight,inferred_bodyweight,하체,source,복직근,,name_high,reps,bodyweight,reps,BODY_MUSCLE_FAMILY_CONFLICT,1,0,1,MANUAL_QA_REQUIRED
gvs_210a1029513c8521,gvc_453b1f14b612,Otis Up,Otis Up,,MANUAL,Waist,MVP_CANDIDATE,Resistance/strength candidate,Bodyweight,inferred_bodyweight,코어,source,,,unsupported,reps,bodyweight,,,2,1,1,MANUAL_QA_REQUIRED
gvs_dc7807ad40b7411d,gvc_217963bc9bb1,Overhead Clap,Overhead Clap,,MANUAL,Shoulders,MVP_CANDIDATE,Resistance/strength candidate,Bodyweight,inferred_bodyweight,어깨,source,,,unsupported,reps,bodyweight,,,1,0,1,MANUAL_QA_REQUIRED
gvs_57b01f0dbaddebe1,gvc_6cbcfcdc56d2,Overhead Sit Up With Legs On Bench,Overhead Sit Up With Legs On Bench,,MANUAL,Waist,MVP_CANDIDATE,Resistance/strength candidate,Bodyweight,inferred_bodyweight,코어,source,복직근,,name_high,reps,bodyweight,reps,,1,1,0,MANUAL_QA_REQUIRED
gvs_f9c35859b8bd5105,gvc_df41389e65c3,Palm Press Back,Palm Press Back,,MANUAL,Back,MVP_CANDIDATE,Resistance/strength candidate,Bodyweight,inferred_bodyweight,등,source,,,unsupported,reps,bodyweight,,,1,0,1,MANUAL_QA_REQUIRED
gvs_7520debcf2787512,gvc_05426a2235b4,Palm Up Palm Down Rotation,Palm Up Palm Down Rotation,,MANUAL,Shoulders,MVP_CANDIDATE,Resistance/strength candidate,Bodyweight,inferred_bodyweight,어깨,source,,,unsupported,reps,bodyweight,,,2,1,1,MANUAL_QA_REQUIRED
gvs_be82a204a87d0eee,gvc_f19d96b3eef6,Palms Above Head Elbow Squeeze,Palms Above Head Elbow Squeeze,,MANUAL,Chest,MVP_CANDIDATE,Resistance/strength candidate,Bodyweight,inferred_bodyweight,가슴,source,,,unsupported,reps,bodyweight,,,1,0,1,MANUAL_QA_REQUIRED
gvs_ad3e5c998c5c4879,gvc_d2b29a91ec58,Palms To Head Chest Fly,Palms To Head Chest Fly,,MANUAL,Chest,MVP_CANDIDATE,Resistance/strength candidate,Bodyweight,inferred_bodyweight,가슴,source,대흉근,삼두근 / 전면 삼각근,name_high,reps,bodyweight,,,1,0,1,MANUAL_QA_REQUIRED
gvs_3ea1ea6736ed1777,gvc_d9d438121a40,Parallel Bars Bent Knee Inverted Row,Parallel Bars Bent Knee Inverted Row,,MANUAL,Back,MVP_CANDIDATE,Resistance/strength candidate,Bodyweight,inferred_bodyweight,등,source,등 상부 / 광배근,이두근,name_high,reps,bodyweight,,,1,1,0,MANUAL_QA_REQUIRED
gvs_187ac3493c3610c9,gvc_931ca8c93933,Partner Assisted Pull Up,Partner Assisted Pull Up,,MANUAL,Back,MVP_CANDIDATE,Resistance/strength candidate,,unknown,등,source,광배근,이두근 / 승모근,name_high,,review,,,1,0,1,MANUAL_QA_REQUIRED
gvs_adfbbc529093e14c,gvc_5f56c5953a9e,Pass Through With Towel,Pass Through With Towel,,MANUAL,Shoulders,MVP_CANDIDATE,Resistance/strength candidate,Bodyweight,inferred_bodyweight,어깨,source,,,unsupported,reps,bodyweight,,,1,1,0,MANUAL_QA_REQUIRED
gvs_f4b728cfc3cd7997,gvc_bbb970cabcbb,Pause Squat,Pause Squat,,MANUAL,Thighs,MVP_CANDIDATE,Resistance/strength candidate,Bodyweight,inferred_bodyweight,하체,source,대퇴사두근,둔근,name_high,reps,bodyweight,,,1,1,0,MANUAL_QA_REQUIRED
gvs_1578ed94f6f0ee1a,gvc_ab07c31410db,Pelvic Tilt,Pelvic Tilt,,MANUAL,Hips,MVP_CANDIDATE,Resistance/strength candidate,Bodyweight,inferred_bodyweight,하체,source,,,unsupported,reps,bodyweight,,,2,1,1,MANUAL_QA_REQUIRED
gvs_6166e05f8416456f,gvc_8c3b6cc447ca,Pelvic Tilt Hold,Pelvic Tilt Hold,,MANUAL,Hips,MVP_CANDIDATE,Resistance/strength candidate,Bodyweight,inferred_bodyweight,하체,source,,,unsupported,duration,semantic,,,1,0,1,MANUAL_QA_REQUIRED
gvs_df5096e06ce8042a,gvc_2eb3c00c7e8b,Pelvic Tilt Into Bridge,Pelvic Tilt Into Bridge,,MANUAL,Hips,MVP_CANDIDATE,Resistance/strength candidate,Bodyweight,inferred_bodyweight,하체,source,,,unsupported,reps,bodyweight,,,1,1,0,MANUAL_QA_REQUIRED
gvs_025c86568e6af3dc,gvc_27d988b22183,Peterson Forward Side Step,Peterson Forward Side Step,,MANUAL,Hips,MVP_CANDIDATE,Resistance/strength candidate,Bodyweight,inferred_bodyweight,하체,source,,,unsupported,reps,bodyweight,,,1,1,0,MANUAL_QA_REQUIRED
gvs_8148b2a2bfd115f0,gvc_0ebe70d093cf,Pigeon Delt Raise,Pigeon Delt Raise,,MANUAL,Hips,MVP_CANDIDATE,Resistance/strength candidate,Bodyweight,inferred_bodyweight,하체,source,,,unsupported,reps,bodyweight,,,1,0,1,MANUAL_QA_REQUIRED
gvs_26af5eb1f821b10d,gvc_62464b25ed23,Pike Push Up,Pike Push Up,,MANUAL,Chest,MVP_CANDIDATE,Resistance/strength candidate,Bodyweight,inferred_bodyweight,가슴,source,,,unsupported,reps,bodyweight,reps,,2,1,1,MANUAL_QA_REQUIRED
gvs_e7df2f1411e9090e,gvc_6b06167a4ec5,Pike Push Up (on Bench) (version 2),Pike Push Up (On Bench),,MANUAL,Chest,MVP_CANDIDATE,Resistance/strength candidate,Bodyweight,inferred_bodyweight,가슴,source,,,unsupported,reps,bodyweight,reps,,2,1,1,MANUAL_QA_REQUIRED
gvs_6c960e3b71af1ec3,gvc_c7afdbcd5439,Pike Push Up From Deficit,Pike Push Up From Deficit,,MANUAL,Shoulders,MVP_CANDIDATE,Resistance/strength candidate,Bodyweight,inferred_bodyweight,어깨,source,,,unsupported,reps,bodyweight,reps,,1,1,0,MANUAL_QA_REQUIRED
gvs_2223bf3ab4792b28,gvc_a45c57749210,Pike Push Up With Parallettes,Pike Push Up With Parallettes,,MANUAL,Shoulders,MVP_CANDIDATE,Resistance/strength candidate,Bodyweight,inferred_bodyweight,어깨,source,,,unsupported,reps,bodyweight,reps,,1,1,0,MANUAL_QA_REQUIRED
gvs_dc92ee737ba860db,gvc_5bb42b962425,Pike To Cobra Push Up,Pike To Cobra Push Up,,MANUAL,Chest,MVP_CANDIDATE,Resistance/strength candidate,Bodyweight,inferred_bodyweight,가슴,source,,,unsupported,reps,bodyweight,reps,,1,1,0,MANUAL_QA_REQUIRED
gvs_6daac44d21644969,gvc_70dcff0a6c29,Pistol Squat To Box,Pistol Squat To Box,,MANUAL,Thighs,MVP_CANDIDATE,Resistance/strength candidate,Bodyweight,inferred_bodyweight,하체,source,대퇴사두근,둔근,name_high,reps,bodyweight,,,2,1,1,MANUAL_QA_REQUIRED
gvs_0881209180d4d161,gvc_0fe6071b40b6,Pistol Squat With Chair,Pistol Squat With Chair,,MANUAL,Thighs,MVP_CANDIDATE,Resistance/strength candidate,Bodyweight,inferred_bodyweight,하체,source,대퇴사두근,둔근,name_high,reps,bodyweight,,,1,1,0,MANUAL_QA_REQUIRED
gvs_1d1f9437ceee77ff,gvc_998110d57793,Planche Dip On Parallel Bars,Planche Dip On Parallel Bars,,MANUAL,Waist,MVP_CANDIDATE,Resistance/strength candidate,Bodyweight,inferred_bodyweight,코어,source,,,unsupported,reps,bodyweight,,,1,1,0,MANUAL_QA_REQUIRED
gvs_9f5ddaac8ce7e902,gvc_6d1159029e6f,Plank Alternate Anti Gravity Pull Up,Plank Alternate Anti Gravity Pull Up,,MANUAL,Waist,MVP_CANDIDATE,Resistance/strength candidate,Bodyweight,inferred_bodyweight,코어,source,광배근,이두근 / 승모근,name_high,duration,semantic,duration,BODY_MUSCLE_FAMILY_CONFLICT,1,1,0,MANUAL_QA_REQUIRED
gvs_0bcc99b18518fcfd,gvc_d6331e37135f,Plank Alternate Knee Tuck,Plank Alternate Knee Tuck,,MANUAL,Waist,MVP_CANDIDATE,Resistance/strength candidate,Bodyweight,inferred_bodyweight,코어,source,코어,,name_high,duration,semantic,duration,,1,0,1,MANUAL_QA_REQUIRED
gvs_a4b94f187844677e,gvc_17a8051db45f,Plank Arm Lifts,Plank Arm Lifts,,MANUAL,Back,MVP_CANDIDATE,Resistance/strength candidate,Bodyweight,inferred_bodyweight,등,source,코어,,name_high,duration,semantic,duration,BODY_MUSCLE_FAMILY_CONFLICT,1,0,1,MANUAL_QA_REQUIRED
gvs_d8e1ccf3fa1f0583,gvc_c473ea92bf65,Plank Feet Tap,Plank Feet Tap,,MANUAL,Waist,MVP_CANDIDATE,Resistance/strength candidate,Bodyweight,inferred_bodyweight,코어,source,코어,,name_high,reps,bodyweight,duration,,1,0,1,MANUAL_QA_REQUIRED
gvs_4de2efa07142fb32,gvc_64e6a8edfa55,Plank From Knees,Plank From Knees,,MANUAL,Waist,MVP_CANDIDATE,Resistance/strength candidate,Bodyweight,inferred_bodyweight,코어,source,코어,,name_high,duration,semantic,duration,,1,0,1,MANUAL_QA_REQUIRED
gvs_bfccf1df6a3f0d3f,gvc_509e2b2dbb35,Plank Hand Switch,Plank Hand Switch,,MANUAL,Waist,MVP_CANDIDATE,Resistance/strength candidate,Bodyweight,inferred_bodyweight,코어,source,코어,,name_high,duration,semantic,duration,,1,1,0,MANUAL_QA_REQUIRED
gvs_1154d759e53fe9fd,gvc_f70a94ff5b10,Plank Hands Tap Feet Tap,Plank Hands Tap Feet Tap,,MANUAL,Waist,MVP_CANDIDATE,Resistance/strength candidate,Bodyweight,inferred_bodyweight,코어,source,코어,,name_high,reps,bodyweight,duration,,1,1,0,MANUAL_QA_REQUIRED
gvs_eceaf9994c522b69,gvc_1f8a8a080138,Plank Jack,Plank Jack,,MANUAL,Waist,MVP_CANDIDATE,Resistance/strength candidate,Bodyweight,inferred_bodyweight,코어,source,코어,,name_high,reps,bodyweight,duration,,2,1,1,MANUAL_QA_REQUIRED
gvs_256e2dabfe3359eb,gvc_c4c4eae29788,Plank Jack Slide With Towel,Plank Jack Slide With Towel,,MANUAL,Waist,MVP_CANDIDATE,Resistance/strength candidate,Bodyweight,inferred_bodyweight,코어,source,코어,,name_high,reps,bodyweight,duration,,1,1,0,MANUAL_QA_REQUIRED
gvs_248d4f1c898b4dde,gvc_38ba4147b905,Plank Lateral Raise,Plank Lateral Raise,플랭크 레터럴 레이즈,AUTO_PHRASE_DRAFT,Waist,MVP_CANDIDATE,Resistance/strength candidate,Bodyweight,inferred_bodyweight,코어,source,측면 삼각근,,name_high,reps,bodyweight,duration,BODY_MUSCLE_FAMILY_CONFLICT,1,1,0,MANUAL_QA_REQUIRED
gvs_d00ac47959020549,gvc_e9913bf03bf9,Plank Leg Raises,Plank Leg Raises,,MANUAL,Waist,MVP_CANDIDATE,Resistance/strength candidate,Bodyweight,inferred_bodyweight,코어,source,코어,,name_high,duration,semantic,duration,,1,0,1,MANUAL_QA_REQUIRED
gvs_a7f6402b6e3870b3,gvc_6dd3de072eb9,Plank On Hands,Plank On Hands,,MANUAL,Waist,MVP_CANDIDATE,Resistance/strength candidate,Bodyweight,inferred_bodyweight,코어,source,코어,,name_high,duration,semantic,duration,,2,1,1,MANUAL_QA_REQUIRED
gvs_026570c140975bb5,gvc_8092a339fa03,Plank Pike Slide With Towel,Plank Pike Slide With Towel,,MANUAL,Waist,MVP_CANDIDATE,Resistance/strength candidate,Bodyweight,inferred_bodyweight,코어,source,코어,,name_high,duration,semantic,duration,,2,1,1,MANUAL_QA_REQUIRED
gvs_eff81bfeaa1d7bac,gvc_1c17d6311548,Plank Pike To Climber,Plank Pike To Climber,,MANUAL,Waist,MVP_CANDIDATE,Resistance/strength candidate,Bodyweight,inferred_bodyweight,코어,source,코어,,name_high,reps,bodyweight,duration,,1,1,0,MANUAL_QA_REQUIRED
gvs_48c6a8125a174548,gvc_8b670a377d05,Plank Row,Plank Row,플랭크 로우,AUTO_PHRASE_DRAFT,Waist,MVP_CANDIDATE,Resistance/strength candidate,Bodyweight,inferred_bodyweight,코어,source,등 상부 / 광배근,이두근,name_high,reps,bodyweight,duration,BODY_MUSCLE_FAMILY_CONFLICT,2,1,1,MANUAL_QA_REQUIRED
gvs_09568b4a243af38c,gvc_783177312f2e,Plank Scapular Push Up,Plank Scapular Push Up,,MANUAL,Back,MVP_CANDIDATE,Resistance/strength candidate,Bodyweight,inferred_bodyweight,등,source,코어,,name_high,reps,bodyweight,duration,BODY_MUSCLE_FAMILY_CONFLICT,1,1,0,MANUAL_QA_REQUIRED
gvs_2694fa410c00b8f1,gvc_698572692cee,Plank Shoulder Tap,Plank Shoulder Tap,,MANUAL,Waist,MVP_CANDIDATE,Resistance/strength candidate,Bodyweight,inferred_bodyweight,코어,source,코어,,name_high,reps,bodyweight,duration,,1,1,0,MANUAL_QA_REQUIRED
gvs_bc3cd8cb3ea02e43,gvc_ee963c888c4a,Plank Side Kick Through,Plank Side Kick Through,,MANUAL,Waist,MVP_CANDIDATE,Resistance/strength candidate,Bodyweight,inferred_bodyweight,코어,source,코어,,name_high,reps,bodyweight,duration,,1,1,0,MANUAL_QA_REQUIRED
gvs_5b76e53740ae4eaf,gvc_efdd53f898a4,Plank Side Walk,Plank Side Walk,,MANUAL,Waist,MVP_CANDIDATE,Resistance/strength candidate,Bodyweight,inferred_bodyweight,코어,source,코어,,name_high,reps,bodyweight,duration,,1,1,0,MANUAL_QA_REQUIRED
gvs_587ba705ff15ce25,gvc_66a2d7c04cf7,Plank Thigh Tap,Plank Thigh Tap,,MANUAL,Waist,MVP_CANDIDATE,Resistance/strength candidate,Bodyweight,inferred_bodyweight,코어,source,코어,,name_high,reps,bodyweight,duration,,1,1,0,MANUAL_QA_REQUIRED
gvs_20306595e71bdda1,gvc_f022b5f3619e,Plank To Pike,Plank To Pike,,MANUAL,Waist,MVP_CANDIDATE,Resistance/strength candidate,Bodyweight,inferred_bodyweight,코어,source,코어,,name_high,duration,semantic,duration,,2,1,1,MANUAL_QA_REQUIRED
gvs_64f1eb22bbbefa6c,gvc_2b45fa35614a,Plank Walk Up,Plank Walk Up,,MANUAL,Waist,MVP_CANDIDATE,Resistance/strength candidate,Bodyweight,inferred_bodyweight,코어,source,코어,,name_high,reps,bodyweight,duration,,1,0,1,MANUAL_QA_REQUIRED
gvs_a630f529e0943875,gvc_037b53ca0a48,Planked Side Toe Tap,Planked Side Toe Tap,,MANUAL,Waist,MVP_CANDIDATE,Resistance/strength candidate,Bodyweight,inferred_bodyweight,코어,source,,,unsupported,reps,bodyweight,,,1,1,0,MANUAL_QA_REQUIRED
gvs_6b65a3ef1067d26f,gvc_18a27ca1fec3,Plate Pinch,Plate Pinch,,MANUAL,Forearms,MVP_CANDIDATE,Resistance/strength candidate,Weight Plate,source,팔,source,,,unsupported,weight_reps,equipment,weight_reps,,1,1,0,MANUAL_QA_REQUIRED
gvs_c8714f233591c1bb,gvc_434ea40a469f,Plyo Push Up,Plyo Push Up,,MANUAL,Chest,MVP_CANDIDATE,Resistance/strength candidate,Bodyweight,inferred_bodyweight,가슴,source,,,unsupported,reps,bodyweight,reps,,1,1,0,MANUAL_QA_REQUIRED
gvs_9b1183f5dc62ad11,gvc_b3585a322f06,Plyo Sit Squat (wall),Plyo Sit Squat (Wall),,MANUAL,Thighs,MVP_CANDIDATE,Resistance/strength candidate,Bodyweight,inferred_bodyweight,하체,source,대퇴사두근,둔근,name_high,reps,bodyweight,,,1,1,0,MANUAL_QA_REQUIRED
gvs_cb159e7b886fa70b,gvc_d019b9d1fec9,Plyo Squat,Plyo Squat,,MANUAL,Hips,MVP_CANDIDATE,Resistance/strength candidate,Bodyweight,inferred_bodyweight,하체,source,대퇴사두근,둔근,name_high,reps,bodyweight,,,1,0,1,MANUAL_QA_REQUIRED
gvs_b4045977a9bc1e6f,gvc_623d810cad8c,Plyo Squat Side Bend,Plyo Squat Side Bend,,MANUAL,Hips,MVP_CANDIDATE,Resistance/strength candidate,Bodyweight,inferred_bodyweight,하체,source,대퇴사두근,둔근,name_high,reps,bodyweight,,,1,0,1,MANUAL_QA_REQUIRED
gvs_34bba3f02672bcea,gvc_6e8025b8520e,Potty Squat,Potty Squat,,MANUAL,Hips,MVP_CANDIDATE,Resistance/strength candidate,Bodyweight,inferred_bodyweight,하체,source,대퇴사두근,둔근,name_high,reps,bodyweight,,,2,1,1,MANUAL_QA_REQUIRED
gvs_32c33b254045c35d,gvc_2abc7bbaef28,Potty Squat With Support,Potty Squat With Support,,MANUAL,Hips,MVP_CANDIDATE,Resistance/strength candidate,Bodyweight,inferred_bodyweight,하체,source,대퇴사두근,둔근,name_high,reps,bodyweight,,,2,1,1,MANUAL_QA_REQUIRED
gvs_3d835315b680a595,gvc_9c3218ce10c3,Power Clean Thruster,Power Clean Thruster,,MANUAL,Weightlifting,MVP_CANDIDATE,Resistance/strength candidate,,unknown,,unknown,,,unsupported,,review,,,1,1,0,MANUAL_QA_REQUIRED
gvs_490458496a1a8399,gvc_3b1187540b15,Power Point Plank,Power Point Plank,,MANUAL,Waist,MVP_CANDIDATE,Resistance/strength candidate,Bodyweight,inferred_bodyweight,코어,source,코어,,name_high,duration,semantic,duration,,1,1,0,MANUAL_QA_REQUIRED
gvs_38e6f34b064ae98b,gvc_efa57fbe226b,Power Sled Backward Push,Power Sled Backward Push,,MANUAL,Thighs,MVP_CANDIDATE,Resistance/strength candidate,Sled,source,하체,source,,,unsupported,weight_reps,equipment,weight_reps,,1,1,0,MANUAL_QA_REQUIRED
gvs_ef0a518e0517fc10,gvc_b31500f38a0c,Power Sled Drag,Power Sled Drag,,MANUAL,Weightlifting,MVP_CANDIDATE,Resistance/strength candidate,Sled,source,,unknown,,,unsupported,weight_reps,equipment,weight_reps,,1,1,0,MANUAL_QA_REQUIRED
gvs_6bce2981a2701281,gvc_cf85d8672978,Power Sled Pull Row,Power Sled Pull Row,,MANUAL,Back,MVP_CANDIDATE,Resistance/strength candidate,Sled,source,등,source,등 상부 / 광배근,이두근,name_high,weight_reps,equipment,weight_reps,,1,0,1,MANUAL_QA_REQUIRED
gvs_4cc1bdbed3798fc8,gvc_db42dc8e2af7,Power Sled Push,Power Sled Push,,MANUAL,Thighs,MVP_CANDIDATE,Resistance/strength candidate,Sled,source,하체,source,,,unsupported,weight_reps,equipment,weight_reps,,2,1,1,MANUAL_QA_REQUIRED
gvs_df76ee89677236f1,gvc_27fbacce8404,Power Sled Rear Drag (version 2),Power Sled Rear Drag,,MANUAL,Thighs,MVP_CANDIDATE,Resistance/strength candidate,Sled,source,하체,source,,,unsupported,weight_reps,equipment,weight_reps,,1,1,0,MANUAL_QA_REQUIRED
gvs_024cb154fb212b2e,gvc_436992a7be0d,Prayer Chest Squeeze,Prayer Chest Squeeze,,MANUAL,Chest,MVP_CANDIDATE,Resistance/strength candidate,Bodyweight,inferred_bodyweight,가슴,source,,,unsupported,reps,bodyweight,,,1,1,0,MANUAL_QA_REQUIRED
gvs_33e88942fc9f2ac6,gvc_02e9e72af777;gvc_dc30358f3480,Prayer Push | Prayer Push (version 2),Prayer Push,,MANUAL,Shoulders,MVP_CANDIDATE,Resistance/strength candidate,Bodyweight,inferred_bodyweight,어깨,source,,,unsupported,reps,bodyweight,,,3,1,2,MANUAL_QA_REQUIRED
gvs_efca78d00236dfd6,gvc_8d851858af77,Prayer Push Hold,Prayer Push Hold,,MANUAL,Chest,MVP_CANDIDATE,Resistance/strength candidate,Bodyweight,inferred_bodyweight,가슴,source,,,unsupported,duration,semantic,,,2,1,1,MANUAL_QA_REQUIRED
gvs_df1cfb58f737f41a,gvc_70b2e05548ee,Press Under,Press Under,,MANUAL,Weightlifting,MVP_CANDIDATE,Resistance/strength candidate,,unknown,,unknown,,,unsupported,,review,,,1,1,0,MANUAL_QA_REQUIRED
gvs_fef1fd4c716bb8fe,gvc_70e1aa879e5a,Prisoner Get Up,Prisoner Get Up,,MANUAL,Thighs,MVP_CANDIDATE,Resistance/strength candidate,Bodyweight,inferred_bodyweight,하체,source,,,unsupported,reps,bodyweight,,,1,1,0,MANUAL_QA_REQUIRED
gvs_6485a0ca57641f78,gvc_f81b73e0ef6e,Prone Hip Cars,Prone Hip Cars,,MANUAL,Hips,MVP_CANDIDATE,Resistance/strength candidate,Bodyweight,inferred_bodyweight,하체,source,,,unsupported,reps,bodyweight,,,1,0,1,MANUAL_QA_REQUIRED
gvs_a22c6d7d7ba16cdd,gvc_6cd16e97cdba,Prone Y Raise,Prone Y Raise,,MANUAL,Back,MVP_CANDIDATE,Resistance/strength candidate,Bodyweight,inferred_bodyweight,등,source,,,unsupported,reps,bodyweight,,,1,1,0,MANUAL_QA_REQUIRED
gvs_9f958c17c8bb94b7,gvc_e4ca3d5f938d,Protraction Plank,Protraction Plank,,MANUAL,Waist,MVP_CANDIDATE,Resistance/strength candidate,Bodyweight,inferred_bodyweight,코어,source,코어,,name_high,duration,semantic,duration,,1,1,0,MANUAL_QA_REQUIRED
gvs_610fc8b28c17643c,gvc_8609ad2b5133,Protraction Plank Jack,Protraction Plank Jack,,MANUAL,Waist,MVP_CANDIDATE,Resistance/strength candidate,Bodyweight,inferred_bodyweight,코어,source,코어,,name_high,reps,bodyweight,duration,,1,1,0,MANUAL_QA_REQUIRED
gvs_ece41f53d87ed0d3,gvc_ba870b07dfec,Pseudo Planche Push Up,Pseudo Planche Push Up,,MANUAL,Chest,MVP_CANDIDATE,Resistance/strength candidate,Bodyweight,inferred_bodyweight,가슴,source,,,unsupported,reps,bodyweight,reps,,1,1,0,MANUAL_QA_REQUIRED
gvs_8a81dc6b2745c9e3,gvc_8eb948915655,Pull In (on Stability Ball),Pull In (On Stability Ball),,MANUAL,Waist,MVP_CANDIDATE,Resistance/strength candidate,Stability Ball,source,코어,source,,,unsupported,,review,,,2,1,1,MANUAL_QA_REQUIRED
gvs_b386c54004e89d3a,gvc_9f617d985885,Pull Up,Pull Up,풀업,AUTO_PHRASE_DRAFT,Back,MVP_CANDIDATE,Resistance/strength candidate,Bodyweight,inferred_bodyweight,등,source,광배근,이두근 / 승모근,name_high,reps,bodyweight,,,1,1,0,AUTO_DRAFT_COMPLETE
gvs_a5a436636eaf7933,gvc_1c92d96b9f8b,Pull Up (negative),Pull Up (Negative),,MANUAL,Back,MVP_CANDIDATE,Resistance/strength candidate,Bodyweight,inferred_bodyweight,등,source,광배근,이두근 / 승모근,name_high,reps,bodyweight,,,2,1,1,MANUAL_QA_REQUIRED
gvs_f90b1dd428661d3e,gvc_fa5e421f70a2,Pull Up (neutral Grip),Pull Up (Neutral Grip),풀업 뉴트럴 그립,AUTO_PHRASE_DRAFT,Back,MVP_CANDIDATE,Resistance/strength candidate,Bodyweight,inferred_bodyweight,등,source,광배근,이두근 / 승모근,name_high,reps,bodyweight,,,1,0,1,AUTO_DRAFT_COMPLETE
gvs_834fc1f214cabde4,gvc_b0ed133b96dc,Pull Up (wide Grip),Pull Up (Wide Grip),풀업 와이드 그립,AUTO_PHRASE_DRAFT,Back,MVP_CANDIDATE,Resistance/strength candidate,Bodyweight,inferred_bodyweight,등,source,광배근,이두근 / 승모근,name_high,reps,bodyweight,,,1,1,0,AUTO_DRAFT_COMPLETE
gvs_b672755a64c9c6c0,gvc_6880bea91435,Pull Up With Bent Knee Between Chairs,Pull Up With Bent Knee Between Chairs,,MANUAL,Back,MVP_CANDIDATE,Resistance/strength candidate,Bodyweight,inferred_bodyweight,등,source,광배근,이두근 / 승모근,name_high,reps,bodyweight,,,2,1,1,MANUAL_QA_REQUIRED
gvs_f8a0b004a261241a,gvc_a33d7a1f815d,Pulse Row,Pulse Row,,MANUAL,Back,MVP_CANDIDATE,Resistance/strength candidate,Bodyweight,inferred_bodyweight,등,source,등 상부 / 광배근,이두근,name_high,reps,bodyweight,,,2,1,1,MANUAL_QA_REQUIRED
gvs_393cc861fc951be5,gvc_ff6ccf9b53d6,Pulse Split Lunge,Pulse Split Lunge,,MANUAL,Thighs,MVP_CANDIDATE,Resistance/strength candidate,Bodyweight,inferred_bodyweight,하체,source,대퇴사두근,둔근,name_high,reps,bodyweight,reps,,1,0,1,MANUAL_QA_REQUIRED
gvs_189a0a31a9a3cbcd,gvc_5077fc740224,Pulse Up,Pulse Up,,MANUAL,Waist,MVP_CANDIDATE,Resistance/strength candidate,Bodyweight,inferred_bodyweight,코어,source,,,unsupported,reps,bodyweight,,,1,1,0,MANUAL_QA_REQUIRED
gvs_4b9c2d4c9d6e3ff2,gvc_8b619c45ecd6,Pulsing Adduction And Abduction,Pulsing Adduction And Abduction,,MANUAL,Hips,MVP_CANDIDATE,Resistance/strength candidate,Bodyweight,inferred_bodyweight,하체,source,,,unsupported,reps,bodyweight,,,1,0,1,MANUAL_QA_REQUIRED
gvs_9ed12958e2073a26,gvc_2c584b30a444,Pulsing Chest Crossovers,Pulsing Chest Crossovers,,MANUAL,Chest,MVP_CANDIDATE,Resistance/strength candidate,Bodyweight,inferred_bodyweight,가슴,source,,,unsupported,reps,bodyweight,,,1,1,0,MANUAL_QA_REQUIRED
gvs_8e1628b27ee36ad8,gvc_bdfb456b5a05,Pulsing Donkey Kickback,Pulsing Donkey Kickback,,MANUAL,Hips,MVP_CANDIDATE,Resistance/strength candidate,Bodyweight,inferred_bodyweight,하체,source,,,unsupported,reps,bodyweight,,,1,0,1,MANUAL_QA_REQUIRED
gvs_fb16aae3ca2e45e3,gvc_9027cc31e63c,Pulsing Glute Bridge,Pulsing Glute Bridge,,MANUAL,Hips,MVP_CANDIDATE,Resistance/strength candidate,Bodyweight,inferred_bodyweight,하체,source,둔근,햄스트링,name_high,reps,bodyweight,,,1,0,1,MANUAL_QA_REQUIRED
gvs_a3f3ec7a69dc8340,gvc_a53df665623a,Pulsing Prayer Push,Pulsing Prayer Push,,MANUAL,Chest,MVP_CANDIDATE,Resistance/strength candidate,Bodyweight,inferred_bodyweight,가슴,source,,,unsupported,reps,bodyweight,,,1,0,1,MANUAL_QA_REQUIRED
gvs_0c0e97772bccc79f,gvc_b82e068b4c8e,Pulsing Side Lunge,Pulsing Side Lunge,,MANUAL,Thighs,MVP_CANDIDATE,Resistance/strength candidate,Bodyweight,inferred_bodyweight,하체,source,대퇴사두근,둔근,name_high,reps,bodyweight,reps,,1,0,1,MANUAL_QA_REQUIRED
gvs_4d501ea491dc35e2,gvc_2ec1cb768e88,Pulsing Side Squat,Pulsing Side Squat,,MANUAL,Hips,MVP_CANDIDATE,Resistance/strength candidate,Bodyweight,inferred_bodyweight,하체,source,대퇴사두근,둔근,name_high,reps,bodyweight,,,1,0,1,MANUAL_QA_REQUIRED
gvs_99a3edae12cd7f88,gvc_d08a076e0034,Punches Side Lunge,Punches Side Lunge,,MANUAL,Thighs,MVP_CANDIDATE,Resistance/strength candidate,Bodyweight,inferred_bodyweight,하체,source,대퇴사두근,둔근,name_high,reps,bodyweight,reps,,1,0,1,MANUAL_QA_REQUIRED
gvs_fddc50383c0e78ce,gvc_8d201a543ac8,Push And Arms Crossover,Push And Arms Crossover,,MANUAL,Chest,MVP_CANDIDATE,Resistance/strength candidate,Bodyweight,inferred_bodyweight,가슴,source,,,unsupported,reps,bodyweight,,,1,0,1,MANUAL_QA_REQUIRED
gvs_cc4b6f01c0e83a5d,gvc_9c5aa637aaf4,Push And Rotate,Push And Rotate,,MANUAL,Chest,MVP_CANDIDATE,Resistance/strength candidate,Bodyweight,inferred_bodyweight,가슴,source,,,unsupported,reps,bodyweight,,,1,0,1,MANUAL_QA_REQUIRED
gvs_f0c2401f12aae1cf,gvc_e30f4c11b194,Push Press,Push Press,푸시 프레스,AUTO_PHRASE_DRAFT,Shoulders,MVP_CANDIDATE,Resistance/strength candidate,Bodyweight,inferred_bodyweight,어깨,source,,,unsupported,reps,bodyweight,,,1,1,0,AUTO_DRAFT_COMPLETE
gvs_4dbf0f0aaf116c8e,gvc_a0c5e94bb1dc;gvc_ed8a70904a16,Push Up | Push Up M,Push Up,푸시업,AUTO_PHRASE_DRAFT,Chest,MVP_CANDIDATE,Resistance/strength candidate,Bodyweight,inferred_bodyweight,가슴,source,,,unsupported,reps,bodyweight,reps,,2,1,1,AUTO_DRAFT_COMPLETE
gvs_33be8c6deed1deb9,gvc_92537d71f7ac,Push Up (bosu Ball),Push Up (Bosu Ball),,MANUAL,Chest,MVP_CANDIDATE,Resistance/strength candidate,Bodyweight,inferred_bodyweight,가슴,source,,,unsupported,reps,bodyweight,reps,,2,1,1,MANUAL_QA_REQUIRED
gvs_1ead0d8700f899c7,gvc_d609012c38da,Push Up (on Knees),Push Up (On Knees),,MANUAL,Chest,MVP_CANDIDATE,Resistance/strength candidate,Bodyweight,inferred_bodyweight,가슴,source,,,unsupported,reps,bodyweight,reps,,2,0,2,MANUAL_QA_REQUIRED
gvs_f5a97de8b63d04ea,gvc_2e9620e3d536,Push Up (on Stability Ball),Push Up (On Stability Ball),,MANUAL,Chest,MVP_CANDIDATE,Resistance/strength candidate,Stability Ball,source,가슴,source,,,unsupported,,review,reps,,1,0,1,MANUAL_QA_REQUIRED
gvs_883b3098af69dcd0,gvc_4f42632f0220;gvc_b97a4382f5ab,Push Up (wall) | Push Up (wall) Ii,Push Up (Wall) Ii,,MANUAL,Chest,MVP_CANDIDATE,Resistance/strength candidate,Bodyweight,inferred_bodyweight,가슴,source,,,unsupported,reps,bodyweight,reps,,2,1,1,MANUAL_QA_REQUIRED
gvs_4c438a8c9fd3608a,gvc_6c5d8a0137b8,Push Up Hand By Hand,Push Up Hand By Hand,,MANUAL,Chest,MVP_CANDIDATE,Resistance/strength candidate,Bodyweight,inferred_bodyweight,가슴,source,,,unsupported,reps,bodyweight,reps,,1,1,0,MANUAL_QA_REQUIRED
gvs_fc3228aa2d0f2d4c,gvc_487752a76d41,Push Up In Child Pose,Push Up In Child Pose,,MANUAL,Chest,MVP_CANDIDATE,Resistance/strength candidate,Bodyweight,inferred_bodyweight,가슴,source,,,unsupported,reps,bodyweight,duration,,1,1,0,MANUAL_QA_REQUIRED
gvs_16a20f8908035d6d,gvc_d483eb655111,Push Up Jack,Push Up Jack,,MANUAL,Chest,MVP_CANDIDATE,Resistance/strength candidate,Bodyweight,inferred_bodyweight,가슴,source,,,unsupported,reps,bodyweight,reps,,1,1,0,MANUAL_QA_REQUIRED
gvs_bbd93f1b1be52763,gvc_601d69114aa9,Push Up Medicine Ball,Push Up Medicine Ball,푸시업 메디신볼,AUTO_PHRASE_DRAFT,Chest,MVP_CANDIDATE,Resistance/strength candidate,Medicine Ball,source,가슴,source,,,unsupported,,review,reps,,1,1,0,MANUAL_QA_REQUIRED
gvs_79e48ca510a64619,gvc_f1693631a467,Push Up On Forearms,Push Up On Forearms,,MANUAL,Upper-Arms,MVP_CANDIDATE,Resistance/strength candidate,Bodyweight,inferred_bodyweight,팔,source,,,unsupported,reps,bodyweight,reps,,2,1,1,MANUAL_QA_REQUIRED
gvs_44a3a2a427a85116,gvc_4aa121ace50d,Push Up Plus,Push Up Plus,,MANUAL,Chest,MVP_CANDIDATE,Resistance/strength candidate,Bodyweight,inferred_bodyweight,가슴,source,,,unsupported,reps,bodyweight,reps,,2,1,1,MANUAL_QA_REQUIRED
gvs_15c2dc998f6f7f11,gvc_839a59ac7461,Push Up Pull,Push Up Pull,,MANUAL,Chest,MVP_CANDIDATE,Resistance/strength candidate,Bodyweight,inferred_bodyweight,가슴,source,,,unsupported,reps,bodyweight,reps,,1,1,0,MANUAL_QA_REQUIRED
gvs_4b90c393d000e653,gvc_dcf364fba5b7,Push Up Row,Push Up Row,푸시업 로우,AUTO_PHRASE_DRAFT,Back,MVP_CANDIDATE,Resistance/strength candidate,Bodyweight,inferred_bodyweight,등,source,등 상부 / 광배근,이두근,name_high,reps,bodyweight,reps,,2,1,1,AUTO_DRAFT_COMPLETE
gvs_ab1af491a6c6df51,gvc_ee603e19cbd0,Push Up To Side Plank,Push Up To Side Plank,,MANUAL,Chest,MVP_CANDIDATE,Resistance/strength candidate,Bodyweight,inferred_bodyweight,가슴,source,코어,,name_high,reps,bodyweight,duration,BODY_MUSCLE_FAMILY_CONFLICT,2,1,1,MANUAL_QA_REQUIRED
gvs_597f8bd20b75ee18,gvc_6e5635eb295c,Push Up With Twist,Push Up With Twist,,MANUAL,Waist,MVP_CANDIDATE,Resistance/strength candidate,Bodyweight,inferred_bodyweight,코어,source,,,unsupported,reps,bodyweight,reps,,1,1,0,MANUAL_QA_REQUIRED
gvs_2c579fde73472600,gvc_f150f09f3437,Pvc External Rotation,Pvc External Rotation,,MANUAL,Back,MVP_CANDIDATE,Resistance/strength candidate,Bodyweight,inferred_bodyweight,등,source,,,unsupported,reps,bodyweight,,,1,1,0,MANUAL_QA_REQUIRED
gvs_1f36d2028ba0b884,gvc_43b96ef7e838,Pvc Good Morning,Pvc Good Morning,,MANUAL,Hips,MVP_CANDIDATE,Resistance/strength candidate,Bodyweight,inferred_bodyweight,하체,source,,,unsupported,reps,bodyweight,,,1,1,0,MANUAL_QA_REQUIRED
gvs_6c150a0c84785ac2,gvc_e6e2f3a8543f,Pvc Hip Hinge,Pvc Hip Hinge,,MANUAL,Hips,MVP_CANDIDATE,Resistance/strength candidate,Bodyweight,inferred_bodyweight,하체,source,,,unsupported,reps,bodyweight,,,1,1,0,MANUAL_QA_REQUIRED
gvs_b0be06dc9f5bec2a,gvc_3abca55c8500,Pvc Overhead Squat,Pvc Overhead Squat,,MANUAL,Thighs,MVP_CANDIDATE,Resistance/strength candidate,Bodyweight,inferred_bodyweight,하체,source,대퇴사두근,둔근,name_high,reps,bodyweight,,,1,1,0,MANUAL_QA_REQUIRED
gvs_767f37006a6859b2,gvc_7f6cadd64c0f,Pvc Pass Through,Pvc Pass Through,,MANUAL,Shoulders,MVP_CANDIDATE,Resistance/strength candidate,Bodyweight,inferred_bodyweight,어깨,source,,,unsupported,reps,bodyweight,,,1,1,0,MANUAL_QA_REQUIRED
gvs_80ca2fbf6715910f,gvc_5f988c4e388b,Quadruped Hip Extension To Abduction,Quadruped Hip Extension To Abduction,,MANUAL,Hips,MVP_CANDIDATE,Resistance/strength candidate,Bodyweight,inferred_bodyweight,하체,source,,,unsupported,reps,bodyweight,,,1,0,1,MANUAL_QA_REQUIRED
gvs_6c3947e01d3645ea,gvc_33fdfb43f999,Quadruped Leg Curl,Quadruped Leg Curl,,MANUAL,Thighs,MVP_CANDIDATE,Resistance/strength candidate,Bodyweight,inferred_bodyweight,하체,source,햄스트링,,name_high,reps,bodyweight,,,1,1,0,MANUAL_QA_REQUIRED
gvs_9dfc3426c4789d2c,gvc_2934f28d42e7,Quarter Sit Up,Quarter Sit Up,,MANUAL,Waist,MVP_CANDIDATE,Resistance/strength candidate,Bodyweight,inferred_bodyweight,코어,source,복직근,,name_high,reps,bodyweight,reps,,2,1,1,MANUAL_QA_REQUIRED
gvs_6f1057b177d45145,gvc_45bb9439a721,Quarter Sit Up With Pillow,Quarter Sit Up With Pillow,,MANUAL,Waist,MVP_CANDIDATE,Resistance/strength candidate,Bodyweight,inferred_bodyweight,코어,source,복직근,,name_high,reps,bodyweight,reps,,1,1,0,MANUAL_QA_REQUIRED
gvs_dd31a22c210deb42,gvc_00124f641286,Quick Sumo Squat,Quick Sumo Squat,,MANUAL,Hips,MVP_CANDIDATE,Resistance/strength candidate,Bodyweight,inferred_bodyweight,하체,source,대퇴사두근,둔근,name_high,reps,bodyweight,,,1,1,0,MANUAL_QA_REQUIRED
gvs_84a35c76fc0e4d24,gvc_ea5b9cb88184,Quickly Swing Arms In Place,Quickly Swing Arms In Place,,MANUAL,Shoulders,MVP_CANDIDATE,Resistance/strength candidate,Bodyweight,inferred_bodyweight,어깨,source,,,unsupported,reps,bodyweight,,,1,0,1,MANUAL_QA_REQUIRED
gvs_c5df3c98d8e9912a,gvc_550732fb54ed,Raise Single Leg Push Up,Raise Single Leg Push Up,,MANUAL,Chest,MVP_CANDIDATE,Resistance/strength candidate,Bodyweight,inferred_bodyweight,가슴,source,,,unsupported,reps,bodyweight,reps,,1,0,1,MANUAL_QA_REQUIRED
gvs_a883c30f6aafc2df,gvc_deb014231157,Reach Front Reach Top Sumo Squat,Reach Front Reach Top Sumo Squat,,MANUAL,Thighs,MVP_CANDIDATE,Resistance/strength candidate,Bodyweight,inferred_bodyweight,하체,source,대퇴사두근,둔근,name_high,reps,bodyweight,,,1,1,0,MANUAL_QA_REQUIRED
gvs_3bd34ff7d0b99267,gvc_734fc5b204e8,Rear Decline Bridge,Rear Decline Bridge,,MANUAL,Waist,MVP_CANDIDATE,Resistance/strength candidate,Bodyweight,inferred_bodyweight,코어,source,,,unsupported,reps,bodyweight,,,1,1,0,MANUAL_QA_REQUIRED
gvs_c356156d68470e41,gvc_d7caa7402c7b,Rear Pull Up,Rear Pull Up,리어 풀업,AUTO_PHRASE_DRAFT,Back,MVP_CANDIDATE,Resistance/strength candidate,Bodyweight,inferred_bodyweight,등,source,광배근,이두근 / 승모근,name_high,reps,bodyweight,,,1,1,0,AUTO_DRAFT_COMPLETE
gvs_5c4c10a7063d2fbf,gvc_6d808869f5d1,Band 45 Degrees Biceps Curl,Resistance Band 45 Degree Biceps Curl,밴드 45도 바이셉 컬,AUTO_PHRASE_DRAFT,Upper-Arms,MVP_CANDIDATE,Resistance/strength candidate,Resistance Band,source,팔,source,이두근,,name_high,,review_equipment_semantics,,,2,1,1,MANUAL_QA_REQUIRED
gvs_1956e97df95960d9,gvc_57ba6fadfbaf,Resistance Band 45 Degree Hip Extension Glute Focu,Resistance Band 45 Degree Hip Extension Glute Focu,,MANUAL,,MVP_CANDIDATE,Resistance/strength candidate,Resistance Band,source,하체,name,,,unsupported,,review_equipment_semantics,,,1,0,1,MANUAL_QA_REQUIRED
gvs_386ffe4759cfe96f,gvc_90681c877ea6,Band 45 Degrees One Arm Biceps Curl,Resistance Band 45 Degree Single Arm Biceps Curl,밴드 45도 원암 바이셉 컬,AUTO_PHRASE_DRAFT,Upper-Arms,MVP_CANDIDATE,Resistance/strength candidate,Resistance Band,source,팔,source,이두근,,name_high,,review_equipment_semantics,,,1,1,0,MANUAL_QA_REQUIRED
gvs_e34ba65383928723,gvc_05a38ca49409,Resistance Band 90 Degrees External Rotation (fema,Resistance Band 90 Degrees External Rotation,,MANUAL,,MVP_CANDIDATE,Resistance/strength candidate,Resistance Band,source,,unknown,,,unsupported,,review_equipment_semantics,,,1,0,1,MANUAL_QA_REQUIRED
gvs_88ea0ece1dd4335a,gvc_4b3b068a5739;gvc_c73a2dc63207,Resistance Band Air Bike | Resistance Band Air Bike (version 2),Resistance Band Air Bike,,MANUAL,Waist,MVP_CANDIDATE,Resistance/strength candidate,Resistance Band,source,코어,source,,,unsupported,,review_equipment_semantics,,,2,0,2,MANUAL_QA_REQUIRED
